building_id,metric,model,MAE,MAPE,n_obs
Bear_education_Alfredo,power_active_kw,hour_of_week_profile,0.067,29.7122,1743
Bear_education_Alfredo,power_active_kw,seasonal_naive_168h,0.0602,38.8868,1706
Bear_education_Alvaro,power_active_kw,hour_of_week_profile,29.6941,7.6962,1741
Bear_education_Alvaro,power_active_kw,seasonal_naive_168h,33.5342,8.5249,1699
Bear_education_Arnold,power_active_kw,hour_of_week_profile,0.2372,39.1179,1698
Bear_education_Arnold,power_active_kw,seasonal_naive_168h,0.2448,43.9515,1638
Bear_education_Augusta,power_active_kw,hour_of_week_profile,18.2734,17.5327,1741
Bear_education_Augusta,power_active_kw,seasonal_naive_168h,15.9182,15.5275,1701
Bear_education_Austin,power_active_kw,hour_of_week_profile,3.4007,25.4102,1745
Bear_education_Austin,power_active_kw,seasonal_naive_168h,3.4955,22.304,1708
Bear_education_Babara,power_active_kw,hour_of_week_profile,28.301,7.9989,1727
Bear_education_Babara,power_active_kw,seasonal_naive_168h,27.5691,7.4949,1702
Bear_education_Benita,power_active_kw,hour_of_week_profile,27.137,5.0816,1672
Bear_education_Benita,power_active_kw,seasonal_naive_168h,29.501,5.3478,1672
Bear_education_Benjamin,power_active_kw,hour_of_week_profile,0.5016,88.841,1743
Bear_education_Benjamin,power_active_kw,seasonal_naive_168h,0.4043,58.4825,1706
Bear_education_Bob,power_active_kw,hour_of_week_profile,21.7467,17.6755,1752
Bear_education_Bob,power_active_kw,seasonal_naive_168h,17.9406,14.5769,1752
Bear_education_Bonita,power_active_kw,hour_of_week_profile,0.0786,63.4846,1733
Bear_education_Bonita,power_active_kw,seasonal_naive_168h,0.0138,10.6882,1696
Bear_education_Bulah,power_active_kw,hour_of_week_profile,64.1296,4.5631,1745
Bear_education_Bulah,power_active_kw,seasonal_naive_168h,80.7148,5.7895,1710
Bear_education_Carlo,power_active_kw,hour_of_week_profile,1.1309,39.0435,1740
Bear_education_Carlo,power_active_kw,seasonal_naive_168h,1.3223,46.5092,1701
Bear_education_Chad,power_active_kw,hour_of_week_profile,125.0792,13.0756,1752
Bear_education_Chad,power_active_kw,seasonal_naive_168h,54.8102,5.6367,1752
Bear_education_Chana,power_active_kw,hour_of_week_profile,2.7816,11.9648,1745
Bear_education_Chana,power_active_kw,seasonal_naive_168h,2.7417,12.2248,1708
Bear_education_Chun,power_active_kw,hour_of_week_profile,32.1398,48.0216,1738
Bear_education_Chun,power_active_kw,seasonal_naive_168h,16.3511,21.3986,1701
Bear_education_Clint,power_active_kw,hour_of_week_profile,3.9147,7.4132,1745
Bear_education_Clint,power_active_kw,seasonal_naive_168h,4.5256,8.4053,1708
Bear_education_Curtis,power_active_kw,hour_of_week_profile,8.2288,15.0453,1739
Bear_education_Curtis,power_active_kw,seasonal_naive_168h,7.3455,12.2704,1702
Bear_education_Danna,power_active_kw,hour_of_week_profile,20.9828,33.5251,1752
Bear_education_Danna,power_active_kw,seasonal_naive_168h,19.9761,26.8373,1752
Bear_education_Darrell,power_active_kw,hour_of_week_profile,6.3853,27.3228,1752
Bear_education_Darrell,power_active_kw,seasonal_naive_168h,6.945,24.2642,1752
Bear_education_Deborah,power_active_kw,hour_of_week_profile,0.4818,52.521,1744
Bear_education_Deborah,power_active_kw,seasonal_naive_168h,0.5224,75.6765,1706
Bear_education_Deena,power_active_kw,hour_of_week_profile,1.5117,23.8376,1639
Bear_education_Deena,power_active_kw,seasonal_naive_168h,1.5488,21.518,1602
Bear_education_Derek,power_active_kw,hour_of_week_profile,19.4686,2305.8645,1742
Bear_education_Derek,power_active_kw,seasonal_naive_168h,24.5295,2352.5049,1735
Bear_education_Destiny,power_active_kw,hour_of_week_profile,24.1579,28.3233,1752
Bear_education_Destiny,power_active_kw,seasonal_naive_168h,17.5829,18.1363,1752
Bear_education_Elise,power_active_kw,hour_of_week_profile,26.7523,17.9802,1752
Bear_education_Elise,power_active_kw,seasonal_naive_168h,33.1948,23.7545,1752
Bear_education_Fannie,power_active_kw,hour_of_week_profile,56.2024,14.3961,1717
Bear_education_Fannie,power_active_kw,seasonal_naive_168h,36.381,8.8265,1676
Bear_education_Gavin,power_active_kw,hour_of_week_profile,7.1182,8.5947,1751
Bear_education_Gavin,power_active_kw,seasonal_naive_168h,5.5925,6.5028,1751
Bear_education_Herb,power_active_kw,hour_of_week_profile,1.7159,14.3981,1744
Bear_education_Herb,power_active_kw,seasonal_naive_168h,2.0119,17.1965,1707
Bear_education_Herman,power_active_kw,hour_of_week_profile,0.0891,46.8808,1745
Bear_education_Herman,power_active_kw,seasonal_naive_168h,0.0822,35.3932,1708
Bear_education_Holly,power_active_kw,hour_of_week_profile,0.4068,22.7287,1731
Bear_education_Holly,power_active_kw,seasonal_naive_168h,0.405,25.9473,1662
Bear_education_Irene,power_active_kw,hour_of_week_profile,16.8328,18.6457,1745
Bear_education_Irene,power_active_kw,seasonal_naive_168h,12.9961,14.5825,1708
Bear_education_Iris,power_active_kw,hour_of_week_profile,6.3168,18.3287,1752
Bear_education_Iris,power_active_kw,seasonal_naive_168h,6.6323,17.8592,1752
Bear_education_Katy,power_active_kw,hour_of_week_profile,19.5744,17.1111,1752
Bear_education_Katy,power_active_kw,seasonal_naive_168h,17.4147,13.7715,1752
Bear_education_Lashanda,power_active_kw,hour_of_week_profile,13.7412,19.0085,1745
Bear_education_Lashanda,power_active_kw,seasonal_naive_168h,11.7257,16.1573,1708
Bear_education_Laurette,power_active_kw,hour_of_week_profile,1.6367,3.2304,1752
Bear_education_Laurette,power_active_kw,seasonal_naive_168h,1.9887,3.8994,1752
Bear_education_Leonel,power_active_kw,hour_of_week_profile,19.889,19.8917,1752
Bear_education_Leonel,power_active_kw,seasonal_naive_168h,23.9813,23.5852,1752
Bear_education_Lewis,power_active_kw,hour_of_week_profile,2.9081,15.6823,1745
Bear_education_Lewis,power_active_kw,seasonal_naive_168h,3.1539,16.5701,1708
Bear_education_Lidia,power_active_kw,hour_of_week_profile,2.3756,27.47,1745
Bear_education_Lidia,power_active_kw,seasonal_naive_168h,2.1278,20.9925,1708
Bear_education_Lila,power_active_kw,hour_of_week_profile,11.8477,6.6959,1752
Bear_education_Lila,power_active_kw,seasonal_naive_168h,7.9007,3.7868,1752
Bear_education_Liliana,power_active_kw,hour_of_week_profile,29.1702,6.4572,1591
Bear_education_Liliana,power_active_kw,seasonal_naive_168h,24.8651,5.3601,1413
Bear_education_Lorie,power_active_kw,hour_of_week_profile,27.4963,6.9486,1743
Bear_education_Lorie,power_active_kw,seasonal_naive_168h,26.6491,6.4279,1706
Bear_education_Mara,power_active_kw,hour_of_week_profile,14.6785,3.0239,1752
Bear_education_Mara,power_active_kw,seasonal_naive_168h,15.5433,3.1634,1750
Bear_education_Marie,power_active_kw,hour_of_week_profile,3.3373,21.2371,1752
Bear_education_Marie,power_active_kw,seasonal_naive_168h,3.2787,18.8357,1752
Bear_education_Marsha,power_active_kw,hour_of_week_profile,6.7836,7.8676,1744
Bear_education_Marsha,power_active_kw,seasonal_naive_168h,7.3422,8.4085,1744
Bear_education_Marta,power_active_kw,hour_of_week_profile,9.4039,27.6422,1751
Bear_education_Marta,power_active_kw,seasonal_naive_168h,9.3088,28.1964,1751
Bear_education_Maryjane,power_active_kw,hour_of_week_profile,46.4166,14.4087,1751
Bear_education_Maryjane,power_active_kw,seasonal_naive_168h,48.7036,14.5198,1751
Bear_education_Merrill,power_active_kw,hour_of_week_profile,4.7106,26.1988,1727
Bear_education_Merrill,power_active_kw,seasonal_naive_168h,3.291,17.3691,1672
Bear_education_Millie,power_active_kw,hour_of_week_profile,0.4497,14.8017,1718
Bear_education_Millie,power_active_kw,seasonal_naive_168h,0.3123,9.9562,1669
Bear_education_Nanette,power_active_kw,hour_of_week_profile,16.4843,16.2262,1745
Bear_education_Nanette,power_active_kw,seasonal_naive_168h,17.6475,16.3968,1708
Bear_education_Oscar,power_active_kw,hour_of_week_profile,2.4367,29.9485,1744
Bear_education_Oscar,power_active_kw,seasonal_naive_168h,1.4051,15.6256,1707
Bear_education_Owen,power_active_kw,hour_of_week_profile,20.7242,15.3891,1752
Bear_education_Owen,power_active_kw,seasonal_naive_168h,14.916,11.1305,1752
Bear_education_Paola,power_active_kw,hour_of_week_profile,24.1365,15.6546,1752
Bear_education_Paola,power_active_kw,seasonal_naive_168h,23.6743,14.4498,1752
Bear_education_Patricia,power_active_kw,hour_of_week_profile,29.5833,4.8609,1744
Bear_education_Patricia,power_active_kw,seasonal_naive_168h,26.3319,4.2108,1705
Bear_education_Pattie,power_active_kw,hour_of_week_profile,13.3181,6.3536,1744
Bear_education_Pattie,power_active_kw,seasonal_naive_168h,11.9067,5.8673,1707
Bear_education_Rebecca,power_active_kw,hour_of_week_profile,36.0064,4.8911,1743
Bear_education_Rebecca,power_active_kw,seasonal_naive_168h,37.4755,5.0722,1702
Bear_education_Sandy,power_active_kw,hour_of_week_profile,1.0136,16.9093,1734
Bear_education_Sandy,power_active_kw,seasonal_naive_168h,0.9148,14.0868,1691
Bear_education_Santos,power_active_kw,hour_of_week_profile,3.3167,44.0559,1745
Bear_education_Santos,power_active_kw,seasonal_naive_168h,2.7309,33.7375,1709
Bear_education_Sharon,power_active_kw,hour_of_week_profile,9.7688,8.0522,1752
Bear_education_Sharon,power_active_kw,seasonal_naive_168h,6.0348,5.0936,1750
Bear_education_Tara,power_active_kw,hour_of_week_profile,0.7369,23.5638,1744
Bear_education_Tara,power_active_kw,seasonal_naive_168h,0.8567,27.181,1707
Bear_education_Thuy,power_active_kw,hour_of_week_profile,35.8524,17.2794,1752
Bear_education_Thuy,power_active_kw,seasonal_naive_168h,34.6443,15.6398,1752
Bear_education_Val,power_active_kw,hour_of_week_profile,18.9028,5.515,1751
Bear_education_Val,power_active_kw,seasonal_naive_168h,18.041,5.0961,1751
Bear_education_Wade,power_active_kw,hour_of_week_profile,13.336,21.2813,1752
Bear_education_Wade,power_active_kw,seasonal_naive_168h,8.2207,13.4949,1752
Bear_education_Wilton,power_active_kw,hour_of_week_profile,121.1569,7.0608,1752
Bear_education_Wilton,power_active_kw,seasonal_naive_168h,137.3032,8.269,1752
Bear_education_Wm,power_active_kw,hour_of_week_profile,4.723,9.4264,1752
Bear_education_Wm,power_active_kw,seasonal_naive_168h,4.9359,9.9956,1751
Bear_education_Yuri,power_active_kw,hour_of_week_profile,2.9847,25.6044,1745
Bear_education_Yuri,power_active_kw,seasonal_naive_168h,3.5514,27.0143,1708
Bear_education_Yvette,power_active_kw,hour_of_week_profile,2.5134,23.8876,1744
Bear_education_Yvette,power_active_kw,seasonal_naive_168h,2.9516,27.8974,1704
Bear_education_Zandra,power_active_kw,hour_of_week_profile,61.1555,6.6712,1733
Bear_education_Zandra,power_active_kw,seasonal_naive_168h,12.5661,1.3585,1696
Bobcat_education_Alissa,power_active_kw,hour_of_week_profile,12.6355,19.2151,1750
Bobcat_education_Alissa,power_active_kw,seasonal_naive_168h,8.7696,13.9459,1748
Bobcat_education_Angela,power_active_kw,hour_of_week_profile,8.6024,8.9723,1547
Bobcat_education_Angela,power_active_kw,seasonal_naive_168h,9.2061,10.1897,1542
Bobcat_education_Coleman,power_active_kw,hour_of_week_profile,12.4702,10.3483,1547
Bobcat_education_Coleman,power_active_kw,seasonal_naive_168h,11.8924,9.0067,1543
Bobcat_education_Dylan,power_active_kw,hour_of_week_profile,10.5912,7.6805,1449
Bobcat_education_Dylan,power_active_kw,seasonal_naive_168h,13.3692,9.9145,1445
Bobcat_education_Hollis,power_active_kw,hour_of_week_profile,11.694,9.2261,1305
Bobcat_education_Hollis,power_active_kw,seasonal_naive_168h,14.9669,11.3251,1164
Bobcat_education_Jayne,power_active_kw,hour_of_week_profile,13.8109,17.2254,1339
Bobcat_education_Jayne,power_active_kw,seasonal_naive_168h,9.814,14.3583,1332
Bobcat_education_Karin,power_active_kw,hour_of_week_profile,10.8714,23.6794,347
Bobcat_education_Karin,power_active_kw,seasonal_naive_168h,10.0151,22.2844,347
Bobcat_education_Marisha,power_active_kw,hour_of_week_profile,22.8512,25.214,974
Bobcat_education_Marisha,power_active_kw,seasonal_naive_168h,16.6158,19.7546,974
Bobcat_education_Miki,power_active_kw,hour_of_week_profile,43.705,564.8694,719
Bobcat_education_Miki,power_active_kw,seasonal_naive_168h,1.6198,19.9533,719
Bobcat_education_Monte,power_active_kw,hour_of_week_profile,3.9103,17.0625,1269
Bobcat_education_Monte,power_active_kw,seasonal_naive_168h,3.0257,12.153,1266
Bobcat_education_Rosalva,power_active_kw,hour_of_week_profile,13.7932,15.512,1332
Bobcat_education_Rosalva,power_active_kw,seasonal_naive_168h,9.7368,11.251,1327
Bobcat_education_Toni,power_active_kw,hour_of_week_profile,2.3981,9.5707,1341
Bobcat_education_Toni,power_active_kw,seasonal_naive_168h,2.8955,11.2703,1337
Bobcat_education_Whitney,power_active_kw,hour_of_week_profile,57.7884,15.8136,1318
Bobcat_education_Whitney,power_active_kw,seasonal_naive_168h,49.6,14.3379,1315
Bobcat_office_Alma,power_active_kw,hour_of_week_profile,1.6001,61.4433,1548
Bobcat_office_Alma,power_active_kw,seasonal_naive_168h,1.0867,34.4936,1545
Bobcat_office_Justine,power_active_kw,hour_of_week_profile,8.5886,39.2002,1543
Bobcat_office_Justine,power_active_kw,seasonal_naive_168h,6.9082,34.6341,1540
Bobcat_office_Kassandra,power_active_kw,hour_of_week_profile,13.5486,20.5582,1402
Bobcat_office_Kassandra,power_active_kw,seasonal_naive_168h,9.1627,14.1541,1398
Bobcat_office_Melody,power_active_kw,hour_of_week_profile,8.5125,14.1384,1546
Bobcat_office_Melody,power_active_kw,seasonal_naive_168h,6.0921,10.7172,1539
Bobcat_office_Nikita,power_active_kw,hour_of_week_profile,6.6438,18.6679,1547
Bobcat_office_Nikita,power_active_kw,seasonal_naive_168h,2.9733,8.67,1544
Bull_education_Annette,power_active_kw,hour_of_week_profile,63.1921,28.3033,1752
Bull_education_Annette,power_active_kw,seasonal_naive_168h,46.5031,16.6488,1751
Bull_education_Antonia,power_active_kw,hour_of_week_profile,96.5371,27.2526,1751
Bull_education_Antonia,power_active_kw,seasonal_naive_168h,125.4883,35.0433,1745
Bull_education_Arthur,power_active_kw,hour_of_week_profile,37.8093,12.3141,1751
Bull_education_Arthur,power_active_kw,seasonal_naive_168h,59.7713,17.8932,1745
Bull_education_Barry,power_active_kw,hour_of_week_profile,65.1392,31.8233,1750
Bull_education_Barry,power_active_kw,seasonal_naive_168h,113.1445,37.4096,1744
Bull_education_Bernice,power_active_kw,hour_of_week_profile,76.9583,12.4776,1750
Bull_education_Bernice,power_active_kw,seasonal_naive_168h,95.1932,24.9478,1747
Bull_education_Brady,power_active_kw,hour_of_week_profile,6.1341,18.8486,1751
Bull_education_Brady,power_active_kw,seasonal_naive_168h,7.0344,22.3698,1745
Bull_education_Brain,power_active_kw,hour_of_week_profile,38.1823,6.86,1751
Bull_education_Brain,power_active_kw,seasonal_naive_168h,53.9811,11.479,1743
Bull_education_Brandi,power_active_kw,hour_of_week_profile,5.5459,16.11,1751
Bull_education_Brandi,power_active_kw,seasonal_naive_168h,7.3217,22.6452,1744
Bull_education_Brenda,power_active_kw,hour_of_week_profile,21.9273,12.1338,1751
Bull_education_Brenda,power_active_kw,seasonal_naive_168h,26.7426,15.5231,1745
Bull_education_Bryon,power_active_kw,hour_of_week_profile,5.4808,13.6099,1750
Bull_education_Bryon,power_active_kw,seasonal_naive_168h,6.4963,17.5966,1743
Bull_education_Carl,power_active_kw,hour_of_week_profile,52.7204,22.4743,1751
Bull_education_Carl,power_active_kw,seasonal_naive_168h,81.0842,28.0321,1745
Bull_education_Clarice,power_active_kw,hour_of_week_profile,4.9703,11.97,1750
Bull_education_Clarice,power_active_kw,seasonal_naive_168h,4.6982,10.6768,1743
Bull_education_Clarita,power_active_kw,hour_of_week_profile,39.2648,7.1425,1750
Bull_education_Clarita,power_active_kw,seasonal_naive_168h,48.1153,9.7331,1744
Bull_education_Dakota,power_active_kw,hour_of_week_profile,11.2968,24.2207,1751
Bull_education_Dakota,power_active_kw,seasonal_naive_168h,11.7691,22.9069,1745
Bull_education_Dan,power_active_kw,hour_of_week_profile,23.5324,9.1755,1751
Bull_education_Dan,power_active_kw,seasonal_naive_168h,27.9381,11.8205,1745
Bull_education_Dania,power_active_kw,hour_of_week_profile,6.5346,16.749,1751
Bull_education_Dania,power_active_kw,seasonal_naive_168h,5.738,13.1363,1744
Bull_education_Delia,power_active_kw,hour_of_week_profile,183.3489,8.6506,1752
Bull_education_Delia,power_active_kw,seasonal_naive_168h,274.4229,18.5502,1750
Bull_education_Dora,power_active_kw,hour_of_week_profile,20.4514,16.6785,1751
Bull_education_Dora,power_active_kw,seasonal_naive_168h,26.5845,21.4043,1745
Bull_education_Dottie,power_active_kw,hour_of_week_profile,540.6783,47.1167,1752
Bull_education_Dottie,power_active_kw,seasonal_naive_168h,268.4677,17.7841,1751
Bull_education_Elva,power_active_kw,hour_of_week_profile,6.7569,8.172,1751
Bull_education_Elva,power_active_kw,seasonal_naive_168h,8.1055,10.7772,1744
Bull_education_Fabiola,power_active_kw,hour_of_week_profile,29.7935,15.7984,1751
Bull_education_Fabiola,power_active_kw,seasonal_naive_168h,34.361,17.5533,1745
Bull_education_Geneva,power_active_kw,hour_of_week_profile,11.2951,60.4933,1750
Bull_education_Geneva,power_active_kw,seasonal_naive_168h,8.7552,36.8385,1744
Bull_education_Genie,power_active_kw,hour_of_week_profile,18.6503,11.8273,1751
Bull_education_Genie,power_active_kw,seasonal_naive_168h,22.8338,15.4081,1745
Bull_education_Gregory,power_active_kw,hour_of_week_profile,14.4597,22.4115,1751
Bull_education_Gregory,power_active_kw,seasonal_naive_168h,11.7799,16.786,1745
Bull_education_Hayley,power_active_kw,hour_of_week_profile,19.0171,7.8163,1751
Bull_education_Hayley,power_active_kw,seasonal_naive_168h,25.4166,11.5715,1745
Bull_education_Jae,power_active_kw,hour_of_week_profile,52.8203,6.4434,1751
Bull_education_Jae,power_active_kw,seasonal_naive_168h,75.2734,11.1162,1745
Bull_education_Jeffery,power_active_kw,hour_of_week_profile,72.5473,4.1181,1752
Bull_education_Jeffery,power_active_kw,seasonal_naive_168h,127.036,14.1259,1750
Bull_education_Joseph,power_active_kw,hour_of_week_profile,16.1452,10.5218,1749
Bull_education_Joseph,power_active_kw,seasonal_naive_168h,19.8563,14.5398,1735
Bull_education_Juan,power_active_kw,hour_of_week_profile,39.4387,16.6883,1751
Bull_education_Juan,power_active_kw,seasonal_naive_168h,48.8155,20.4349,1745
Bull_education_Kendra,power_active_kw,hour_of_week_profile,74.7785,12.7974,1751
Bull_education_Kendra,power_active_kw,seasonal_naive_168h,86.5375,15.7478,1745
Bull_education_Krista,power_active_kw,hour_of_week_profile,38.5075,13.2511,1751
Bull_education_Krista,power_active_kw,seasonal_naive_168h,44.8504,14.9557,1745
Bull_education_Kristal,power_active_kw,hour_of_week_profile,34.2126,4.4644,1751
Bull_education_Kristal,power_active_kw,seasonal_naive_168h,49.9427,8.7357,1745
Bull_education_Lenny,power_active_kw,hour_of_week_profile,4.0328,7.5448,1750
Bull_education_Lenny,power_active_kw,seasonal_naive_168h,6.3012,14.2298,1743
Bull_education_Linnie,power_active_kw,hour_of_week_profile,41.0954,28.2553,1751
Bull_education_Linnie,power_active_kw,seasonal_naive_168h,46.1673,29.1207,1745
Bull_education_Luke,power_active_kw,hour_of_week_profile,51.4747,16.724,1751
Bull_education_Luke,power_active_kw,seasonal_naive_168h,59.7513,18.6186,1745
Bull_education_Lydia,power_active_kw,hour_of_week_profile,20.4444,12.767,1750
Bull_education_Lydia,power_active_kw,seasonal_naive_168h,18.1325,10.9669,1744
Bull_education_Lyn,power_active_kw,hour_of_week_profile,5.6436,23.9035,1751
Bull_education_Lyn,power_active_kw,seasonal_naive_168h,6.1742,23.6697,1745
Bull_education_Magaret,power_active_kw,hour_of_week_profile,21.4834,31.4088,1750
Bull_education_Magaret,power_active_kw,seasonal_naive_168h,22.2995,30.8377,1743
Bull_education_Mario,power_active_kw,hour_of_week_profile,21.1738,18.3842,1751
Bull_education_Mario,power_active_kw,seasonal_naive_168h,20.796,19.6266,1745
Bull_education_Matilda,power_active_kw,hour_of_week_profile,26.9837,26.1355,1752
Bull_education_Matilda,power_active_kw,seasonal_naive_168h,34.1474,31.7982,1750
Bull_education_Mervin,power_active_kw,hour_of_week_profile,29.144,12.766,1751
Bull_education_Mervin,power_active_kw,seasonal_naive_168h,37.651,17.9454,1745
Bull_education_Miquel,power_active_kw,hour_of_week_profile,42.3185,17.9145,1751
Bull_education_Miquel,power_active_kw,seasonal_naive_168h,49.635,19.2955,1745
Bull_education_Miranda,power_active_kw,hour_of_week_profile,20.4553,8.9344,1751
Bull_education_Miranda,power_active_kw,seasonal_naive_168h,30.353,15.2867,1745
Bull_education_Myra,power_active_kw,hour_of_week_profile,13.7871,27.8992,1751
Bull_education_Myra,power_active_kw,seasonal_naive_168h,13.9736,27.4406,1745
Bull_education_Nichole,power_active_kw,hour_of_week_profile,22.387,8.027,1751
Bull_education_Nichole,power_active_kw,seasonal_naive_168h,30.9335,12.2161,1745
Bull_education_Nina,power_active_kw,hour_of_week_profile,24.6056,5.8744,1751
Bull_education_Nina,power_active_kw,seasonal_naive_168h,37.859,11.1374,1745
Bull_education_Nolan,power_active_kw,hour_of_week_profile,10.2061,13.6204,1751
Bull_education_Nolan,power_active_kw,seasonal_naive_168h,11.3272,16.1264,1745
Bull_education_Olive,power_active_kw,hour_of_week_profile,14.3865,17.8652,1751
Bull_education_Olive,power_active_kw,seasonal_naive_168h,19.1971,25.6197,1745
Bull_education_Pablo,power_active_kw,hour_of_week_profile,6.9218,14.6371,1751
Bull_education_Pablo,power_active_kw,seasonal_naive_168h,8.7496,19.8661,1745
Bull_education_Pamela,power_active_kw,hour_of_week_profile,21.3313,8.4215,1751
Bull_education_Pamela,power_active_kw,seasonal_naive_168h,26.8424,11.6957,1745
Bull_education_Patrina,power_active_kw,hour_of_week_profile,4.8544,21.3823,1751
Bull_education_Patrina,power_active_kw,seasonal_naive_168h,6.4834,30.3736,1744
Bull_education_Racheal,power_active_kw,hour_of_week_profile,55.4156,5.9706,1751
Bull_education_Racheal,power_active_kw,seasonal_naive_168h,83.1163,10.9152,1745
Bull_education_Reina,power_active_kw,hour_of_week_profile,17.7414,21.4652,1751
Bull_education_Reina,power_active_kw,seasonal_naive_168h,16.851,18.8213,1745
Bull_education_Reynaldo,power_active_kw,hour_of_week_profile,7.1815,15.3285,1751
Bull_education_Reynaldo,power_active_kw,seasonal_naive_168h,8.4002,19.6827,1744
Bull_education_Roland,power_active_kw,hour_of_week_profile,40.4704,15.6248,1750
Bull_education_Roland,power_active_kw,seasonal_naive_168h,46.7428,18.1523,1742
Bull_education_Roseann,power_active_kw,hour_of_week_profile,29.0063,8.5293,1750
Bull_education_Roseann,power_active_kw,seasonal_naive_168h,38.1433,12.4767,1744
Bull_education_Sebastian,power_active_kw,hour_of_week_profile,6.1097,12.8462,1751
Bull_education_Sebastian,power_active_kw,seasonal_naive_168h,7.7851,17.8328,1745
Bull_education_Shona,power_active_kw,hour_of_week_profile,15.6955,2.1702,1751
Bull_education_Shona,power_active_kw,seasonal_naive_168h,27.7891,8.9945,1745
Bull_education_Stewart,power_active_kw,hour_of_week_profile,19.0415,13.9252,1751
Bull_education_Stewart,power_active_kw,seasonal_naive_168h,18.1679,12.6743,1745
Bull_education_Summer,power_active_kw,hour_of_week_profile,5.3076,15.4105,1735
Bull_education_Summer,power_active_kw,seasonal_naive_168h,5.9745,18.846,1649
Bull_education_Tracey,power_active_kw,hour_of_week_profile,32.3039,17.7178,1751
Bull_education_Tracey,power_active_kw,seasonal_naive_168h,32.5862,16.5148,1745
Bull_education_Venita,power_active_kw,hour_of_week_profile,6.412,16.6755,1751
Bull_education_Venita,power_active_kw,seasonal_naive_168h,6.3962,15.3651,1744
Bull_education_Violeta,power_active_kw,hour_of_week_profile,16.3193,15.817,1750
Bull_education_Violeta,power_active_kw,seasonal_naive_168h,20.2643,20.05,1744
Bull_office_Anne,power_active_kw,hour_of_week_profile,2.1765,6.2389,1751
Bull_office_Anne,power_active_kw,seasonal_naive_168h,3.3316,12.5668,1743
Bull_office_Chantel,power_active_kw,hour_of_week_profile,34.6372,15.7069,1751
Bull_office_Chantel,power_active_kw,seasonal_naive_168h,37.8229,18.341,1745
Bull_office_Claudia,power_active_kw,hour_of_week_profile,3.0135,4.7979,1751
Bull_office_Claudia,power_active_kw,seasonal_naive_168h,4.8251,10.3052,1744
Bull_office_Debbie,power_active_kw,hour_of_week_profile,5.2972,15.581,1751
Bull_office_Debbie,power_active_kw,seasonal_naive_168h,6.3754,20.5755,1745
Bull_office_Efren,power_active_kw,hour_of_week_profile,16.9488,42.0104,1752
Bull_office_Efren,power_active_kw,seasonal_naive_168h,14.5968,33.5785,1751
Bull_office_Ella,power_active_kw,hour_of_week_profile,14.0844,10.8658,1752
Bull_office_Ella,power_active_kw,seasonal_naive_168h,20.1451,21.0525,1750
Bull_office_Hilton,power_active_kw,hour_of_week_profile,0.8194,8.023,1750
Bull_office_Hilton,power_active_kw,seasonal_naive_168h,1.1781,14.2484,1741
Bull_office_Ivette,power_active_kw,hour_of_week_profile,6.8643,34.4846,1751
Bull_office_Ivette,power_active_kw,seasonal_naive_168h,4.461,20.0336,1744
Bull_office_Lilla,power_active_kw,hour_of_week_profile,49.6425,20.9277,1751
Bull_office_Lilla,power_active_kw,seasonal_naive_168h,74.1473,26.5202,1745
Bull_office_Marco,power_active_kw,hour_of_week_profile,19.9811,53.3939,1751
Bull_office_Marco,power_active_kw,seasonal_naive_168h,17.2464,42.2608,1749
Bull_office_Myron,power_active_kw,hour_of_week_profile,8.4542,9.3398,1751
Bull_office_Myron,power_active_kw,seasonal_naive_168h,12.0206,15.4375,1745
Bull_office_Nicolas,power_active_kw,hour_of_week_profile,3.2175,16.2297,1727
Bull_office_Nicolas,power_active_kw,seasonal_naive_168h,3.0983,15.193,1719
Bull_office_Rob,power_active_kw,hour_of_week_profile,36.3459,12.8821,1751
Bull_office_Rob,power_active_kw,seasonal_naive_168h,48.5501,17.226,1745
Bull_office_Sally,power_active_kw,hour_of_week_profile,23.3914,20.1221,1752
Bull_office_Sally,power_active_kw,seasonal_naive_168h,33.1913,33.3892,1751
Bull_office_Trevor,power_active_kw,hour_of_week_profile,8.3482,6.6917,1751
Bull_office_Trevor,power_active_kw,seasonal_naive_168h,13.6264,18.1358,1745
Bull_office_Yvonne,power_active_kw,hour_of_week_profile,21.2679,11.6807,1750
Bull_office_Yvonne,power_active_kw,seasonal_naive_168h,27.5709,15.7275,1743
Cockatoo_education_Amira,power_active_kw,hour_of_week_profile,10.2734,24.6948,1707
Cockatoo_education_Amira,power_active_kw,seasonal_naive_168h,4.4105,9.5144,1695
Cockatoo_education_Arlen,power_active_kw,hour_of_week_profile,32.8877,75.6382,1726
Cockatoo_education_Arlen,power_active_kw,seasonal_naive_168h,11.527,24.5063,1713
Cockatoo_education_Brendan,power_active_kw,hour_of_week_profile,5.1389,7.4655,1730
Cockatoo_education_Brendan,power_active_kw,seasonal_naive_168h,4.9032,7.3555,1721
Cockatoo_education_Brigitte,power_active_kw,hour_of_week_profile,28.733,4.0031,1730
Cockatoo_education_Brigitte,power_active_kw,seasonal_naive_168h,30.2181,4.193,1721
Cockatoo_education_Charity,power_active_kw,hour_of_week_profile,15.7436,5.7932,1729
Cockatoo_education_Charity,power_active_kw,seasonal_naive_168h,13.9153,5.24,1720
Cockatoo_education_Claudine,power_active_kw,hour_of_week_profile,4.3022,10.1776,1730
Cockatoo_education_Claudine,power_active_kw,seasonal_naive_168h,2.8708,7.1642,1720
Cockatoo_education_Clifton,power_active_kw,hour_of_week_profile,0.062,4.5635,1729
Cockatoo_education_Clifton,power_active_kw,seasonal_naive_168h,0.0715,5.2962,1719
Cockatoo_education_Collin,power_active_kw,hour_of_week_profile,27.3682,11.3479,1729
Cockatoo_education_Collin,power_active_kw,seasonal_naive_168h,13.5257,5.692,1720
Cockatoo_education_Deloris,power_active_kw,hour_of_week_profile,4.2473,5.526,1729
Cockatoo_education_Deloris,power_active_kw,seasonal_naive_168h,5.4951,7.237,1720
Cockatoo_education_Doreen,power_active_kw,hour_of_week_profile,8.278,10.3411,1730
Cockatoo_education_Doreen,power_active_kw,seasonal_naive_168h,8.7582,10.7132,1721
Cockatoo_education_Erik,power_active_kw,hour_of_week_profile,10.1704,6.6299,1725
Cockatoo_education_Erik,power_active_kw,seasonal_naive_168h,8.4435,5.339,1716
Cockatoo_education_Eunice,power_active_kw,hour_of_week_profile,42.8564,10.3199,1728
Cockatoo_education_Eunice,power_active_kw,seasonal_naive_168h,27.8332,6.5907,1719
Cockatoo_education_Flora,power_active_kw,hour_of_week_profile,41.8183,5.1633,1730
Cockatoo_education_Flora,power_active_kw,seasonal_naive_168h,29.3412,3.5794,1721
Cockatoo_education_Gussie,power_active_kw,hour_of_week_profile,13.7103,4.3795,1729
Cockatoo_education_Gussie,power_active_kw,seasonal_naive_168h,15.2974,4.8898,1720
Cockatoo_education_Helene,power_active_kw,hour_of_week_profile,10.6068,11.0211,1730
Cockatoo_education_Helene,power_active_kw,seasonal_naive_168h,5.2295,5.196,1721
Cockatoo_education_Jack,power_active_kw,hour_of_week_profile,1.0883,18.316,1729
Cockatoo_education_Jack,power_active_kw,seasonal_naive_168h,1.3923,23.0054,1720
Cockatoo_education_Janet,power_active_kw,hour_of_week_profile,98.8297,10.8933,1730
Cockatoo_education_Janet,power_active_kw,seasonal_naive_168h,29.8735,3.2743,1721
Cockatoo_education_Joeann,power_active_kw,hour_of_week_profile,67.0063,16.7632,1715
Cockatoo_education_Joeann,power_active_kw,seasonal_naive_168h,40.6025,9.8726,1706
Cockatoo_education_Joel,power_active_kw,hour_of_week_profile,0.702,12.8804,1730
Cockatoo_education_Joel,power_active_kw,seasonal_naive_168h,0.7058,12.7329,1721
Cockatoo_education_Jon,power_active_kw,hour_of_week_profile,19.373,20.8858,1729
Cockatoo_education_Jon,power_active_kw,seasonal_naive_168h,15.1393,16.1679,1720
Cockatoo_education_Julia,power_active_kw,hour_of_week_profile,5.1151,13.9083,1727
Cockatoo_education_Julia,power_active_kw,seasonal_naive_168h,5.5104,16.0261,1715
Cockatoo_education_Julio,power_active_kw,hour_of_week_profile,10.4197,5.8872,1730
Cockatoo_education_Julio,power_active_kw,seasonal_naive_168h,11.7368,6.8153,1721
Cockatoo_education_June,power_active_kw,hour_of_week_profile,7.6248,8.1434,1730
Cockatoo_education_June,power_active_kw,seasonal_naive_168h,6.1709,6.3723,1721
Cockatoo_education_Latrice,power_active_kw,hour_of_week_profile,0.0123,74.779,1729
Cockatoo_education_Latrice,power_active_kw,seasonal_naive_168h,0.004,100.0,1720
Cockatoo_education_Laurence,power_active_kw,hour_of_week_profile,19.0583,24.7126,1730
Cockatoo_education_Laurence,power_active_kw,seasonal_naive_168h,20.9013,28.1759,1721
Cockatoo_education_Lionel,power_active_kw,hour_of_week_profile,19.5143,5.4965,1730
Cockatoo_education_Lionel,power_active_kw,seasonal_naive_168h,14.1272,4.1158,1721
Cockatoo_education_Magdalena,power_active_kw,hour_of_week_profile,8.6932,60.7852,1730
Cockatoo_education_Magdalena,power_active_kw,seasonal_naive_168h,3.6264,29.9377,1720
Cockatoo_education_Marva,power_active_kw,hour_of_week_profile,21.2951,13.9533,1730
Cockatoo_education_Marva,power_active_kw,seasonal_naive_168h,20.282,13.7005,1721
Cockatoo_education_Maynard,power_active_kw,hour_of_week_profile,5.6447,35.8445,1729
Cockatoo_education_Maynard,power_active_kw,seasonal_naive_168h,6.0547,33.4875,1720
Cockatoo_education_Mayra,power_active_kw,hour_of_week_profile,15.17,21.7781,1730
Cockatoo_education_Mayra,power_active_kw,seasonal_naive_168h,13.6339,19.3098,1721
Cockatoo_education_Melanie,power_active_kw,hour_of_week_profile,11.0843,39.6008,1729
Cockatoo_education_Melanie,power_active_kw,seasonal_naive_168h,4.2696,16.9937,1720
Cockatoo_education_Minh,power_active_kw,hour_of_week_profile,5.2072,11.7842,1722
Cockatoo_education_Minh,power_active_kw,seasonal_naive_168h,6.1159,13.881,1712
Cockatoo_education_Nelda,power_active_kw,hour_of_week_profile,8.3447,7.9195,1730
Cockatoo_education_Nelda,power_active_kw,seasonal_naive_168h,6.6269,6.1031,1721
Cockatoo_education_Oliver,power_active_kw,hour_of_week_profile,17.264,13.2185,1730
Cockatoo_education_Oliver,power_active_kw,seasonal_naive_168h,12.9812,9.3312,1721
Cockatoo_education_Orlando,power_active_kw,hour_of_week_profile,20.7552,7.4412,1730
Cockatoo_education_Orlando,power_active_kw,seasonal_naive_168h,18.062,6.8162,1721
Cockatoo_education_Rita,power_active_kw,hour_of_week_profile,1.8539,14.7797,1730
Cockatoo_education_Rita,power_active_kw,seasonal_naive_168h,1.7067,13.1022,1721
Cockatoo_education_Shawn,power_active_kw,hour_of_week_profile,15.4007,12.5599,1730
Cockatoo_education_Shawn,power_active_kw,seasonal_naive_168h,14.0956,11.7243,1721
Cockatoo_education_Sheryl,power_active_kw,hour_of_week_profile,16.4453,3.742,1730
Cockatoo_education_Sheryl,power_active_kw,seasonal_naive_168h,14.4915,3.1968,1721
Cockatoo_education_Terrence,power_active_kw,hour_of_week_profile,23.1307,5.0103,1727
Cockatoo_education_Terrence,power_active_kw,seasonal_naive_168h,21.0727,4.6605,1717
Cockatoo_education_Tyler,power_active_kw,hour_of_week_profile,18.8842,2.5846,1730
Cockatoo_education_Tyler,power_active_kw,seasonal_naive_168h,17.3124,2.329,1721
Cockatoo_education_Victoria,power_active_kw,hour_of_week_profile,0.8204,17.4864,1726
Cockatoo_education_Victoria,power_active_kw,seasonal_naive_168h,0.7575,15.2073,1717
Cockatoo_office_Ada,power_active_kw,hour_of_week_profile,18.8355,4.2985,1681
Cockatoo_office_Ada,power_active_kw,seasonal_naive_168h,16.3473,3.8606,1672
Cockatoo_office_Alton,power_active_kw,hour_of_week_profile,11.4882,12.4217,1730
Cockatoo_office_Alton,power_active_kw,seasonal_naive_168h,10.8059,11.0684,1721
Cockatoo_office_Christy,power_active_kw,hour_of_week_profile,15.8187,7.6735,1729
Cockatoo_office_Christy,power_active_kw,seasonal_naive_168h,15.0975,7.2702,1719
Cockatoo_office_Delores,power_active_kw,hour_of_week_profile,5.825,7.5642,1730
Cockatoo_office_Delores,power_active_kw,seasonal_naive_168h,6.3135,8.5495,1721
Cockatoo_office_Elbert,power_active_kw,hour_of_week_profile,2.8013,11.1129,1726
Cockatoo_office_Elbert,power_active_kw,seasonal_naive_168h,2.9319,11.2479,1717
Cockatoo_office_Gail,power_active_kw,hour_of_week_profile,3.9278,19.9198,1729
Cockatoo_office_Gail,power_active_kw,seasonal_naive_168h,3.9734,20.0749,1720
Cockatoo_office_Georgia,power_active_kw,hour_of_week_profile,25.4112,10.369,1730
Cockatoo_office_Georgia,power_active_kw,seasonal_naive_168h,20.1917,8.8333,1721
Cockatoo_office_Giovanni,power_active_kw,hour_of_week_profile,22.2976,21.4926,1729
Cockatoo_office_Giovanni,power_active_kw,seasonal_naive_168h,7.8321,7.3525,1720
Cockatoo_office_Jimmy,power_active_kw,hour_of_week_profile,3.5699,46.8686,1730
Cockatoo_office_Jimmy,power_active_kw,seasonal_naive_168h,1.42,16.7914,1721
Cockatoo_office_Jodie,power_active_kw,hour_of_week_profile,9.6493,14.7597,1729
Cockatoo_office_Jodie,power_active_kw,seasonal_naive_168h,8.1276,13.3295,1720
Cockatoo_office_Kristin,power_active_kw,hour_of_week_profile,5.25,4.552,1729
Cockatoo_office_Kristin,power_active_kw,seasonal_naive_168h,6.6819,5.8249,1720
Cockatoo_office_Laila,power_active_kw,hour_of_week_profile,10.2113,4.5045,1730
Cockatoo_office_Laila,power_active_kw,seasonal_naive_168h,11.7308,5.2057,1721
Cockatoo_office_Lorraine,power_active_kw,hour_of_week_profile,1.2706,19.0956,1727
Cockatoo_office_Lorraine,power_active_kw,seasonal_naive_168h,1.5379,24.8008,1718
Cockatoo_office_Margaret,power_active_kw,hour_of_week_profile,0.6035,16.585,1730
Cockatoo_office_Margaret,power_active_kw,seasonal_naive_168h,0.5307,15.2243,1721
Cockatoo_office_Paige,power_active_kw,hour_of_week_profile,11.8512,11.9499,1730
Cockatoo_office_Paige,power_active_kw,seasonal_naive_168h,9.8071,9.6289,1721
Cockatoo_office_Pansy,power_active_kw,hour_of_week_profile,5.1578,12.2534,1730
Cockatoo_office_Pansy,power_active_kw,seasonal_naive_168h,5.6956,12.6475,1721
Cockatoo_office_Rodney,power_active_kw,hour_of_week_profile,11.6161,9.5464,1730
Cockatoo_office_Rodney,power_active_kw,seasonal_naive_168h,12.4318,10.3113,1721
Cockatoo_office_Roxanna,power_active_kw,hour_of_week_profile,1.2226,13.9742,1729
Cockatoo_office_Roxanna,power_active_kw,seasonal_naive_168h,1.404,17.243,1718
Crow_education_Kate,power_active_kw,hour_of_week_profile,4.7132,6.1422,1350
Crow_education_Kate,power_active_kw,seasonal_naive_168h,6.0788,8.0092,1350
Crow_education_Keisha,power_active_kw,hour_of_week_profile,16.9565,5.5289,1500
Crow_education_Keisha,power_active_kw,seasonal_naive_168h,14.2303,4.7208,1500
Crow_education_Marlin,power_active_kw,hour_of_week_profile,99.4533,48.5747,1570
Crow_education_Marlin,power_active_kw,seasonal_naive_168h,52.8728,23.8995,1570
Crow_education_Omer,power_active_kw,hour_of_week_profile,39.9919,10.409,1500
Crow_education_Omer,power_active_kw,seasonal_naive_168h,35.4096,9.3119,1499
Crow_education_Winston,power_active_kw,hour_of_week_profile,96.2344,34.7351,1569
Crow_education_Winston,power_active_kw,seasonal_naive_168h,47.6967,16.3104,1569
Eagle_education_Alberto,power_active_kw,hour_of_week_profile,148.2993,7.0375,1752
Eagle_education_Alberto,power_active_kw,seasonal_naive_168h,64.9437,4.3587,1752
Eagle_education_April,power_active_kw,hour_of_week_profile,13.8752,25.9809,1752
Eagle_education_April,power_active_kw,seasonal_naive_168h,7.5166,16.9021,1752
Eagle_education_Brianne,power_active_kw,hour_of_week_profile,62.2573,17.4445,1752
Eagle_education_Brianne,power_active_kw,seasonal_naive_168h,50.7003,13.2237,1752
Eagle_education_Brooke,power_active_kw,hour_of_week_profile,28.1752,2.8966,1752
Eagle_education_Brooke,power_active_kw,seasonal_naive_168h,33.9016,3.5317,1752
Eagle_education_Cassie,power_active_kw,hour_of_week_profile,45.4478,85.4811,1752
Eagle_education_Cassie,power_active_kw,seasonal_naive_168h,9.8223,21.2865,1752
Eagle_education_Edith,power_active_kw,hour_of_week_profile,52.0602,47.9625,1752
Eagle_education_Edith,power_active_kw,seasonal_naive_168h,19.594,17.2536,1752
Eagle_education_Eileen,power_active_kw,hour_of_week_profile,15.6195,11.7411,1752
Eagle_education_Eileen,power_active_kw,seasonal_naive_168h,8.2017,11.3674,1752
Eagle_education_Jewell,power_active_kw,hour_of_week_profile,20.7457,9.6229,1752
Eagle_education_Jewell,power_active_kw,seasonal_naive_168h,21.4127,10.077,1752
Eagle_education_Lino,power_active_kw,hour_of_week_profile,37.5246,17.2642,1752
Eagle_education_Lino,power_active_kw,seasonal_naive_168h,41.9173,21.5058,1752
Eagle_education_Luther,power_active_kw,hour_of_week_profile,33.4066,6.7387,1752
Eagle_education_Luther,power_active_kw,seasonal_naive_168h,25.5651,5.3339,1752
Eagle_education_Maragret,power_active_kw,hour_of_week_profile,2.9342,16.5856,1752
Eagle_education_Maragret,power_active_kw,seasonal_naive_168h,2.8779,14.6829,1752
Eagle_education_Norah,power_active_kw,hour_of_week_profile,24.5505,4.7909,1752
Eagle_education_Norah,power_active_kw,seasonal_naive_168h,22.2563,4.4196,1752
Eagle_education_Paul,power_active_kw,hour_of_week_profile,10.8658,17.3725,1752
Eagle_education_Paul,power_active_kw,seasonal_naive_168h,6.9321,20.2956,1752
Eagle_education_Peter,power_active_kw,hour_of_week_profile,116.2355,8.245,1752
Eagle_education_Peter,power_active_kw,seasonal_naive_168h,64.8206,4.5446,1752
Eagle_education_Petra,power_active_kw,hour_of_week_profile,6.0399,7.7502,1752
Eagle_education_Petra,power_active_kw,seasonal_naive_168h,7.2038,9.6355,1752
Eagle_education_Raul,power_active_kw,hour_of_week_profile,26.8195,4.5049,1751
Eagle_education_Raul,power_active_kw,seasonal_naive_168h,27.4709,4.5538,1749
Eagle_education_Roman,power_active_kw,hour_of_week_profile,32.9472,4.8115,1752
Eagle_education_Roman,power_active_kw,seasonal_naive_168h,27.9463,4.1759,1752
Eagle_education_Samantha,power_active_kw,hour_of_week_profile,16.466,6.8825,1752
Eagle_education_Samantha,power_active_kw,seasonal_naive_168h,15.7536,6.4426,1752
Eagle_education_Shana,power_active_kw,hour_of_week_profile,14.9299,4.715,1752
Eagle_education_Shana,power_active_kw,seasonal_naive_168h,6.7831,4.45,1752
Eagle_education_Shanna,power_active_kw,hour_of_week_profile,34.7244,10.8135,1752
Eagle_education_Shanna,power_active_kw,seasonal_naive_168h,45.0034,14.444,1752
Eagle_education_Shante,power_active_kw,hour_of_week_profile,15.6221,2.4398,1752
Eagle_education_Shante,power_active_kw,seasonal_naive_168h,17.7398,2.7941,1752
Eagle_education_Sheena,power_active_kw,hour_of_week_profile,11.5948,17.3731,1752
Eagle_education_Sheena,power_active_kw,seasonal_naive_168h,7.3972,20.2956,1752
Eagle_education_Sherrill,power_active_kw,hour_of_week_profile,19.7309,2.8678,1750
Eagle_education_Sherrill,power_active_kw,seasonal_naive_168h,23.0133,3.3375,1749
Eagle_education_Teresa,power_active_kw,hour_of_week_profile,10.2778,12.0153,1752
Eagle_education_Teresa,power_active_kw,seasonal_naive_168h,11.8451,13.3787,1752
Eagle_education_Wesley,power_active_kw,hour_of_week_profile,26.8108,25.1517,1752
Eagle_education_Wesley,power_active_kw,seasonal_naive_168h,15.0388,14.5328,1752
Eagle_education_Will,power_active_kw,hour_of_week_profile,6.7025,5.7933,1752
Eagle_education_Will,power_active_kw,seasonal_naive_168h,8.4564,7.4197,1752
Eagle_office_Amanda,power_active_kw,hour_of_week_profile,140.5359,17.2906,1752
Eagle_office_Amanda,power_active_kw,seasonal_naive_168h,108.255,36.0804,1752
Eagle_office_Amie,power_active_kw,hour_of_week_profile,43.2983,10.0108,1752
Eagle_office_Amie,power_active_kw,seasonal_naive_168h,16.8781,4.2581,1752
Eagle_office_Bridgett,power_active_kw,hour_of_week_profile,24.2867,15.8211,1752
Eagle_office_Bridgett,power_active_kw,seasonal_naive_168h,19.2035,11.9181,1752
Eagle_office_Chantelle,power_active_kw,hour_of_week_profile,6.6536,29.9763,1750
Eagle_office_Chantelle,power_active_kw,seasonal_naive_168h,2.4281,10.8179,1750
Eagle_office_Chauncey,power_active_kw,hour_of_week_profile,163.3833,9.6357,1752
Eagle_office_Chauncey,power_active_kw,seasonal_naive_168h,75.808,11.0862,1752
Eagle_office_Dallas,power_active_kw,hour_of_week_profile,14.52,40.4393,1752
Eagle_office_Dallas,power_active_kw,seasonal_naive_168h,6.4958,16.505,1752
Eagle_office_Damian,power_active_kw,hour_of_week_profile,20.8829,12.5554,1752
Eagle_office_Damian,power_active_kw,seasonal_naive_168h,21.9116,12.5598,1752
Eagle_office_Demetra,power_active_kw,hour_of_week_profile,23.1998,25.9435,1752
Eagle_office_Demetra,power_active_kw,seasonal_naive_168h,21.7477,23.4016,1752
Eagle_office_Donovan,power_active_kw,hour_of_week_profile,10.1369,17.224,1752
Eagle_office_Donovan,power_active_kw,seasonal_naive_168h,11.808,19.7205,1752
Eagle_office_Efrain,power_active_kw,hour_of_week_profile,6.3878,16.4924,1752
Eagle_office_Efrain,power_active_kw,seasonal_naive_168h,5.6598,13.6814,1752
Eagle_office_Elia,power_active_kw,hour_of_week_profile,61.8562,104.4016,1752
Eagle_office_Elia,power_active_kw,seasonal_naive_168h,20.0311,28.4837,1752
Eagle_office_Elias,power_active_kw,hour_of_week_profile,9.8518,12.5551,1752
Eagle_office_Elias,power_active_kw,seasonal_naive_168h,10.3372,12.5598,1752
Eagle_office_Elvis,power_active_kw,hour_of_week_profile,9.7748,22.705,1752
Eagle_office_Elvis,power_active_kw,seasonal_naive_168h,10.6638,24.062,1752
Eagle_office_Flossie,power_active_kw,hour_of_week_profile,24.8523,20.1347,1752
Eagle_office_Flossie,power_active_kw,seasonal_naive_168h,28.0981,24.2264,1752
Eagle_office_Francis,power_active_kw,hour_of_week_profile,17.218,4.7235,1752
Eagle_office_Francis,power_active_kw,seasonal_naive_168h,22.2072,6.1369,1752
Eagle_office_Freida,power_active_kw,hour_of_week_profile,6.3273,23.2325,1752
Eagle_office_Freida,power_active_kw,seasonal_naive_168h,6.6221,21.9643,1752
Eagle_office_Henriette,power_active_kw,hour_of_week_profile,5.5954,19.5266,1752
Eagle_office_Henriette,power_active_kw,seasonal_naive_168h,5.8792,20.2921,1752
Eagle_office_Isidro,power_active_kw,hour_of_week_profile,5.0797,22.1081,1752
Eagle_office_Isidro,power_active_kw,seasonal_naive_168h,4.891,21.8357,1752
Eagle_office_Jackie,power_active_kw,hour_of_week_profile,7.5327,13.5049,1752
Eagle_office_Jackie,power_active_kw,seasonal_naive_168h,8.7032,14.7826,1752
Eagle_office_Jeff,power_active_kw,hour_of_week_profile,8.499,19.1649,1752
Eagle_office_Jeff,power_active_kw,seasonal_naive_168h,7.6821,18.8196,1752
Eagle_office_Katheleen,power_active_kw,hour_of_week_profile,62.2012,31.1207,1752
Eagle_office_Katheleen,power_active_kw,seasonal_naive_168h,56.2845,35.0656,1752
Eagle_office_Lamont,power_active_kw,hour_of_week_profile,11.2439,8.8583,1752
Eagle_office_Lamont,power_active_kw,seasonal_naive_168h,6.5675,12.5277,1752
Eagle_office_Lane,power_active_kw,hour_of_week_profile,6.3036,16.3905,1752
Eagle_office_Lane,power_active_kw,seasonal_naive_168h,6.7591,16.5783,1752
Eagle_office_Lillian,power_active_kw,hour_of_week_profile,4.3464,23.1702,1752
Eagle_office_Lillian,power_active_kw,seasonal_naive_168h,5.0884,26.4316,1752
Eagle_office_Mable,power_active_kw,hour_of_week_profile,3.1786,24.4326,1752
Eagle_office_Mable,power_active_kw,seasonal_naive_168h,2.9479,22.0262,1752
Eagle_office_Mandi,power_active_kw,hour_of_week_profile,5.1934,4.7143,1752
Eagle_office_Mandi,power_active_kw,seasonal_naive_168h,2.3596,4.4504,1752
Eagle_office_Marisela,power_active_kw,hour_of_week_profile,44.4515,9.3046,1752
Eagle_office_Marisela,power_active_kw,seasonal_naive_168h,25.7087,12.8288,1752
Eagle_office_Nereida,power_active_kw,hour_of_week_profile,50.6138,5.1659,1752
Eagle_office_Nereida,power_active_kw,seasonal_naive_168h,23.3531,6.2757,1752
Eagle_office_Norbert,power_active_kw,hour_of_week_profile,32.4054,8.7546,1752
Eagle_office_Norbert,power_active_kw,seasonal_naive_168h,17.4492,10.4924,1752
Eagle_office_Patrice,power_active_kw,hour_of_week_profile,11.7621,13.289,1752
Eagle_office_Patrice,power_active_kw,seasonal_naive_168h,10.9764,12.855,1752
Eagle_office_Phyllis,power_active_kw,hour_of_week_profile,12.6191,4.7161,1752
Eagle_office_Phyllis,power_active_kw,seasonal_naive_168h,5.7332,4.4504,1752
Eagle_office_Randolph,power_active_kw,hour_of_week_profile,14.1821,13.8534,1752
Eagle_office_Randolph,power_active_kw,seasonal_naive_168h,15.8633,15.1217,1752
Eagle_office_Remedios,power_active_kw,hour_of_week_profile,26.9525,4.6444,1752
Eagle_office_Remedios,power_active_kw,seasonal_naive_168h,13.2421,6.6075,1752
Eagle_office_Ryan,power_active_kw,hour_of_week_profile,3.8135,16.1809,1752
Eagle_office_Ryan,power_active_kw,seasonal_naive_168h,4.2494,17.5401,1752
Eagle_office_Sheree,power_active_kw,hour_of_week_profile,11.11,49.5196,1752
Eagle_office_Sheree,power_active_kw,seasonal_naive_168h,6.2774,21.8869,1752
Eagle_office_Sonya,power_active_kw,hour_of_week_profile,16.9537,9.5418,1752
Eagle_office_Sonya,power_active_kw,seasonal_naive_168h,16.8362,9.5146,1752
Eagle_office_Tia,power_active_kw,hour_of_week_profile,68.4849,11.7411,1752
Eagle_office_Tia,power_active_kw,seasonal_naive_168h,35.961,11.3674,1752
Eagle_office_Yadira,power_active_kw,hour_of_week_profile,27.3983,29.3275,1752
Eagle_office_Yadira,power_active_kw,seasonal_naive_168h,25.6096,26.3531,1752
Fox_education_Andre,power_active_kw,hour_of_week_profile,19.1488,5.6834,1752
Fox_education_Andre,power_active_kw,seasonal_naive_168h,22.721,6.5644,1752
Fox_education_Ashli,power_active_kw,hour_of_week_profile,9.0348,81.1576,1752
Fox_education_Ashli,power_active_kw,seasonal_naive_168h,2.4292,20.4551,1752
Fox_education_Burton,power_active_kw,hour_of_week_profile,5.7874,13.9143,1752
Fox_education_Burton,power_active_kw,seasonal_naive_168h,6.0019,14.0828,1752
Fox_education_Carleen,power_active_kw,hour_of_week_profile,37.9116,60.8715,1752
Fox_education_Carleen,power_active_kw,seasonal_naive_168h,11.7939,17.2213,1752
Fox_education_Charles,power_active_kw,hour_of_week_profile,5.8516,54.8766,1751
Fox_education_Charles,power_active_kw,seasonal_naive_168h,1.9119,14.3196,1751
Fox_education_Claire,power_active_kw,hour_of_week_profile,8.3622,14.9369,1752
Fox_education_Claire,power_active_kw,seasonal_naive_168h,5.664,9.9872,1752
Fox_education_Claude,power_active_kw,hour_of_week_profile,45.2191,4.7095,1750
Fox_education_Claude,power_active_kw,seasonal_naive_168h,26.3031,2.8934,1737
Fox_education_Cynthia,power_active_kw,hour_of_week_profile,23.2979,10.922,1735
Fox_education_Cynthia,power_active_kw,seasonal_naive_168h,26.9169,12.615,1725
Fox_education_Delma,power_active_kw,hour_of_week_profile,42.3844,277.6112,1752
Fox_education_Delma,power_active_kw,seasonal_naive_168h,13.8823,81.1409,1752
Fox_education_Dewayne,power_active_kw,hour_of_week_profile,15.1186,26.6658,1752
Fox_education_Dewayne,power_active_kw,seasonal_naive_168h,6.5807,11.1659,1752
Fox_education_Dominique,power_active_kw,hour_of_week_profile,8.3116,4.6199,1752
Fox_education_Dominique,power_active_kw,seasonal_naive_168h,6.2277,3.424,1752
Fox_education_Eddy,power_active_kw,hour_of_week_profile,42.676,17.9041,1752
Fox_education_Eddy,power_active_kw,seasonal_naive_168h,44.9517,20.1055,1752
Fox_education_Eldon,power_active_kw,hour_of_week_profile,12.2795,6.9253,1752
Fox_education_Eldon,power_active_kw,seasonal_naive_168h,8.4323,4.767,1752
Fox_education_Elizabeth,power_active_kw,hour_of_week_profile,230.5612,43.9282,1752
Fox_education_Elizabeth,power_active_kw,seasonal_naive_168h,46.1898,9.574,1752
Fox_education_Elois,power_active_kw,hour_of_week_profile,3.3801,49.2764,1752
Fox_education_Elois,power_active_kw,seasonal_naive_168h,2.39,29.9951,1752
Fox_education_Elvira,power_active_kw,hour_of_week_profile,21.2331,11.0839,1749
Fox_education_Elvira,power_active_kw,seasonal_naive_168h,18.1368,9.8681,1749
Fox_education_Etta,power_active_kw,hour_of_week_profile,69.1277,59.066,1750
Fox_education_Etta,power_active_kw,seasonal_naive_168h,24.2284,18.7638,1737
Fox_education_Gayla,power_active_kw,hour_of_week_profile,12.2828,26.8755,1752
Fox_education_Gayla,power_active_kw,seasonal_naive_168h,9.0938,19.4626,1752
Fox_education_Geoffrey,power_active_kw,hour_of_week_profile,11.9461,9.3697,1752
Fox_education_Geoffrey,power_active_kw,seasonal_naive_168h,5.95,4.9511,1752
Fox_education_Gloria,power_active_kw,hour_of_week_profile,20.6894,3.3633,1752
Fox_education_Gloria,power_active_kw,seasonal_naive_168h,21.672,3.4605,1752
Fox_education_Henrietta,power_active_kw,hour_of_week_profile,20.6953,31.8006,1752
Fox_education_Henrietta,power_active_kw,seasonal_naive_168h,16.1582,31.4284,1752
Fox_education_Heriberto,power_active_kw,hour_of_week_profile,8.2634,37.3317,1752
Fox_education_Heriberto,power_active_kw,seasonal_naive_168h,1.483,5.6267,1752
Fox_education_Jaclyn,power_active_kw,hour_of_week_profile,22.2416,10.7604,1750
Fox_education_Jaclyn,power_active_kw,seasonal_naive_168h,30.9903,15.6936,1737
Fox_education_Jacqueline,power_active_kw,hour_of_week_profile,45.4208,327.4968,1752
Fox_education_Jacqueline,power_active_kw,seasonal_naive_168h,21.588,54.7058,1752
Fox_education_Janina,power_active_kw,hour_of_week_profile,35.2275,23.5176,1750
Fox_education_Janina,power_active_kw,seasonal_naive_168h,17.7214,14.6574,1737
Fox_education_John,power_active_kw,hour_of_week_profile,19.5737,24.5883,1752
Fox_education_John,power_active_kw,seasonal_naive_168h,13.2548,23.9874,1752
Fox_education_Kendrick,power_active_kw,hour_of_week_profile,6.0122,42.0945,1752
Fox_education_Kendrick,power_active_kw,seasonal_naive_168h,5.839,61.3346,1752
Fox_education_Kim,power_active_kw,hour_of_week_profile,11.0506,28.7093,1752
Fox_education_Kim,power_active_kw,seasonal_naive_168h,8.8341,20.8892,1752
Fox_education_Kris,power_active_kw,hour_of_week_profile,29.7993,32.8384,1752
Fox_education_Kris,power_active_kw,seasonal_naive_168h,14.4105,15.7387,1752
Fox_education_Leona,power_active_kw,hour_of_week_profile,20.6719,8.0264,1752
Fox_education_Leona,power_active_kw,seasonal_naive_168h,17.2458,6.6607,1752
Fox_education_Leota,power_active_kw,hour_of_week_profile,22.5924,12.3465,1752
Fox_education_Leota,power_active_kw,seasonal_naive_168h,13.7048,7.379,1752
Fox_education_Lesley,power_active_kw,hour_of_week_profile,7.3554,32.9053,1746
Fox_education_Lesley,power_active_kw,seasonal_naive_168h,4.5812,23.6618,1735
Fox_education_Lilly,power_active_kw,hour_of_week_profile,27.0092,10.4239,1752
Fox_education_Lilly,power_active_kw,seasonal_naive_168h,21.938,8.1368,1752
Fox_education_Long,power_active_kw,hour_of_week_profile,14.6517,12.7688,1752
Fox_education_Long,power_active_kw,seasonal_naive_168h,11.4099,9.3362,1752
Fox_education_Louie,power_active_kw,hour_of_week_profile,12.7014,15.9812,1752
Fox_education_Louie,power_active_kw,seasonal_naive_168h,11.0352,14.9601,1752
Fox_education_Marcelina,power_active_kw,hour_of_week_profile,2.1242,37.4857,1750
Fox_education_Marcelina,power_active_kw,seasonal_naive_168h,1.4098,25.0229,1750
Fox_education_Maris,power_active_kw,hour_of_week_profile,3.4586,17.389,1752
Fox_education_Maris,power_active_kw,seasonal_naive_168h,1.7749,8.3344,1752
Fox_education_Marlana,power_active_kw,hour_of_week_profile,20.242,6.7188,1752
Fox_education_Marlana,power_active_kw,seasonal_naive_168h,20.1483,6.4662,1752
Fox_education_Melinda,power_active_kw,hour_of_week_profile,27.4903,13.6342,1752
Fox_education_Melinda,power_active_kw,seasonal_naive_168h,29.1309,13.1783,1752
Fox_education_Melvin,power_active_kw,hour_of_week_profile,11.8429,17.4988,1752
Fox_education_Melvin,power_active_kw,seasonal_naive_168h,11.8144,16.8367,1752
Fox_education_Miguelina,power_active_kw,hour_of_week_profile,15.6027,20.6531,1752
Fox_education_Miguelina,power_active_kw,seasonal_naive_168h,10.6217,11.1502,1752
Fox_education_Nilda,power_active_kw,hour_of_week_profile,17.794,15.4071,1752
Fox_education_Nilda,power_active_kw,seasonal_naive_168h,12.5153,9.6413,1752
Fox_education_Ollie,power_active_kw,hour_of_week_profile,17.1195,16.0657,1752
Fox_education_Ollie,power_active_kw,seasonal_naive_168h,12.1392,11.7564,1752
Fox_education_Otilia,power_active_kw,hour_of_week_profile,30.2527,3.3848,1750
Fox_education_Otilia,power_active_kw,seasonal_naive_168h,24.5728,2.816,1737
Fox_education_Ray,power_active_kw,hour_of_week_profile,9.2405,17.5078,1752
Fox_education_Ray,power_active_kw,seasonal_naive_168h,6.3842,12.24,1752
Fox_education_Rosie,power_active_kw,hour_of_week_profile,25.876,16.6121,1752
Fox_education_Rosie,power_active_kw,seasonal_naive_168h,13.6267,8.8131,1752
Fox_education_Rudolph,power_active_kw,hour_of_week_profile,5.9541,76.4629,1752
Fox_education_Rudolph,power_active_kw,seasonal_naive_168h,5.8834,64.8718,1752
Fox_education_Shaun,power_active_kw,hour_of_week_profile,33.5967,21.1452,1752
Fox_education_Shaun,power_active_kw,seasonal_naive_168h,18.5295,13.5301,1752
Fox_education_Shawanda,power_active_kw,hour_of_week_profile,3.9835,84.2297,1752
Fox_education_Shawanda,power_active_kw,seasonal_naive_168h,1.5997,22.7529,1752
Fox_education_Shirley,power_active_kw,hour_of_week_profile,19.7552,15.764,1729
Fox_education_Shirley,power_active_kw,seasonal_naive_168h,17.9061,14.1869,1718
Fox_education_Stacia,power_active_kw,hour_of_week_profile,3.325,4.5552,1752
Fox_education_Stacia,power_active_kw,seasonal_naive_168h,2.3031,3.3417,1752
Fox_education_Sterling,power_active_kw,hour_of_week_profile,4.9385,31.236,1752
Fox_education_Sterling,power_active_kw,seasonal_naive_168h,3.5422,22.1384,1752
Fox_education_Suzan,power_active_kw,hour_of_week_profile,11.6463,36.1525,1730
Fox_education_Suzan,power_active_kw,seasonal_naive_168h,4.0698,13.1105,1730
Fox_education_Tamika,power_active_kw,hour_of_week_profile,39.3245,33.6658,1752
Fox_education_Tamika,power_active_kw,seasonal_naive_168h,12.9221,11.5921,1752
Fox_education_Theodore,power_active_kw,hour_of_week_profile,7.3498,3.4959,1752
Fox_education_Theodore,power_active_kw,seasonal_naive_168h,9.7969,4.4421,1752
Fox_education_Tonya,power_active_kw,hour_of_week_profile,14.3352,8.1974,1752
Fox_education_Tonya,power_active_kw,seasonal_naive_168h,8.7338,5.4139,1752
Fox_education_Virgil,power_active_kw,hour_of_week_profile,4.5507,5.5059,1752
Fox_education_Virgil,power_active_kw,seasonal_naive_168h,5.0306,5.9273,1752
Fox_education_Virginia,power_active_kw,hour_of_week_profile,4.4655,43.4145,1751
Fox_education_Virginia,power_active_kw,seasonal_naive_168h,2.9824,25.3212,1750
Fox_education_Wendell,power_active_kw,hour_of_week_profile,17.2322,3.4978,1752
Fox_education_Wendell,power_active_kw,seasonal_naive_168h,15.1719,3.0323,1752
Fox_education_Willis,power_active_kw,hour_of_week_profile,195.8501,9.2521,1752
Fox_education_Willis,power_active_kw,seasonal_naive_168h,52.7032,2.651,1752
Fox_education_Yolande,power_active_kw,hour_of_week_profile,18.4909,3.8735,1752
Fox_education_Yolande,power_active_kw,seasonal_naive_168h,15.8607,3.2828,1752
Fox_office_Alice,power_active_kw,hour_of_week_profile,17.2264,5.2648,1752
Fox_office_Alice,power_active_kw,seasonal_naive_168h,12.6897,3.8505,1752
Fox_office_Bernard,power_active_kw,hour_of_week_profile,7.5529,6.9552,1752
Fox_office_Bernard,power_active_kw,seasonal_naive_168h,8.2609,7.2065,1752
Fox_office_Berniece,power_active_kw,hour_of_week_profile,9.2723,42.6767,1752
Fox_office_Berniece,power_active_kw,seasonal_naive_168h,3.8387,12.5667,1752
Fox_office_Brandy,power_active_kw,hour_of_week_profile,10.3245,43.3366,1752
Fox_office_Brandy,power_active_kw,seasonal_naive_168h,3.4859,14.9356,1752
Fox_office_Carson,power_active_kw,hour_of_week_profile,9.873,20.8384,1752
Fox_office_Carson,power_active_kw,seasonal_naive_168h,7.142,17.0979,1752
Fox_office_Clayton,power_active_kw,hour_of_week_profile,25.1971,40.6958,1752
Fox_office_Clayton,power_active_kw,seasonal_naive_168h,8.6562,12.987,1752
Fox_office_Demetrius,power_active_kw,hour_of_week_profile,38.2714,27.5487,1752
Fox_office_Demetrius,power_active_kw,seasonal_naive_168h,34.4636,24.9192,1752
Fox_office_Easter,power_active_kw,hour_of_week_profile,3.8411,18.6465,1742
Fox_office_Easter,power_active_kw,seasonal_naive_168h,2.9341,11.6114,1742
Fox_office_Edythe,power_active_kw,hour_of_week_profile,12.2236,12.4545,1752
Fox_office_Edythe,power_active_kw,seasonal_naive_168h,9.4779,9.4493,1752
Fox_office_Essie,power_active_kw,hour_of_week_profile,3.9764,30.4563,1752
Fox_office_Essie,power_active_kw,seasonal_naive_168h,2.639,15.6389,1752
Fox_office_Gaylord,power_active_kw,hour_of_week_profile,37.1577,28.1737,1752
Fox_office_Gaylord,power_active_kw,seasonal_naive_168h,11.8211,9.2363,1752
Fox_office_Israel,power_active_kw,hour_of_week_profile,9.8727,9.154,1752
Fox_office_Israel,power_active_kw,seasonal_naive_168h,8.0487,7.3786,1752
Fox_office_Joy,power_active_kw,hour_of_week_profile,40.0359,28.9248,1752
Fox_office_Joy,power_active_kw,seasonal_naive_168h,6.7735,5.2272,1752
Fox_office_Juana,power_active_kw,hour_of_week_profile,4.8406,23.3592,1733
Fox_office_Juana,power_active_kw,seasonal_naive_168h,3.3034,14.9443,1728
Fox_office_Karima,power_active_kw,hour_of_week_profile,20.5993,32.9705,1752
Fox_office_Karima,power_active_kw,seasonal_naive_168h,9.5631,15.897,1752
Fox_office_Margarita,power_active_kw,hour_of_week_profile,4.778,42.8993,1752
Fox_office_Margarita,power_active_kw,seasonal_naive_168h,1.9424,14.5816,1752
Fox_office_Molly,power_active_kw,hour_of_week_profile,4.2253,145.7987,1752
Fox_office_Molly,power_active_kw,seasonal_naive_168h,0.7179,17.9667,1752
Fox_office_Rowena,power_active_kw,hour_of_week_profile,6.6128,21.3814,1752
Fox_office_Rowena,power_active_kw,seasonal_naive_168h,4.4421,13.4702,1752
Fox_office_Sheila,power_active_kw,hour_of_week_profile,2.5808,36.0669,1752
Fox_office_Sheila,power_active_kw,seasonal_naive_168h,1.034,12.9638,1752
Fox_office_Susanne,power_active_kw,hour_of_week_profile,6.181,63.0804,1752
Fox_office_Susanne,power_active_kw,seasonal_naive_168h,3.976,32.4912,1752
Fox_office_Thelma,power_active_kw,hour_of_week_profile,14.7726,14.6283,1752
Fox_office_Thelma,power_active_kw,seasonal_naive_168h,13.4342,13.0542,1752
Fox_office_Vicki,power_active_kw,hour_of_week_profile,19.0527,15.9657,1752
Fox_office_Vicki,power_active_kw,seasonal_naive_168h,9.9472,7.8016,1752
Fox_office_Yong,power_active_kw,hour_of_week_profile,21.1937,17.7993,1752
Fox_office_Yong,power_active_kw,seasonal_naive_168h,15.3306,12.1006,1752
Fox_office_Zachary,power_active_kw,hour_of_week_profile,44.566,20.9418,1752
Fox_office_Zachary,power_active_kw,seasonal_naive_168h,32.5466,16.9687,1752
Gator_office_August,power_active_kw,hour_of_week_profile,15.2201,89.0816,1474
Gator_office_August,power_active_kw,seasonal_naive_168h,11.8794,60.776,1128
Gator_office_Betty,power_active_kw,hour_of_week_profile,5.3379,209.3477,1695
Gator_office_Betty,power_active_kw,seasonal_naive_168h,7.2028,266.8444,1695
Gator_office_Hunter,power_active_kw,hour_of_week_profile,7.1774,61.3588,1680
Gator_office_Hunter,power_active_kw,seasonal_naive_168h,10.1208,70.0957,1656
Gator_office_Julie,power_active_kw,hour_of_week_profile,2.9964,64.416,1675
Gator_office_Julie,power_active_kw,seasonal_naive_168h,3.2905,63.9548,1675
Gator_office_Lisa,power_active_kw,hour_of_week_profile,25.538,54.3228,1699
Gator_office_Lisa,power_active_kw,seasonal_naive_168h,24.3305,51.0231,1699
Gator_office_Lucy,power_active_kw,hour_of_week_profile,73.4577,10094.0723,1699
Gator_office_Lucy,power_active_kw,seasonal_naive_168h,0.2741,28.9562,1699
Gator_office_Merle,power_active_kw,hour_of_week_profile,0.6192,102.2875,1695
Gator_office_Merle,power_active_kw,seasonal_naive_168h,0.4606,72.4374,1695
Hog_education_Beth,power_active_kw,hour_of_week_profile,15.4386,12.4398,1752
Hog_education_Beth,power_active_kw,seasonal_naive_168h,11.8138,10.745,1752
Hog_education_Bruno,power_active_kw,hour_of_week_profile,11.481,4.2707,1752
Hog_education_Bruno,power_active_kw,seasonal_naive_168h,10.7408,4.0896,1752
Hog_education_Caridad,power_active_kw,hour_of_week_profile,326.112,34.4201,1738
Hog_education_Caridad,power_active_kw,seasonal_naive_168h,68.8073,6.3568,1738
Hog_education_Casandra,power_active_kw,hour_of_week_profile,218.6353,27.5049,1752
Hog_education_Casandra,power_active_kw,seasonal_naive_168h,82.4676,8.6778,1752
Hog_education_Cathleen,power_active_kw,hour_of_week_profile,25.2255,4.4933,1752
Hog_education_Cathleen,power_active_kw,seasonal_naive_168h,27.5474,5.0745,1752
Hog_education_Donnie,power_active_kw,hour_of_week_profile,46.0852,101.7723,1752
Hog_education_Donnie,power_active_kw,seasonal_naive_168h,14.4907,29.8905,1752
Hog_education_George,power_active_kw,hour_of_week_profile,9.5117,4.5585,1747
Hog_education_George,power_active_kw,seasonal_naive_168h,7.4733,3.5278,1747
Hog_education_Hallie,power_active_kw,hour_of_week_profile,2.5009,3.6765,1752
Hog_education_Hallie,power_active_kw,seasonal_naive_168h,2.1342,3.1041,1751
Hog_education_Haywood,power_active_kw,hour_of_week_profile,2.981,2.105,1752
Hog_education_Haywood,power_active_kw,seasonal_naive_168h,3.6741,2.5871,1752
Hog_education_Janell,power_active_kw,hour_of_week_profile,223.9444,6.4742,1752
Hog_education_Janell,power_active_kw,seasonal_naive_168h,224.481,6.4274,1752
Hog_education_Jared,power_active_kw,hour_of_week_profile,2.203,14.9278,1752
Hog_education_Jared,power_active_kw,seasonal_naive_168h,2.1732,14.5706,1752
Hog_education_Jewel,power_active_kw,hour_of_week_profile,11.4625,22.4023,1752
Hog_education_Jewel,power_active_kw,seasonal_naive_168h,14.4358,24.5414,1752
Hog_education_Jordan,power_active_kw,hour_of_week_profile,12.4168,14.3772,1752
Hog_education_Jordan,power_active_kw,seasonal_naive_168h,10.721,11.7508,1752
Hog_education_Josh,power_active_kw,hour_of_week_profile,95.7775,49.7999,1752
Hog_education_Josh,power_active_kw,seasonal_naive_168h,39.8887,27.258,1752
Hog_education_Leandro,power_active_kw,hour_of_week_profile,15.4977,3.2718,1752
Hog_education_Leandro,power_active_kw,seasonal_naive_168h,15.7258,3.2682,1752
Hog_education_Luvenia,power_active_kw,hour_of_week_profile,45.8452,10.7744,1734
Hog_education_Luvenia,power_active_kw,seasonal_naive_168h,30.5887,6.7148,1734
Hog_education_Madge,power_active_kw,hour_of_week_profile,11.6092,12.7859,1752
Hog_education_Madge,power_active_kw,seasonal_naive_168h,10.2558,11.2497,1752
Hog_education_Odell,power_active_kw,hour_of_week_profile,36.7296,7.4218,1752
Hog_education_Odell,power_active_kw,seasonal_naive_168h,15.5603,3.0758,1751
Hog_education_Rachael,power_active_kw,hour_of_week_profile,22.0295,45.3816,1752
Hog_education_Rachael,power_active_kw,seasonal_naive_168h,9.1802,17.6659,1752
Hog_education_Robert,power_active_kw,hour_of_week_profile,109.194,27.7824,1752
Hog_education_Robert,power_active_kw,seasonal_naive_168h,55.6748,13.379,1752
Hog_education_Roberto,power_active_kw,hour_of_week_profile,27.6138,12.9947,1752
Hog_education_Roberto,power_active_kw,seasonal_naive_168h,19.1119,10.0287,1752
Hog_education_Sonia,power_active_kw,hour_of_week_profile,19.0089,3.0432,1752
Hog_education_Sonia,power_active_kw,seasonal_naive_168h,15.0242,2.3886,1751
Hog_education_Wayne,power_active_kw,hour_of_week_profile,15.3248,11.1398,1752
Hog_education_Wayne,power_active_kw,seasonal_naive_168h,9.1097,5.9316,1752
Hog_office_Alexis,power_active_kw,hour_of_week_profile,5.8962,36.0069,1752
Hog_office_Alexis,power_active_kw,seasonal_naive_168h,3.8753,23.2403,1752
Hog_office_Alisha,power_active_kw,hour_of_week_profile,0.7776,7.1433,1752
Hog_office_Alisha,power_active_kw,seasonal_naive_168h,1.0658,9.4969,1752
Hog_office_Almeda,power_active_kw,hour_of_week_profile,9.3249,14.379,1752
Hog_office_Almeda,power_active_kw,seasonal_naive_168h,9.5687,15.6831,1752
Hog_office_Bessie,power_active_kw,hour_of_week_profile,7.7246,12.3835,1752
Hog_office_Bessie,power_active_kw,seasonal_naive_168h,6.5742,9.7734,1752
Hog_office_Betsy,power_active_kw,hour_of_week_profile,358.6643,121.9186,1752
Hog_office_Betsy,power_active_kw,seasonal_naive_168h,86.4651,25.9069,1752
Hog_office_Bill,power_active_kw,hour_of_week_profile,94.955,49.2091,1752
Hog_office_Bill,power_active_kw,seasonal_naive_168h,27.8017,13.398,1752
Hog_office_Buford,power_active_kw,hour_of_week_profile,0.8279,28.5324,1725
Hog_office_Buford,power_active_kw,seasonal_naive_168h,0.9921,41.2524,1700
Hog_office_Byron,power_active_kw,hour_of_week_profile,26.2106,2.7801,1752
Hog_office_Byron,power_active_kw,seasonal_naive_168h,28.8202,3.0063,1752
Hog_office_Candi,power_active_kw,hour_of_week_profile,48.3567,16.2838,1752
Hog_office_Candi,power_active_kw,seasonal_naive_168h,40.2028,13.2175,1752
Hog_office_Carri,power_active_kw,hour_of_week_profile,5.546,19.4186,1750
Hog_office_Carri,power_active_kw,seasonal_naive_168h,2.8677,9.7017,1750
Hog_office_Catalina,power_active_kw,hour_of_week_profile,53.3164,48.5245,1752
Hog_office_Catalina,power_active_kw,seasonal_naive_168h,29.0657,41.175,1752
Hog_office_Catharine,power_active_kw,hour_of_week_profile,57.8847,14.9489,1720
Hog_office_Catharine,power_active_kw,seasonal_naive_168h,30.203,7.3344,1712
Hog_office_Charla,power_active_kw,hour_of_week_profile,10.3957,5.2987,1752
Hog_office_Charla,power_active_kw,seasonal_naive_168h,7.5213,3.9499,1751
Hog_office_Clemencia,power_active_kw,hour_of_week_profile,3.4135,4.1618,1752
Hog_office_Clemencia,power_active_kw,seasonal_naive_168h,4.0258,4.9629,1752
Hog_office_Concetta,power_active_kw,hour_of_week_profile,5.1433,39.353,1752
Hog_office_Concetta,power_active_kw,seasonal_naive_168h,1.9903,16.611,1752
Hog_office_Cordelia,power_active_kw,hour_of_week_profile,3.9064,20.281,1752
Hog_office_Cordelia,power_active_kw,seasonal_naive_168h,3.0033,15.658,1752
Hog_office_Corey,power_active_kw,hour_of_week_profile,12.2198,11.5929,1752
Hog_office_Corey,power_active_kw,seasonal_naive_168h,12.1579,12.3784,1752
Hog_office_Corie,power_active_kw,hour_of_week_profile,13.2685,11.5567,1752
Hog_office_Corie,power_active_kw,seasonal_naive_168h,12.2803,12.5138,1752
Hog_office_Cornell,power_active_kw,hour_of_week_profile,393.5523,35.4483,1752
Hog_office_Cornell,power_active_kw,seasonal_naive_168h,108.5999,9.198,1752
Hog_office_Cortney,power_active_kw,hour_of_week_profile,67.2479,0.0,1734
Hog_office_Cortney,power_active_kw,seasonal_naive_168h,0.0,0.0,1734
Hog_office_Darline,power_active_kw,hour_of_week_profile,27.0183,12.0731,1752
Hog_office_Darline,power_active_kw,seasonal_naive_168h,8.2845,3.7805,1752
Hog_office_Denita,power_active_kw,hour_of_week_profile,6.5903,13.3307,1752
Hog_office_Denita,power_active_kw,seasonal_naive_168h,7.0563,15.4985,1752
Hog_office_Elizbeth,power_active_kw,hour_of_week_profile,7.2381,5.584,1752
Hog_office_Elizbeth,power_active_kw,seasonal_naive_168h,4.7375,3.5101,1752
Hog_office_Elke,power_active_kw,hour_of_week_profile,5.992,9.9285,1752
Hog_office_Elke,power_active_kw,seasonal_naive_168h,5.9874,10.1283,1752
Hog_office_Elnora,power_active_kw,hour_of_week_profile,183.7798,34.3445,1752
Hog_office_Elnora,power_active_kw,seasonal_naive_168h,28.9266,5.226,1752
Hog_office_Eloise,power_active_kw,hour_of_week_profile,9.7838,3.6844,1752
Hog_office_Eloise,power_active_kw,seasonal_naive_168h,10.7683,4.0823,1752
Hog_office_Elsy,power_active_kw,hour_of_week_profile,2.2729,8.7839,1752
Hog_office_Elsy,power_active_kw,seasonal_naive_168h,2.4953,9.5328,1752
Hog_office_Emmanuel,power_active_kw,hour_of_week_profile,1.5724,5.6051,1752
Hog_office_Emmanuel,power_active_kw,seasonal_naive_168h,1.5892,5.4619,1752
Hog_office_Garrett,power_active_kw,hour_of_week_profile,97.2214,21.2172,1752
Hog_office_Garrett,power_active_kw,seasonal_naive_168h,97.7666,26.5996,1752
Hog_office_Guadalupe,power_active_kw,hour_of_week_profile,8.6842,17.8323,1752
Hog_office_Guadalupe,power_active_kw,seasonal_naive_168h,7.3282,15.469,1752
Hog_office_Gustavo,power_active_kw,hour_of_week_profile,24.5994,3.2718,1752
Hog_office_Gustavo,power_active_kw,seasonal_naive_168h,24.6616,3.2484,1752
Hog_office_Joey,power_active_kw,hour_of_week_profile,173.9911,14.4002,1752
Hog_office_Joey,power_active_kw,seasonal_naive_168h,150.1385,12.4824,1752
Hog_office_Josefina,power_active_kw,hour_of_week_profile,10.6297,5.5825,1752
Hog_office_Josefina,power_active_kw,seasonal_naive_168h,13.0217,7.1108,1752
Hog_office_Lanell,power_active_kw,hour_of_week_profile,18.7198,16.1223,1752
Hog_office_Lanell,power_active_kw,seasonal_naive_168h,23.9512,19.9675,1752
Hog_office_Lavon,power_active_kw,hour_of_week_profile,293.0641,2298.4138,1752
Hog_office_Lavon,power_active_kw,seasonal_naive_168h,20.3519,140.9258,1752
Hog_office_Leanne,power_active_kw,hour_of_week_profile,4.3582,3.2386,1752
Hog_office_Leanne,power_active_kw,seasonal_naive_168h,5.6232,4.1522,1751
Hog_office_Leon,power_active_kw,hour_of_week_profile,1.3721,21.671,1752
Hog_office_Leon,power_active_kw,seasonal_naive_168h,1.4309,22.4692,1752
Hog_office_Lizzie,power_active_kw,hour_of_week_profile,10.9163,14.2077,1752
Hog_office_Lizzie,power_active_kw,seasonal_naive_168h,9.0199,12.1621,1752
Hog_office_Mack,power_active_kw,hour_of_week_profile,9.2809,11.1026,1752
Hog_office_Mack,power_active_kw,seasonal_naive_168h,5.0381,5.9535,1752
Hog_office_Man,power_active_kw,hour_of_week_profile,6.844,13.8489,1752
Hog_office_Man,power_active_kw,seasonal_naive_168h,5.2107,9.7255,1752
Hog_office_Mari,power_active_kw,hour_of_week_profile,13.909,33.486,1752
Hog_office_Mari,power_active_kw,seasonal_naive_168h,6.4465,15.8945,1752
Hog_office_Marilyn,power_active_kw,hour_of_week_profile,19.2405,104.6752,1752
Hog_office_Marilyn,power_active_kw,seasonal_naive_168h,1.4309,7.8654,1752
Hog_office_Marlena,power_active_kw,hour_of_week_profile,9.6757,12.7953,1752
Hog_office_Marlena,power_active_kw,seasonal_naive_168h,10.6903,12.9462,1752
Hog_office_Marlene,power_active_kw,hour_of_week_profile,6.193,19.8959,1752
Hog_office_Marlene,power_active_kw,seasonal_naive_168h,4.9364,15.1109,1752
Hog_office_Mary,power_active_kw,hour_of_week_profile,4.0872,12.2055,1752
Hog_office_Mary,power_active_kw,seasonal_naive_168h,3.1458,10.5636,1752
Hog_office_Merilyn,power_active_kw,hour_of_week_profile,3.2601,12.0859,1752
Hog_office_Merilyn,power_active_kw,seasonal_naive_168h,3.1079,11.1853,1752
Hog_office_Migdalia,power_active_kw,hour_of_week_profile,4.8603,20.707,1752
Hog_office_Migdalia,power_active_kw,seasonal_naive_168h,4.5161,17.6082,1752
Hog_office_Mike,power_active_kw,hour_of_week_profile,16.2794,20.5621,1752
Hog_office_Mike,power_active_kw,seasonal_naive_168h,6.1918,7.9083,1752
Hog_office_Miriam,power_active_kw,hour_of_week_profile,2.439,13.0111,1752
Hog_office_Miriam,power_active_kw,seasonal_naive_168h,1.9208,9.5606,1752
Hog_office_Myles,power_active_kw,hour_of_week_profile,4.2174,9.6899,1752
Hog_office_Myles,power_active_kw,seasonal_naive_168h,4.962,10.8466,1752
Hog_office_Nancie,power_active_kw,hour_of_week_profile,7.6729,13.4085,1752
Hog_office_Nancie,power_active_kw,seasonal_naive_168h,7.9683,12.7214,1752
Hog_office_Napoleon,power_active_kw,hour_of_week_profile,12.6189,9.5002,1752
Hog_office_Napoleon,power_active_kw,seasonal_naive_168h,10.9626,8.7201,1752
Hog_office_Nia,power_active_kw,hour_of_week_profile,641.1988,55.3155,1752
Hog_office_Nia,power_active_kw,seasonal_naive_168h,80.9762,6.426,1752
Hog_office_Patrick,power_active_kw,hour_of_week_profile,1.6954,20.3031,1752
Hog_office_Patrick,power_active_kw,seasonal_naive_168h,1.3488,15.3465,1752
Hog_office_Randi,power_active_kw,hour_of_week_profile,19.8287,23.4525,1752
Hog_office_Randi,power_active_kw,seasonal_naive_168h,7.8056,10.7694,1752
Hog_office_Richelle,power_active_kw,hour_of_week_profile,3.7747,4.5522,1752
Hog_office_Richelle,power_active_kw,seasonal_naive_168h,4.4477,5.1697,1752
Hog_office_Roger,power_active_kw,hour_of_week_profile,86.3188,56.1336,1750
Hog_office_Roger,power_active_kw,seasonal_naive_168h,33.2184,19.5583,1746
Hog_office_Rolando,power_active_kw,hour_of_week_profile,18.746,4.4175,1752
Hog_office_Rolando,power_active_kw,seasonal_naive_168h,10.754,2.5388,1752
Hog_office_Sarah,power_active_kw,hour_of_week_profile,11.2407,2.5859,1752
Hog_office_Sarah,power_active_kw,seasonal_naive_168h,11.181,2.54,1751
Hog_office_Shawna,power_active_kw,hour_of_week_profile,10.9265,7.455,1752
Hog_office_Shawna,power_active_kw,seasonal_naive_168h,10.3488,7.4785,1752
Hog_office_Shawnna,power_active_kw,hour_of_week_profile,78.8068,25.0663,1752
Hog_office_Shawnna,power_active_kw,seasonal_naive_168h,42.4415,12.6724,1752
Hog_office_Sherrie,power_active_kw,hour_of_week_profile,9.7441,36.1437,1752
Hog_office_Sherrie,power_active_kw,seasonal_naive_168h,3.878,13.8163,1752
Hog_office_Shon,power_active_kw,hour_of_week_profile,6.2762,9.6272,1752
Hog_office_Shon,power_active_kw,seasonal_naive_168h,4.9548,7.1169,1752
Hog_office_Simon,power_active_kw,hour_of_week_profile,3.2167,17.0928,1752
Hog_office_Simon,power_active_kw,seasonal_naive_168h,3.2329,17.8443,1752
Hog_office_Sonny,power_active_kw,hour_of_week_profile,33.8442,15.3068,1740
Hog_office_Sonny,power_active_kw,seasonal_naive_168h,13.7193,6.1472,1740
Hog_office_Sung,power_active_kw,hour_of_week_profile,4.5228,10.968,1735
Hog_office_Sung,power_active_kw,seasonal_naive_168h,2.4765,5.6416,1735
Hog_office_Sydney,power_active_kw,hour_of_week_profile,8.3272,6.0114,1752
Hog_office_Sydney,power_active_kw,seasonal_naive_168h,4.761,3.4522,1752
Hog_office_Terry,power_active_kw,hour_of_week_profile,341.2423,73.3576,1752
Hog_office_Terry,power_active_kw,seasonal_naive_168h,144.5731,28.4088,1752
Hog_office_Valda,power_active_kw,hour_of_week_profile,3.9828,16.7249,1752
Hog_office_Valda,power_active_kw,seasonal_naive_168h,4.6526,19.7487,1752
Hog_office_Vera,power_active_kw,hour_of_week_profile,12.9707,12.6901,1752
Hog_office_Vera,power_active_kw,seasonal_naive_168h,16.4629,15.9552,1752
Lamb_education_Antonio,power_active_kw,hour_of_week_profile,30.6116,51.417,1752
Lamb_education_Antonio,power_active_kw,seasonal_naive_168h,24.8087,47.7897,1752
Lamb_education_Armando,power_active_kw,hour_of_week_profile,25.4209,43.6859,1752
Lamb_education_Armando,power_active_kw,seasonal_naive_168h,22.1917,44.3296,1752
Lamb_education_Augustine,power_active_kw,hour_of_week_profile,4.9772,82.1788,1752
Lamb_education_Augustine,power_active_kw,seasonal_naive_168h,2.4185,93.3864,1752
Lamb_education_Bert,power_active_kw,hour_of_week_profile,3.8085,43.933,1752
Lamb_education_Bert,power_active_kw,seasonal_naive_168h,2.3394,33.1146,1752
Lamb_education_Daniel,power_active_kw,hour_of_week_profile,4.2754,40.3725,1752
Lamb_education_Daniel,power_active_kw,seasonal_naive_168h,2.686,36.4615,1752
Lamb_education_Darrel,power_active_kw,hour_of_week_profile,34.2717,52.3106,1752
Lamb_education_Darrel,power_active_kw,seasonal_naive_168h,27.3553,42.8553,1752
Lamb_education_Domitila,power_active_kw,hour_of_week_profile,38.8554,50.1635,1752
Lamb_education_Domitila,power_active_kw,seasonal_naive_168h,30.5375,42.2548,1752
Lamb_education_Dwayne,power_active_kw,hour_of_week_profile,3.4146,41.3626,1752
Lamb_education_Dwayne,power_active_kw,seasonal_naive_168h,1.8739,34.9444,1752
Lamb_education_Emery,power_active_kw,hour_of_week_profile,29.4487,54.4166,1752
Lamb_education_Emery,power_active_kw,seasonal_naive_168h,17.6638,47.1937,1752
Lamb_education_Emilie,power_active_kw,hour_of_week_profile,2.4314,32.4798,1752
Lamb_education_Emilie,power_active_kw,seasonal_naive_168h,2.0052,35.0244,1752
Lamb_education_Faith,power_active_kw,hour_of_week_profile,4.7305,41.957,1752
Lamb_education_Faith,power_active_kw,seasonal_naive_168h,2.8007,28.4926,1752
Lamb_education_Felipe,power_active_kw,hour_of_week_profile,14.6477,39.9248,1752
Lamb_education_Felipe,power_active_kw,seasonal_naive_168h,15.2148,60.3231,1752
Lamb_education_Fred,power_active_kw,hour_of_week_profile,5.4902,45.9492,1752
Lamb_education_Fred,power_active_kw,seasonal_naive_168h,3.6718,38.0412,1752
Lamb_education_Gabriel,power_active_kw,hour_of_week_profile,6.072,85.5388,1752
Lamb_education_Gabriel,power_active_kw,seasonal_naive_168h,2.105,38.3993,1752
Lamb_education_Gabrielle,power_active_kw,hour_of_week_profile,2.2558,409.6789,1752
Lamb_education_Gabrielle,power_active_kw,seasonal_naive_168h,0.4502,73.9266,1752
Lamb_education_Hellen,power_active_kw,hour_of_week_profile,2.5079,49.6309,1752
Lamb_education_Hellen,power_active_kw,seasonal_naive_168h,1.6102,33.6125,1752
Lamb_education_Hilary,power_active_kw,hour_of_week_profile,3.5274,74.4228,1752
Lamb_education_Hilary,power_active_kw,seasonal_naive_168h,2.0211,98.2929,1752
Lamb_education_Hubert,power_active_kw,hour_of_week_profile,2.9553,0.0,1752
Lamb_education_Hubert,power_active_kw,seasonal_naive_168h,0.0,0.0,1752
Lamb_education_Hui,power_active_kw,hour_of_week_profile,10.7229,80.7656,1752
Lamb_education_Hui,power_active_kw,seasonal_naive_168h,4.9648,66.6694,1752
Lamb_education_Isabelle,power_active_kw,hour_of_week_profile,10.7734,82.2544,1752
Lamb_education_Isabelle,power_active_kw,seasonal_naive_168h,4.5242,49.1782,1752
Lamb_education_Junior,power_active_kw,hour_of_week_profile,34.4659,54.9921,1752
Lamb_education_Junior,power_active_kw,seasonal_naive_168h,28.3016,49.2751,1752
Lamb_education_Lawrence,power_active_kw,hour_of_week_profile,5.1052,55.6702,1752
Lamb_education_Lawrence,power_active_kw,seasonal_naive_168h,4.6182,67.7013,1752
Lamb_education_Lazaro,power_active_kw,hour_of_week_profile,16.6195,0.0,1752
Lamb_education_Lazaro,power_active_kw,seasonal_naive_168h,0.0,0.0,1752
Lamb_education_Lucas,power_active_kw,hour_of_week_profile,3.2016,108.3642,1752
Lamb_education_Lucas,power_active_kw,seasonal_naive_168h,1.7777,58.3431,1752
Lamb_education_Luz,power_active_kw,hour_of_week_profile,49.015,7698.1313,1752
Lamb_education_Luz,power_active_kw,seasonal_naive_168h,36.5139,7438.1401,1752
Lamb_education_Mae,power_active_kw,hour_of_week_profile,32.8952,56.511,1752
Lamb_education_Mae,power_active_kw,seasonal_naive_168h,27.3997,62.1215,1752
Lamb_education_Manuel,power_active_kw,hour_of_week_profile,6.1609,80.6291,1752
Lamb_education_Manuel,power_active_kw,seasonal_naive_168h,2.6796,44.7603,1752
Lamb_education_Marc,power_active_kw,hour_of_week_profile,10.7679,1116.2424,1752
Lamb_education_Marc,power_active_kw,seasonal_naive_168h,3.2632,2863.0681,1752
Lamb_education_Maritza,power_active_kw,hour_of_week_profile,3.0403,36.6226,1752
Lamb_education_Maritza,power_active_kw,seasonal_naive_168h,1.736,23.3249,1752
Lamb_education_Maxwell,power_active_kw,hour_of_week_profile,4.8005,84.5142,1752
Lamb_education_Maxwell,power_active_kw,seasonal_naive_168h,1.4857,34.5062,1752
Lamb_education_Mckenzie,power_active_kw,hour_of_week_profile,29.3934,50.9675,1752
Lamb_education_Mckenzie,power_active_kw,seasonal_naive_168h,21.579,34.9935,1752
Lamb_education_Moses,power_active_kw,hour_of_week_profile,4.0239,44.2328,1752
Lamb_education_Moses,power_active_kw,seasonal_naive_168h,2.4996,30.1544,1752
Lamb_education_Norris,power_active_kw,hour_of_week_profile,2.4156,37.0575,1752
Lamb_education_Norris,power_active_kw,seasonal_naive_168h,2.2941,40.792,1752
Lamb_education_Philomena,power_active_kw,hour_of_week_profile,35.612,53.8524,1752
Lamb_education_Philomena,power_active_kw,seasonal_naive_168h,25.7569,39.7157,1752
Lamb_education_Princess,power_active_kw,hour_of_week_profile,6.3605,83.0939,1752
Lamb_education_Princess,power_active_kw,seasonal_naive_168h,2.6347,50.4214,1752
Lamb_education_Randal,power_active_kw,hour_of_week_profile,4.4791,38.0512,1752
Lamb_education_Randal,power_active_kw,seasonal_naive_168h,2.7926,28.7624,1752
Lamb_education_Rick,power_active_kw,hour_of_week_profile,5.5543,79.9882,1752
Lamb_education_Rick,power_active_kw,seasonal_naive_168h,2.7116,56.8135,1752
Lamb_education_Robin,power_active_kw,hour_of_week_profile,24.1643,46.9599,1752
Lamb_education_Robin,power_active_kw,seasonal_naive_168h,19.7823,45.1358,1752
Lamb_education_Rodrigo,power_active_kw,hour_of_week_profile,23.8784,49.1092,1752
Lamb_education_Rodrigo,power_active_kw,seasonal_naive_168h,17.804,35.959,1752
Lamb_education_Sabrina,power_active_kw,hour_of_week_profile,2.2778,48.0553,1752
Lamb_education_Sabrina,power_active_kw,seasonal_naive_168h,1.5939,49.9829,1752
Lamb_education_Sara,power_active_kw,hour_of_week_profile,24.339,58.6526,1752
Lamb_education_Sara,power_active_kw,seasonal_naive_168h,19.287,63.4414,1752
Lamb_education_Stefan,power_active_kw,hour_of_week_profile,6.2955,80.6141,1752
Lamb_education_Stefan,power_active_kw,seasonal_naive_168h,3.2853,88.8426,1752
Lamb_education_Sunny,power_active_kw,hour_of_week_profile,4.7929,49.2236,1752
Lamb_education_Sunny,power_active_kw,seasonal_naive_168h,3.2801,64.0337,1752
Lamb_education_Sylvester,power_active_kw,hour_of_week_profile,2.0629,46.2585,1752
Lamb_education_Sylvester,power_active_kw,seasonal_naive_168h,1.3825,48.8484,1752
Lamb_education_Terina,power_active_kw,hour_of_week_profile,52.6537,7254.9902,1752
Lamb_education_Terina,power_active_kw,seasonal_naive_168h,44.6304,6888.4951,1752
Lamb_education_Traci,power_active_kw,hour_of_week_profile,1.9204,53.319,1752
Lamb_education_Traci,power_active_kw,seasonal_naive_168h,1.4318,71.0518,1752
Lamb_education_Vaughn,power_active_kw,hour_of_week_profile,1.2898,39.5767,1752
Lamb_education_Vaughn,power_active_kw,seasonal_naive_168h,1.2508,30.9893,1752
Lamb_education_Willetta,power_active_kw,hour_of_week_profile,0.1936,99.9969,1752
Lamb_education_Willetta,power_active_kw,seasonal_naive_168h,0.1936,99.9969,1752
Lamb_education_Williams,power_active_kw,hour_of_week_profile,17.1799,50.0891,1752
Lamb_education_Williams,power_active_kw,seasonal_naive_168h,15.0383,52.7766,1752
Lamb_office_Bertha,power_active_kw,hour_of_week_profile,64.7321,69.7848,1752
Lamb_office_Bertha,power_active_kw,seasonal_naive_168h,4.713,5.3762,1752
Lamb_office_Caitlin,power_active_kw,hour_of_week_profile,38.4546,72.9773,1752
Lamb_office_Caitlin,power_active_kw,seasonal_naive_168h,8.9947,30.106,1752
Lamb_office_Callie,power_active_kw,hour_of_week_profile,2.3299,0.0,1752
Lamb_office_Callie,power_active_kw,seasonal_naive_168h,0.0,0.0,1752
Lamb_office_Gerardo,power_active_kw,hour_of_week_profile,7.5312,79.3042,1752
Lamb_office_Gerardo,power_active_kw,seasonal_naive_168h,3.4505,51.9878,1752
Lamb_office_Kerry,power_active_kw,hour_of_week_profile,0.4929,79.7806,1752
Lamb_office_Kerry,power_active_kw,seasonal_naive_168h,0.1267,34.7677,1752
Lamb_office_Maggie,power_active_kw,hour_of_week_profile,2.4343,83.808,1752
Lamb_office_Maggie,power_active_kw,seasonal_naive_168h,1.3901,92.7333,1752
Lamb_office_Peggy,power_active_kw,hour_of_week_profile,0.4154,71.829,1752
Lamb_office_Peggy,power_active_kw,seasonal_naive_168h,0.0925,23.7391,1752
Lamb_office_Raymond,power_active_kw,hour_of_week_profile,4.7064,74.8102,1752
Lamb_office_Raymond,power_active_kw,seasonal_naive_168h,2.1722,62.7505,1752
Lamb_office_Stefani,power_active_kw,hour_of_week_profile,7.3886,0.0,1752
Lamb_office_Stefani,power_active_kw,seasonal_naive_168h,0.0,0.0,1752
Lamb_office_Vasiliki,power_active_kw,hour_of_week_profile,176.0313,46.9203,1752
Lamb_office_Vasiliki,power_active_kw,seasonal_naive_168h,24.8391,6.8232,1752
Lamb_office_Velma,power_active_kw,hour_of_week_profile,57.6907,48.8139,1752
Lamb_office_Velma,power_active_kw,seasonal_naive_168h,15.1863,14.202,1752
Moose_education_Abbie,power_active_kw,hour_of_week_profile,255.9248,6.6221,1746
Moose_education_Abbie,power_active_kw,seasonal_naive_168h,162.4042,4.006,1720
Moose_education_Clark,power_active_kw,hour_of_week_profile,266.1231,9.8311,1746
Moose_education_Clark,power_active_kw,seasonal_naive_168h,225.4467,8.0738,1720
Moose_education_Diane,power_active_kw,hour_of_week_profile,3922.9531,67.8762,1746
Moose_education_Diane,power_active_kw,seasonal_naive_168h,138.3437,2.4647,1720
Moose_education_Florence,power_active_kw,hour_of_week_profile,164.8858,14.0455,1746
Moose_education_Florence,power_active_kw,seasonal_naive_168h,88.4812,7.8965,1720
Moose_education_Gladys,power_active_kw,hour_of_week_profile,283.1719,8.3725,1735
Moose_education_Gladys,power_active_kw,seasonal_naive_168h,230.1783,6.8054,1733
Moose_education_Leland,power_active_kw,hour_of_week_profile,1962.6077,52.6899,1746
Moose_education_Leland,power_active_kw,seasonal_naive_168h,119.9041,3.4033,1720
Moose_education_Lori,power_active_kw,hour_of_week_profile,109.8095,12.6251,1735
Moose_education_Lori,power_active_kw,seasonal_naive_168h,66.4584,7.876,1733
Moose_education_Maria,power_active_kw,hour_of_week_profile,348.0264,10.522,1734
Moose_education_Maria,power_active_kw,seasonal_naive_168h,73.951,2.2425,1732
Moose_education_Marina,power_active_kw,hour_of_week_profile,19.6258,13.1628,1746
Moose_education_Marina,power_active_kw,seasonal_naive_168h,16.7733,11.8234,1720
Moose_education_Marlon,power_active_kw,hour_of_week_profile,92.9569,16.1424,1746
Moose_education_Marlon,power_active_kw,seasonal_naive_168h,66.8591,11.0394,1720
Moose_education_Rene,power_active_kw,hour_of_week_profile,205.526,13.8056,1746
Moose_education_Rene,power_active_kw,seasonal_naive_168h,135.7953,10.5568,1720
Moose_education_Ricardo,power_active_kw,hour_of_week_profile,135.0161,10.7241,1752
Moose_education_Ricardo,power_active_kw,seasonal_naive_168h,64.8445,5.2885,1752
Panther_education_Alecia,power_active_kw,hour_of_week_profile,22.9529,12.702,1750
Panther_education_Alecia,power_active_kw,seasonal_naive_168h,28.2352,14.796,1750
Panther_education_Annetta,power_active_kw,hour_of_week_profile,14.4744,14.3366,1750
Panther_education_Annetta,power_active_kw,seasonal_naive_168h,16.5214,16.1942,1750
Panther_education_Aurora,power_active_kw,hour_of_week_profile,15.6191,16.6066,1750
Panther_education_Aurora,power_active_kw,seasonal_naive_168h,16.7868,17.7147,1750
Panther_education_Cleopatra,power_active_kw,hour_of_week_profile,9.7726,29.3145,1750
Panther_education_Cleopatra,power_active_kw,seasonal_naive_168h,7.0181,26.9164,1750
Panther_education_Diann,power_active_kw,hour_of_week_profile,20.795,43.6027,1750
Panther_education_Diann,power_active_kw,seasonal_naive_168h,17.2917,32.3625,1750
Panther_education_Edna,power_active_kw,hour_of_week_profile,21.7779,21.8531,1749
Panther_education_Edna,power_active_kw,seasonal_naive_168h,11.1221,9.791,1744
Panther_education_Emily,power_active_kw,hour_of_week_profile,27.3956,19.5821,1750
Panther_education_Emily,power_active_kw,seasonal_naive_168h,28.8629,20.9484,1750
Panther_education_Enriqueta,power_active_kw,hour_of_week_profile,20.87,20.361,1744
Panther_education_Enriqueta,power_active_kw,seasonal_naive_168h,22.2834,23.9829,1737
Panther_education_Genevieve,power_active_kw,hour_of_week_profile,30.1341,10.2317,1675
Panther_education_Genevieve,power_active_kw,seasonal_naive_168h,18.2099,6.2773,1675
Panther_education_Gina,power_active_kw,hour_of_week_profile,68.3658,20.5724,1750
Panther_education_Gina,power_active_kw,seasonal_naive_168h,9.441,2.8216,1750
Panther_education_Hugh,power_active_kw,hour_of_week_profile,32.3284,5.1206,1750
Panther_education_Hugh,power_active_kw,seasonal_naive_168h,27.1656,4.4037,1750
Panther_education_Ivan,power_active_kw,hour_of_week_profile,13.8558,8.794,1750
Panther_education_Ivan,power_active_kw,seasonal_naive_168h,17.1408,11.3558,1750
Panther_education_Janis,power_active_kw,hour_of_week_profile,6.9872,35.1807,1750
Panther_education_Janis,power_active_kw,seasonal_naive_168h,8.3203,37.8397,1749
Panther_education_Jerome,power_active_kw,hour_of_week_profile,13.522,2.765,1750
Panther_education_Jerome,power_active_kw,seasonal_naive_168h,13.1897,2.6871,1750
Panther_education_Jonathan,power_active_kw,hour_of_week_profile,4.9358,28.9243,1750
Panther_education_Jonathan,power_active_kw,seasonal_naive_168h,2.0217,16.5626,1750
Panther_education_Karri,power_active_kw,hour_of_week_profile,29.3044,7.9934,1686
Panther_education_Karri,power_active_kw,seasonal_naive_168h,16.7164,4.3809,1686
Panther_education_Mattie,power_active_kw,hour_of_week_profile,2.2815,46.6621,1750
Panther_education_Mattie,power_active_kw,seasonal_naive_168h,3.0337,62.1993,1750
Panther_education_Misty,power_active_kw,hour_of_week_profile,8.0792,37.2486,1748
Panther_education_Misty,power_active_kw,seasonal_naive_168h,8.4022,35.5609,1740
Panther_education_Mohammad,power_active_kw,hour_of_week_profile,15.5098,11.6927,1750
Panther_education_Mohammad,power_active_kw,seasonal_naive_168h,15.7184,11.5438,1750
Panther_education_Neal,power_active_kw,hour_of_week_profile,69.0213,27.7954,1750
Panther_education_Neal,power_active_kw,seasonal_naive_168h,55.0338,22.8639,1750
Panther_education_Quintin,power_active_kw,hour_of_week_profile,40.8328,12.8892,1750
Panther_education_Quintin,power_active_kw,seasonal_naive_168h,51.5075,16.6985,1750
Panther_education_Rosalie,power_active_kw,hour_of_week_profile,7.5748,12.3798,1748
Panther_education_Rosalie,power_active_kw,seasonal_naive_168h,9.2632,15.8229,1740
Panther_education_Scarlett,power_active_kw,hour_of_week_profile,4.3147,20.3917,1750
Panther_education_Scarlett,power_active_kw,seasonal_naive_168h,4.4707,21.4408,1750
Panther_education_Shelton,power_active_kw,hour_of_week_profile,22.761,18.565,1750
Panther_education_Shelton,power_active_kw,seasonal_naive_168h,20.1696,18.0862,1750
Panther_education_Sophia,power_active_kw,hour_of_week_profile,13.5548,8.9405,1750
Panther_education_Sophia,power_active_kw,seasonal_naive_168h,4.242,2.9079,1750
Panther_education_Teofila,power_active_kw,hour_of_week_profile,30.2684,18.4472,1750
Panther_education_Teofila,power_active_kw,seasonal_naive_168h,29.5927,19.0433,1750
Panther_education_Tina,power_active_kw,hour_of_week_profile,3.3468,116.2835,1750
Panther_education_Tina,power_active_kw,seasonal_naive_168h,2.6493,74.2554,1750
Panther_education_Vincent,power_active_kw,hour_of_week_profile,18.2278,17.0252,1750
Panther_education_Vincent,power_active_kw,seasonal_naive_168h,17.4012,16.4406,1750
Panther_education_Violet,power_active_kw,hour_of_week_profile,15.6474,11.8586,1750
Panther_education_Violet,power_active_kw,seasonal_naive_168h,10.6257,7.8258,1750
Panther_education_Zelda,power_active_kw,hour_of_week_profile,12.9001,19.0805,1750
Panther_education_Zelda,power_active_kw,seasonal_naive_168h,11.915,17.6479,1750
Panther_office_Antonette,power_active_kw,hour_of_week_profile,10.9507,25.9941,1750
Panther_office_Antonette,power_active_kw,seasonal_naive_168h,4.511,11.4377,1750
Panther_office_Brent,power_active_kw,hour_of_week_profile,5.5202,66.3917,1654
Panther_office_Brent,power_active_kw,seasonal_naive_168h,6.0345,82.5579,1654
Panther_office_Catherine,power_active_kw,hour_of_week_profile,6.7885,14.9219,1750
Panther_office_Catherine,power_active_kw,seasonal_naive_168h,8.9369,19.4564,1750
Panther_office_Christian,power_active_kw,hour_of_week_profile,8.768,22.0917,1750
Panther_office_Christian,power_active_kw,seasonal_naive_168h,7.7763,22.4321,1750
Panther_office_Christin,power_active_kw,hour_of_week_profile,5.2426,1100.5007,1750
Panther_office_Christin,power_active_kw,seasonal_naive_168h,0.0326,7.3005,1750
Panther_office_Clementine,power_active_kw,hour_of_week_profile,5.4684,11.162,1750
Panther_office_Clementine,power_active_kw,seasonal_naive_168h,6.1938,13.2408,1750
Panther_office_Danica,power_active_kw,hour_of_week_profile,1.5787,46.1198,1750
Panther_office_Danica,power_active_kw,seasonal_naive_168h,1.525,39.381,1750
Panther_office_Garth,power_active_kw,hour_of_week_profile,5.7805,10.3126,1750
Panther_office_Garth,power_active_kw,seasonal_naive_168h,6.566,12.2098,1750
Panther_office_Graham,power_active_kw,hour_of_week_profile,9.9206,15.3811,1722
Panther_office_Graham,power_active_kw,seasonal_naive_168h,6.667,10.8822,1722
Panther_office_Hannah,power_active_kw,hour_of_week_profile,2.3599,83.6467,1750
Panther_office_Hannah,power_active_kw,seasonal_naive_168h,1.5791,42.9018,1750
Panther_office_Jeane,power_active_kw,hour_of_week_profile,4.463,26.8016,1750
Panther_office_Jeane,power_active_kw,seasonal_naive_168h,4.0852,23.2919,1750
Panther_office_Jesus,power_active_kw,hour_of_week_profile,18.0524,26.3967,1750
Panther_office_Jesus,power_active_kw,seasonal_naive_168h,14.3328,19.2116,1750
Panther_office_Karla,power_active_kw,hour_of_week_profile,11.1898,51.7235,1750
Panther_office_Karla,power_active_kw,seasonal_naive_168h,8.2953,28.5489,1750
Panther_office_Kristen,power_active_kw,hour_of_week_profile,28.6889,42.0957,1750
Panther_office_Kristen,power_active_kw,seasonal_naive_168h,10.9237,19.7817,1750
Panther_office_Larry,power_active_kw,hour_of_week_profile,7.7907,21.1226,1750
Panther_office_Larry,power_active_kw,seasonal_naive_168h,5.6359,13.1038,1750
Panther_office_Lauretta,power_active_kw,hour_of_week_profile,13.2352,8.7738,1750
Panther_office_Lauretta,power_active_kw,seasonal_naive_168h,18.1494,11.6931,1750
Panther_office_Lavinia,power_active_kw,hour_of_week_profile,3.1988,11.5468,1750
Panther_office_Lavinia,power_active_kw,seasonal_naive_168h,3.9636,15.3356,1750
Panther_office_Lois,power_active_kw,hour_of_week_profile,29.9835,24.6302,1750
Panther_office_Lois,power_active_kw,seasonal_naive_168h,13.1813,10.6248,1749
Panther_office_Otto,power_active_kw,hour_of_week_profile,17.3365,7.6498,1750
Panther_office_Otto,power_active_kw,seasonal_naive_168h,19.2499,8.5746,1750
Panther_office_Patti,power_active_kw,hour_of_week_profile,31.8495,6.9667,1750
Panther_office_Patti,power_active_kw,seasonal_naive_168h,42.1627,9.2323,1750
Panther_office_Ruthie,power_active_kw,hour_of_week_profile,17.1898,12.6292,1750
Panther_office_Ruthie,power_active_kw,seasonal_naive_168h,11.6624,9.0322,1750
Panther_office_Shauna,power_active_kw,hour_of_week_profile,15.8696,14.2499,1750
Panther_office_Shauna,power_active_kw,seasonal_naive_168h,15.8879,15.6842,1750
Panther_office_Taryn,power_active_kw,hour_of_week_profile,9.4404,14.2129,1750
Panther_office_Taryn,power_active_kw,seasonal_naive_168h,7.7088,11.2521,1750
Panther_office_Valarie,power_active_kw,hour_of_week_profile,9.4811,34.3429,1750
Panther_office_Valarie,power_active_kw,seasonal_naive_168h,10.8931,43.2468,1750
Peacock_education_Anita,power_active_kw,hour_of_week_profile,2.3909,33.0804,1746
Peacock_education_Anita,power_active_kw,seasonal_naive_168h,1.7509,20.2467,1745
Peacock_education_Dustin,power_active_kw,hour_of_week_profile,4.0146,10.153,1746
Peacock_education_Dustin,power_active_kw,seasonal_naive_168h,5.286,12.9468,1746
Peacock_education_Forest,power_active_kw,hour_of_week_profile,9.9086,10.9123,1747
Peacock_education_Forest,power_active_kw,seasonal_naive_168h,12.0225,13.4367,1747
Peacock_education_Gilberto,power_active_kw,hour_of_week_profile,51.4842,4.9509,1752
Peacock_education_Gilberto,power_active_kw,seasonal_naive_168h,51.5073,4.9566,1752
Peacock_education_Joshua,power_active_kw,hour_of_week_profile,19.3162,4.0746,1746
Peacock_education_Joshua,power_active_kw,seasonal_naive_168h,14.8274,3.1783,1746
Peacock_education_Karyn,power_active_kw,hour_of_week_profile,11.8436,2.4632,1748
Peacock_education_Karyn,power_active_kw,seasonal_naive_168h,13.3129,2.7821,1748
Peacock_education_Lyle,power_active_kw,hour_of_week_profile,62.2938,11.281,1752
Peacock_education_Lyle,power_active_kw,seasonal_naive_168h,60.27,10.3746,1752
Peacock_education_Ophelia,power_active_kw,hour_of_week_profile,16.7264,2.3467,1752
Peacock_education_Ophelia,power_active_kw,seasonal_naive_168h,20.5307,2.8914,1752
Peacock_education_Pasquale,power_active_kw,hour_of_week_profile,7.0977,3.9166,1750
Peacock_education_Pasquale,power_active_kw,seasonal_naive_168h,9.3738,5.1535,1750
Peacock_education_Patience,power_active_kw,hour_of_week_profile,4.4331,20.9693,1752
Peacock_education_Patience,power_active_kw,seasonal_naive_168h,3.2916,14.7079,1752
Peacock_education_Robbie,power_active_kw,hour_of_week_profile,7.9447,26.6065,1752
Peacock_education_Robbie,power_active_kw,seasonal_naive_168h,11.0738,35.2964,1752
Peacock_education_Shelly,power_active_kw,hour_of_week_profile,4.7335,4.0518,1742
Peacock_education_Shelly,power_active_kw,seasonal_naive_168h,4.9333,4.2483,1739
Peacock_education_Yolanda,power_active_kw,hour_of_week_profile,3.2122,10.1113,1752
Peacock_education_Yolanda,power_active_kw,seasonal_naive_168h,2.5825,7.8885,1752
Peacock_office_Annie,power_active_kw,hour_of_week_profile,11.7211,16.1931,1752
Peacock_office_Annie,power_active_kw,seasonal_naive_168h,11.4642,15.6696,1752
Peacock_office_Burl,power_active_kw,hour_of_week_profile,5.5684,10.4539,1752
Peacock_office_Burl,power_active_kw,seasonal_naive_168h,5.837,10.3694,1752
Peacock_office_Dara,power_active_kw,hour_of_week_profile,29.7884,16.1792,1746
Peacock_office_Dara,power_active_kw,seasonal_naive_168h,26.9496,17.511,1746
Peacock_office_Effie,power_active_kw,hour_of_week_profile,11.6729,14.7477,1752
Peacock_office_Effie,power_active_kw,seasonal_naive_168h,14.2083,17.3025,1752
Peacock_office_Elton,power_active_kw,hour_of_week_profile,12.8513,9.2234,1752
Peacock_office_Elton,power_active_kw,seasonal_naive_168h,15.3916,10.8701,1752
Peacock_office_Julian,power_active_kw,hour_of_week_profile,3.8953,18.5928,1752
Peacock_office_Julian,power_active_kw,seasonal_naive_168h,5.2447,25.5648,1752
Peacock_office_Major,power_active_kw,hour_of_week_profile,8.5991,4.4109,1746
Peacock_office_Major,power_active_kw,seasonal_naive_168h,10.0774,5.1011,1746
Peacock_office_Norman,power_active_kw,hour_of_week_profile,5.9483,15.5546,1752
Peacock_office_Norman,power_active_kw,seasonal_naive_168h,6.8506,19.3973,1752
Rat_education_Adell,power_active_kw,hour_of_week_profile,24.054,18.2476,1718
Rat_education_Adell,power_active_kw,seasonal_naive_168h,19.9605,13.5724,1717
Rat_education_Adrian,power_active_kw,hour_of_week_profile,25.7125,54.6203,1738
Rat_education_Adrian,power_active_kw,seasonal_naive_168h,9.5722,19.3262,1737
Rat_education_Alfonso,power_active_kw,hour_of_week_profile,147.3266,90.1345,1738
Rat_education_Alfonso,power_active_kw,seasonal_naive_168h,23.8958,13.9233,1737
Rat_education_Alfred,power_active_kw,hour_of_week_profile,99.3223,66.5943,1697
Rat_education_Alfred,power_active_kw,seasonal_naive_168h,20.319,11.3482,1661
Rat_education_Barbara,power_active_kw,hour_of_week_profile,0.3362,24.4345,1742
Rat_education_Barbara,power_active_kw,seasonal_naive_168h,0.0886,10.909,1741
Rat_education_Barney,power_active_kw,hour_of_week_profile,9.1195,28.9815,1733
Rat_education_Barney,power_active_kw,seasonal_naive_168h,7.9658,24.2949,1733
Rat_education_Beverly,power_active_kw,hour_of_week_profile,180.407,2647.1296,1752
Rat_education_Beverly,power_active_kw,seasonal_naive_168h,70.2043,1901.1661,1751
Rat_education_Brett,power_active_kw,hour_of_week_profile,38.8434,286.7255,1743
Rat_education_Brett,power_active_kw,seasonal_naive_168h,25.7131,126.8658,1743
Rat_education_Bryant,power_active_kw,hour_of_week_profile,5.7106,11.6796,1742
Rat_education_Bryant,power_active_kw,seasonal_naive_168h,5.4281,10.7522,1741
Rat_education_Calvin,power_active_kw,hour_of_week_profile,18.5968,39.4464,1747
Rat_education_Calvin,power_active_kw,seasonal_naive_168h,4.8746,16.2213,1746
Rat_education_Candida,power_active_kw,hour_of_week_profile,28.4172,17.0939,1742
Rat_education_Candida,power_active_kw,seasonal_naive_168h,31.2184,19.2923,1741
Rat_education_Carmela,power_active_kw,hour_of_week_profile,10.796,13.1603,1742
Rat_education_Carmela,power_active_kw,seasonal_naive_168h,10.6528,12.6062,1741
Rat_education_Cecil,power_active_kw,hour_of_week_profile,20.4379,49.3506,1738
Rat_education_Cecil,power_active_kw,seasonal_naive_168h,6.5538,14.3384,1737
Rat_education_Cedric,power_active_kw,hour_of_week_profile,18.2156,27.1045,1747
Rat_education_Cedric,power_active_kw,seasonal_naive_168h,12.1982,16.446,1746
Rat_education_Cinthia,power_active_kw,hour_of_week_profile,6.1647,49.294,1742
Rat_education_Cinthia,power_active_kw,seasonal_naive_168h,1.161,18.483,1741
Rat_education_Colin,power_active_kw,hour_of_week_profile,45.5483,553.9314,1738
Rat_education_Colin,power_active_kw,seasonal_naive_168h,3.9732,53.4471,1737
Rat_education_Conrad,power_active_kw,hour_of_week_profile,88.9114,96.1345,1743
Rat_education_Conrad,power_active_kw,seasonal_naive_168h,46.6429,45.0384,1743
Rat_education_Dana,power_active_kw,hour_of_week_profile,24.9581,36.9541,1747
Rat_education_Dana,power_active_kw,seasonal_naive_168h,11.7705,16.3727,1745
Rat_education_Dann,power_active_kw,hour_of_week_profile,46.499,30.3434,1747
Rat_education_Dann,power_active_kw,seasonal_naive_168h,15.3899,9.7507,1746
Rat_education_Davis,power_active_kw,hour_of_week_profile,38.6345,91.6388,1733
Rat_education_Davis,power_active_kw,seasonal_naive_168h,3.5111,8.1157,1733
Rat_education_Deanna,power_active_kw,hour_of_week_profile,19.4373,32.2231,1742
Rat_education_Deanna,power_active_kw,seasonal_naive_168h,9.5021,12.7503,1741
Rat_education_Debra,power_active_kw,hour_of_week_profile,29.387,37.2157,1738
Rat_education_Debra,power_active_kw,seasonal_naive_168h,8.1911,9.9742,1738
Rat_education_Dianne,power_active_kw,hour_of_week_profile,12.4119,9.4906,768
Rat_education_Dianne,power_active_kw,seasonal_naive_168h,0.643,0.4903,696
Rat_education_Dreama,power_active_kw,hour_of_week_profile,10.5,17.2851,1674
Rat_education_Dreama,power_active_kw,seasonal_naive_168h,5.8155,11.8708,1506
Rat_education_Earl,power_active_kw,hour_of_week_profile,35.5847,28.9128,1738
Rat_education_Earl,power_active_kw,seasonal_naive_168h,19.5254,15.4973,1737
Rat_education_Earnest,power_active_kw,hour_of_week_profile,11.5117,26.2416,1742
Rat_education_Earnest,power_active_kw,seasonal_naive_168h,6.7402,13.5561,1741
Rat_education_Edmund,power_active_kw,hour_of_week_profile,19.1674,48.8802,293
Rat_education_Edmund,power_active_kw,seasonal_naive_168h,20.1847,51.6701,293
Rat_education_Elisa,power_active_kw,hour_of_week_profile,8.6095,30.4835,1747
Rat_education_Elisa,power_active_kw,seasonal_naive_168h,6.8598,21.5995,1746
Rat_education_Elsie,power_active_kw,hour_of_week_profile,2.9923,62.1189,1747
Rat_education_Elsie,power_active_kw,seasonal_naive_168h,3.8539,59.9139,1746
Rat_education_Esther,power_active_kw,hour_of_week_profile,19.809,25.8958,1742
Rat_education_Esther,power_active_kw,seasonal_naive_168h,19.0102,21.6899,1741
Rat_education_Everett,power_active_kw,hour_of_week_profile,24.6923,16.6977,1747
Rat_education_Everett,power_active_kw,seasonal_naive_168h,19.7423,12.2637,1746
Rat_education_Fernando,power_active_kw,hour_of_week_profile,10.4455,22.2557,1742
Rat_education_Fernando,power_active_kw,seasonal_naive_168h,8.9418,17.7088,1741
Rat_education_Francisca,power_active_kw,hour_of_week_profile,17.4359,22.7962,1656
Rat_education_Francisca,power_active_kw,seasonal_naive_168h,13.3999,21.7781,1488
Rat_education_Gricelda,power_active_kw,hour_of_week_profile,8.2437,40.2374,1747
Rat_education_Gricelda,power_active_kw,seasonal_naive_168h,7.7745,31.1695,1746
Rat_education_Guillermo,power_active_kw,hour_of_week_profile,16.9844,18.6755,1738
Rat_education_Guillermo,power_active_kw,seasonal_naive_168h,17.1172,17.3731,1737
Rat_education_Humberto,power_active_kw,hour_of_week_profile,57.9833,225.1986,1703
Rat_education_Humberto,power_active_kw,seasonal_naive_168h,38.4614,110.6955,1671
Rat_education_Imelda,power_active_kw,hour_of_week_profile,0.0893,3.3276,1742
Rat_education_Imelda,power_active_kw,seasonal_naive_168h,0.0812,3.0665,1741
Rat_education_Irma,power_active_kw,hour_of_week_profile,13.6853,23.4856,1742
Rat_education_Irma,power_active_kw,seasonal_naive_168h,9.5334,14.8459,1741
Rat_education_Jacob,power_active_kw,hour_of_week_profile,9.7248,18.5338,1742
Rat_education_Jacob,power_active_kw,seasonal_naive_168h,9.5351,18.0824,1741
Rat_education_Jame,power_active_kw,hour_of_week_profile,8.7619,13.6464,1741
Rat_education_Jame,power_active_kw,seasonal_naive_168h,11.9485,18.5474,1740
Rat_education_Jeanne,power_active_kw,hour_of_week_profile,8.5005,18.2194,1738
Rat_education_Jeanne,power_active_kw,seasonal_naive_168h,6.6597,13.321,1737
Rat_education_Jena,power_active_kw,hour_of_week_profile,21.2181,13.911,1738
Rat_education_Jena,power_active_kw,seasonal_naive_168h,15.3496,10.0583,1737
Rat_education_Jesse,power_active_kw,hour_of_week_profile,14.8013,110.1545,1747
Rat_education_Jesse,power_active_kw,seasonal_naive_168h,0.518,3.635,1746
Rat_education_Kandice,power_active_kw,hour_of_week_profile,34.224,99.5033,1747
Rat_education_Kandice,power_active_kw,seasonal_naive_168h,34.6976,97.6505,1747
Rat_education_Kathryn,power_active_kw,hour_of_week_profile,62.1803,13.0236,1752
Rat_education_Kathryn,power_active_kw,seasonal_naive_168h,42.4717,8.0296,1752
Rat_education_Keith,power_active_kw,hour_of_week_profile,20.6748,20.061,1747
Rat_education_Keith,power_active_kw,seasonal_naive_168h,16.4629,14.9452,1746
Rat_education_Kelsey,power_active_kw,hour_of_week_profile,43.0821,41.3348,1747
Rat_education_Kelsey,power_active_kw,seasonal_naive_168h,25.1088,25.3051,1746
Rat_education_Lee,power_active_kw,hour_of_week_profile,63.6486,18.4853,1752
Rat_education_Lee,power_active_kw,seasonal_naive_168h,55.8915,15.3348,1752
Rat_education_Leonardo,power_active_kw,hour_of_week_profile,38.349,43.6731,1649
Rat_education_Leonardo,power_active_kw,seasonal_naive_168h,20.5016,25.8058,1648
Rat_education_Lincoln,power_active_kw,hour_of_week_profile,31.9066,25.8113,1743
Rat_education_Lincoln,power_active_kw,seasonal_naive_168h,16.9645,11.575,1743
Rat_education_Liz,power_active_kw,hour_of_week_profile,27.0222,23.813,1742
Rat_education_Liz,power_active_kw,seasonal_naive_168h,20.5575,19.8809,1741
Rat_education_Lonnie,power_active_kw,hour_of_week_profile,15.6648,34.8877,1742
Rat_education_Lonnie,power_active_kw,seasonal_naive_168h,8.5211,18.3817,1741
Rat_education_Lynn,power_active_kw,hour_of_week_profile,17.7754,17.3865,1747
Rat_education_Lynn,power_active_kw,seasonal_naive_168h,18.8316,17.4005,1746
Rat_education_Marcos,power_active_kw,hour_of_week_profile,136.8907,68.3921,1712
Rat_education_Marcos,power_active_kw,seasonal_naive_168h,28.2522,12.9654,1679
Rat_education_Marianna,power_active_kw,hour_of_week_profile,13.2691,24.7181,1738
Rat_education_Marianna,power_active_kw,seasonal_naive_168h,11.1979,18.2738,1737
Rat_education_Maricela,power_active_kw,hour_of_week_profile,27.4811,27.4128,1655
Rat_education_Maricela,power_active_kw,seasonal_naive_168h,19.5914,18.6057,1654
Rat_education_Marvin,power_active_kw,hour_of_week_profile,10.5154,26.3175,1733
Rat_education_Marvin,power_active_kw,seasonal_naive_168h,10.5698,24.8749,1732
Rat_education_Mavis,power_active_kw,hour_of_week_profile,60.9267,293.1166,494
Rat_education_Mavis,power_active_kw,seasonal_naive_168h,77.0316,70.8069,476
Rat_education_Meghan,power_active_kw,hour_of_week_profile,13.7816,39.254,1747
Rat_education_Meghan,power_active_kw,seasonal_naive_168h,6.6385,17.5117,1746
Rat_education_Milagros,power_active_kw,hour_of_week_profile,26.8528,38.7473,1666
Rat_education_Milagros,power_active_kw,seasonal_naive_168h,11.0704,13.1116,1665
Rat_education_Mona,power_active_kw,hour_of_week_profile,10.7543,15.0268,1742
Rat_education_Mona,power_active_kw,seasonal_naive_168h,7.4718,10.013,1741
Rat_education_Morton,power_active_kw,hour_of_week_profile,29.5055,27.2232,1747
Rat_education_Morton,power_active_kw,seasonal_naive_168h,16.6021,14.5916,1746
Rat_education_Mose,power_active_kw,hour_of_week_profile,36.1212,95.5693,1742
Rat_education_Mose,power_active_kw,seasonal_naive_168h,7.7836,19.5863,1741
Rat_education_Nellie,power_active_kw,hour_of_week_profile,110.9642,43.1609,1747
Rat_education_Nellie,power_active_kw,seasonal_naive_168h,33.7598,16.6697,1746
Rat_education_Nona,power_active_kw,hour_of_week_profile,25.8848,37.7116,1738
Rat_education_Nona,power_active_kw,seasonal_naive_168h,17.593,25.0043,1738
Rat_education_Nydia,power_active_kw,hour_of_week_profile,21.6246,14.7562,1723
Rat_education_Nydia,power_active_kw,seasonal_naive_168h,20.5819,13.3883,1722
Rat_education_Pat,power_active_kw,hour_of_week_profile,55.3377,112.9132,1716
Rat_education_Pat,power_active_kw,seasonal_naive_168h,0.6079,1.2442,1704
Rat_education_Patty,power_active_kw,hour_of_week_profile,76.2884,189.4828,1738
Rat_education_Patty,power_active_kw,seasonal_naive_168h,5.4514,12.0572,1738
Rat_education_Paula,power_active_kw,hour_of_week_profile,24.669,19.1582,1718
Rat_education_Paula,power_active_kw,seasonal_naive_168h,22.8864,17.3742,1717
Rat_education_Renee,power_active_kw,hour_of_week_profile,17.7548,108.7963,1742
Rat_education_Renee,power_active_kw,seasonal_naive_168h,3.3577,19.8506,1741
Rat_education_Robyn,power_active_kw,hour_of_week_profile,36.7147,28.7327,1747
Rat_education_Robyn,power_active_kw,seasonal_naive_168h,25.2954,16.806,1746
Rat_education_Rogelio,power_active_kw,hour_of_week_profile,24.4497,19.7069,1742
Rat_education_Rogelio,power_active_kw,seasonal_naive_168h,19.9751,14.5739,1741
Rat_education_Rosalyn,power_active_kw,hour_of_week_profile,11.096,18.086,1742
Rat_education_Rosalyn,power_active_kw,seasonal_naive_168h,11.8515,18.4823,1741
Rat_education_Royal,power_active_kw,hour_of_week_profile,13.3583,23.7885,1747
Rat_education_Royal,power_active_kw,seasonal_naive_168h,5.0994,8.4469,1746
Rat_education_Salvatore,power_active_kw,hour_of_week_profile,16.1767,20.6692,1742
Rat_education_Salvatore,power_active_kw,seasonal_naive_168h,9.1911,11.4742,1741
Rat_education_Shellie,power_active_kw,hour_of_week_profile,25.1946,47.2401,1742
Rat_education_Shellie,power_active_kw,seasonal_naive_168h,8.2581,14.8287,1741
Rat_education_Sherwood,power_active_kw,hour_of_week_profile,18.9601,24.6551,1738
Rat_education_Sherwood,power_active_kw,seasonal_naive_168h,12.6164,14.632,1737
Rat_education_Sina,power_active_kw,hour_of_week_profile,57.7276,25.8799,1738
Rat_education_Sina,power_active_kw,seasonal_naive_168h,30.9824,14.1999,1737
Rat_education_Stuart,power_active_kw,hour_of_week_profile,12.4619,25.0647,1738
Rat_education_Stuart,power_active_kw,seasonal_naive_168h,12.6272,23.6868,1737
Rat_education_Tania,power_active_kw,hour_of_week_profile,59.6836,207.71,1738
Rat_education_Tania,power_active_kw,seasonal_naive_168h,48.5015,273.3555,1737
Rat_education_Terese,power_active_kw,hour_of_week_profile,13.0814,13.383,1742
Rat_education_Terese,power_active_kw,seasonal_naive_168h,12.428,12.1214,1741
Rat_education_Theo,power_active_kw,hour_of_week_profile,165.3517,136.073,1752
Rat_education_Theo,power_active_kw,seasonal_naive_168h,46.5397,71.0542,1752
Rat_education_Tim,power_active_kw,hour_of_week_profile,13.1093,31.1879,1747
Rat_education_Tim,power_active_kw,seasonal_naive_168h,6.2705,13.6373,1746
Rat_education_Ulrike,power_active_kw,hour_of_week_profile,19.5852,18.2027,1747
Rat_education_Ulrike,power_active_kw,seasonal_naive_168h,17.3933,15.724,1746
Rat_education_Verna,power_active_kw,hour_of_week_profile,15.7733,25.0943,1737
Rat_education_Verna,power_active_kw,seasonal_naive_168h,10.7858,15.7983,1736
Rat_education_Vicky,power_active_kw,hour_of_week_profile,51.3051,163.3807,1679
Rat_education_Vicky,power_active_kw,seasonal_naive_168h,28.9105,144.3988,1647
Rat_education_Willie,power_active_kw,hour_of_week_profile,98.403,71.1456,1742
Rat_education_Willie,power_active_kw,seasonal_naive_168h,26.6649,14.7816,1741
Rat_education_Wilmer,power_active_kw,hour_of_week_profile,20.4279,23.1755,1738
Rat_education_Wilmer,power_active_kw,seasonal_naive_168h,21.8794,22.1934,1737
Rat_education_Winnie,power_active_kw,hour_of_week_profile,34.5691,37.7931,1742
Rat_education_Winnie,power_active_kw,seasonal_naive_168h,17.7681,19.2786,1741
Rat_education_Yu,power_active_kw,hour_of_week_profile,12.7697,14.1943,1742
Rat_education_Yu,power_active_kw,seasonal_naive_168h,15.0552,17.4932,1741
Rat_education_Zina,power_active_kw,hour_of_week_profile,10.2276,26.8696,1733
Rat_education_Zina,power_active_kw,seasonal_naive_168h,5.8077,15.1763,1732
Rat_education_Zoe,power_active_kw,hour_of_week_profile,15.0019,15.8289,1742
Rat_education_Zoe,power_active_kw,seasonal_naive_168h,18.2183,18.8799,1741
Rat_office_Adele,power_active_kw,hour_of_week_profile,101.1266,18.1123,1747
Rat_office_Adele,power_active_kw,seasonal_naive_168h,110.1042,22.4655,1747
Rat_office_Annis,power_active_kw,hour_of_week_profile,7.6867,28.9428,1742
Rat_office_Annis,power_active_kw,seasonal_naive_168h,2.3385,8.5362,1741
Rat_office_Arron,power_active_kw,hour_of_week_profile,11.4469,23.5761,1739
Rat_office_Arron,power_active_kw,seasonal_naive_168h,5.3581,10.787,1722
Rat_office_Avis,power_active_kw,hour_of_week_profile,216.8975,21.7578,1752
Rat_office_Avis,power_active_kw,seasonal_naive_168h,264.6021,23.1599,1751
Rat_office_Chris,power_active_kw,hour_of_week_profile,142.2498,17.7447,1133
Rat_office_Chris,power_active_kw,seasonal_naive_168h,71.1273,8.2323,965
Rat_office_Colby,power_active_kw,hour_of_week_profile,185.7344,291.8096,1752
Rat_office_Colby,power_active_kw,seasonal_naive_168h,262.5242,314.1667,1751
Rat_office_Craig,power_active_kw,hour_of_week_profile,46.772,25.0367,1738
Rat_office_Craig,power_active_kw,seasonal_naive_168h,11.3284,6.0621,1737
Rat_office_Jacinta,power_active_kw,hour_of_week_profile,40.1722,20.8529,1738
Rat_office_Jacinta,power_active_kw,seasonal_naive_168h,21.9933,10.8116,1737
Rat_office_Jamal,power_active_kw,hour_of_week_profile,306.671,75.2673,1752
Rat_office_Jamal,power_active_kw,seasonal_naive_168h,78.0334,20.592,1751
Rat_office_Jeannie,power_active_kw,hour_of_week_profile,16.6964,65.0667,1742
Rat_office_Jeannie,power_active_kw,seasonal_naive_168h,6.4677,19.6662,1741
Rat_office_Jessica,power_active_kw,hour_of_week_profile,71.4639,12.0841,1712
Rat_office_Jessica,power_active_kw,seasonal_naive_168h,72.2798,11.5589,1679
Rat_office_Jill,power_active_kw,hour_of_week_profile,288.7875,1369.3829,1709
Rat_office_Jill,power_active_kw,seasonal_naive_168h,222.2054,1057.6796,1660
Rat_office_Kasey,power_active_kw,hour_of_week_profile,22.775,29.8493,1738
Rat_office_Kasey,power_active_kw,seasonal_naive_168h,18.4768,22.491,1737
Rat_office_Lora,power_active_kw,hour_of_week_profile,94.467,31.9661,1747
Rat_office_Lora,power_active_kw,seasonal_naive_168h,81.0061,20.2748,1747
Rat_office_Loyd,power_active_kw,hour_of_week_profile,9.446,22.3494,1747
Rat_office_Loyd,power_active_kw,seasonal_naive_168h,7.6393,16.7726,1746
Rat_office_Mei,power_active_kw,hour_of_week_profile,5.7189,45.072,1742
Rat_office_Mei,power_active_kw,seasonal_naive_168h,2.3928,15.4732,1741
Rat_office_Olivia,power_active_kw,hour_of_week_profile,8.7432,17.0194,1742
Rat_office_Olivia,power_active_kw,seasonal_naive_168h,8.6852,17.4998,1741
Rat_office_Ramiro,power_active_kw,hour_of_week_profile,6.9516,19.3639,1712
Rat_office_Ramiro,power_active_kw,seasonal_naive_168h,0.8983,2.6152,1679
Rat_office_Randy,power_active_kw,hour_of_week_profile,22.4211,29.1967,1742
Rat_office_Randy,power_active_kw,seasonal_naive_168h,8.5965,11.0561,1741
Rat_office_Ronald,power_active_kw,hour_of_week_profile,11.3133,35.2172,1746
Rat_office_Ronald,power_active_kw,seasonal_naive_168h,12.6583,35.6873,1745
Rat_office_Rosemary,power_active_kw,hour_of_week_profile,3.0414,20.6309,1742
Rat_office_Rosemary,power_active_kw,seasonal_naive_168h,2.9164,20.4063,1741
Rat_office_Sammy,power_active_kw,hour_of_week_profile,12.7537,29.7194,1746
Rat_office_Sammy,power_active_kw,seasonal_naive_168h,12.7915,24.7671,1741
Rat_office_Tracy,power_active_kw,hour_of_week_profile,5.4871,36.6117,1742
Rat_office_Tracy,power_active_kw,seasonal_naive_168h,1.8943,11.9028,1741
Robin_education_Audrea,power_active_kw,hour_of_week_profile,78.0133,43.9269,1752
Robin_education_Audrea,power_active_kw,seasonal_naive_168h,37.3709,19.8219,1752
Robin_education_Billi,power_active_kw,hour_of_week_profile,7.2572,22.1888,1752
Robin_education_Billi,power_active_kw,seasonal_naive_168h,5.0177,16.945,1752
Robin_education_Cecilia,power_active_kw,hour_of_week_profile,17.9873,42.6324,1752
Robin_education_Cecilia,power_active_kw,seasonal_naive_168h,8.684,20.9668,1752
Robin_education_Della,power_active_kw,hour_of_week_profile,2.1118,40.1857,1752
Robin_education_Della,power_active_kw,seasonal_naive_168h,1.8946,44.8734,1752
Robin_education_Derick,power_active_kw,hour_of_week_profile,48.7981,9.2686,1752
Robin_education_Derick,power_active_kw,seasonal_naive_168h,41.8941,8.5158,1752
Robin_education_Derrick,power_active_kw,hour_of_week_profile,27.9042,7.3432,1752
Robin_education_Derrick,power_active_kw,seasonal_naive_168h,24.4933,6.6367,1752
Robin_education_Jasper,power_active_kw,hour_of_week_profile,12.8047,7.5028,1752
Robin_education_Jasper,power_active_kw,seasonal_naive_168h,10.9235,6.7386,1752
Robin_education_Julius,power_active_kw,hour_of_week_profile,49.1775,12.6719,1752
Robin_education_Julius,power_active_kw,seasonal_naive_168h,31.8856,8.955,1752
Robin_education_Karyl,power_active_kw,hour_of_week_profile,14.0853,17.3125,1752
Robin_education_Karyl,power_active_kw,seasonal_naive_168h,11.0571,13.2548,1752
Robin_education_Kiera,power_active_kw,hour_of_week_profile,14.4606,15.4379,1752
Robin_education_Kiera,power_active_kw,seasonal_naive_168h,10.58,14.4479,1752
Robin_education_Kristopher,power_active_kw,hour_of_week_profile,11.7528,8.4091,1752
Robin_education_Kristopher,power_active_kw,seasonal_naive_168h,12.9569,9.7509,1752
Robin_education_Lashandra,power_active_kw,hour_of_week_profile,17.1149,18.2949,1752
Robin_education_Lashandra,power_active_kw,seasonal_naive_168h,14.9496,15.7973,1752
Robin_education_Leslie,power_active_kw,hour_of_week_profile,72.9844,9.6551,1752
Robin_education_Leslie,power_active_kw,seasonal_naive_168h,58.5318,7.5482,1752
Robin_education_Lizbeth,power_active_kw,hour_of_week_profile,7.0644,6.2628,1752
Robin_education_Lizbeth,power_active_kw,seasonal_naive_168h,8.5507,7.4615,1752
Robin_education_Madeline,power_active_kw,hour_of_week_profile,17.1085,5.0596,1752
Robin_education_Madeline,power_active_kw,seasonal_naive_168h,15.4713,4.5411,1752
Robin_education_Margarito,power_active_kw,hour_of_week_profile,68.9559,15.2748,1752
Robin_education_Margarito,power_active_kw,seasonal_naive_168h,29.7311,6.431,1752
Robin_education_Megan,power_active_kw,hour_of_week_profile,19.5977,7.5134,1752
Robin_education_Megan,power_active_kw,seasonal_naive_168h,20.9543,8.1556,1752
Robin_education_Mercedes,power_active_kw,hour_of_week_profile,36.1553,17.7944,1752
Robin_education_Mercedes,power_active_kw,seasonal_naive_168h,35.177,16.3868,1752
Robin_education_So,power_active_kw,hour_of_week_profile,35.6269,8.0805,1752
Robin_education_So,power_active_kw,seasonal_naive_168h,22.4043,5.0826,1752
Robin_education_Takako,power_active_kw,hour_of_week_profile,144.8377,397.4072,1752
Robin_education_Takako,power_active_kw,seasonal_naive_168h,4.9048,12.7864,1752
Robin_education_Terrance,power_active_kw,hour_of_week_profile,17.921,7.1838,1752
Robin_education_Terrance,power_active_kw,seasonal_naive_168h,15.5071,6.332,1752
Robin_education_Zenia,power_active_kw,hour_of_week_profile,25.014,12.3827,1752
Robin_education_Zenia,power_active_kw,seasonal_naive_168h,9.4307,4.5684,1752
Robin_office_Addie,power_active_kw,hour_of_week_profile,4.5989,36.9301,1752
Robin_office_Addie,power_active_kw,seasonal_naive_168h,3.2537,22.5049,1752
Robin_office_Adolph,power_active_kw,hour_of_week_profile,4.5123,22.7771,1752
Robin_office_Adolph,power_active_kw,seasonal_naive_168h,3.1771,14.5965,1752
Robin_office_Antonina,power_active_kw,hour_of_week_profile,30.8958,8.5958,1752
Robin_office_Antonina,power_active_kw,seasonal_naive_168h,19.2033,5.2641,1752
Robin_office_Dina,power_active_kw,hour_of_week_profile,6.0342,23.3951,1752
Robin_office_Dina,power_active_kw,seasonal_naive_168h,3.7754,13.5135,1752
Robin_office_Donald,power_active_kw,hour_of_week_profile,22.8768,12.9364,1752
Robin_office_Donald,power_active_kw,seasonal_naive_168h,20.6117,12.6963,1752
Robin_office_Gayle,power_active_kw,hour_of_week_profile,12.3647,24.8802,1752
Robin_office_Gayle,power_active_kw,seasonal_naive_168h,8.5583,19.4753,1752
Robin_office_Lindsay,power_active_kw,hour_of_week_profile,6.2142,9.7469,1752
Robin_office_Lindsay,power_active_kw,seasonal_naive_168h,6.1701,10.3491,1752
Robin_office_Maryann,power_active_kw,hour_of_week_profile,21.395,10.5656,1752
Robin_office_Maryann,power_active_kw,seasonal_naive_168h,15.365,7.3327,1752
Robin_office_Sammie,power_active_kw,hour_of_week_profile,10.231,14.5465,1752
Robin_office_Sammie,power_active_kw,seasonal_naive_168h,9.3212,12.1336,1752
Robin_office_Saul,power_active_kw,hour_of_week_profile,23.4738,58.0057,1752
Robin_office_Saul,power_active_kw,seasonal_naive_168h,7.5088,20.0445,1752
Robin_office_Serena,power_active_kw,hour_of_week_profile,11.9742,29.1688,1752
Robin_office_Serena,power_active_kw,seasonal_naive_168h,7.1304,19.3449,1752
Robin_office_Shirlene,power_active_kw,hour_of_week_profile,5.8428,22.6719,1752
Robin_office_Shirlene,power_active_kw,seasonal_naive_168h,4.9261,20.164,1752
Robin_office_Soledad,power_active_kw,hour_of_week_profile,3.4448,19.4828,1752
Robin_office_Soledad,power_active_kw,seasonal_naive_168h,3.2364,21.9031,1750
Robin_office_Victor,power_active_kw,hour_of_week_profile,8.7075,15.0922,1752
Robin_office_Victor,power_active_kw,seasonal_naive_168h,6.7874,13.5898,1752
Robin_office_Wai,power_active_kw,hour_of_week_profile,55.3848,31.9623,1752
Robin_office_Wai,power_active_kw,seasonal_naive_168h,2.3377,1.702,1752
Robin_office_Zelma,power_active_kw,hour_of_week_profile,10.7388,13.4958,1752
Robin_office_Zelma,power_active_kw,seasonal_naive_168h,8.3297,10.3487,1752
Wolf_education_Anisa,power_active_kw,hour_of_week_profile,100.2382,46.6325,1752
Wolf_education_Anisa,power_active_kw,seasonal_naive_168h,111.8315,50.5319,1751
Wolf_education_Arnulfo,power_active_kw,hour_of_week_profile,10.3192,31.0607,1752
Wolf_education_Arnulfo,power_active_kw,seasonal_naive_168h,11.8487,37.8179,1751
Wolf_education_Bobby,power_active_kw,hour_of_week_profile,28.4775,29.1456,1752
Wolf_education_Bobby,power_active_kw,seasonal_naive_168h,34.5605,36.6866,1751
Wolf_education_Cheryl,power_active_kw,hour_of_week_profile,30.6074,24.3059,1752
Wolf_education_Cheryl,power_active_kw,seasonal_naive_168h,35.9335,29.0655,1751
Wolf_education_Clarissa,power_active_kw,hour_of_week_profile,8.2971,16.4074,1752
Wolf_education_Clarissa,power_active_kw,seasonal_naive_168h,9.7695,19.531,1751
Wolf_education_Cody,power_active_kw,hour_of_week_profile,16.0337,92.1541,1752
Wolf_education_Cody,power_active_kw,seasonal_naive_168h,20.5557,125.866,1751
Wolf_education_Dolores,power_active_kw,hour_of_week_profile,9.9486,26.9883,1752
Wolf_education_Dolores,power_active_kw,seasonal_naive_168h,11.4703,31.9774,1751
Wolf_education_Dorris,power_active_kw,hour_of_week_profile,38.6145,12.8393,1752
Wolf_education_Dorris,power_active_kw,seasonal_naive_168h,41.4862,13.5634,1751
Wolf_education_Eulalia,power_active_kw,hour_of_week_profile,19.0719,38.2354,1752
Wolf_education_Eulalia,power_active_kw,seasonal_naive_168h,20.7686,38.2026,1751
Wolf_education_Joaquin,power_active_kw,hour_of_week_profile,5.9127,8.4805,1752
Wolf_education_Joaquin,power_active_kw,seasonal_naive_168h,7.1381,10.0456,1751
Wolf_education_Josefa,power_active_kw,hour_of_week_profile,2.4242,34.867,1752
Wolf_education_Josefa,power_active_kw,seasonal_naive_168h,2.8624,40.3363,1751
Wolf_education_Katie,power_active_kw,hour_of_week_profile,4.9001,21.4243,1752
Wolf_education_Katie,power_active_kw,seasonal_naive_168h,5.8025,24.0913,1751
Wolf_education_Laurinda,power_active_kw,hour_of_week_profile,44.4016,29.0912,1752
Wolf_education_Laurinda,power_active_kw,seasonal_naive_168h,44.9297,25.7386,1751
Wolf_education_Loren,power_active_kw,hour_of_week_profile,35.4588,15.9052,1752
Wolf_education_Loren,power_active_kw,seasonal_naive_168h,43.1288,19.2479,1751
Wolf_education_Miguel,power_active_kw,hour_of_week_profile,9.2462,29.0782,1752
Wolf_education_Miguel,power_active_kw,seasonal_naive_168h,11.1368,35.0139,1751
Wolf_education_Roderick,power_active_kw,hour_of_week_profile,1.9917,85.2518,1752
Wolf_education_Roderick,power_active_kw,seasonal_naive_168h,1.7673,71.4004,1751
Wolf_education_Tammie,power_active_kw,hour_of_week_profile,11.1036,14.4847,1752
Wolf_education_Tammie,power_active_kw,seasonal_naive_168h,11.8149,14.8703,1751
Wolf_education_Tori,power_active_kw,hour_of_week_profile,58.5244,18.4148,1752
Wolf_education_Tori,power_active_kw,seasonal_naive_168h,63.3929,18.7982,1751
Wolf_education_Ursula,power_active_kw,hour_of_week_profile,27.5484,27.0467,1752
Wolf_education_Ursula,power_active_kw,seasonal_naive_168h,30.1831,26.8488,1751
Wolf_education_Vivian,power_active_kw,hour_of_week_profile,18.7743,26.7946,1752
Wolf_education_Vivian,power_active_kw,seasonal_naive_168h,23.1573,35.5404,1751
Wolf_office_Bobbie,power_active_kw,hour_of_week_profile,5.0387,21.0849,1752
Wolf_office_Bobbie,power_active_kw,seasonal_naive_168h,6.1086,24.5748,1751
Wolf_office_Cary,power_active_kw,hour_of_week_profile,27.906,12.2187,1751
Wolf_office_Cary,power_active_kw,seasonal_naive_168h,32.8894,14.011,1750
Wolf_office_Darleen,power_active_kw,hour_of_week_profile,7.8751,21.6049,1752
Wolf_office_Darleen,power_active_kw,seasonal_naive_168h,8.8978,23.6517,1751
Wolf_office_Elisabeth,power_active_kw,hour_of_week_profile,7.3022,5.6516,1752
Wolf_office_Elisabeth,power_active_kw,seasonal_naive_168h,9.232,7.1193,1751
Wolf_office_Emanuel,power_active_kw,hour_of_week_profile,4.0609,33.8315,1752
Wolf_office_Emanuel,power_active_kw,seasonal_naive_168h,4.7742,40.5971,1751
Wolf_office_Haydee,power_active_kw,hour_of_week_profile,3.4985,47.8823,1752
Wolf_office_Haydee,power_active_kw,seasonal_naive_168h,4.4728,66.3301,1751
Wolf_office_Joana,power_active_kw,hour_of_week_profile,2.8026,21.6845,1752
Wolf_office_Joana,power_active_kw,seasonal_naive_168h,3.2335,26.1317,1751
Wolf_office_Nadia,power_active_kw,hour_of_week_profile,9.3334,13.1941,1752
Wolf_office_Nadia,power_active_kw,seasonal_naive_168h,12.0435,16.599,1751
Wolf_office_Rochelle,power_active_kw,hour_of_week_profile,4.8149,34.8116,1752
Wolf_office_Rochelle,power_active_kw,seasonal_naive_168h,5.5078,39.4824,1749
Bobcat_education_Alissa,cooling_kw,hour_of_week_profile,19.7721,52.0907,1748
Bobcat_education_Alissa,cooling_kw,seasonal_naive_168h,4.6361,52.0178,1746
Bobcat_education_Angela,cooling_kw,hour_of_week_profile,65.0095,134.3637,1749
Bobcat_education_Angela,cooling_kw,seasonal_naive_168h,45.6918,72.5023,1747
Bobcat_education_Dylan,cooling_kw,hour_of_week_profile,0.22,98.8153,1748
Bobcat_education_Dylan,cooling_kw,seasonal_naive_168h,0.0969,68.3249,1746
Bobcat_education_Jayne,cooling_kw,hour_of_week_profile,0.0003,0.0,1751
Bobcat_education_Jayne,cooling_kw,seasonal_naive_168h,0.0003,0.0,1749
Bobcat_education_Miki,cooling_kw,hour_of_week_profile,59.8797,65.6456,1750
Bobcat_education_Miki,cooling_kw,seasonal_naive_168h,76.4305,83.4817,1748
Bobcat_education_Rosalva,cooling_kw,hour_of_week_profile,32.5242,70.5857,1739
Bobcat_education_Rosalva,cooling_kw,seasonal_naive_168h,28.7866,63.6752,1686
Bull_education_Annette,cooling_kw,hour_of_week_profile,268.694,237.1424,1749
Bull_education_Annette,cooling_kw,seasonal_naive_168h,182.0628,114.0685,1738
Bull_education_Antonia,cooling_kw,hour_of_week_profile,436.3904,94.6162,1749
Bull_education_Antonia,cooling_kw,seasonal_naive_168h,270.9109,48.2313,1736
Bull_education_Arthur,cooling_kw,hour_of_week_profile,176.7975,112.6792,1749
Bull_education_Arthur,cooling_kw,seasonal_naive_168h,145.2791,69.5347,1735
Bull_education_Barry,cooling_kw,hour_of_week_profile,838.7994,2317.4807,1750
Bull_education_Barry,cooling_kw,seasonal_naive_168h,644.6298,945.4154,1741
Bull_education_Bernice,cooling_kw,hour_of_week_profile,521.8193,22647.2441,1750
Bull_education_Bernice,cooling_kw,seasonal_naive_168h,354.2813,6855.8936,1741
Bull_education_Brain,cooling_kw,hour_of_week_profile,490.1835,175.5181,1750
Bull_education_Brain,cooling_kw,seasonal_naive_168h,302.6849,75.8518,1738
Bull_education_Brenda,cooling_kw,hour_of_week_profile,247.3344,135.7743,1750
Bull_education_Brenda,cooling_kw,seasonal_naive_168h,194.8062,77.5059,1740
Bull_education_Bryon,cooling_kw,hour_of_week_profile,62.4166,6481.3042,1750
Bull_education_Bryon,cooling_kw,seasonal_naive_168h,32.2339,1562.2738,1742
Bull_education_Carl,cooling_kw,hour_of_week_profile,674.1459,141.9453,1750
Bull_education_Carl,cooling_kw,seasonal_naive_168h,451.0577,65.9029,1740
Bull_education_Clarita,cooling_kw,hour_of_week_profile,352.2879,188.2539,1750
Bull_education_Clarita,cooling_kw,seasonal_naive_168h,304.7725,110.77,1740
Bull_education_Dan,cooling_kw,hour_of_week_profile,266.1076,129.0416,1749
Bull_education_Dan,cooling_kw,seasonal_naive_168h,184.2625,68.922,1735
Bull_education_Dania,cooling_kw,hour_of_week_profile,91.9337,356.2327,1750
Bull_education_Dania,cooling_kw,seasonal_naive_168h,56.2073,130.8268,1739
Bull_education_Delia,cooling_kw,hour_of_week_profile,2402.095,452.7582,1750
Bull_education_Delia,cooling_kw,seasonal_naive_168h,2010.0601,222.3257,1741
Bull_education_Dora,cooling_kw,hour_of_week_profile,146.1772,783.2031,1750
Bull_education_Dora,cooling_kw,seasonal_naive_168h,141.9969,381.0238,1741
Bull_education_Dottie,cooling_kw,hour_of_week_profile,2929.439,431.7725,1750
Bull_education_Dottie,cooling_kw,seasonal_naive_168h,1219.4698,125.0813,1741
Bull_education_Elva,cooling_kw,hour_of_week_profile,66.6685,76.322,1749
Bull_education_Elva,cooling_kw,seasonal_naive_168h,50.5799,47.3201,1734
Bull_education_Fabiola,cooling_kw,hour_of_week_profile,199.5828,2050.2756,1750
Bull_education_Fabiola,cooling_kw,seasonal_naive_168h,162.2511,1181.8387,1742
Bull_education_Geneva,cooling_kw,hour_of_week_profile,77.2978,2963.0618,1750
Bull_education_Geneva,cooling_kw,seasonal_naive_168h,49.9494,818.1797,1741
Bull_education_Genie,cooling_kw,hour_of_week_profile,242.3364,474.9351,1750
Bull_education_Genie,cooling_kw,seasonal_naive_168h,184.7734,202.5556,1740
Bull_education_Gregory,cooling_kw,hour_of_week_profile,84.9314,84.8323,1749
Bull_education_Gregory,cooling_kw,seasonal_naive_168h,49.9425,41.5503,1734
Bull_education_Hayley,cooling_kw,hour_of_week_profile,275.8112,2267.6536,1750
Bull_education_Hayley,cooling_kw,seasonal_naive_168h,200.1083,972.1849,1741
Bull_education_Jae,cooling_kw,hour_of_week_profile,577.3325,1917.4131,1750
Bull_education_Jae,cooling_kw,seasonal_naive_168h,459.577,925.1161,1741
Bull_education_Joseph,cooling_kw,hour_of_week_profile,175.8815,82.3468,1749
Bull_education_Joseph,cooling_kw,seasonal_naive_168h,144.2411,53.0009,1736
Bull_education_Juan,cooling_kw,hour_of_week_profile,417.7613,1880.1127,1750
Bull_education_Juan,cooling_kw,seasonal_naive_168h,325.4294,1266.6282,1739
Bull_education_Kendra,cooling_kw,hour_of_week_profile,536.1466,87.9899,1749
Bull_education_Kendra,cooling_kw,seasonal_naive_168h,449.0879,60.3012,1738
Bull_education_Krista,cooling_kw,hour_of_week_profile,377.9887,144.5628,1750
Bull_education_Krista,cooling_kw,seasonal_naive_168h,233.0492,69.5372,1740
Bull_education_Kristal,cooling_kw,hour_of_week_profile,724.1882,367.9747,1750
Bull_education_Kristal,cooling_kw,seasonal_naive_168h,510.3647,184.6647,1739
Bull_education_Lenny,cooling_kw,hour_of_week_profile,53.2432,289.3908,1750
Bull_education_Lenny,cooling_kw,seasonal_naive_168h,38.061,133.6739,1739
Bull_education_Linnie,cooling_kw,hour_of_week_profile,309.7614,471.276,1750
Bull_education_Linnie,cooling_kw,seasonal_naive_168h,250.5899,258.5576,1740
Bull_education_Luke,cooling_kw,hour_of_week_profile,345.9576,87.6961,1749
Bull_education_Luke,cooling_kw,seasonal_naive_168h,269.0395,54.1385,1735
Bull_education_Lydia,cooling_kw,hour_of_week_profile,93.8443,55.4336,1749
Bull_education_Lydia,cooling_kw,seasonal_naive_168h,83.1546,40.4712,1735
Bull_education_Lyn,cooling_kw,hour_of_week_profile,29.6163,1573.5073,1750
Bull_education_Lyn,cooling_kw,seasonal_naive_168h,19.2098,827.0594,1741
Bull_education_Magaret,cooling_kw,hour_of_week_profile,156.8465,5635.6948,1750
Bull_education_Magaret,cooling_kw,seasonal_naive_168h,118.666,1774.1008,1741
Bull_education_Mario,cooling_kw,hour_of_week_profile,133.8787,9557.1699,1750
Bull_education_Mario,cooling_kw,seasonal_naive_168h,110.533,3867.8821,1741
Bull_education_Matilda,cooling_kw,hour_of_week_profile,161.5851,176.9283,1748
Bull_education_Matilda,cooling_kw,seasonal_naive_168h,154.4039,112.4444,1737
Bull_education_Mervin,cooling_kw,hour_of_week_profile,245.4249,288.0572,1750
Bull_education_Mervin,cooling_kw,seasonal_naive_168h,184.9209,153.15,1739
Bull_education_Miquel,cooling_kw,hour_of_week_profile,365.2455,2701.9348,1731
Bull_education_Miquel,cooling_kw,seasonal_naive_168h,284.0709,435.3511,1674
Bull_education_Miranda,cooling_kw,hour_of_week_profile,40.7672,141.8603,1749
Bull_education_Miranda,cooling_kw,seasonal_naive_168h,23.8434,60.3272,1735
Bull_education_Myra,cooling_kw,hour_of_week_profile,102.0653,8520.3457,1750
Bull_education_Myra,cooling_kw,seasonal_naive_168h,72.9585,3057.4329,1741
Bull_education_Nichole,cooling_kw,hour_of_week_profile,229.5815,175.7852,1749
Bull_education_Nichole,cooling_kw,seasonal_naive_168h,155.081,91.9535,1738
Bull_education_Nina,cooling_kw,hour_of_week_profile,463.8551,597.6893,1750
Bull_education_Nina,cooling_kw,seasonal_naive_168h,343.8488,262.5672,1739
Bull_education_Olive,cooling_kw,hour_of_week_profile,87.2984,261.398,1750
Bull_education_Olive,cooling_kw,seasonal_naive_168h,42.7521,86.0469,1740
Bull_education_Pablo,cooling_kw,hour_of_week_profile,48.0015,179.9085,1750
Bull_education_Pablo,cooling_kw,seasonal_naive_168h,39.9752,102.602,1739
Bull_education_Pamela,cooling_kw,hour_of_week_profile,215.2283,113.1949,1749
Bull_education_Pamela,cooling_kw,seasonal_naive_168h,165.3412,69.6454,1738
Bull_education_Patrina,cooling_kw,hour_of_week_profile,63.1639,1158.4714,1748
Bull_education_Patrina,cooling_kw,seasonal_naive_168h,49.8236,486.0903,1739
Bull_education_Racheal,cooling_kw,hour_of_week_profile,674.5457,167.2528,1749
Bull_education_Racheal,cooling_kw,seasonal_naive_168h,500.8965,89.7088,1738
Bull_education_Reina,cooling_kw,hour_of_week_profile,95.6061,59.9535,1749
Bull_education_Reina,cooling_kw,seasonal_naive_168h,66.722,33.8349,1734
Bull_education_Reynaldo,cooling_kw,hour_of_week_profile,41.5029,79.3974,1749
Bull_education_Reynaldo,cooling_kw,seasonal_naive_168h,30.0613,46.4686,1734
Bull_education_Roland,cooling_kw,hour_of_week_profile,415.1842,2053.4326,1750
Bull_education_Roland,cooling_kw,seasonal_naive_168h,308.881,823.0957,1742
Bull_education_Roseann,cooling_kw,hour_of_week_profile,572.6818,4048.302,1750
Bull_education_Roseann,cooling_kw,seasonal_naive_168h,398.7723,1530.0204,1741
Bull_education_Sebastian,cooling_kw,hour_of_week_profile,55.4647,89.8379,1749
Bull_education_Sebastian,cooling_kw,seasonal_naive_168h,46.6268,57.6756,1734
Bull_education_Stewart,cooling_kw,hour_of_week_profile,125.6165,11979.3867,1750
Bull_education_Stewart,cooling_kw,seasonal_naive_168h,160.5304,9595.958,1739
Bull_education_Tracey,cooling_kw,hour_of_week_profile,259.178,421.1172,1750
Bull_education_Tracey,cooling_kw,seasonal_naive_168h,164.9907,159.4071,1741
Bull_education_Venita,cooling_kw,hour_of_week_profile,58.0747,594.743,1750
Bull_education_Venita,cooling_kw,seasonal_naive_168h,34.0236,203.0788,1739
Bull_education_Violeta,cooling_kw,hour_of_week_profile,191.7334,334.5157,1750
Bull_education_Violeta,cooling_kw,seasonal_naive_168h,114.0083,142.5465,1740
Bull_office_Anne,cooling_kw,hour_of_week_profile,20.8072,25.3562,1749
Bull_office_Anne,cooling_kw,seasonal_naive_168h,19.1595,21.4183,1733
Bull_office_Chantel,cooling_kw,hour_of_week_profile,147.0323,77.3443,1749
Bull_office_Chantel,cooling_kw,seasonal_naive_168h,113.1453,48.8921,1734
Bull_office_Debbie,cooling_kw,hour_of_week_profile,81.387,167.4496,1750
Bull_office_Debbie,cooling_kw,seasonal_naive_168h,60.2553,88.2878,1739
Bull_office_Efren,cooling_kw,hour_of_week_profile,112.6878,1293.4237,1750
Bull_office_Efren,cooling_kw,seasonal_naive_168h,85.3485,562.1907,1740
Bull_office_Lilla,cooling_kw,hour_of_week_profile,182.9552,45.6578,1749
Bull_office_Lilla,cooling_kw,seasonal_naive_168h,131.4751,28.2026,1734
Bull_office_Mai,cooling_kw,hour_of_week_profile,5.4849,69.9253,1740
Bull_office_Mai,cooling_kw,seasonal_naive_168h,3.2632,34.2158,1727
Bull_office_Myron,cooling_kw,hour_of_week_profile,155.3032,2494.3792,1750
Bull_office_Myron,cooling_kw,seasonal_naive_168h,126.2002,1143.0608,1741
Bull_office_Rob,cooling_kw,hour_of_week_profile,363.3817,129.6559,1750
Bull_office_Rob,cooling_kw,seasonal_naive_168h,272.035,71.2046,1739
Bull_office_Sally,cooling_kw,hour_of_week_profile,98.5975,568.4103,1750
Bull_office_Sally,cooling_kw,seasonal_naive_168h,78.3835,284.6407,1741
Bull_office_Trevor,cooling_kw,hour_of_week_profile,56.2246,148.6565,1749
Bull_office_Trevor,cooling_kw,seasonal_naive_168h,33.7049,67.5633,1734
Bull_office_Yvonne,cooling_kw,hour_of_week_profile,237.3695,16549.8984,1735
Bull_office_Yvonne,cooling_kw,seasonal_naive_168h,217.5737,10103.9834,1692
Cockatoo_education_Brendan,cooling_kw,hour_of_week_profile,2.7262,45.703,1707
Cockatoo_education_Brendan,cooling_kw,seasonal_naive_168h,0.4057,85.6804,1707
Cockatoo_education_Brigitte,cooling_kw,hour_of_week_profile,38.3434,348.2437,1707
Cockatoo_education_Brigitte,cooling_kw,seasonal_naive_168h,9.8565,95.5703,1707
Cockatoo_education_Charity,cooling_kw,hour_of_week_profile,12.4484,373.6025,1702
Cockatoo_education_Charity,cooling_kw,seasonal_naive_168h,3.1942,54.6201,1702
Cockatoo_education_Christi,cooling_kw,hour_of_week_profile,2.8439,1236.4252,1672
Cockatoo_education_Christi,cooling_kw,seasonal_naive_168h,2.1047,471.0654,1639
Cockatoo_education_Clifton,cooling_kw,hour_of_week_profile,19.0477,799.7432,1633
Cockatoo_education_Clifton,cooling_kw,seasonal_naive_168h,3.6053,115.9509,1633
Cockatoo_education_Erik,cooling_kw,hour_of_week_profile,53.2833,3462.6277,1703
Cockatoo_education_Erik,cooling_kw,seasonal_naive_168h,15.8117,452.351,1703
Cockatoo_education_Eunice,cooling_kw,hour_of_week_profile,88.4431,498.8299,1706
Cockatoo_education_Eunice,cooling_kw,seasonal_naive_168h,17.7793,71.6511,1706
Cockatoo_education_Flora,cooling_kw,hour_of_week_profile,3.8183,51.6848,1695
Cockatoo_education_Flora,cooling_kw,seasonal_naive_168h,0.6685,69.1114,1662
Cockatoo_education_Helene,cooling_kw,hour_of_week_profile,99.8195,237.3578,1658
Cockatoo_education_Helene,cooling_kw,seasonal_naive_168h,14.4834,28.2354,1434
Cockatoo_education_Janet,cooling_kw,hour_of_week_profile,251.1391,896.8855,1708
Cockatoo_education_Janet,cooling_kw,seasonal_naive_168h,44.4444,98.6189,1708
Cockatoo_education_Jon,cooling_kw,hour_of_week_profile,56.8071,283.8624,1707
Cockatoo_education_Jon,cooling_kw,seasonal_naive_168h,12.7359,44.8261,1707
Cockatoo_education_June,cooling_kw,hour_of_week_profile,72.2833,1421.516,1707
Cockatoo_education_June,cooling_kw,seasonal_naive_168h,14.1718,144.221,1707
Cockatoo_education_Latrice,cooling_kw,hour_of_week_profile,58.4728,2097.5378,1682
Cockatoo_education_Latrice,cooling_kw,seasonal_naive_168h,8.912,308.1321,1682
Cockatoo_education_Laurence,cooling_kw,hour_of_week_profile,116.1043,223.6859,1707
Cockatoo_education_Laurence,cooling_kw,seasonal_naive_168h,24.358,36.8176,1707
Cockatoo_education_Lionel,cooling_kw,hour_of_week_profile,41.9544,6903.6318,1703
Cockatoo_education_Lionel,cooling_kw,seasonal_naive_168h,7.4214,441.0723,1703
Cockatoo_education_Magdalena,cooling_kw,hour_of_week_profile,16.5996,24.6772,1707
Cockatoo_education_Magdalena,cooling_kw,seasonal_naive_168h,3.2809,33.0633,1707
Cockatoo_education_Mayra,cooling_kw,hour_of_week_profile,36.2092,214.4204,1707
Cockatoo_education_Mayra,cooling_kw,seasonal_naive_168h,6.8618,33.6173,1707
Cockatoo_education_Minh,cooling_kw,hour_of_week_profile,1.656,148.5196,1707
Cockatoo_education_Minh,cooling_kw,seasonal_naive_168h,0.3561,22.4884,1707
Cockatoo_education_Nelda,cooling_kw,hour_of_week_profile,46.5594,27.0233,1707
Cockatoo_education_Nelda,cooling_kw,seasonal_naive_168h,11.9182,6.6524,1707
Cockatoo_education_Orlando,cooling_kw,hour_of_week_profile,24.7933,90.2081,1703
Cockatoo_education_Orlando,cooling_kw,seasonal_naive_168h,4.3506,13.5178,1703
Cockatoo_education_Priscilla,cooling_kw,hour_of_week_profile,18.1535,47.8507,1707
Cockatoo_education_Priscilla,cooling_kw,seasonal_naive_168h,6.5326,15.762,1707
Cockatoo_education_Rita,cooling_kw,hour_of_week_profile,11.5679,694.7858,1702
Cockatoo_education_Rita,cooling_kw,seasonal_naive_168h,2.5531,133.5152,1702
Cockatoo_education_Terrence,cooling_kw,hour_of_week_profile,104.468,281.4318,1707
Cockatoo_education_Terrence,cooling_kw,seasonal_naive_168h,22.6873,45.9214,1707
Cockatoo_office_Alton,cooling_kw,hour_of_week_profile,25.8589,108.9907,1702
Cockatoo_office_Alton,cooling_kw,seasonal_naive_168h,15.4043,51.3947,1697
Cockatoo_office_Delores,cooling_kw,hour_of_week_profile,9.9043,432.2803,1703
Cockatoo_office_Delores,cooling_kw,seasonal_naive_168h,1.7112,48.6691,1703
Cockatoo_office_Elbert,cooling_kw,hour_of_week_profile,13.7869,1367.8993,1525
Cockatoo_office_Elbert,cooling_kw,seasonal_naive_168h,1.424,163.2505,1525
Cockatoo_office_Gail,cooling_kw,hour_of_week_profile,30.3454,134.2882,1703
Cockatoo_office_Gail,cooling_kw,seasonal_naive_168h,10.5685,37.8341,1703
Cockatoo_office_Georgia,cooling_kw,hour_of_week_profile,9.1016,66.666,1707
Cockatoo_office_Georgia,cooling_kw,seasonal_naive_168h,3.1502,21.8026,1707
Cockatoo_office_Giovanni,cooling_kw,hour_of_week_profile,33.2866,338.8313,1696
Cockatoo_office_Giovanni,cooling_kw,seasonal_naive_168h,12.7938,98.6681,1663
Cockatoo_office_Jimmy,cooling_kw,hour_of_week_profile,13.1104,564.5871,1625
Cockatoo_office_Jimmy,cooling_kw,seasonal_naive_168h,1.3304,59.0082,1481
Cockatoo_office_Jodie,cooling_kw,hour_of_week_profile,0.357,151.9644,1707
Cockatoo_office_Jodie,cooling_kw,seasonal_naive_168h,0.0757,29.4816,1707
Cockatoo_office_Kristin,cooling_kw,hour_of_week_profile,41.9898,316.8203,1699
Cockatoo_office_Kristin,cooling_kw,seasonal_naive_168h,7.2841,39.2189,1681
Cockatoo_office_Laila,cooling_kw,hour_of_week_profile,63.7137,267.5085,1707
Cockatoo_office_Laila,cooling_kw,seasonal_naive_168h,26.2046,91.9534,1707
Cockatoo_office_Lorraine,cooling_kw,hour_of_week_profile,15.522,73.9514,1619
Cockatoo_office_Lorraine,cooling_kw,seasonal_naive_168h,12.0797,48.1231,1619
Cockatoo_office_Nola,cooling_kw,hour_of_week_profile,12.0374,126.4743,1707
Cockatoo_office_Nola,cooling_kw,seasonal_naive_168h,2.6997,24.0708,1707
Cockatoo_office_Paige,cooling_kw,hour_of_week_profile,7.8047,217.027,1599
Cockatoo_office_Paige,cooling_kw,seasonal_naive_168h,1.4781,37.9871,1599
Cockatoo_office_Pansy,cooling_kw,hour_of_week_profile,25.5186,750.701,1702
Cockatoo_office_Pansy,cooling_kw,seasonal_naive_168h,4.0998,69.9306,1702
Cockatoo_office_Rodney,cooling_kw,hour_of_week_profile,4.1302,173.1657,1703
Cockatoo_office_Rodney,cooling_kw,seasonal_naive_168h,1.5402,55.0891,1703
Cockatoo_office_Roxanna,cooling_kw,hour_of_week_profile,53.6436,241.961,1707
Cockatoo_office_Roxanna,cooling_kw,seasonal_naive_168h,7.9762,28.6799,1707
Crow_education_Kate,cooling_kw,hour_of_week_profile,43.5191,249.717,1350
Crow_education_Kate,cooling_kw,seasonal_naive_168h,20.5006,1318.3993,1350
Crow_education_Marlin,cooling_kw,hour_of_week_profile,121.2865,97.2182,1172
Crow_education_Marlin,cooling_kw,seasonal_naive_168h,77.0569,157.141,737
Crow_education_Omer,cooling_kw,hour_of_week_profile,83.1963,626.6888,1501
Crow_education_Omer,cooling_kw,seasonal_naive_168h,56.8167,1087.3822,1501
Crow_education_Winston,cooling_kw,hour_of_week_profile,93.3448,50.742,1570
Crow_education_Winston,cooling_kw,seasonal_naive_168h,38.161,99.2697,1570
Eagle_education_Alberto,cooling_kw,hour_of_week_profile,1239.0433,2070.7053,1752
Eagle_education_Alberto,cooling_kw,seasonal_naive_168h,487.4892,1324.7444,1752
Eagle_education_April,cooling_kw,hour_of_week_profile,123.0444,202.1396,1752
Eagle_education_April,cooling_kw,seasonal_naive_168h,81.5809,103.5753,1752
Eagle_education_Brooke,cooling_kw,hour_of_week_profile,758.4528,27.4464,1752
Eagle_education_Brooke,cooling_kw,seasonal_naive_168h,1136.4703,35.0745,1752
Eagle_education_Cassie,cooling_kw,hour_of_week_profile,234.4588,1585.7084,1752
Eagle_education_Cassie,cooling_kw,seasonal_naive_168h,72.0634,920.4164,1752
Eagle_education_Eileen,cooling_kw,hour_of_week_profile,232.3577,2326.5552,1752
Eagle_education_Eileen,cooling_kw,seasonal_naive_168h,66.0289,504.2603,1752
Eagle_education_Jewell,cooling_kw,hour_of_week_profile,1181.553,356.1519,1752
Eagle_education_Jewell,cooling_kw,seasonal_naive_168h,258.8635,114.4479,1752
Eagle_education_Lino,cooling_kw,hour_of_week_profile,649.8984,362.3571,1186
Eagle_education_Lino,cooling_kw,seasonal_naive_168h,640.5296,197.0816,933
Eagle_education_Luther,cooling_kw,hour_of_week_profile,817.525,44.8654,1752
Eagle_education_Luther,cooling_kw,seasonal_naive_168h,392.8423,19.7261,1752
Eagle_education_Norah,cooling_kw,hour_of_week_profile,1731.2222,803.502,1752
Eagle_education_Norah,cooling_kw,seasonal_naive_168h,431.0084,134.6732,1752
Eagle_education_Paul,cooling_kw,hour_of_week_profile,203.4228,410.5222,1752
Eagle_education_Paul,cooling_kw,seasonal_naive_168h,34.6097,135.0438,1752
Eagle_education_Peter,cooling_kw,hour_of_week_profile,7837.2422,1379.5177,1752
Eagle_education_Peter,cooling_kw,seasonal_naive_168h,1500.7808,177.9746,1752
Eagle_education_Petra,cooling_kw,hour_of_week_profile,251.6163,91.7027,1752
Eagle_education_Petra,cooling_kw,seasonal_naive_168h,63.5312,81.0461,1752
Eagle_education_Raul,cooling_kw,hour_of_week_profile,2930.1399,467.1189,1752
Eagle_education_Raul,cooling_kw,seasonal_naive_168h,720.5443,80.9892,1752
Eagle_education_Roman,cooling_kw,hour_of_week_profile,3030.2639,555.1414,1752
Eagle_education_Roman,cooling_kw,seasonal_naive_168h,804.5461,102.2089,1752
Eagle_education_Samantha,cooling_kw,hour_of_week_profile,265.8155,30.0777,1752
Eagle_education_Samantha,cooling_kw,seasonal_naive_168h,163.6617,17.2442,1752
Eagle_education_Shana,cooling_kw,hour_of_week_profile,250.5067,72.0666,1752
Eagle_education_Shana,cooling_kw,seasonal_naive_168h,196.4619,45.8655,1752
Eagle_education_Shanna,cooling_kw,hour_of_week_profile,568.7963,89.6596,1752
Eagle_education_Shanna,cooling_kw,seasonal_naive_168h,322.0624,43.5051,1752
Eagle_education_Shante,cooling_kw,hour_of_week_profile,2509.5876,131.3293,1752
Eagle_education_Shante,cooling_kw,seasonal_naive_168h,704.2098,31.0352,1752
Eagle_education_Sheena,cooling_kw,hour_of_week_profile,217.0682,410.5222,1752
Eagle_education_Sheena,cooling_kw,seasonal_naive_168h,36.9313,135.0438,1752
Eagle_education_Sherrill,cooling_kw,hour_of_week_profile,2250.8613,98.703,1752
Eagle_education_Sherrill,cooling_kw,seasonal_naive_168h,1010.6772,37.8158,1752
Eagle_education_Teresa,cooling_kw,hour_of_week_profile,331.2903,2958.6001,1752
Eagle_education_Teresa,cooling_kw,seasonal_naive_168h,103.6197,391.1609,1752
Eagle_education_Wesley,cooling_kw,hour_of_week_profile,301.5516,195.1042,1752
Eagle_education_Wesley,cooling_kw,seasonal_naive_168h,149.6528,57.6434,1752
Eagle_education_Will,cooling_kw,hour_of_week_profile,410.4723,389.4447,1752
Eagle_education_Will,cooling_kw,seasonal_naive_168h,106.1896,82.9944,1752
Eagle_office_Chantelle,cooling_kw,hour_of_week_profile,53.3282,38.7393,1752
Eagle_office_Chantelle,cooling_kw,seasonal_naive_168h,28.5468,22.5647,1752
Eagle_office_Chauncey,cooling_kw,hour_of_week_profile,2314.0129,198.7602,1613
Eagle_office_Chauncey,cooling_kw,seasonal_naive_168h,831.0054,54.361,1427
Eagle_office_Damian,cooling_kw,hour_of_week_profile,1316.9027,3583.7979,1752
Eagle_office_Damian,cooling_kw,seasonal_naive_168h,1496.0826,4623.7783,1752
Eagle_office_Demetra,cooling_kw,hour_of_week_profile,717.5814,30.357,1752
Eagle_office_Demetra,cooling_kw,seasonal_naive_168h,279.5414,65.6468,1752
Eagle_office_Donovan,cooling_kw,hour_of_week_profile,274.8093,6533.3062,1752
Eagle_office_Donovan,cooling_kw,seasonal_naive_168h,77.9161,1094.0005,1752
Eagle_office_Efrain,cooling_kw,hour_of_week_profile,286.4179,708.5047,1752
Eagle_office_Efrain,cooling_kw,seasonal_naive_168h,55.6539,124.3598,1752
Eagle_office_Elias,cooling_kw,hour_of_week_profile,445.9544,320.5977,1752
Eagle_office_Elias,cooling_kw,seasonal_naive_168h,98.5731,129.884,1752
Eagle_office_Elvis,cooling_kw,hour_of_week_profile,108.9694,98.9305,1752
Eagle_office_Elvis,cooling_kw,seasonal_naive_168h,33.7471,126.4094,1752
Eagle_office_Francis,cooling_kw,hour_of_week_profile,787.2136,83.1991,1752
Eagle_office_Francis,cooling_kw,seasonal_naive_168h,292.6802,26.6807,1752
Eagle_office_Freida,cooling_kw,hour_of_week_profile,210.7509,14511.54,1752
Eagle_office_Freida,cooling_kw,seasonal_naive_168h,50.5873,2986.0818,1752
Eagle_office_Henriette,cooling_kw,hour_of_week_profile,97.5155,82.0992,1752
Eagle_office_Henriette,cooling_kw,seasonal_naive_168h,40.1594,29.6603,1752
Eagle_office_Isidro,cooling_kw,hour_of_week_profile,69.9919,14880.9482,1752
Eagle_office_Isidro,cooling_kw,seasonal_naive_168h,42.0047,7222.8218,1752
Eagle_office_Jackie,cooling_kw,hour_of_week_profile,222.4517,676.4026,1752
Eagle_office_Jackie,cooling_kw,seasonal_naive_168h,97.2488,243.9987,1751
Eagle_office_Jeff,cooling_kw,hour_of_week_profile,219.9557,389.1972,1752
Eagle_office_Jeff,cooling_kw,seasonal_naive_168h,82.7888,62.4591,1752
Eagle_office_Lamont,cooling_kw,hour_of_week_profile,110.807,42.8193,1752
Eagle_office_Lamont,cooling_kw,seasonal_naive_168h,96.931,56.3061,1752
Eagle_office_Lane,cooling_kw,hour_of_week_profile,130.6303,290.5224,1752
Eagle_office_Lane,cooling_kw,seasonal_naive_168h,45.6784,82.8183,1752
Eagle_office_Lillian,cooling_kw,hour_of_week_profile,173.8547,532.8665,1752
Eagle_office_Lillian,cooling_kw,seasonal_naive_168h,46.5746,222.4375,1752
Eagle_office_Mable,cooling_kw,hour_of_week_profile,142.7762,0.0,1752
Eagle_office_Mable,cooling_kw,seasonal_naive_168h,0.0,0.0,1752
Eagle_office_Mandi,cooling_kw,hour_of_week_profile,66.215,26.0912,1752
Eagle_office_Mandi,cooling_kw,seasonal_naive_168h,25.1294,15.1193,1752
Eagle_office_Marisela,cooling_kw,hour_of_week_profile,640.1876,42.8204,1752
Eagle_office_Marisela,cooling_kw,seasonal_naive_168h,560.0121,56.3061,1752
Eagle_office_Nereida,cooling_kw,hour_of_week_profile,195.3909,12.6168,1752
Eagle_office_Nereida,cooling_kw,seasonal_naive_168h,99.2028,13.4521,1752
Eagle_office_Norbert,cooling_kw,hour_of_week_profile,394.481,50.6406,1752
Eagle_office_Norbert,cooling_kw,seasonal_naive_168h,318.283,56.813,1752
Eagle_office_Patrice,cooling_kw,hour_of_week_profile,452.622,1079.323,1752
Eagle_office_Patrice,cooling_kw,seasonal_naive_168h,204.0378,279.222,1752
Eagle_office_Phyllis,cooling_kw,hour_of_week_profile,160.8833,26.0909,1752
Eagle_office_Phyllis,cooling_kw,seasonal_naive_168h,61.0573,15.1193,1752
Eagle_office_Randolph,cooling_kw,hour_of_week_profile,505.242,560.7118,1752
Eagle_office_Randolph,cooling_kw,seasonal_naive_168h,157.6125,118.5713,1752
Eagle_office_Remedios,cooling_kw,hour_of_week_profile,501.4248,199.5855,1613
Eagle_office_Remedios,cooling_kw,seasonal_naive_168h,180.0814,54.3584,1427
Eagle_office_Ryan,cooling_kw,hour_of_week_profile,88.7306,152.1418,1752
Eagle_office_Ryan,cooling_kw,seasonal_naive_168h,38.2196,71.8062,1752
Eagle_office_Sheree,cooling_kw,hour_of_week_profile,203.867,733.8287,1752
Eagle_office_Sheree,cooling_kw,seasonal_naive_168h,66.5931,107.7344,1752
Eagle_office_Sonya,cooling_kw,hour_of_week_profile,958.1125,400.0931,1752
Eagle_office_Sonya,cooling_kw,seasonal_naive_168h,170.7668,167.1047,1752
Eagle_office_Tia,cooling_kw,hour_of_week_profile,1023.4468,1403.5616,1752
Eagle_office_Tia,cooling_kw,seasonal_naive_168h,303.9063,207.0485,1752
Eagle_office_Yadira,cooling_kw,hour_of_week_profile,568.0963,291.4163,1752
Eagle_office_Yadira,cooling_kw,seasonal_naive_168h,186.8355,171.2972,1752
Fox_education_Andre,cooling_kw,hour_of_week_profile,559.7557,347.5604,1752
Fox_education_Andre,cooling_kw,seasonal_naive_168h,156.511,80.2429,1752
Fox_education_Ashli,cooling_kw,hour_of_week_profile,61.617,869.3353,1752
Fox_education_Ashli,cooling_kw,seasonal_naive_168h,6.8534,63.1288,1752
Fox_education_Burton,cooling_kw,hour_of_week_profile,89.3813,380.6896,1752
Fox_education_Burton,cooling_kw,seasonal_naive_168h,25.4041,91.5795,1752
Fox_education_Carleen,cooling_kw,hour_of_week_profile,86.8795,259.0256,1752
Fox_education_Carleen,cooling_kw,seasonal_naive_168h,25.3784,47.077,1752
Fox_education_Claire,cooling_kw,hour_of_week_profile,47.0554,51.6073,1752
Fox_education_Claire,cooling_kw,seasonal_naive_168h,22.5654,21.3255,1752
Fox_education_Claude,cooling_kw,hour_of_week_profile,682.6212,59.7426,1750
Fox_education_Claude,cooling_kw,seasonal_naive_168h,224.7337,17.7176,1737
Fox_education_Cynthia,cooling_kw,hour_of_week_profile,105.7996,2631.0891,1752
Fox_education_Cynthia,cooling_kw,seasonal_naive_168h,61.6443,1250.4398,1752
Fox_education_Delma,cooling_kw,hour_of_week_profile,0.2584,0.0,1752
Fox_education_Delma,cooling_kw,seasonal_naive_168h,0.0,0.0,1752
Fox_education_Dewayne,cooling_kw,hour_of_week_profile,88.7193,1267.3811,1752
Fox_education_Dewayne,cooling_kw,seasonal_naive_168h,22.8849,161.7611,1752
Fox_education_Dominique,cooling_kw,hour_of_week_profile,212.516,79.2468,1752
Fox_education_Dominique,cooling_kw,seasonal_naive_168h,78.3809,26.0435,1752
Fox_education_Eddy,cooling_kw,hour_of_week_profile,153.5288,134.9723,1752
Fox_education_Eddy,cooling_kw,seasonal_naive_168h,72.4234,57.7043,1752
Fox_education_Eldon,cooling_kw,hour_of_week_profile,89.2525,96.6063,1752
Fox_education_Eldon,cooling_kw,seasonal_naive_168h,46.7027,40.9972,1752
Fox_education_Elizabeth,cooling_kw,hour_of_week_profile,177.71,127.3001,1752
Fox_education_Elizabeth,cooling_kw,seasonal_naive_168h,70.904,39.5993,1752
Fox_education_Elois,cooling_kw,hour_of_week_profile,21.0685,499.4673,1752
Fox_education_Elois,cooling_kw,seasonal_naive_168h,15.7165,232.8326,1752
Fox_education_Elvira,cooling_kw,hour_of_week_profile,82.3888,252.2412,1752
Fox_education_Elvira,cooling_kw,seasonal_naive_168h,30.4771,73.9317,1752
Fox_education_Gayla,cooling_kw,hour_of_week_profile,9.8355,0.0,1752
Fox_education_Gayla,cooling_kw,seasonal_naive_168h,0.0,0.0,1752
Fox_education_Geoffrey,cooling_kw,hour_of_week_profile,200.4257,343.3524,1752
Fox_education_Geoffrey,cooling_kw,seasonal_naive_168h,27.0584,42.2595,1752
Fox_education_Gloria,cooling_kw,hour_of_week_profile,254.0669,56.3011,1752
Fox_education_Gloria,cooling_kw,seasonal_naive_168h,83.4753,16.3796,1752
Fox_education_Heriberto,cooling_kw,hour_of_week_profile,53.287,339.6236,1070
Fox_education_Heriberto,cooling_kw,seasonal_naive_168h,16.3916,38.0722,1040
Fox_education_Jaclyn,cooling_kw,hour_of_week_profile,158.2564,70.21,1750
Fox_education_Jaclyn,cooling_kw,seasonal_naive_168h,65.3269,26.2424,1737
Fox_education_Jacqueline,cooling_kw,hour_of_week_profile,141.3274,68.6727,1752
Fox_education_Jacqueline,cooling_kw,seasonal_naive_168h,40.0331,17.0537,1752
Fox_education_Janina,cooling_kw,hour_of_week_profile,8.3075,144.1148,1750
Fox_education_Janina,cooling_kw,seasonal_naive_168h,1.6284,26.0334,1737
Fox_education_John,cooling_kw,hour_of_week_profile,15.3776,129.224,1752
Fox_education_John,cooling_kw,seasonal_naive_168h,8.0109,45.5232,1752
Fox_education_Kendrick,cooling_kw,hour_of_week_profile,11.2128,164.382,1752
Fox_education_Kendrick,cooling_kw,seasonal_naive_168h,5.6997,132.206,1752
Fox_education_Kim,cooling_kw,hour_of_week_profile,50.425,1330.8558,1752
Fox_education_Kim,cooling_kw,seasonal_naive_168h,17.8452,547.7904,1752
Fox_education_Leona,cooling_kw,hour_of_week_profile,258.2229,134.2899,1752
Fox_education_Leona,cooling_kw,seasonal_naive_168h,73.5759,27.1704,1752
Fox_education_Leota,cooling_kw,hour_of_week_profile,128.5717,173.37,1752
Fox_education_Leota,cooling_kw,seasonal_naive_168h,29.691,35.5496,1752
Fox_education_Lesley,cooling_kw,hour_of_week_profile,7.5937,61.8139,1752
Fox_education_Lesley,cooling_kw,seasonal_naive_168h,5.616,33.7637,1752
Fox_education_Lilly,cooling_kw,hour_of_week_profile,226.205,582.0117,1752
Fox_education_Lilly,cooling_kw,seasonal_naive_168h,54.2032,68.4388,1752
Fox_education_Long,cooling_kw,hour_of_week_profile,143.247,104.4411,1752
Fox_education_Long,cooling_kw,seasonal_naive_168h,39.2664,30.4022,1752
Fox_education_Louie,cooling_kw,hour_of_week_profile,197.435,53.4134,1752
Fox_education_Louie,cooling_kw,seasonal_naive_168h,99.0788,24.9079,1752
Fox_education_Marcelina,cooling_kw,hour_of_week_profile,4.443,468.5188,1752
Fox_education_Marcelina,cooling_kw,seasonal_naive_168h,1.332,139.0501,1752
Fox_education_Maris,cooling_kw,hour_of_week_profile,39.7724,3625.5093,1752
Fox_education_Maris,cooling_kw,seasonal_naive_168h,4.3747,143.8268,1752
Fox_education_Marlana,cooling_kw,hour_of_week_profile,188.7466,66.1324,1752
Fox_education_Marlana,cooling_kw,seasonal_naive_168h,59.132,18.0551,1752
Fox_education_Melinda,cooling_kw,hour_of_week_profile,527.0354,135.9401,1752
Fox_education_Melinda,cooling_kw,seasonal_naive_168h,269.7658,43.5287,1752
Fox_education_Melvin,cooling_kw,hour_of_week_profile,113.9015,430.8841,1752
Fox_education_Melvin,cooling_kw,seasonal_naive_168h,11.6851,40.4287,1752
Fox_education_Nilda,cooling_kw,hour_of_week_profile,156.064,2958.2959,1752
Fox_education_Nilda,cooling_kw,seasonal_naive_168h,54.1701,442.792,1752
Fox_education_Ollie,cooling_kw,hour_of_week_profile,52.3864,64.8801,1752
Fox_education_Ollie,cooling_kw,seasonal_naive_168h,41.5376,45.5673,1752
Fox_education_Otilia,cooling_kw,hour_of_week_profile,821.6524,193.3501,1750
Fox_education_Otilia,cooling_kw,seasonal_naive_168h,281.6225,48.2138,1737
Fox_education_Ray,cooling_kw,hour_of_week_profile,18.8553,49.8596,1752
Fox_education_Ray,cooling_kw,seasonal_naive_168h,5.9209,15.7201,1752
Fox_education_Rosie,cooling_kw,hour_of_week_profile,118.1124,148.4346,1752
Fox_education_Rosie,cooling_kw,seasonal_naive_168h,23.2133,28.5548,1752
Fox_education_Rudolph,cooling_kw,hour_of_week_profile,186.4925,1002.8881,1752
Fox_education_Rudolph,cooling_kw,seasonal_naive_168h,214.8933,4238.5591,1751
Fox_education_Shaun,cooling_kw,hour_of_week_profile,76.3798,1046.5421,1752
Fox_education_Shaun,cooling_kw,seasonal_naive_168h,22.3909,213.3226,1752
Fox_education_Shirley,cooling_kw,hour_of_week_profile,82.7781,3634.9202,1752
Fox_education_Shirley,cooling_kw,seasonal_naive_168h,22.1405,273.205,1752
Fox_education_Stacia,cooling_kw,hour_of_week_profile,14.9734,5.4343,1752
Fox_education_Stacia,cooling_kw,seasonal_naive_168h,13.1712,4.7253,1752
Fox_education_Sterling,cooling_kw,hour_of_week_profile,27.9104,117.6379,1752
Fox_education_Sterling,cooling_kw,seasonal_naive_168h,13.1241,61.6329,1752
Fox_education_Suzan,cooling_kw,hour_of_week_profile,50.0491,126.347,1752
Fox_education_Suzan,cooling_kw,seasonal_naive_168h,16.4002,38.211,1752
Fox_education_Theodore,cooling_kw,hour_of_week_profile,197.8609,332.3322,1752
Fox_education_Theodore,cooling_kw,seasonal_naive_168h,69.1721,92.3679,1752
Fox_education_Tonya,cooling_kw,hour_of_week_profile,138.5478,163.5542,1752
Fox_education_Tonya,cooling_kw,seasonal_naive_168h,38.7797,34.9896,1752
Fox_education_Virgil,cooling_kw,hour_of_week_profile,52.0904,45.6678,1752
Fox_education_Virgil,cooling_kw,seasonal_naive_168h,17.6636,14.6295,1752
Fox_education_Wendell,cooling_kw,hour_of_week_profile,279.3683,67.4445,1752
Fox_education_Wendell,cooling_kw,seasonal_naive_168h,116.3923,23.0581,1752
Fox_education_Yolande,cooling_kw,hour_of_week_profile,792.0507,164.8181,1752
Fox_education_Yolande,cooling_kw,seasonal_naive_168h,227.6847,37.063,1752
Fox_office_Alice,cooling_kw,hour_of_week_profile,375.3856,103.1344,1752
Fox_office_Alice,cooling_kw,seasonal_naive_168h,101.96,24.5375,1752
Fox_office_Bernard,cooling_kw,hour_of_week_profile,42.7802,55.789,1752
Fox_office_Bernard,cooling_kw,seasonal_naive_168h,16.316,20.6612,1752
Fox_office_Berniece,cooling_kw,hour_of_week_profile,39.2843,257.6552,1752
Fox_office_Berniece,cooling_kw,seasonal_naive_168h,5.9824,26.3871,1752
Fox_office_Carson,cooling_kw,hour_of_week_profile,49.5354,96.9447,1752
Fox_office_Carson,cooling_kw,seasonal_naive_168h,24.6857,39.3158,1752
Fox_office_Demetrius,cooling_kw,hour_of_week_profile,108.5201,163.0352,1752
Fox_office_Demetrius,cooling_kw,seasonal_naive_168h,27.2658,33.2967,1752
Fox_office_Easter,cooling_kw,hour_of_week_profile,11.9165,48.056,1605
Fox_office_Easter,cooling_kw,seasonal_naive_168h,6.8914,25.4439,1605
Fox_office_Edythe,cooling_kw,hour_of_week_profile,108.3904,159.8575,1752
Fox_office_Edythe,cooling_kw,seasonal_naive_168h,30.4299,53.6754,1752
Fox_office_Essie,cooling_kw,hour_of_week_profile,92.3235,2498.9954,1752
Fox_office_Essie,cooling_kw,seasonal_naive_168h,28.8474,405.7742,1752
Fox_office_Israel,cooling_kw,hour_of_week_profile,98.4797,2201.5396,1752
Fox_office_Israel,cooling_kw,seasonal_naive_168h,30.3849,211.0802,1752
Fox_office_Juana,cooling_kw,hour_of_week_profile,17.657,522.2771,1752
Fox_office_Juana,cooling_kw,seasonal_naive_168h,3.3993,39.6796,1752
Fox_office_Karima,cooling_kw,hour_of_week_profile,115.6223,439.5478,1752
Fox_office_Karima,cooling_kw,seasonal_naive_168h,29.0827,68.7184,1752
Fox_office_Margarita,cooling_kw,hour_of_week_profile,32.3484,61.9785,1752
Fox_office_Margarita,cooling_kw,seasonal_naive_168h,6.3769,29.7539,1752
Fox_office_Rowena,cooling_kw,hour_of_week_profile,28.5929,521.7945,1752
Fox_office_Rowena,cooling_kw,seasonal_naive_168h,19.3823,337.8566,1752
Fox_office_Sheila,cooling_kw,hour_of_week_profile,7.0767,19.093,1752
Fox_office_Sheila,cooling_kw,seasonal_naive_168h,3.4521,9.5166,1752
Fox_office_Thelma,cooling_kw,hour_of_week_profile,208.3056,441.342,1752
Fox_office_Thelma,cooling_kw,seasonal_naive_168h,32.0757,49.7128,1752
Fox_office_Yong,cooling_kw,hour_of_week_profile,98.6716,66.5614,1752
Fox_office_Yong,cooling_kw,seasonal_naive_168h,35.4321,19.2755,1752
Fox_office_Zachary,cooling_kw,hour_of_week_profile,159.0379,312.8423,1752
Fox_office_Zachary,cooling_kw,seasonal_naive_168h,40.4832,54.3317,1752
Hog_education_Beth,cooling_kw,hour_of_week_profile,88.159,363.4775,1752
Hog_education_Beth,cooling_kw,seasonal_naive_168h,13.2495,33.0268,1752
Hog_education_Caridad,cooling_kw,hour_of_week_profile,1557.2744,1004.7355,1752
Hog_education_Caridad,cooling_kw,seasonal_naive_168h,92.9217,76.4397,1752
Hog_education_Casandra,cooling_kw,hour_of_week_profile,410.9744,911.5709,1752
Hog_education_Casandra,cooling_kw,seasonal_naive_168h,53.2606,119.7193,1752
Hog_education_Cathleen,cooling_kw,hour_of_week_profile,176.413,119.4034,1752
Hog_education_Cathleen,cooling_kw,seasonal_naive_168h,34.8803,21.1525,1752
Hog_education_Donnie,cooling_kw,hour_of_week_profile,46.5069,657.5276,1752
Hog_education_Donnie,cooling_kw,seasonal_naive_168h,4.7367,206.5506,1752
Hog_education_Hallie,cooling_kw,hour_of_week_profile,14.1795,83.0619,1752
Hog_education_Hallie,cooling_kw,seasonal_naive_168h,0.4999,99.3642,1752
Hog_education_Haywood,cooling_kw,hour_of_week_profile,67.8903,487.9196,1752
Hog_education_Haywood,cooling_kw,seasonal_naive_168h,9.0155,223.2786,1752
Hog_education_Janell,cooling_kw,hour_of_week_profile,267648.4375,94.6305,1752
Hog_education_Janell,cooling_kw,seasonal_naive_168h,33837.1875,12.4569,1752
Hog_education_Jared,cooling_kw,hour_of_week_profile,1.9546,81.0173,1752
Hog_education_Jared,cooling_kw,seasonal_naive_168h,0.1957,231.0527,1752
Hog_education_Leandro,cooling_kw,hour_of_week_profile,45.4367,504.4204,1752
Hog_education_Leandro,cooling_kw,seasonal_naive_168h,7.3186,205.1919,1752
Hog_education_Luvenia,cooling_kw,hour_of_week_profile,637.0594,3707.0264,1752
Hog_education_Luvenia,cooling_kw,seasonal_naive_168h,71.2957,287.561,1752
Hog_education_Madge,cooling_kw,hour_of_week_profile,44.1572,821.8601,1752
Hog_education_Madge,cooling_kw,seasonal_naive_168h,1.4983,240.5313,1752
Hog_education_Martha,cooling_kw,hour_of_week_profile,63.9108,1878.2314,1752
Hog_education_Martha,cooling_kw,seasonal_naive_168h,8.0478,139.7619,1752
Hog_education_Mathilda,cooling_kw,hour_of_week_profile,6.0137,58.6071,1752
Hog_education_Mathilda,cooling_kw,seasonal_naive_168h,0.4397,0.0,1752
Hog_education_Odell,cooling_kw,hour_of_week_profile,500.018,731.58,1752
Hog_education_Odell,cooling_kw,seasonal_naive_168h,67.4007,92.5646,1752
Hog_education_Roberto,cooling_kw,hour_of_week_profile,77.1507,176.8456,1752
Hog_education_Roberto,cooling_kw,seasonal_naive_168h,27.3764,59.7614,1752
Hog_education_Sonia,cooling_kw,hour_of_week_profile,465.2469,27935.334,1752
Hog_education_Sonia,cooling_kw,seasonal_naive_168h,54.6631,17247.3125,1752
Hog_education_Wayne,cooling_kw,hour_of_week_profile,24.9047,4785.8911,1752
Hog_education_Wayne,cooling_kw,seasonal_naive_168h,3.5927,550.8365,1752
Hog_office_Almeda,cooling_kw,hour_of_week_profile,12.1281,90.3847,1752
Hog_office_Almeda,cooling_kw,seasonal_naive_168h,1.7038,47.378,1752
Hog_office_Bessie,cooling_kw,hour_of_week_profile,15.5105,2953.6572,1752
Hog_office_Bessie,cooling_kw,seasonal_naive_168h,2.3882,293.608,1752
Hog_office_Betsy,cooling_kw,hour_of_week_profile,203.955,475.1058,1752
Hog_office_Betsy,cooling_kw,seasonal_naive_168h,26.4608,40.3046,1752
Hog_office_Bryan,cooling_kw,hour_of_week_profile,18.3714,218.0908,1752
Hog_office_Bryan,cooling_kw,seasonal_naive_168h,10.5213,58.63,1752
Hog_office_Byron,cooling_kw,hour_of_week_profile,908.9531,1248.5702,1752
Hog_office_Byron,cooling_kw,seasonal_naive_168h,105.7299,91.8273,1752
Hog_office_Candi,cooling_kw,hour_of_week_profile,450.5912,5052.2651,1752
Hog_office_Candi,cooling_kw,seasonal_naive_168h,9.7535,146.2751,1752
Hog_office_Catalina,cooling_kw,hour_of_week_profile,6.5515,358.8499,1752
Hog_office_Catalina,cooling_kw,seasonal_naive_168h,0.6298,295.7513,1752
Hog_office_Catharine,cooling_kw,hour_of_week_profile,193.3937,37029.2539,1752
Hog_office_Catharine,cooling_kw,seasonal_naive_168h,31.1232,3902.5657,1752
Hog_office_Charla,cooling_kw,hour_of_week_profile,40.5704,2376.6702,1752
Hog_office_Charla,cooling_kw,seasonal_naive_168h,6.0157,189.5713,1752
Hog_office_Cordelia,cooling_kw,hour_of_week_profile,19.6347,506.7752,1752
Hog_office_Cordelia,cooling_kw,seasonal_naive_168h,2.5154,98.2659,1752
Hog_office_Corey,cooling_kw,hour_of_week_profile,46.9085,1436.6998,1752
Hog_office_Corey,cooling_kw,seasonal_naive_168h,4.2152,524.7707,1752
Hog_office_Corie,cooling_kw,hour_of_week_profile,58.9021,934.5688,1752
Hog_office_Corie,cooling_kw,seasonal_naive_168h,7.7855,93.6268,1752
Hog_office_Cornell,cooling_kw,hour_of_week_profile,959.134,6214.8257,1752
Hog_office_Cornell,cooling_kw,seasonal_naive_168h,123.7016,365.7093,1752
Hog_office_Cortney,cooling_kw,hour_of_week_profile,37.4689,218.2949,1752
Hog_office_Cortney,cooling_kw,seasonal_naive_168h,9.8629,101.6856,1752
Hog_office_Darlene,cooling_kw,hour_of_week_profile,64.652,2672.158,1752
Hog_office_Darlene,cooling_kw,seasonal_naive_168h,9.8155,180.1403,1752
Hog_office_Darline,cooling_kw,hour_of_week_profile,93.9993,39.9209,1752
Hog_office_Darline,cooling_kw,seasonal_naive_168h,20.7253,7.3052,1752
Hog_office_Denita,cooling_kw,hour_of_week_profile,36.932,947.6372,1752
Hog_office_Denita,cooling_kw,seasonal_naive_168h,3.25,99.4539,1752
Hog_office_Elizbeth,cooling_kw,hour_of_week_profile,25.9702,380.1552,1752
Hog_office_Elizbeth,cooling_kw,seasonal_naive_168h,3.2896,36.1555,1752
Hog_office_Elke,cooling_kw,hour_of_week_profile,13.3828,1506.5848,1752
Hog_office_Elke,cooling_kw,seasonal_naive_168h,1.7758,117.8948,1752
Hog_office_Elnora,cooling_kw,hour_of_week_profile,17.7964,14.9084,1752
Hog_office_Elnora,cooling_kw,seasonal_naive_168h,24.5734,18.517,1752
Hog_office_Eloise,cooling_kw,hour_of_week_profile,21.4487,356.6215,1752
Hog_office_Eloise,cooling_kw,seasonal_naive_168h,19.2457,199.964,1752
Hog_office_Emmanuel,cooling_kw,hour_of_week_profile,5.065,99.6733,1752
Hog_office_Emmanuel,cooling_kw,seasonal_naive_168h,0.6278,166.8047,1752
Hog_office_Garrett,cooling_kw,hour_of_week_profile,97.9201,2574.0469,1743
Hog_office_Garrett,cooling_kw,seasonal_naive_168h,16.0108,432.4656,1705
Hog_office_Guadalupe,cooling_kw,hour_of_week_profile,25.0638,204.3853,1752
Hog_office_Guadalupe,cooling_kw,seasonal_naive_168h,3.9018,26.6621,1752
Hog_office_Gustavo,cooling_kw,hour_of_week_profile,42.6767,79.2528,1752
Hog_office_Gustavo,cooling_kw,seasonal_naive_168h,5.2077,97.4147,1752
Hog_office_Joey,cooling_kw,hour_of_week_profile,924.3109,208.3255,1752
Hog_office_Joey,cooling_kw,seasonal_naive_168h,223.0546,33.2084,1752
Hog_office_Josefina,cooling_kw,hour_of_week_profile,88.7247,3322.2717,1752
Hog_office_Josefina,cooling_kw,seasonal_naive_168h,12.1249,1028.6758,1752
Hog_office_Leanne,cooling_kw,hour_of_week_profile,28.1875,225.6428,1752
Hog_office_Leanne,cooling_kw,seasonal_naive_168h,2.267,51.0191,1752
Hog_office_Marlena,cooling_kw,hour_of_week_profile,15.1654,49.8097,1752
Hog_office_Marlena,cooling_kw,seasonal_naive_168h,2.0856,100.0,1752
Hog_office_Marlene,cooling_kw,hour_of_week_profile,11.0874,2737.9829,1752
Hog_office_Marlene,cooling_kw,seasonal_naive_168h,2.4833,152.3056,1752
Hog_office_Mary,cooling_kw,hour_of_week_profile,39.6616,390.6506,1752
Hog_office_Mary,cooling_kw,seasonal_naive_168h,6.9911,189.8055,1752
Hog_office_Miriam,cooling_kw,hour_of_week_profile,8.5514,323.9659,1752
Hog_office_Miriam,cooling_kw,seasonal_naive_168h,1.2228,277.0393,1752
Hog_office_Myles,cooling_kw,hour_of_week_profile,20.0318,711.2402,1752
Hog_office_Myles,cooling_kw,seasonal_naive_168h,7.288,118.5775,1752
Hog_office_Nancie,cooling_kw,hour_of_week_profile,42.0982,243.3457,1752
Hog_office_Nancie,cooling_kw,seasonal_naive_168h,6.6708,166.5509,1752
Hog_office_Napoleon,cooling_kw,hour_of_week_profile,53.8363,2132.8235,1752
Hog_office_Napoleon,cooling_kw,seasonal_naive_168h,7.7283,303.9002,1752
Hog_office_Nia,cooling_kw,hour_of_week_profile,1077.1764,7773.2588,1752
Hog_office_Nia,cooling_kw,seasonal_naive_168h,136.2587,410.982,1752
Hog_office_Richelle,cooling_kw,hour_of_week_profile,98.0407,5454.0625,1752
Hog_office_Richelle,cooling_kw,seasonal_naive_168h,13.038,829.4786,1752
Hog_office_Roger,cooling_kw,hour_of_week_profile,162.6512,2211.1438,1752
Hog_office_Roger,cooling_kw,seasonal_naive_168h,21.774,418.4731,1752
Hog_office_Rolando,cooling_kw,hour_of_week_profile,423.2577,1379.0447,1752
Hog_office_Rolando,cooling_kw,seasonal_naive_168h,60.2025,139.5671,1752
Hog_office_Sarah,cooling_kw,hour_of_week_profile,254.1702,104535.9609,1752
Hog_office_Sarah,cooling_kw,seasonal_naive_168h,25.5679,4727.022,1752
Hog_office_Shawna,cooling_kw,hour_of_week_profile,38.5135,785.9008,1752
Hog_office_Shawna,cooling_kw,seasonal_naive_168h,4.3995,156.0667,1752
Hog_office_Shon,cooling_kw,hour_of_week_profile,43.3715,592.0931,1752
Hog_office_Shon,cooling_kw,seasonal_naive_168h,5.6591,412.9395,1752
Hog_office_Simon,cooling_kw,hour_of_week_profile,17.9362,592.2388,1752
Hog_office_Simon,cooling_kw,seasonal_naive_168h,2.2302,318.6856,1752
Hog_office_Sydney,cooling_kw,hour_of_week_profile,20.5712,182.0579,1752
Hog_office_Sydney,cooling_kw,seasonal_naive_168h,2.5206,160.9388,1752
Hog_office_Terry,cooling_kw,hour_of_week_profile,301.0594,358.0437,1752
Hog_office_Terry,cooling_kw,seasonal_naive_168h,36.0754,29.7218,1752
Hog_office_Vera,cooling_kw,hour_of_week_profile,63.6694,948.7444,1752
Hog_office_Vera,cooling_kw,seasonal_naive_168h,7.4205,796.357,1752
Moose_education_Abbie,cooling_kw,hour_of_week_profile,569.0495,210.6047,1746
Moose_education_Abbie,cooling_kw,seasonal_naive_168h,195.2626,59.5894,1720
Moose_education_Clark,cooling_kw,hour_of_week_profile,1347.6067,130.2505,1746
Moose_education_Clark,cooling_kw,seasonal_naive_168h,195.1478,123.7591,1720
Moose_education_Dennis,cooling_kw,hour_of_week_profile,120.3425,318.6095,1747
Moose_education_Dennis,cooling_kw,seasonal_naive_168h,16.468,30.4284,1723
Moose_education_Diane,cooling_kw,hour_of_week_profile,415.8768,5267.9546,1746
Moose_education_Diane,cooling_kw,seasonal_naive_168h,73.4881,255.688,1720
Moose_education_Florence,cooling_kw,hour_of_week_profile,665.9292,157.7289,1746
Moose_education_Florence,cooling_kw,seasonal_naive_168h,114.1075,19.4037,1720
Moose_education_Gladys,cooling_kw,hour_of_week_profile,917.445,59.9972,1734
Moose_education_Gladys,cooling_kw,seasonal_naive_168h,78.0966,100.0,1731
Moose_education_Leland,cooling_kw,hour_of_week_profile,938.9641,1884.0006,1746
Moose_education_Leland,cooling_kw,seasonal_naive_168h,142.59,122.2126,1720
Moose_education_Lori,cooling_kw,hour_of_week_profile,262.8615,576.1507,1733
Moose_education_Lori,cooling_kw,seasonal_naive_168h,59.8634,679.4813,1731
Moose_education_Maria,cooling_kw,hour_of_week_profile,884.4178,0.0,1735
Moose_education_Maria,cooling_kw,seasonal_naive_168h,6.7358,0.0,1733
Moose_education_Marina,cooling_kw,hour_of_week_profile,76.3561,854.7917,1746
Moose_education_Marina,cooling_kw,seasonal_naive_168h,6.7524,442.4577,1720
Moose_education_Marlon,cooling_kw,hour_of_week_profile,60.5278,144.6266,1746
Moose_education_Marlon,cooling_kw,seasonal_naive_168h,9.8718,27.2042,1720
Moose_education_Omar,cooling_kw,hour_of_week_profile,482.3384,183.6476,1747
Moose_education_Omar,cooling_kw,seasonal_naive_168h,300.4975,135.4904,1723
Moose_education_Rene,cooling_kw,hour_of_week_profile,773.5447,7313.6172,1746
Moose_education_Rene,cooling_kw,seasonal_naive_168h,327.4602,3860.5869,1720
Moose_education_Ricardo,cooling_kw,hour_of_week_profile,285.6145,78.0394,1747
Moose_education_Ricardo,cooling_kw,seasonal_naive_168h,73.0385,15.7395,1723
Moose_education_Sasha,cooling_kw,hour_of_week_profile,193.1765,281.1157,1747
Moose_education_Sasha,cooling_kw,seasonal_naive_168h,31.7919,35.771,1723
Panther_education_Annetta,cooling_kw,hour_of_week_profile,293.8195,115.0361,1558
Panther_education_Annetta,cooling_kw,seasonal_naive_168h,349.9524,106.7171,1555
Panther_education_Aurora,cooling_kw,hour_of_week_profile,825.5824,91.0228,1752
Panther_education_Aurora,cooling_kw,seasonal_naive_168h,842.3729,75.7972,1749
Panther_education_Cleopatra,cooling_kw,hour_of_week_profile,202.5982,50.1006,1752
Panther_education_Cleopatra,cooling_kw,seasonal_naive_168h,182.1151,45.1314,1749
Panther_education_Emily,cooling_kw,hour_of_week_profile,737.376,67.1528,1750
Panther_education_Emily,cooling_kw,seasonal_naive_168h,626.076,53.9459,1747
Panther_education_Enriqueta,cooling_kw,hour_of_week_profile,435.348,85.4757,1751
Panther_education_Enriqueta,cooling_kw,seasonal_naive_168h,427.4886,63.1132,1748
Panther_education_Ivan,cooling_kw,hour_of_week_profile,954.8418,114.0904,1672
Panther_education_Ivan,cooling_kw,seasonal_naive_168h,985.9621,99.7308,1669
Panther_education_Jerome,cooling_kw,hour_of_week_profile,2948.0098,102.2353,1751
Panther_education_Jerome,cooling_kw,seasonal_naive_168h,3108.9246,92.7658,1747
Panther_education_Neal,cooling_kw,hour_of_week_profile,553.1668,43.5104,1751
Panther_education_Neal,cooling_kw,seasonal_naive_168h,690.1683,46.3864,1748
Panther_education_Quintin,cooling_kw,hour_of_week_profile,1234.9454,212.4932,1752
Panther_education_Quintin,cooling_kw,seasonal_naive_168h,1471.9565,142.1694,1749
Panther_education_Teofila,cooling_kw,hour_of_week_profile,641.1041,135.9852,1641
Panther_education_Teofila,cooling_kw,seasonal_naive_168h,804.5995,143.0684,1638
Panther_education_Vincent,cooling_kw,hour_of_week_profile,1156.7549,147.2858,1727
Panther_education_Vincent,cooling_kw,seasonal_naive_168h,1135.8792,121.2362,1666
Panther_education_Zelda,cooling_kw,hour_of_week_profile,528.6829,147.829,1750
Panther_education_Zelda,cooling_kw,seasonal_naive_168h,284.6964,76.0097,1747
Panther_office_Brent,cooling_kw,hour_of_week_profile,64.1158,29.4775,1752
Panther_office_Brent,cooling_kw,seasonal_naive_168h,63.9792,36.1511,1749
Panther_office_Christian,cooling_kw,hour_of_week_profile,193.495,69.725,1750
Panther_office_Christian,cooling_kw,seasonal_naive_168h,208.9256,61.6662,1747
Panther_office_Garth,cooling_kw,hour_of_week_profile,428.7246,131.7362,1752
Panther_office_Garth,cooling_kw,seasonal_naive_168h,441.1694,114.2836,1749
Panther_office_Graham,cooling_kw,hour_of_week_profile,925.4605,254.4145,1684
Panther_office_Graham,cooling_kw,seasonal_naive_168h,693.7465,190.6989,1681
Panther_office_Karla,cooling_kw,hour_of_week_profile,308.9968,276.7995,1751
Panther_office_Karla,cooling_kw,seasonal_naive_168h,157.8059,107.2276,1748
Panther_office_Lavinia,cooling_kw,hour_of_week_profile,30.7638,24.4268,1750
Panther_office_Lavinia,cooling_kw,seasonal_naive_168h,28.7765,21.8399,1747
Peacock_education_Anita,cooling_kw,hour_of_week_profile,16.7118,750.2475,1190
Peacock_education_Anita,cooling_kw,seasonal_naive_168h,17.3294,650.658,999
Peacock_education_Dustin,cooling_kw,hour_of_week_profile,95.934,721.2748,1745
Peacock_education_Dustin,cooling_kw,seasonal_naive_168h,36.4266,206.7844,1745
Peacock_education_Forest,cooling_kw,hour_of_week_profile,91.6002,1906.193,1704
Peacock_education_Forest,cooling_kw,seasonal_naive_168h,58.6559,652.3499,1515
Peacock_education_Lucie,cooling_kw,hour_of_week_profile,1088.3674,112.8927,1746
Peacock_education_Lucie,cooling_kw,seasonal_naive_168h,398.3049,29.0955,1746
Peacock_education_Ophelia,cooling_kw,hour_of_week_profile,104.322,28.469,1746
Peacock_education_Ophelia,cooling_kw,seasonal_naive_168h,134.3599,51.4744,1746
Peacock_education_Pasquale,cooling_kw,hour_of_week_profile,267.1257,30137.7832,1745
Peacock_education_Pasquale,cooling_kw,seasonal_naive_168h,105.9783,4636.3394,1745
Peacock_education_Patience,cooling_kw,hour_of_week_profile,11.593,134.3603,1748
Peacock_education_Patience,cooling_kw,seasonal_naive_168h,3.1702,161.3957,1747
Peacock_education_Yolanda,cooling_kw,hour_of_week_profile,185.84,396.8404,1746
Peacock_education_Yolanda,cooling_kw,seasonal_naive_168h,57.5895,177.8611,1746
Peacock_office_Effie,cooling_kw,hour_of_week_profile,78.9084,10027.5488,1743
Peacock_office_Effie,cooling_kw,seasonal_naive_168h,32.4283,2050.0806,1743
Peacock_office_Jonathon,cooling_kw,hour_of_week_profile,7.4584,351.5731,1745
Peacock_office_Jonathon,cooling_kw,seasonal_naive_168h,2.3854,126.2906,1744
Peacock_office_Julian,cooling_kw,hour_of_week_profile,20.1758,3232.5955,1731
Peacock_office_Julian,cooling_kw,seasonal_naive_168h,7.624,891.4047,1720
Peacock_office_Major,cooling_kw,hour_of_week_profile,58.3766,68.8811,1721
Peacock_office_Major,cooling_kw,seasonal_naive_168h,37.8642,37.2523,1721
Peacock_office_Naomi,cooling_kw,hour_of_week_profile,79.5317,0.9487,1742
Peacock_office_Naomi,cooling_kw,seasonal_naive_168h,0.0584,100.0,1726
Peacock_office_Norman,cooling_kw,hour_of_week_profile,32.8913,525.6368,1746
Peacock_office_Norman,cooling_kw,seasonal_naive_168h,12.8711,136.5322,1746
