building_id,metric,model,MAE,CV(RMSE),delta_cvrmse_vs_seasonal_naive_pct
Bear_education_Alfredo,power_active_kw,seasonal_naive_168h,0.0595,63.47,0.0
Bear_education_Alfredo,power_active_kw,ridge_regression,0.0566,51.83,-18.34
Bear_education_Alvaro,power_active_kw,seasonal_naive_168h,32.8267,10.87,0.0
Bear_education_Alvaro,power_active_kw,ridge_regression,18.992,6.49,-40.33
Bear_education_Arnold,power_active_kw,seasonal_naive_168h,0.237,90.46,0.0
Bear_education_Arnold,power_active_kw,ridge_regression,0.232,69.14,-23.56
Bear_education_Augusta,power_active_kw,seasonal_naive_168h,16.127,30.92,0.0
Bear_education_Augusta,power_active_kw,ridge_regression,18.6232,25.03,-19.02
Bear_education_Austin,power_active_kw,seasonal_naive_168h,3.4838,41.54,0.0
Bear_education_Austin,power_active_kw,ridge_regression,3.3196,35.69,-14.1
Bear_education_Babara,power_active_kw,seasonal_naive_168h,27.1837,10.61,0.0
Bear_education_Babara,power_active_kw,ridge_regression,16.4487,6.0,-43.49
Bear_education_Benita,power_active_kw,seasonal_naive_168h,29.501,7.2,0.0
Bear_education_Benita,power_active_kw,ridge_regression,18.2819,4.3,-40.3
Bear_education_Benjamin,power_active_kw,seasonal_naive_168h,0.4071,73.25,0.0
Bear_education_Benjamin,power_active_kw,ridge_regression,0.3841,59.53,-18.73
Bear_education_Bob,power_active_kw,seasonal_naive_168h,17.9406,24.36,0.0
Bear_education_Bob,power_active_kw,ridge_regression,16.6653,19.65,-19.32
Bear_education_Bonita,power_active_kw,seasonal_naive_168h,0.013,30.03,0.0
Bear_education_Bonita,power_active_kw,ridge_regression,0.0549,63.75,112.27
Bear_education_Bulah,power_active_kw,seasonal_naive_168h,77.7368,8.38,0.0
Bear_education_Bulah,power_active_kw,ridge_regression,65.4181,5.9,-29.65
Bear_education_Carlo,power_active_kw,seasonal_naive_168h,1.3267,59.62,0.0
Bear_education_Carlo,power_active_kw,ridge_regression,1.0322,42.81,-28.2
Bear_education_Chad,power_active_kw,seasonal_naive_168h,54.8102,8.35,0.0
Bear_education_Chad,power_active_kw,ridge_regression,40.9637,5.58,-33.17
Bear_education_Chana,power_active_kw,seasonal_naive_168h,2.7678,20.28,0.0
Bear_education_Chana,power_active_kw,ridge_regression,2.2798,15.14,-25.31
Bear_education_Chun,power_active_kw,seasonal_naive_168h,15.9685,26.69,0.0
Bear_education_Chun,power_active_kw,ridge_regression,10.362,17.47,-34.56
Bear_education_Clint,power_active_kw,seasonal_naive_168h,4.5313,12.04,0.0
Bear_education_Clint,power_active_kw,ridge_regression,3.9081,10.15,-15.71
Bear_education_Curtis,power_active_kw,seasonal_naive_168h,7.3267,16.87,0.0
Bear_education_Curtis,power_active_kw,ridge_regression,5.9402,13.35,-20.86
Bear_education_Danna,power_active_kw,seasonal_naive_168h,19.9761,34.34,0.0
Bear_education_Danna,power_active_kw,ridge_regression,17.3525,29.27,-14.76
Bear_education_Darrell,power_active_kw,seasonal_naive_168h,6.945,44.54,0.0
Bear_education_Darrell,power_active_kw,ridge_regression,6.464,36.94,-17.08
Bear_education_Deborah,power_active_kw,seasonal_naive_168h,0.5148,158.9,0.0
Bear_education_Deborah,power_active_kw,ridge_regression,0.4947,132.94,-16.34
Bear_education_Deena,power_active_kw,seasonal_naive_168h,1.5405,29.96,0.0
Bear_education_Deena,power_active_kw,ridge_regression,1.2451,22.88,-23.63
Bear_education_Derek,power_active_kw,seasonal_naive_168h,23.9731,28.11,0.0
Bear_education_Derek,power_active_kw,ridge_regression,11.9579,14.28,-49.21
Bear_education_Destiny,power_active_kw,seasonal_naive_168h,17.5829,26.83,0.0
Bear_education_Destiny,power_active_kw,ridge_regression,12.7938,19.19,-28.49
Bear_education_Elise,power_active_kw,seasonal_naive_168h,33.1948,30.92,0.0
Bear_education_Elise,power_active_kw,ridge_regression,24.3138,21.91,-29.14
Bear_education_Fannie,power_active_kw,seasonal_naive_168h,35.393,14.74,0.0
Bear_education_Fannie,power_active_kw,ridge_regression,18.9279,7.17,-51.36
Bear_education_Gavin,power_active_kw,seasonal_naive_168h,5.5925,8.41,0.0
Bear_education_Gavin,power_active_kw,ridge_regression,4.7244,7.12,-15.27
Bear_education_Herb,power_active_kw,seasonal_naive_168h,2.0037,27.62,0.0
Bear_education_Herb,power_active_kw,ridge_regression,1.6579,21.57,-21.91
Bear_education_Herman,power_active_kw,seasonal_naive_168h,0.0819,58.05,0.0
Bear_education_Herman,power_active_kw,ridge_regression,0.0698,42.97,-25.98
Bear_education_Holly,power_active_kw,seasonal_naive_168h,0.4008,41.25,0.0
Bear_education_Holly,power_active_kw,ridge_regression,0.2981,30.7,-25.57
Bear_education_Irene,power_active_kw,seasonal_naive_168h,13.2962,40.42,0.0
Bear_education_Irene,power_active_kw,ridge_regression,18.0024,33.12,-18.06
Bear_education_Iris,power_active_kw,seasonal_naive_168h,6.6323,26.13,0.0
Bear_education_Iris,power_active_kw,ridge_regression,6.9871,24.45,-6.42
Bear_education_Katy,power_active_kw,seasonal_naive_168h,17.4147,22.35,0.0
Bear_education_Katy,power_active_kw,ridge_regression,13.0265,14.81,-33.76
Bear_education_Lashanda,power_active_kw,seasonal_naive_168h,11.8464,22.01,0.0
Bear_education_Lashanda,power_active_kw,ridge_regression,11.1332,19.73,-10.35
Bear_education_Laurette,power_active_kw,seasonal_naive_168h,1.9887,5.46,0.0
Bear_education_Laurette,power_active_kw,ridge_regression,1.8813,4.92,-9.93
Bear_education_Leonel,power_active_kw,seasonal_naive_168h,23.9813,37.47,0.0
Bear_education_Leonel,power_active_kw,ridge_regression,20.405,27.91,-25.53
Bear_education_Lewis,power_active_kw,seasonal_naive_168h,3.1865,25.77,0.0
Bear_education_Lewis,power_active_kw,ridge_regression,2.8583,22.86,-11.32
Bear_education_Lidia,power_active_kw,seasonal_naive_168h,2.1192,32.5,0.0
Bear_education_Lidia,power_active_kw,ridge_regression,2.0935,29.26,-9.96
Bear_education_Lila,power_active_kw,seasonal_naive_168h,7.9007,6.1,0.0
Bear_education_Lila,power_active_kw,ridge_regression,9.116,5.78,-5.29
Bear_education_Liliana,power_active_kw,seasonal_naive_168h,24.9628,7.54,0.0
Bear_education_Liliana,power_active_kw,ridge_regression,17.1381,4.92,-34.8
Bear_education_Lorie,power_active_kw,seasonal_naive_168h,25.4612,9.46,0.0
Bear_education_Lorie,power_active_kw,ridge_regression,17.244,5.78,-38.87
Bear_education_Mara,power_active_kw,seasonal_naive_168h,15.505,4.43,0.0
Bear_education_Mara,power_active_kw,ridge_regression,12.0642,3.56,-19.67
Bear_education_Marie,power_active_kw,seasonal_naive_168h,3.2787,33.45,0.0
Bear_education_Marie,power_active_kw,ridge_regression,3.6711,31.42,-6.07
Bear_education_Marsha,power_active_kw,seasonal_naive_168h,7.3422,16.1,0.0
Bear_education_Marsha,power_active_kw,ridge_regression,6.3579,13.06,-18.86
Bear_education_Marta,power_active_kw,seasonal_naive_168h,9.3088,36.43,0.0
Bear_education_Marta,power_active_kw,ridge_regression,7.9036,27.61,-24.21
Bear_education_Maryjane,power_active_kw,seasonal_naive_168h,48.7036,22.64,0.0
Bear_education_Maryjane,power_active_kw,ridge_regression,30.8164,12.3,-45.66
Bear_education_Merrill,power_active_kw,seasonal_naive_168h,3.1613,25.88,0.0
Bear_education_Merrill,power_active_kw,ridge_regression,3.1773,24.72,-4.45
Bear_education_Millie,power_active_kw,seasonal_naive_168h,0.3044,17.51,0.0
Bear_education_Millie,power_active_kw,ridge_regression,0.306,14.51,-17.1
Bear_education_Nanette,power_active_kw,seasonal_naive_168h,17.2813,24.33,0.0
Bear_education_Nanette,power_active_kw,ridge_regression,11.2821,14.77,-39.3
Bear_education_Oscar,power_active_kw,seasonal_naive_168h,1.3612,23.28,0.0
Bear_education_Oscar,power_active_kw,ridge_regression,1.2964,20.49,-12.0
Bear_education_Owen,power_active_kw,seasonal_naive_168h,14.916,19.74,0.0
Bear_education_Owen,power_active_kw,ridge_regression,17.7548,20.04,1.51
Bear_education_Paola,power_active_kw,seasonal_naive_168h,23.6743,23.77,0.0
Bear_education_Paola,power_active_kw,ridge_regression,19.8871,19.33,-18.64
Bear_education_Patricia,power_active_kw,seasonal_naive_168h,26.0761,5.54,0.0
Bear_education_Patricia,power_active_kw,ridge_regression,23.7609,4.84,-12.69
Bear_education_Pattie,power_active_kw,seasonal_naive_168h,11.2978,7.86,0.0
Bear_education_Pattie,power_active_kw,ridge_regression,9.7946,6.17,-21.61
Bear_education_Rebecca,power_active_kw,seasonal_naive_168h,37.2763,6.85,0.0
Bear_education_Rebecca,power_active_kw,ridge_regression,24.1297,4.38,-36.09
Bear_education_Sandy,power_active_kw,seasonal_naive_168h,0.9161,20.41,0.0
Bear_education_Sandy,power_active_kw,ridge_regression,0.9005,17.19,-15.76
Bear_education_Santos,power_active_kw,seasonal_naive_168h,2.7726,76.26,0.0
Bear_education_Santos,power_active_kw,ridge_regression,2.9657,60.66,-20.46
Bear_education_Sharon,power_active_kw,seasonal_naive_168h,6.0396,7.5,0.0
Bear_education_Sharon,power_active_kw,ridge_regression,5.4121,6.05,-19.25
Bear_education_Tara,power_active_kw,seasonal_naive_168h,0.8681,34.51,0.0
Bear_education_Tara,power_active_kw,ridge_regression,0.6876,26.17,-24.18
Bear_education_Thuy,power_active_kw,seasonal_naive_168h,34.6443,24.23,0.0
Bear_education_Thuy,power_active_kw,ridge_regression,30.2354,18.98,-21.66
Bear_education_Val,power_active_kw,seasonal_naive_168h,18.041,8.1,0.0
Bear_education_Val,power_active_kw,ridge_regression,19.511,8.16,0.74
Bear_education_Wade,power_active_kw,seasonal_naive_168h,8.2207,25.93,0.0
Bear_education_Wade,power_active_kw,ridge_regression,8.0703,20.75,-20.0
Bear_education_Wilton,power_active_kw,seasonal_naive_168h,137.3032,11.16,0.0
Bear_education_Wilton,power_active_kw,ridge_regression,117.8442,8.37,-24.95
Bear_education_Wm,power_active_kw,seasonal_naive_168h,4.9198,17.41,0.0
Bear_education_Wm,power_active_kw,ridge_regression,4.2036,13.99,-19.66
Bear_education_Yuri,power_active_kw,seasonal_naive_168h,3.597,44.51,0.0
Bear_education_Yuri,power_active_kw,ridge_regression,3.2843,39.17,-11.99
Bear_education_Yvette,power_active_kw,seasonal_naive_168h,2.9633,44.37,0.0
Bear_education_Yvette,power_active_kw,ridge_regression,2.5544,32.53,-26.69
Bear_education_Zandra,power_active_kw,seasonal_naive_168h,12.594,1.88,0.0
Bear_education_Zandra,power_active_kw,ridge_regression,20.8943,2.8,49.37
Bobcat_education_Alissa,power_active_kw,seasonal_naive_168h,8.7817,26.13,0.0
Bobcat_education_Alissa,power_active_kw,ridge_regression,9.4995,23.26,-10.98
Bobcat_education_Angela,power_active_kw,seasonal_naive_168h,9.1338,16.95,0.0
Bobcat_education_Angela,power_active_kw,ridge_regression,7.7371,13.7,-19.16
Bobcat_education_Coleman,power_active_kw,seasonal_naive_168h,11.9226,21.15,0.0
Bobcat_education_Coleman,power_active_kw,ridge_regression,11.5513,17.14,-18.96
Bobcat_education_Dylan,power_active_kw,seasonal_naive_168h,13.2672,16.13,0.0
Bobcat_education_Dylan,power_active_kw,ridge_regression,10.9032,12.59,-21.96
Bobcat_education_Hollis,power_active_kw,seasonal_naive_168h,15.8,21.21,0.0
Bobcat_education_Hollis,power_active_kw,ridge_regression,13.1991,16.11,-24.04
Bobcat_education_Jayne,power_active_kw,seasonal_naive_168h,9.7894,29.13,0.0
Bobcat_education_Jayne,power_active_kw,ridge_regression,9.3963,24.25,-16.75
Bobcat_education_Karin,power_active_kw,seasonal_naive_168h,10.0151,30.9,0.0
Bobcat_education_Karin,power_active_kw,ridge_regression,10.6698,34.12,10.43
Bobcat_education_Marisha,power_active_kw,seasonal_naive_168h,16.6158,31.53,0.0
Bobcat_education_Marisha,power_active_kw,ridge_regression,13.652,25.57,-18.88
Bobcat_education_Miki,power_active_kw,seasonal_naive_168h,1.6198,29.75,0.0
Bobcat_education_Miki,power_active_kw,ridge_regression,6.1097,87.91,195.48
Bobcat_education_Monte,power_active_kw,seasonal_naive_168h,3.0376,24.72,0.0
Bobcat_education_Monte,power_active_kw,ridge_regression,3.2005,21.72,-12.14
Bobcat_education_Rosalva,power_active_kw,seasonal_naive_168h,9.7416,22.02,0.0
Bobcat_education_Rosalva,power_active_kw,ridge_regression,7.652,16.44,-25.36
Bobcat_education_Toni,power_active_kw,seasonal_naive_168h,2.8871,21.89,0.0
Bobcat_education_Toni,power_active_kw,ridge_regression,2.438,17.06,-22.04
Bobcat_education_Whitney,power_active_kw,seasonal_naive_168h,49.7296,27.09,0.0
Bobcat_education_Whitney,power_active_kw,ridge_regression,51.649,23.34,-13.85
Bobcat_office_Alma,power_active_kw,seasonal_naive_168h,1.0877,49.01,0.0
Bobcat_office_Alma,power_active_kw,ridge_regression,0.9431,39.09,-20.25
Bobcat_office_Justine,power_active_kw,seasonal_naive_168h,6.9074,40.76,0.0
Bobcat_office_Justine,power_active_kw,ridge_regression,6.0511,34.02,-16.52
Bobcat_office_Kassandra,power_active_kw,seasonal_naive_168h,9.173,20.35,0.0
Bobcat_office_Kassandra,power_active_kw,ridge_regression,11.203,23.54,15.7
Bobcat_office_Melody,power_active_kw,seasonal_naive_168h,6.1206,16.55,0.0
Bobcat_office_Melody,power_active_kw,ridge_regression,4.0297,11.34,-31.5
Bobcat_office_Nikita,power_active_kw,seasonal_naive_168h,2.9787,19.37,0.0
Bobcat_office_Nikita,power_active_kw,ridge_regression,3.8412,18.13,-6.41
Bull_education_Annette,power_active_kw,seasonal_naive_168h,46.554,234.44,0.0
Bull_education_Annette,power_active_kw,ridge_regression,55.9658,170.69,-27.19
Bull_education_Antonia,power_active_kw,seasonal_naive_168h,125.6304,50.54,0.0
Bull_education_Antonia,power_active_kw,ridge_regression,87.0719,35.78,-29.21
Bull_education_Arthur,power_active_kw,seasonal_naive_168h,59.8394,36.22,0.0
Bull_education_Arthur,power_active_kw,ridge_regression,38.8754,24.4,-32.65
Bull_education_Barry,power_active_kw,seasonal_naive_168h,113.3007,35.8,0.0
Bull_education_Barry,power_active_kw,ridge_regression,65.3392,24.63,-31.19
Bull_education_Bernice,power_active_kw,seasonal_naive_168h,95.0509,148.97,0.0
Bull_education_Bernice,power_active_kw,ridge_regression,58.1332,99.01,-33.54
Bull_education_Brady,power_active_kw,seasonal_naive_168h,7.0219,42.4,0.0
Bull_education_Brady,power_active_kw,ridge_regression,6.1102,34.58,-18.46
Bull_education_Brain,power_active_kw,seasonal_naive_168h,54.0907,37.92,0.0
Bull_education_Brain,power_active_kw,ridge_regression,41.6731,27.78,-26.74
Bull_education_Brandi,power_active_kw,seasonal_naive_168h,7.3178,39.96,0.0
Bull_education_Brandi,power_active_kw,ridge_regression,5.4373,29.73,-25.6
Bull_education_Brenda,power_active_kw,seasonal_naive_168h,26.7434,37.42,0.0
Bull_education_Brenda,power_active_kw,ridge_regression,19.5507,25.53,-31.75
Bull_education_Bryon,power_active_kw,seasonal_naive_168h,6.4605,35.11,0.0
Bull_education_Bryon,power_active_kw,ridge_regression,5.2035,27.13,-22.72
Bull_education_Carl,power_active_kw,seasonal_naive_168h,81.1733,35.66,0.0
Bull_education_Carl,power_active_kw,ridge_regression,57.8486,23.98,-32.74
Bull_education_Clarice,power_active_kw,seasonal_naive_168h,4.6751,33.99,0.0
Bull_education_Clarice,power_active_kw,ridge_regression,3.7291,22.58,-33.58
Bull_education_Clarita,power_active_kw,seasonal_naive_168h,48.1475,35.88,0.0
Bull_education_Clarita,power_active_kw,ridge_regression,34.1336,25.39,-29.22
Bull_education_Dakota,power_active_kw,seasonal_naive_168h,11.7507,43.09,0.0
Bull_education_Dakota,power_active_kw,ridge_regression,9.7963,33.47,-22.32
Bull_education_Dan,power_active_kw,seasonal_naive_168h,27.9447,35.95,0.0
Bull_education_Dan,power_active_kw,ridge_regression,20.3546,25.18,-29.97
Bull_education_Dania,power_active_kw,seasonal_naive_168h,5.7042,34.05,0.0
Bull_education_Dania,power_active_kw,ridge_regression,4.9898,25.83,-24.14
Bull_education_Delia,power_active_kw,seasonal_naive_168h,274.9381,235.76,0.0
Bull_education_Delia,power_active_kw,ridge_regression,191.2544,166.42,-29.41
Bull_education_Dora,power_active_kw,seasonal_naive_168h,26.5579,42.76,0.0
Bull_education_Dora,power_active_kw,ridge_regression,19.7269,30.73,-28.14
Bull_education_Dottie,power_active_kw,seasonal_naive_168h,268.737,236.33,0.0
Bull_education_Dottie,power_active_kw,ridge_regression,608.1172,178.0,-24.68
Bull_education_Elva,power_active_kw,seasonal_naive_168h,8.0594,32.36,0.0
Bull_education_Elva,power_active_kw,ridge_regression,6.185,22.36,-30.89
Bull_education_Fabiola,power_active_kw,seasonal_naive_168h,34.3794,38.74,0.0
Bull_education_Fabiola,power_active_kw,ridge_regression,28.3279,29.42,-24.07
Bull_education_Geneva,power_active_kw,seasonal_naive_168h,8.7563,58.1,0.0
Bull_education_Geneva,power_active_kw,ridge_regression,7.4041,41.67,-28.28
Bull_education_Genie,power_active_kw,seasonal_naive_168h,22.8279,37.85,0.0
Bull_education_Genie,power_active_kw,ridge_regression,18.6023,28.97,-23.46
Bull_education_Gregory,power_active_kw,seasonal_naive_168h,11.7841,37.28,0.0
Bull_education_Gregory,power_active_kw,ridge_regression,9.3341,29.21,-21.67
Bull_education_Hayley,power_active_kw,seasonal_naive_168h,25.4358,35.6,0.0
Bull_education_Hayley,power_active_kw,ridge_regression,18.2718,25.16,-29.31
Bull_education_Jae,power_active_kw,seasonal_naive_168h,75.2896,36.19,0.0
Bull_education_Jae,power_active_kw,ridge_regression,42.5867,24.14,-33.29
Bull_education_Jeffery,power_active_kw,seasonal_naive_168h,127.0767,134.7,0.0
Bull_education_Jeffery,power_active_kw,ridge_regression,81.0738,89.3,-33.71
Bull_education_Joseph,power_active_kw,seasonal_naive_168h,19.8912,34.59,0.0
Bull_education_Joseph,power_active_kw,ridge_regression,16.1327,27.01,-21.91
Bull_education_Juan,power_active_kw,seasonal_naive_168h,48.6638,40.77,0.0
Bull_education_Juan,power_active_kw,ridge_regression,36.69,29.53,-27.57
Bull_education_Kendra,power_active_kw,seasonal_naive_168h,86.6022,37.44,0.0
Bull_education_Kendra,power_active_kw,ridge_regression,62.4677,25.15,-32.83
Bull_education_Krista,power_active_kw,seasonal_naive_168h,44.8993,37.12,0.0
Bull_education_Krista,power_active_kw,ridge_regression,37.0643,27.39,-26.21
Bull_education_Kristal,power_active_kw,seasonal_naive_168h,49.9597,35.11,0.0
Bull_education_Kristal,power_active_kw,ridge_regression,35.4309,24.7,-29.65
Bull_education_Lenny,power_active_kw,seasonal_naive_168h,6.2637,35.63,0.0
Bull_education_Lenny,power_active_kw,ridge_regression,3.884,22.03,-38.16
Bull_education_Linnie,power_active_kw,seasonal_naive_168h,46.1508,45.54,0.0
Bull_education_Linnie,power_active_kw,ridge_regression,37.0343,33.16,-27.19
Bull_education_Luke,power_active_kw,seasonal_naive_168h,59.7732,40.03,0.0
Bull_education_Luke,power_active_kw,ridge_regression,46.9608,28.9,-27.82
Bull_education_Lydia,power_active_kw,seasonal_naive_168h,18.1452,35.18,0.0
Bull_education_Lydia,power_active_kw,ridge_regression,13.7514,25.93,-26.3
Bull_education_Lyn,power_active_kw,seasonal_naive_168h,6.1721,45.24,0.0
Bull_education_Lyn,power_active_kw,ridge_regression,4.7935,33.24,-26.52
Bull_education_Magaret,power_active_kw,seasonal_naive_168h,22.2403,46.82,0.0
Bull_education_Magaret,power_active_kw,ridge_regression,16.1566,32.04,-31.56
Bull_education_Mario,power_active_kw,seasonal_naive_168h,20.8158,41.87,0.0
Bull_education_Mario,power_active_kw,ridge_regression,18.9833,33.07,-21.01
Bull_education_Matilda,power_active_kw,seasonal_naive_168h,34.1392,121.42,0.0
Bull_education_Matilda,power_active_kw,ridge_regression,20.8611,84.1,-30.73
Bull_education_Mervin,power_active_kw,seasonal_naive_168h,37.6177,37.24,0.0
Bull_education_Mervin,power_active_kw,ridge_regression,25.2392,25.96,-30.29
Bull_education_Miquel,power_active_kw,seasonal_naive_168h,49.6413,40.51,0.0
Bull_education_Miquel,power_active_kw,ridge_regression,40.6577,30.9,-23.73
Bull_education_Miranda,power_active_kw,seasonal_naive_168h,30.3708,39.05,0.0
Bull_education_Miranda,power_active_kw,ridge_regression,20.8699,27.37,-29.9
Bull_education_Myra,power_active_kw,seasonal_naive_168h,13.9165,48.6,0.0
Bull_education_Myra,power_active_kw,ridge_regression,10.1478,32.64,-32.85
Bull_education_Nichole,power_active_kw,seasonal_naive_168h,30.9367,35.4,0.0
Bull_education_Nichole,power_active_kw,ridge_regression,25.5352,27.03,-23.67
Bull_education_Nina,power_active_kw,seasonal_naive_168h,37.8417,36.32,0.0
Bull_education_Nina,power_active_kw,ridge_regression,23.7242,24.31,-33.06
Bull_education_Nolan,power_active_kw,seasonal_naive_168h,11.3097,33.01,0.0
Bull_education_Nolan,power_active_kw,ridge_regression,8.1601,23.78,-27.97
Bull_education_Olive,power_active_kw,seasonal_naive_168h,19.2101,42.7,0.0
Bull_education_Olive,power_active_kw,ridge_regression,15.7778,32.97,-22.78
Bull_education_Pablo,power_active_kw,seasonal_naive_168h,8.7513,39.62,0.0
Bull_education_Pablo,power_active_kw,ridge_regression,6.7749,29.77,-24.86
Bull_education_Pamela,power_active_kw,seasonal_naive_168h,26.8474,35.54,0.0
Bull_education_Pamela,power_active_kw,ridge_regression,20.6165,25.62,-27.9
Bull_education_Patrina,power_active_kw,seasonal_naive_168h,6.4614,49.24,0.0
Bull_education_Patrina,power_active_kw,ridge_regression,4.4258,32.02,-34.97
Bull_education_Racheal,power_active_kw,seasonal_naive_168h,83.1197,35.89,0.0
Bull_education_Racheal,power_active_kw,ridge_regression,58.6016,25.69,-28.4
Bull_education_Reina,power_active_kw,seasonal_naive_168h,16.8146,39.64,0.0
Bull_education_Reina,power_active_kw,ridge_regression,12.2986,26.9,-32.15
Bull_education_Reynaldo,power_active_kw,seasonal_naive_168h,8.3789,37.46,0.0
Bull_education_Reynaldo,power_active_kw,ridge_regression,5.6411,25.09,-33.03
Bull_education_Roland,power_active_kw,seasonal_naive_168h,46.5878,40.63,0.0
Bull_education_Roland,power_active_kw,ridge_regression,32.7577,29.79,-26.69
Bull_education_Roseann,power_active_kw,seasonal_naive_168h,38.2108,36.67,0.0
Bull_education_Roseann,power_active_kw,ridge_regression,26.0846,25.55,-30.32
Bull_education_Sebastian,power_active_kw,seasonal_naive_168h,7.7766,38.35,0.0
Bull_education_Sebastian,power_active_kw,ridge_regression,5.9345,28.32,-26.15
Bull_education_Shona,power_active_kw,seasonal_naive_168h,27.795,43.62,0.0
Bull_education_Shona,power_active_kw,ridge_regression,15.3101,28.05,-35.69
Bull_education_Stewart,power_active_kw,seasonal_naive_168h,18.19,36.59,0.0
Bull_education_Stewart,power_active_kw,ridge_regression,12.9576,25.19,-31.16
Bull_education_Summer,power_active_kw,seasonal_naive_168h,5.4909,30.71,0.0
Bull_education_Summer,power_active_kw,ridge_regression,3.7848,21.0,-31.64
Bull_education_Tracey,power_active_kw,seasonal_naive_168h,32.5872,38.1,0.0
Bull_education_Tracey,power_active_kw,ridge_regression,35.9889,33.36,-12.43
Bull_education_Venita,power_active_kw,seasonal_naive_168h,6.3691,36.47,0.0
Bull_education_Venita,power_active_kw,ridge_regression,5.6524,27.94,-23.39
Bull_education_Violeta,power_active_kw,seasonal_naive_168h,20.269,38.21,0.0
Bull_education_Violeta,power_active_kw,ridge_regression,15.065,28.6,-25.15
Bull_office_Anne,power_active_kw,seasonal_naive_168h,3.301,34.71,0.0
Bull_office_Anne,power_active_kw,ridge_regression,2.1251,24.18,-30.33
Bull_office_Chantel,power_active_kw,seasonal_naive_168h,37.8641,40.1,0.0
Bull_office_Chantel,power_active_kw,ridge_regression,26.1698,28.49,-28.95
Bull_office_Claudia,power_active_kw,seasonal_naive_168h,4.8016,33.16,0.0
Bull_office_Claudia,power_active_kw,ridge_regression,3.0408,21.83,-34.16
Bull_office_Debbie,power_active_kw,seasonal_naive_168h,6.3748,40.97,0.0
Bull_office_Debbie,power_active_kw,ridge_regression,5.2087,32.0,-21.9
Bull_office_Efren,power_active_kw,seasonal_naive_168h,14.5889,185.21,0.0
Bull_office_Efren,power_active_kw,ridge_regression,13.5979,140.57,-24.1
Bull_office_Ella,power_active_kw,seasonal_naive_168h,20.1483,139.65,0.0
Bull_office_Ella,power_active_kw,ridge_regression,14.3364,94.34,-32.44
Bull_office_Hilton,power_active_kw,seasonal_naive_168h,1.1679,35.03,0.0
Bull_office_Hilton,power_active_kw,ridge_regression,0.8466,23.1,-34.06
Bull_office_Ivette,power_active_kw,seasonal_naive_168h,4.4371,39.47,0.0
Bull_office_Ivette,power_active_kw,ridge_regression,3.8459,31.31,-20.67
Bull_office_Lilla,power_active_kw,seasonal_naive_168h,74.1744,36.4,0.0
Bull_office_Lilla,power_active_kw,ridge_regression,49.192,25.86,-28.97
Bull_office_Marco,power_active_kw,seasonal_naive_168h,17.2499,119.42,0.0
Bull_office_Marco,power_active_kw,ridge_regression,9.2175,77.05,-35.48
Bull_office_Myron,power_active_kw,seasonal_naive_168h,12.0386,36.24,0.0
Bull_office_Myron,power_active_kw,ridge_regression,7.6894,24.05,-33.65
Bull_office_Nicolas,power_active_kw,seasonal_naive_168h,3.082,35.5,0.0
Bull_office_Nicolas,power_active_kw,ridge_regression,2.6927,27.35,-22.96
Bull_office_Rob,power_active_kw,seasonal_naive_168h,48.5533,38.14,0.0
Bull_office_Rob,power_active_kw,ridge_regression,34.7833,28.84,-24.38
Bull_office_Sally,power_active_kw,seasonal_naive_168h,33.2156,218.25,0.0
Bull_office_Sally,power_active_kw,ridge_regression,23.3228,153.38,-29.72
Bull_office_Trevor,power_active_kw,seasonal_naive_168h,13.5009,101.92,0.0
Bull_office_Trevor,power_active_kw,ridge_regression,8.1555,71.78,-29.57
Bull_office_Yvonne,power_active_kw,seasonal_naive_168h,27.498,38.78,0.0
Bull_office_Yvonne,power_active_kw,ridge_regression,21.7333,30.23,-22.05
Cockatoo_education_Amira,power_active_kw,seasonal_naive_168h,4.4123,24.63,0.0
Cockatoo_education_Amira,power_active_kw,ridge_regression,5.0798,20.11,-18.34
Cockatoo_education_Arlen,power_active_kw,seasonal_naive_168h,11.6144,28.95,0.0
Cockatoo_education_Arlen,power_active_kw,ridge_regression,10.9863,25.92,-10.48
Cockatoo_education_Brendan,power_active_kw,seasonal_naive_168h,4.9139,10.03,0.0
Cockatoo_education_Brendan,power_active_kw,ridge_regression,4.0572,8.21,-18.21
Cockatoo_education_Brigitte,power_active_kw,seasonal_naive_168h,30.2641,5.81,0.0
Cockatoo_education_Brigitte,power_active_kw,ridge_regression,25.0811,5.03,-13.52
Cockatoo_education_Charity,power_active_kw,seasonal_naive_168h,13.8181,7.21,0.0
Cockatoo_education_Charity,power_active_kw,ridge_regression,10.3924,5.41,-24.99
Cockatoo_education_Claudine,power_active_kw,seasonal_naive_168h,2.8483,9.81,0.0
Cockatoo_education_Claudine,power_active_kw,ridge_regression,2.2052,7.56,-22.98
Cockatoo_education_Clifton,power_active_kw,seasonal_naive_168h,0.0715,7.27,0.0
Cockatoo_education_Clifton,power_active_kw,ridge_regression,0.055,5.64,-22.42
Cockatoo_education_Collin,power_active_kw,seasonal_naive_168h,13.5795,7.8,0.0
Cockatoo_education_Collin,power_active_kw,ridge_regression,11.5791,6.37,-18.25
Cockatoo_education_Deloris,power_active_kw,seasonal_naive_168h,5.484,9.41,0.0
Cockatoo_education_Deloris,power_active_kw,ridge_regression,4.1825,7.2,-23.53
Cockatoo_education_Doreen,power_active_kw,seasonal_naive_168h,8.7719,15.21,0.0
Cockatoo_education_Doreen,power_active_kw,ridge_regression,6.7474,11.13,-26.86
Cockatoo_education_Erik,power_active_kw,seasonal_naive_168h,8.4867,7.4,0.0
Cockatoo_education_Erik,power_active_kw,ridge_regression,6.969,5.66,-23.49
Cockatoo_education_Eunice,power_active_kw,seasonal_naive_168h,27.8151,9.34,0.0
Cockatoo_education_Eunice,power_active_kw,ridge_regression,30.0554,8.9,-4.8
Cockatoo_education_Flora,power_active_kw,seasonal_naive_168h,28.9248,4.62,0.0
Cockatoo_education_Flora,power_active_kw,ridge_regression,26.5048,4.09,-11.48
Cockatoo_education_Gussie,power_active_kw,seasonal_naive_168h,15.3073,6.84,0.0
Cockatoo_education_Gussie,power_active_kw,ridge_regression,11.1699,5.23,-23.46
Cockatoo_education_Helene,power_active_kw,seasonal_naive_168h,5.2209,7.54,0.0
Cockatoo_education_Helene,power_active_kw,ridge_regression,6.5292,8.63,14.44
Cockatoo_education_Jack,power_active_kw,seasonal_naive_168h,1.3898,32.18,0.0
Cockatoo_education_Jack,power_active_kw,ridge_regression,1.0617,24.49,-23.89
Cockatoo_education_Janet,power_active_kw,seasonal_naive_168h,29.9694,5.08,0.0
Cockatoo_education_Janet,power_active_kw,ridge_regression,38.5182,5.42,6.82
Cockatoo_education_Joeann,power_active_kw,seasonal_naive_168h,40.1485,21.31,0.0
Cockatoo_education_Joeann,power_active_kw,ridge_regression,43.8555,16.66,-21.85
Cockatoo_education_Joel,power_active_kw,seasonal_naive_168h,0.7048,17.11,0.0
Cockatoo_education_Joel,power_active_kw,ridge_regression,0.3926,9.76,-42.94
Cockatoo_education_Jon,power_active_kw,seasonal_naive_168h,15.2595,25.43,0.0
Cockatoo_education_Jon,power_active_kw,ridge_regression,13.1132,19.13,-24.8
Cockatoo_education_Julia,power_active_kw,seasonal_naive_168h,5.4888,21.22,0.0
Cockatoo_education_Julia,power_active_kw,ridge_regression,4.0962,15.52,-26.88
Cockatoo_education_Julio,power_active_kw,seasonal_naive_168h,11.6298,8.83,0.0
Cockatoo_education_Julio,power_active_kw,ridge_regression,10.7115,7.7,-12.79
Cockatoo_education_June,power_active_kw,seasonal_naive_168h,6.1637,9.08,0.0
Cockatoo_education_June,power_active_kw,ridge_regression,5.0637,7.56,-16.76
Cockatoo_education_Laurence,power_active_kw,seasonal_naive_168h,20.8637,48.13,0.0
Cockatoo_education_Laurence,power_active_kw,ridge_regression,19.0063,36.47,-24.22
Cockatoo_education_Lionel,power_active_kw,seasonal_naive_168h,14.1871,5.92,0.0
Cockatoo_education_Lionel,power_active_kw,ridge_regression,10.5334,4.52,-23.64
Cockatoo_education_Magdalena,power_active_kw,seasonal_naive_168h,3.6399,34.31,0.0
Cockatoo_education_Magdalena,power_active_kw,ridge_regression,4.1979,30.36,-11.5
Cockatoo_education_Marva,power_active_kw,seasonal_naive_168h,20.3394,21.66,0.0
Cockatoo_education_Marva,power_active_kw,ridge_regression,18.2689,18.53,-14.42
Cockatoo_education_Maynard,power_active_kw,seasonal_naive_168h,6.0622,43.42,0.0
Cockatoo_education_Maynard,power_active_kw,ridge_regression,4.9236,33.08,-23.83
Cockatoo_education_Mayra,power_active_kw,seasonal_naive_168h,13.7324,25.15,0.0
Cockatoo_education_Mayra,power_active_kw,ridge_regression,9.9379,17.41,-30.77
Cockatoo_education_Melanie,power_active_kw,seasonal_naive_168h,4.2756,23.21,0.0
Cockatoo_education_Melanie,power_active_kw,ridge_regression,3.4643,17.89,-22.93
Cockatoo_education_Minh,power_active_kw,seasonal_naive_168h,6.0984,17.38,0.0
Cockatoo_education_Minh,power_active_kw,ridge_regression,4.195,12.19,-29.82
Cockatoo_education_Nelda,power_active_kw,seasonal_naive_168h,6.6095,8.4,0.0
Cockatoo_education_Nelda,power_active_kw,ridge_regression,6.3143,8.06,-4.05
Cockatoo_education_Oliver,power_active_kw,seasonal_naive_168h,13.0507,13.66,0.0
Cockatoo_education_Oliver,power_active_kw,ridge_regression,12.7521,12.94,-5.27
Cockatoo_education_Orlando,power_active_kw,seasonal_naive_168h,17.9465,12.22,0.0
Cockatoo_education_Orlando,power_active_kw,ridge_regression,16.1156,9.68,-20.77
Cockatoo_education_Rita,power_active_kw,seasonal_naive_168h,1.7069,24.37,0.0
Cockatoo_education_Rita,power_active_kw,ridge_regression,1.569,20.52,-15.78
Cockatoo_education_Shawn,power_active_kw,seasonal_naive_168h,14.1939,14.69,0.0
Cockatoo_education_Shawn,power_active_kw,ridge_regression,10.6891,10.86,-26.11
Cockatoo_education_Sheryl,power_active_kw,seasonal_naive_168h,14.4861,5.33,0.0
Cockatoo_education_Sheryl,power_active_kw,ridge_regression,16.3589,5.58,4.51
Cockatoo_education_Terrence,power_active_kw,seasonal_naive_168h,21.0995,6.6,0.0
Cockatoo_education_Terrence,power_active_kw,ridge_regression,17.5394,5.49,-16.76
Cockatoo_education_Tyler,power_active_kw,seasonal_naive_168h,17.1724,3.28,0.0
Cockatoo_education_Tyler,power_active_kw,ridge_regression,17.941,3.34,1.79
Cockatoo_education_Victoria,power_active_kw,seasonal_naive_168h,0.7599,21.06,0.0
Cockatoo_education_Victoria,power_active_kw,ridge_regression,0.5046,13.77,-34.58
Cockatoo_office_Ada,power_active_kw,seasonal_naive_168h,16.392,5.61,0.0
Cockatoo_office_Ada,power_active_kw,ridge_regression,12.654,4.55,-18.81
Cockatoo_office_Alton,power_active_kw,seasonal_naive_168h,10.8293,15.86,0.0
Cockatoo_office_Alton,power_active_kw,ridge_regression,9.2119,12.76,-19.54
Cockatoo_office_Christy,power_active_kw,seasonal_naive_168h,15.0966,10.83,0.0
Cockatoo_office_Christy,power_active_kw,ridge_regression,11.6966,8.0,-26.17
Cockatoo_office_Delores,power_active_kw,seasonal_naive_168h,6.3308,12.52,0.0
Cockatoo_office_Delores,power_active_kw,ridge_regression,5.4499,10.52,-15.94
Cockatoo_office_Elbert,power_active_kw,seasonal_naive_168h,2.9376,14.92,0.0
Cockatoo_office_Elbert,power_active_kw,ridge_regression,2.2975,11.83,-20.69
Cockatoo_office_Gail,power_active_kw,seasonal_naive_168h,3.9872,26.94,0.0
Cockatoo_office_Gail,power_active_kw,ridge_regression,3.2433,22.65,-15.91
Cockatoo_office_Georgia,power_active_kw,seasonal_naive_168h,20.2826,12.29,0.0
Cockatoo_office_Georgia,power_active_kw,ridge_regression,15.7179,9.46,-22.99
Cockatoo_office_Giovanni,power_active_kw,seasonal_naive_168h,7.8366,10.67,0.0
Cockatoo_office_Giovanni,power_active_kw,ridge_regression,10.2142,12.5,17.22
Cockatoo_office_Jimmy,power_active_kw,seasonal_naive_168h,1.4181,24.63,0.0
Cockatoo_office_Jimmy,power_active_kw,ridge_regression,1.7528,26.17,6.26
Cockatoo_office_Jodie,power_active_kw,seasonal_naive_168h,8.1655,18.81,0.0
Cockatoo_office_Jodie,power_active_kw,ridge_regression,5.4852,11.81,-37.24
Cockatoo_office_Kristin,power_active_kw,seasonal_naive_168h,6.6923,7.62,0.0
Cockatoo_office_Kristin,power_active_kw,ridge_regression,5.388,6.53,-14.29
Cockatoo_office_Laila,power_active_kw,seasonal_naive_168h,11.7367,7.26,0.0
Cockatoo_office_Laila,power_active_kw,ridge_regression,9.0597,5.38,-25.93
Cockatoo_office_Lorraine,power_active_kw,seasonal_naive_168h,1.5424,33.23,0.0
Cockatoo_office_Lorraine,power_active_kw,ridge_regression,1.0867,23.48,-29.32
Cockatoo_office_Margaret,power_active_kw,seasonal_naive_168h,0.5331,19.72,0.0
Cockatoo_office_Margaret,power_active_kw,ridge_regression,0.3767,14.39,-27.03
Cockatoo_office_Paige,power_active_kw,seasonal_naive_168h,9.8458,14.89,0.0
Cockatoo_office_Paige,power_active_kw,ridge_regression,8.818,12.12,-18.57
Cockatoo_office_Pansy,power_active_kw,seasonal_naive_168h,5.7316,22.99,0.0
Cockatoo_office_Pansy,power_active_kw,ridge_regression,5.0971,20.28,-11.8
Cockatoo_office_Rodney,power_active_kw,seasonal_naive_168h,12.486,14.48,0.0
Cockatoo_office_Rodney,power_active_kw,ridge_regression,10.7566,13.27,-8.37
Cockatoo_office_Roxanna,power_active_kw,seasonal_naive_168h,1.41,22.23,0.0
Cockatoo_office_Roxanna,power_active_kw,ridge_regression,0.9711,15.36,-30.9
Crow_education_Kate,power_active_kw,seasonal_naive_168h,6.0788,10.62,0.0
Crow_education_Kate,power_active_kw,ridge_regression,3.7378,6.44,-39.3
Crow_education_Keisha,power_active_kw,seasonal_naive_168h,14.2443,6.93,0.0
Crow_education_Keisha,power_active_kw,ridge_regression,12.5451,5.64,-18.66
Crow_education_Marlin,power_active_kw,seasonal_naive_168h,52.8728,37.02,0.0
Crow_education_Marlin,power_active_kw,ridge_regression,23.9058,16.3,-55.98
Crow_education_Omer,power_active_kw,seasonal_naive_168h,35.4066,15.41,0.0
Crow_education_Omer,power_active_kw,ridge_regression,33.606,13.44,-12.77
Crow_education_Winston,power_active_kw,seasonal_naive_168h,47.6967,25.32,0.0
Crow_education_Winston,power_active_kw,ridge_regression,30.8483,14.38,-43.2
Eagle_education_Alberto,power_active_kw,seasonal_naive_168h,64.9437,44.55,0.0
Eagle_education_Alberto,power_active_kw,ridge_regression,136.2253,61.83,38.8
Eagle_education_April,power_active_kw,seasonal_naive_168h,7.5166,37.12,0.0
Eagle_education_April,power_active_kw,ridge_regression,3.6071,17.14,-53.83
Eagle_education_Brianne,power_active_kw,seasonal_naive_168h,50.7003,16.87,0.0
Eagle_education_Brianne,power_active_kw,ridge_regression,36.673,11.53,-31.63
Eagle_education_Brooke,power_active_kw,seasonal_naive_168h,33.9016,7.68,0.0
Eagle_education_Brooke,power_active_kw,ridge_regression,40.8386,8.65,12.65
Eagle_education_Cassie,power_active_kw,seasonal_naive_168h,9.8223,27.13,0.0
Eagle_education_Cassie,power_active_kw,ridge_regression,8.1241,21.48,-20.83
Eagle_education_Edith,power_active_kw,seasonal_naive_168h,19.594,20.98,0.0
Eagle_education_Edith,power_active_kw,ridge_regression,28.576,27.94,33.18
Eagle_education_Eileen,power_active_kw,seasonal_naive_168h,8.2017,45.31,0.0
Eagle_education_Eileen,power_active_kw,ridge_regression,8.8203,38.45,-15.13
Eagle_education_Jewell,power_active_kw,seasonal_naive_168h,21.4127,14.39,0.0
Eagle_education_Jewell,power_active_kw,ridge_regression,13.3587,9.95,-30.89
Eagle_education_Lino,power_active_kw,seasonal_naive_168h,41.9173,27.92,0.0
Eagle_education_Lino,power_active_kw,ridge_regression,25.522,16.68,-40.25
Eagle_education_Luther,power_active_kw,seasonal_naive_168h,25.5651,7.42,0.0
Eagle_education_Luther,power_active_kw,ridge_regression,29.1523,7.56,1.91
Eagle_education_Maragret,power_active_kw,seasonal_naive_168h,2.8779,17.99,0.0
Eagle_education_Maragret,power_active_kw,ridge_regression,2.7041,16.77,-6.8
Eagle_education_Norah,power_active_kw,seasonal_naive_168h,22.2563,6.04,0.0
Eagle_education_Norah,power_active_kw,ridge_regression,22.0254,5.47,-9.44
Eagle_education_Paul,power_active_kw,seasonal_naive_168h,6.9321,61.19,0.0
Eagle_education_Paul,power_active_kw,ridge_regression,9.1661,64.54,5.47
Eagle_education_Peter,power_active_kw,seasonal_naive_168h,64.8206,7.87,0.0
Eagle_education_Peter,power_active_kw,ridge_regression,102.6676,9.43,19.79
Eagle_education_Petra,power_active_kw,seasonal_naive_168h,7.2038,15.04,0.0
Eagle_education_Petra,power_active_kw,ridge_regression,5.5625,12.01,-20.13
Eagle_education_Raul,power_active_kw,seasonal_naive_168h,27.4798,6.75,0.0
Eagle_education_Raul,power_active_kw,ridge_regression,31.2232,6.73,-0.29
Eagle_education_Roman,power_active_kw,seasonal_naive_168h,27.9463,6.45,0.0
Eagle_education_Roman,power_active_kw,ridge_regression,27.2161,5.32,-17.48
Eagle_education_Samantha,power_active_kw,seasonal_naive_168h,15.7536,8.38,0.0
Eagle_education_Samantha,power_active_kw,ridge_regression,12.9831,7.0,-16.42
Eagle_education_Shana,power_active_kw,seasonal_naive_168h,6.7831,44.6,0.0
Eagle_education_Shana,power_active_kw,ridge_regression,14.1903,64.05,43.63
Eagle_education_Shanna,power_active_kw,seasonal_naive_168h,45.0034,19.59,0.0
Eagle_education_Shanna,power_active_kw,ridge_regression,35.2532,13.99,-28.56
Eagle_education_Shante,power_active_kw,seasonal_naive_168h,17.7398,3.88,0.0
Eagle_education_Shante,power_active_kw,ridge_regression,15.1733,3.3,-15.07
Eagle_education_Sheena,power_active_kw,seasonal_naive_168h,7.3972,61.19,0.0
Eagle_education_Sheena,power_active_kw,ridge_regression,9.7806,64.53,5.46
Eagle_education_Sherrill,power_active_kw,seasonal_naive_168h,23.0052,4.71,0.0
Eagle_education_Sherrill,power_active_kw,ridge_regression,18.4111,3.91,-17.03
Eagle_education_Teresa,power_active_kw,seasonal_naive_168h,11.8451,16.88,0.0
Eagle_education_Teresa,power_active_kw,ridge_regression,8.795,12.53,-25.75
Eagle_education_Wesley,power_active_kw,seasonal_naive_168h,15.0388,17.96,0.0
Eagle_education_Wesley,power_active_kw,ridge_regression,12.5251,13.5,-24.85
Eagle_education_Will,power_active_kw,seasonal_naive_168h,8.4564,9.32,0.0
Eagle_education_Will,power_active_kw,ridge_regression,6.4388,7.25,-22.24
Eagle_office_Amanda,power_active_kw,seasonal_naive_168h,108.255,97.59,0.0
Eagle_office_Amanda,power_active_kw,ridge_regression,80.8704,66.0,-32.37
Eagle_office_Amie,power_active_kw,seasonal_naive_168h,16.8781,7.77,0.0
Eagle_office_Amie,power_active_kw,ridge_regression,3.8848,2.91,-62.54
Eagle_office_Bridgett,power_active_kw,seasonal_naive_168h,19.2035,15.72,0.0
Eagle_office_Bridgett,power_active_kw,ridge_regression,15.4705,12.07,-23.21
Eagle_office_Chantelle,power_active_kw,seasonal_naive_168h,2.4281,15.06,0.0
Eagle_office_Chantelle,power_active_kw,ridge_regression,5.7068,27.41,81.99
Eagle_office_Chauncey,power_active_kw,seasonal_naive_168h,75.808,45.22,0.0
Eagle_office_Chauncey,power_active_kw,ridge_regression,155.0616,67.88,50.11
Eagle_office_Dallas,power_active_kw,seasonal_naive_168h,6.4958,23.45,0.0
Eagle_office_Dallas,power_active_kw,ridge_regression,5.9633,19.53,-16.71
Eagle_office_Damian,power_active_kw,seasonal_naive_168h,21.9116,18.07,0.0
Eagle_office_Damian,power_active_kw,ridge_regression,19.4281,14.84,-17.87
Eagle_office_Demetra,power_active_kw,seasonal_naive_168h,21.7477,27.79,0.0
Eagle_office_Demetra,power_active_kw,ridge_regression,17.9214,21.47,-22.74
Eagle_office_Donovan,power_active_kw,seasonal_naive_168h,11.808,26.92,0.0
Eagle_office_Donovan,power_active_kw,ridge_regression,8.966,19.92,-26.0
Eagle_office_Efrain,power_active_kw,seasonal_naive_168h,5.6598,19.51,0.0
Eagle_office_Efrain,power_active_kw,ridge_regression,4.6545,15.43,-20.88
Eagle_office_Elia,power_active_kw,seasonal_naive_168h,20.0311,32.54,0.0
Eagle_office_Elia,power_active_kw,ridge_regression,35.6624,50.96,56.61
Eagle_office_Elias,power_active_kw,seasonal_naive_168h,10.3372,18.07,0.0
Eagle_office_Elias,power_active_kw,ridge_regression,9.1654,14.84,-17.87
Eagle_office_Elvis,power_active_kw,seasonal_naive_168h,10.6638,32.38,0.0
Eagle_office_Elvis,power_active_kw,ridge_regression,8.196,24.44,-24.52
Eagle_office_Flossie,power_active_kw,seasonal_naive_168h,28.0981,27.12,0.0
Eagle_office_Flossie,power_active_kw,ridge_regression,23.0492,21.47,-20.83
Eagle_office_Francis,power_active_kw,seasonal_naive_168h,22.2072,8.39,0.0
Eagle_office_Francis,power_active_kw,ridge_regression,18.7878,7.29,-13.14
Eagle_office_Freida,power_active_kw,seasonal_naive_168h,6.6221,19.08,0.0
Eagle_office_Freida,power_active_kw,ridge_regression,5.4461,15.62,-18.12
Eagle_office_Henriette,power_active_kw,seasonal_naive_168h,5.8792,28.87,0.0
Eagle_office_Henriette,power_active_kw,ridge_regression,5.2641,20.77,-28.06
Eagle_office_Isidro,power_active_kw,seasonal_naive_168h,4.891,33.82,0.0
Eagle_office_Isidro,power_active_kw,ridge_regression,4.1874,25.28,-25.27
Eagle_office_Jackie,power_active_kw,seasonal_naive_168h,8.7032,19.4,0.0
Eagle_office_Jackie,power_active_kw,ridge_regression,6.9207,16.22,-16.41
Eagle_office_Jeff,power_active_kw,seasonal_naive_168h,7.6821,26.52,0.0
Eagle_office_Jeff,power_active_kw,ridge_regression,6.2888,20.36,-23.22
Eagle_office_Katheleen,power_active_kw,seasonal_naive_168h,56.2845,51.98,0.0
Eagle_office_Katheleen,power_active_kw,ridge_regression,51.0698,48.43,-6.84
Eagle_office_Lamont,power_active_kw,seasonal_naive_168h,6.5675,48.66,0.0
Eagle_office_Lamont,power_active_kw,ridge_regression,10.6423,66.67,37.02
Eagle_office_Lane,power_active_kw,seasonal_naive_168h,6.7591,23.12,0.0
Eagle_office_Lane,power_active_kw,ridge_regression,5.0164,16.86,-27.08
Eagle_office_Lillian,power_active_kw,seasonal_naive_168h,5.0884,36.0,0.0
Eagle_office_Lillian,power_active_kw,ridge_regression,4.0187,26.86,-25.38
Eagle_office_Mable,power_active_kw,seasonal_naive_168h,2.9479,30.21,0.0
Eagle_office_Mable,power_active_kw,ridge_regression,2.6487,25.63,-15.16
Eagle_office_Mandi,power_active_kw,seasonal_naive_168h,2.3596,44.6,0.0
Eagle_office_Mandi,power_active_kw,ridge_regression,4.9353,64.04,43.6
Eagle_office_Marisela,power_active_kw,seasonal_naive_168h,25.7087,47.19,0.0
Eagle_office_Marisela,power_active_kw,ridge_regression,33.3358,51.08,8.25
Eagle_office_Nereida,power_active_kw,seasonal_naive_168h,23.3531,45.33,0.0
Eagle_office_Nereida,power_active_kw,ridge_regression,44.8478,65.57,44.67
Eagle_office_Norbert,power_active_kw,seasonal_naive_168h,17.4492,50.38,0.0
Eagle_office_Norbert,power_active_kw,ridge_regression,29.7304,69.31,37.58
Eagle_office_Patrice,power_active_kw,seasonal_naive_168h,10.9764,20.51,0.0
Eagle_office_Patrice,power_active_kw,ridge_regression,9.6231,16.32,-20.47
Eagle_office_Phyllis,power_active_kw,seasonal_naive_168h,5.7332,44.6,0.0
Eagle_office_Phyllis,power_active_kw,ridge_regression,11.9947,64.05,43.63
Eagle_office_Randolph,power_active_kw,seasonal_naive_168h,15.8633,23.77,0.0
Eagle_office_Randolph,power_active_kw,ridge_regression,12.3356,17.59,-26.02
Eagle_office_Remedios,power_active_kw,seasonal_naive_168h,13.2421,45.21,0.0
Eagle_office_Remedios,power_active_kw,ridge_regression,24.5945,64.1,41.78
Eagle_office_Ryan,power_active_kw,seasonal_naive_168h,4.2494,24.47,0.0
Eagle_office_Ryan,power_active_kw,ridge_regression,3.3536,18.82,-23.09
Eagle_office_Sheree,power_active_kw,seasonal_naive_168h,6.2774,37.22,0.0
Eagle_office_Sheree,power_active_kw,ridge_regression,7.82,33.47,-10.08
Eagle_office_Sonya,power_active_kw,seasonal_naive_168h,16.8362,12.41,0.0
Eagle_office_Sonya,power_active_kw,ridge_regression,12.9388,9.33,-24.86
Eagle_office_Tia,power_active_kw,seasonal_naive_168h,35.961,45.31,0.0
Eagle_office_Tia,power_active_kw,ridge_regression,38.6733,38.45,-15.13
Eagle_office_Yadira,power_active_kw,seasonal_naive_168h,25.6096,33.81,0.0
Eagle_office_Yadira,power_active_kw,ridge_regression,20.914,25.36,-24.99
Fox_education_Andre,power_active_kw,seasonal_naive_168h,22.721,8.29,0.0
Fox_education_Andre,power_active_kw,ridge_regression,19.1943,6.66,-19.71
Fox_education_Ashli,power_active_kw,seasonal_naive_168h,2.4292,28.35,0.0
Fox_education_Ashli,power_active_kw,ridge_regression,3.75,32.59,14.97
Fox_education_Burton,power_active_kw,seasonal_naive_168h,6.0019,18.61,0.0
Fox_education_Burton,power_active_kw,ridge_regression,4.6945,14.82,-20.37
Fox_education_Carleen,power_active_kw,seasonal_naive_168h,11.7939,22.47,0.0
Fox_education_Carleen,power_active_kw,ridge_regression,12.387,19.45,-13.46
Fox_education_Charles,power_active_kw,seasonal_naive_168h,1.9119,32.08,0.0
Fox_education_Charles,power_active_kw,ridge_regression,1.7542,25.0,-22.09
Fox_education_Claire,power_active_kw,seasonal_naive_168h,5.664,19.61,0.0
Fox_education_Claire,power_active_kw,ridge_regression,6.2572,16.34,-16.7
Fox_education_Claude,power_active_kw,seasonal_naive_168h,26.4482,5.35,0.0
Fox_education_Claude,power_active_kw,ridge_regression,35.5775,4.87,-8.93
Fox_education_Cynthia,power_active_kw,seasonal_naive_168h,26.4269,17.23,0.0
Fox_education_Cynthia,power_active_kw,ridge_regression,21.5369,13.79,-19.99
Fox_education_Delma,power_active_kw,seasonal_naive_168h,13.8823,67.24,0.0
Fox_education_Delma,power_active_kw,ridge_regression,11.5322,52.41,-22.05
Fox_education_Dewayne,power_active_kw,seasonal_naive_168h,6.5807,18.29,0.0
Fox_education_Dewayne,power_active_kw,ridge_regression,9.4967,23.1,26.34
Fox_education_Dominique,power_active_kw,seasonal_naive_168h,6.2277,6.96,0.0
Fox_education_Dominique,power_active_kw,ridge_regression,5.4394,6.34,-8.97
Fox_education_Eddy,power_active_kw,seasonal_naive_168h,44.9517,25.06,0.0
Fox_education_Eddy,power_active_kw,ridge_regression,34.9274,18.94,-24.42
Fox_education_Eldon,power_active_kw,seasonal_naive_168h,8.4323,8.0,0.0
Fox_education_Eldon,power_active_kw,ridge_regression,6.6756,6.78,-15.3
Fox_education_Elizabeth,power_active_kw,seasonal_naive_168h,46.1898,15.01,0.0
Fox_education_Elizabeth,power_active_kw,ridge_regression,37.1004,10.97,-26.95
Fox_education_Elois,power_active_kw,seasonal_naive_168h,2.39,34.78,0.0
Fox_education_Elois,power_active_kw,ridge_regression,2.1946,29.92,-13.96
Fox_education_Elvira,power_active_kw,seasonal_naive_168h,18.1368,15.49,0.0
Fox_education_Elvira,power_active_kw,ridge_regression,14.1368,11.62,-24.97
Fox_education_Etta,power_active_kw,seasonal_naive_168h,24.4836,24.92,0.0
Fox_education_Etta,power_active_kw,ridge_regression,17.6522,16.64,-33.23
Fox_education_Gayla,power_active_kw,seasonal_naive_168h,9.0938,26.26,0.0
Fox_education_Gayla,power_active_kw,ridge_regression,8.0601,22.02,-16.13
Fox_education_Geoffrey,power_active_kw,seasonal_naive_168h,5.95,8.27,0.0
Fox_education_Geoffrey,power_active_kw,ridge_regression,6.0434,7.48,-9.6
Fox_education_Gloria,power_active_kw,seasonal_naive_168h,21.672,7.3,0.0
Fox_education_Gloria,power_active_kw,ridge_regression,17.6083,6.94,-4.97
Fox_education_Henrietta,power_active_kw,seasonal_naive_168h,16.1582,39.86,0.0
Fox_education_Henrietta,power_active_kw,ridge_regression,11.3353,28.14,-29.4
Fox_education_Heriberto,power_active_kw,seasonal_naive_168h,1.483,8.58,0.0
Fox_education_Heriberto,power_active_kw,ridge_regression,2.7022,12.21,42.39
Fox_education_Jaclyn,power_active_kw,seasonal_naive_168h,30.7141,18.5,0.0
Fox_education_Jaclyn,power_active_kw,ridge_regression,17.7272,11.13,-39.86
Fox_education_Jacqueline,power_active_kw,seasonal_naive_168h,21.588,104.85,0.0
Fox_education_Jacqueline,power_active_kw,ridge_regression,21.921,77.8,-25.8
Fox_education_Janina,power_active_kw,seasonal_naive_168h,17.8821,23.06,0.0
Fox_education_Janina,power_active_kw,ridge_regression,20.3085,18.28,-20.71
Fox_education_John,power_active_kw,seasonal_naive_168h,13.2548,54.39,0.0
Fox_education_John,power_active_kw,ridge_regression,11.192,42.37,-22.1
Fox_education_Kendrick,power_active_kw,seasonal_naive_168h,5.839,61.68,0.0
Fox_education_Kendrick,power_active_kw,ridge_regression,4.8883,45.3,-26.55
Fox_education_Kim,power_active_kw,seasonal_naive_168h,8.8341,26.62,0.0
Fox_education_Kim,power_active_kw,ridge_regression,8.1265,22.34,-16.07
Fox_education_Kris,power_active_kw,seasonal_naive_168h,14.4105,22.15,0.0
Fox_education_Kris,power_active_kw,ridge_regression,10.9627,17.05,-23.0
Fox_education_Leona,power_active_kw,seasonal_naive_168h,17.2458,12.16,0.0
Fox_education_Leona,power_active_kw,ridge_regression,17.2196,10.37,-14.72
Fox_education_Leota,power_active_kw,seasonal_naive_168h,13.7048,12.13,0.0
Fox_education_Leota,power_active_kw,ridge_regression,17.2837,13.42,10.66
Fox_education_Lesley,power_active_kw,seasonal_naive_168h,4.4089,55.21,0.0
Fox_education_Lesley,power_active_kw,ridge_regression,4.7108,54.55,-1.2
Fox_education_Lilly,power_active_kw,seasonal_naive_168h,21.938,25.7,0.0
Fox_education_Lilly,power_active_kw,ridge_regression,20.412,21.72,-15.49
Fox_education_Long,power_active_kw,seasonal_naive_168h,11.4099,18.04,0.0
Fox_education_Long,power_active_kw,ridge_regression,13.156,16.53,-8.41
Fox_education_Louie,power_active_kw,seasonal_naive_168h,11.0352,19.74,0.0
Fox_education_Louie,power_active_kw,ridge_regression,8.4296,14.36,-27.26
Fox_education_Marcelina,power_active_kw,seasonal_naive_168h,1.4098,57.86,0.0
Fox_education_Marcelina,power_active_kw,ridge_regression,0.9912,34.14,-41.0
Fox_education_Maris,power_active_kw,seasonal_naive_168h,1.7749,12.47,0.0
Fox_education_Maris,power_active_kw,ridge_regression,1.7872,12.06,-3.3
Fox_education_Marlana,power_active_kw,seasonal_naive_168h,20.1483,26.21,0.0
Fox_education_Marlana,power_active_kw,ridge_regression,16.8556,21.65,-17.4
Fox_education_Melinda,power_active_kw,seasonal_naive_168h,29.1309,13.05,0.0
Fox_education_Melinda,power_active_kw,ridge_regression,21.5114,10.54,-19.25
Fox_education_Melvin,power_active_kw,seasonal_naive_168h,11.8144,40.97,0.0
Fox_education_Melvin,power_active_kw,ridge_regression,10.6148,33.0,-19.47
Fox_education_Miguelina,power_active_kw,seasonal_naive_168h,10.6217,23.33,0.0
Fox_education_Miguelina,power_active_kw,ridge_regression,11.7558,20.6,-11.69
Fox_education_Nilda,power_active_kw,seasonal_naive_168h,12.5153,14.93,0.0
Fox_education_Nilda,power_active_kw,ridge_regression,12.8477,13.05,-12.55
Fox_education_Ollie,power_active_kw,seasonal_naive_168h,12.1392,15.32,0.0
Fox_education_Ollie,power_active_kw,ridge_regression,9.6443,11.72,-23.48
Fox_education_Otilia,power_active_kw,seasonal_naive_168h,24.6815,6.17,0.0
Fox_education_Otilia,power_active_kw,ridge_regression,27.0076,5.5,-10.93
Fox_education_Ray,power_active_kw,seasonal_naive_168h,6.3842,16.89,0.0
Fox_education_Ray,power_active_kw,ridge_regression,4.7352,12.53,-25.82
Fox_education_Rosie,power_active_kw,seasonal_naive_168h,13.6267,14.37,0.0
Fox_education_Rosie,power_active_kw,ridge_regression,7.7254,8.85,-38.42
Fox_education_Rudolph,power_active_kw,seasonal_naive_168h,5.8834,42.81,0.0
Fox_education_Rudolph,power_active_kw,ridge_regression,4.6428,32.54,-23.98
Fox_education_Shaun,power_active_kw,seasonal_naive_168h,18.5295,34.24,0.0
Fox_education_Shaun,power_active_kw,ridge_regression,20.3011,35.56,3.84
Fox_education_Shawanda,power_active_kw,seasonal_naive_168h,1.5997,46.88,0.0
Fox_education_Shawanda,power_active_kw,ridge_regression,1.7937,42.27,-9.83
Fox_education_Shirley,power_active_kw,seasonal_naive_168h,17.4191,33.9,0.0
Fox_education_Shirley,power_active_kw,ridge_regression,15.5851,29.15,-14.02
Fox_education_Stacia,power_active_kw,seasonal_naive_168h,2.3031,6.13,0.0
Fox_education_Stacia,power_active_kw,ridge_regression,2.3769,5.26,-14.18
Fox_education_Sterling,power_active_kw,seasonal_naive_168h,3.5422,26.99,0.0
Fox_education_Sterling,power_active_kw,ridge_regression,3.3766,24.76,-8.28
Fox_education_Suzan,power_active_kw,seasonal_naive_168h,4.0698,19.45,0.0
Fox_education_Suzan,power_active_kw,ridge_regression,4.09,16.46,-15.34
Fox_education_Tamika,power_active_kw,seasonal_naive_168h,12.9221,16.63,0.0
Fox_education_Tamika,power_active_kw,ridge_regression,17.1597,19.95,20.01
Fox_education_Theodore,power_active_kw,seasonal_naive_168h,9.7969,10.28,0.0
Fox_education_Theodore,power_active_kw,ridge_regression,7.2116,7.41,-27.94
Fox_education_Tonya,power_active_kw,seasonal_naive_168h,8.7338,8.11,0.0
Fox_education_Tonya,power_active_kw,ridge_regression,7.4597,6.74,-16.84
Fox_education_Virgil,power_active_kw,seasonal_naive_168h,5.0306,9.85,0.0
Fox_education_Virgil,power_active_kw,ridge_regression,4.1841,8.83,-10.36
Fox_education_Virginia,power_active_kw,seasonal_naive_168h,2.9677,57.66,0.0
Fox_education_Virginia,power_active_kw,ridge_regression,3.1535,56.63,-1.78
Fox_education_Wendell,power_active_kw,seasonal_naive_168h,15.1719,6.67,0.0
Fox_education_Wendell,power_active_kw,ridge_regression,12.7602,5.94,-11.04
Fox_education_Willis,power_active_kw,seasonal_naive_168h,52.7032,5.01,0.0
Fox_education_Willis,power_active_kw,ridge_regression,34.5468,3.92,-21.89
Fox_education_Yolande,power_active_kw,seasonal_naive_168h,15.8607,5.49,0.0
Fox_education_Yolande,power_active_kw,ridge_regression,18.2137,5.43,-1.04
Fox_office_Alice,power_active_kw,seasonal_naive_168h,12.6897,6.88,0.0
Fox_office_Alice,power_active_kw,ridge_regression,12.3934,6.52,-5.35
Fox_office_Bernard,power_active_kw,seasonal_naive_168h,8.2609,11.7,0.0
Fox_office_Bernard,power_active_kw,ridge_regression,6.7625,9.88,-15.59
Fox_office_Berniece,power_active_kw,seasonal_naive_168h,3.8387,23.23,0.0
Fox_office_Berniece,power_active_kw,ridge_regression,5.5467,27.52,18.49
Fox_office_Brandy,power_active_kw,seasonal_naive_168h,3.4859,21.39,0.0
Fox_office_Brandy,power_active_kw,ridge_regression,4.5874,25.21,17.87
Fox_office_Carson,power_active_kw,seasonal_naive_168h,7.142,22.64,0.0
Fox_office_Carson,power_active_kw,ridge_regression,6.1545,17.45,-22.94
Fox_office_Clayton,power_active_kw,seasonal_naive_168h,8.6562,19.3,0.0
Fox_office_Clayton,power_active_kw,ridge_regression,8.5115,17.52,-9.21
Fox_office_Demetrius,power_active_kw,seasonal_naive_168h,34.4636,37.03,0.0
Fox_office_Demetrius,power_active_kw,ridge_regression,26.2302,27.21,-26.51
Fox_office_Easter,power_active_kw,seasonal_naive_168h,2.9076,25.7,0.0
Fox_office_Easter,power_active_kw,ridge_regression,2.7826,22.32,-13.17
Fox_office_Edythe,power_active_kw,seasonal_naive_168h,9.4779,14.2,0.0
Fox_office_Edythe,power_active_kw,ridge_regression,9.0165,12.94,-8.89
Fox_office_Essie,power_active_kw,seasonal_naive_168h,2.639,37.11,0.0
Fox_office_Essie,power_active_kw,ridge_regression,2.495,30.49,-17.85
Fox_office_Gaylord,power_active_kw,seasonal_naive_168h,11.8211,17.11,0.0
Fox_office_Gaylord,power_active_kw,ridge_regression,16.7645,19.31,12.88
Fox_office_Israel,power_active_kw,seasonal_naive_168h,8.0487,11.46,0.0
Fox_office_Israel,power_active_kw,ridge_regression,7.9472,10.34,-9.73
Fox_office_Joy,power_active_kw,seasonal_naive_168h,6.7735,7.38,0.0
Fox_office_Joy,power_active_kw,ridge_regression,9.4879,9.01,22.04
Fox_office_Juana,power_active_kw,seasonal_naive_168h,3.3181,35.6,0.0
Fox_office_Juana,power_active_kw,ridge_regression,3.4199,34.12,-4.16
Fox_office_Karima,power_active_kw,seasonal_naive_168h,9.5631,26.98,0.0
Fox_office_Karima,power_active_kw,ridge_regression,13.9926,30.08,11.49
Fox_office_Margarita,power_active_kw,seasonal_naive_168h,1.9424,17.31,0.0
Fox_office_Margarita,power_active_kw,ridge_regression,1.7235,15.4,-11.03
Fox_office_Molly,power_active_kw,seasonal_naive_168h,0.7179,38.46,0.0
Fox_office_Molly,power_active_kw,ridge_regression,1.5752,61.52,59.98
Fox_office_Rowena,power_active_kw,seasonal_naive_168h,4.4421,22.25,0.0
Fox_office_Rowena,power_active_kw,ridge_regression,4.1366,18.19,-18.25
Fox_office_Sheila,power_active_kw,seasonal_naive_168h,1.034,20.05,0.0
Fox_office_Sheila,power_active_kw,ridge_regression,1.1283,19.28,-3.88
Fox_office_Susanne,power_active_kw,seasonal_naive_168h,3.976,39.8,0.0
Fox_office_Susanne,power_active_kw,ridge_regression,3.4714,33.4,-16.1
Fox_office_Thelma,power_active_kw,seasonal_naive_168h,13.4342,23.41,0.0
Fox_office_Thelma,power_active_kw,ridge_regression,13.2302,18.46,-21.15
Fox_office_Vicki,power_active_kw,seasonal_naive_168h,9.9472,11.86,0.0
Fox_office_Vicki,power_active_kw,ridge_regression,7.9452,9.35,-21.15
Fox_office_Yong,power_active_kw,seasonal_naive_168h,15.3306,19.83,0.0
Fox_office_Yong,power_active_kw,ridge_regression,13.8543,16.22,-18.21
Fox_office_Zachary,power_active_kw,seasonal_naive_168h,32.5466,24.49,0.0
Fox_office_Zachary,power_active_kw,ridge_regression,23.1464,17.23,-29.66
Gator_office_August,power_active_kw,seasonal_naive_168h,11.8794,40.84,0.0
Gator_office_August,power_active_kw,ridge_regression,10.1731,34.52,-15.46
Gator_office_Betty,power_active_kw,seasonal_naive_168h,7.2028,40.31,0.0
Gator_office_Betty,power_active_kw,ridge_regression,4.6758,27.91,-30.76
Gator_office_Hunter,power_active_kw,seasonal_naive_168h,10.1208,43.9,0.0
Gator_office_Hunter,power_active_kw,ridge_regression,6.3363,30.21,-31.17
Gator_office_Julie,power_active_kw,seasonal_naive_168h,3.2905,66.13,0.0
Gator_office_Julie,power_active_kw,ridge_regression,1.9133,44.52,-32.67
Gator_office_Lisa,power_active_kw,seasonal_naive_168h,24.3305,31.33,0.0
Gator_office_Lisa,power_active_kw,ridge_regression,18.4534,23.87,-23.8
Gator_office_Lucy,power_active_kw,seasonal_naive_168h,0.2741,56.91,0.0
Gator_office_Lucy,power_active_kw,ridge_regression,0.633,89.1,56.56
Gator_office_Merle,power_active_kw,seasonal_naive_168h,0.4606,76.85,0.0
Gator_office_Merle,power_active_kw,ridge_regression,0.2799,47.4,-38.32
Hog_education_Beth,power_active_kw,seasonal_naive_168h,11.8138,17.0,0.0
Hog_education_Beth,power_active_kw,ridge_regression,10.3185,13.76,-19.07
Hog_education_Bruno,power_active_kw,seasonal_naive_168h,10.7408,7.74,0.0
Hog_education_Bruno,power_active_kw,ridge_regression,9.4089,6.04,-22.03
Hog_education_Caridad,power_active_kw,seasonal_naive_168h,68.8073,12.03,0.0
Hog_education_Caridad,power_active_kw,ridge_regression,149.3907,17.79,47.87
Hog_education_Casandra,power_active_kw,seasonal_naive_168h,82.4676,20.94,0.0
Hog_education_Casandra,power_active_kw,ridge_regression,67.1207,12.76,-39.04
Hog_education_Cathleen,power_active_kw,seasonal_naive_168h,27.5474,8.64,0.0
Hog_education_Cathleen,power_active_kw,ridge_regression,33.2007,7.61,-11.82
Hog_education_Donnie,power_active_kw,seasonal_naive_168h,14.4907,65.38,0.0
Hog_education_Donnie,power_active_kw,ridge_regression,11.9787,35.92,-45.07
Hog_education_George,power_active_kw,seasonal_naive_168h,7.4733,6.32,0.0
Hog_education_George,power_active_kw,ridge_regression,9.5289,6.23,-1.38
Hog_education_Hallie,power_active_kw,seasonal_naive_168h,2.1362,4.91,0.0
Hog_education_Hallie,power_active_kw,ridge_regression,1.8101,3.83,-22.14
Hog_education_Haywood,power_active_kw,seasonal_naive_168h,3.6741,4.89,0.0
Hog_education_Haywood,power_active_kw,ridge_regression,2.996,4.02,-17.93
Hog_education_Janell,power_active_kw,seasonal_naive_168h,224.481,13.34,0.0
Hog_education_Janell,power_active_kw,ridge_regression,460.2981,16.25,21.84
Hog_education_Jared,power_active_kw,seasonal_naive_168h,2.1732,27.05,0.0
Hog_education_Jared,power_active_kw,ridge_regression,2.2483,24.4,-9.8
Hog_education_Jewel,power_active_kw,seasonal_naive_168h,14.4358,31.53,0.0
Hog_education_Jewel,power_active_kw,ridge_regression,9.2581,19.71,-37.47
Hog_education_Jordan,power_active_kw,seasonal_naive_168h,10.721,17.54,0.0
Hog_education_Jordan,power_active_kw,ridge_regression,8.2912,12.85,-26.75
Hog_education_Josh,power_active_kw,seasonal_naive_168h,39.8887,29.63,0.0
Hog_education_Josh,power_active_kw,ridge_regression,27.9175,20.29,-31.52
Hog_education_Leandro,power_active_kw,seasonal_naive_168h,15.7258,6.27,0.0
Hog_education_Leandro,power_active_kw,ridge_regression,23.2384,6.51,3.7
Hog_education_Luvenia,power_active_kw,seasonal_naive_168h,30.5887,10.88,0.0
Hog_education_Luvenia,power_active_kw,ridge_regression,29.3092,9.23,-15.23
Hog_education_Madge,power_active_kw,seasonal_naive_168h,10.2558,15.24,0.0
Hog_education_Madge,power_active_kw,ridge_regression,9.7835,13.35,-12.41
Hog_education_Odell,power_active_kw,seasonal_naive_168h,15.5749,4.98,0.0
Hog_education_Odell,power_active_kw,ridge_regression,12.2427,3.59,-27.94
Hog_education_Rachael,power_active_kw,seasonal_naive_168h,9.1802,23.4,0.0
Hog_education_Rachael,power_active_kw,ridge_regression,6.0538,14.62,-37.55
Hog_education_Robert,power_active_kw,seasonal_naive_168h,55.6748,20.42,0.0
Hog_education_Robert,power_active_kw,ridge_regression,45.3594,15.58,-23.71
Hog_education_Roberto,power_active_kw,seasonal_naive_168h,19.1119,18.71,0.0
Hog_education_Roberto,power_active_kw,ridge_regression,17.2416,15.45,-17.45
Hog_education_Sonia,power_active_kw,seasonal_naive_168h,15.0212,4.26,0.0
Hog_education_Sonia,power_active_kw,ridge_regression,17.976,3.96,-7.02
Hog_education_Wayne,power_active_kw,seasonal_naive_168h,9.1097,10.51,0.0
Hog_education_Wayne,power_active_kw,ridge_regression,8.603,8.68,-17.43
Hog_office_Alexis,power_active_kw,seasonal_naive_168h,3.8753,32.17,0.0
Hog_office_Alexis,power_active_kw,ridge_regression,4.4369,28.48,-11.48
Hog_office_Alisha,power_active_kw,seasonal_naive_168h,1.0658,12.41,0.0
Hog_office_Alisha,power_active_kw,ridge_regression,0.8373,9.84,-20.74
Hog_office_Almeda,power_active_kw,seasonal_naive_168h,9.5687,25.27,0.0
Hog_office_Almeda,power_active_kw,ridge_regression,8.6308,19.27,-23.75
Hog_office_Bessie,power_active_kw,seasonal_naive_168h,6.5742,17.04,0.0
Hog_office_Bessie,power_active_kw,ridge_regression,5.8782,13.59,-20.24
Hog_office_Betsy,power_active_kw,seasonal_naive_168h,86.4651,36.08,0.0
Hog_office_Betsy,power_active_kw,ridge_regression,93.2192,33.46,-7.26
Hog_office_Bill,power_active_kw,seasonal_naive_168h,27.8017,25.98,0.0
Hog_office_Bill,power_active_kw,ridge_regression,22.652,16.21,-37.63
Hog_office_Buford,power_active_kw,seasonal_naive_168h,0.9472,62.28,0.0
Hog_office_Buford,power_active_kw,ridge_regression,0.2922,25.81,-58.55
Hog_office_Byron,power_active_kw,seasonal_naive_168h,28.8202,6.23,0.0
Hog_office_Byron,power_active_kw,ridge_regression,37.1262,5.88,-5.66
Hog_office_Candi,power_active_kw,seasonal_naive_168h,40.2028,18.99,0.0
Hog_office_Candi,power_active_kw,ridge_regression,27.8165,11.57,-39.06
Hog_office_Carri,power_active_kw,seasonal_naive_168h,2.8677,15.99,0.0
Hog_office_Carri,power_active_kw,ridge_regression,3.047,13.59,-14.97
Hog_office_Catalina,power_active_kw,seasonal_naive_168h,29.0657,46.65,0.0
Hog_office_Catalina,power_active_kw,ridge_regression,20.6237,34.58,-25.87
Hog_office_Catharine,power_active_kw,seasonal_naive_168h,30.2367,16.24,0.0
Hog_office_Catharine,power_active_kw,ridge_regression,25.2679,9.4,-42.13
Hog_office_Charla,power_active_kw,seasonal_naive_168h,7.5141,5.77,0.0
Hog_office_Charla,power_active_kw,ridge_regression,6.3074,4.58,-20.53
Hog_office_Clemencia,power_active_kw,seasonal_naive_168h,4.0258,8.99,0.0
Hog_office_Clemencia,power_active_kw,ridge_regression,3.6949,7.48,-16.76
Hog_office_Concetta,power_active_kw,seasonal_naive_168h,1.9903,38.17,0.0
Hog_office_Concetta,power_active_kw,ridge_regression,3.1271,35.99,-5.7
Hog_office_Cordelia,power_active_kw,seasonal_naive_168h,3.0033,27.44,0.0
Hog_office_Cordelia,power_active_kw,ridge_regression,3.0614,21.81,-20.55
Hog_office_Corey,power_active_kw,seasonal_naive_168h,12.1579,15.91,0.0
Hog_office_Corey,power_active_kw,ridge_regression,11.6481,14.08,-11.49
Hog_office_Corie,power_active_kw,seasonal_naive_168h,12.2803,23.02,0.0
Hog_office_Corie,power_active_kw,ridge_regression,10.0454,17.18,-25.38
Hog_office_Cornell,power_active_kw,seasonal_naive_168h,108.5999,16.38,0.0
Hog_office_Cornell,power_active_kw,ridge_regression,98.6343,11.39,-30.46
Hog_office_Darline,power_active_kw,seasonal_naive_168h,8.2845,6.18,0.0
Hog_office_Darline,power_active_kw,ridge_regression,9.3392,5.68,-8.03
Hog_office_Denita,power_active_kw,seasonal_naive_168h,7.0563,26.66,0.0
Hog_office_Denita,power_active_kw,ridge_regression,6.3096,20.6,-22.74
Hog_office_Elizbeth,power_active_kw,seasonal_naive_168h,4.7375,7.15,0.0
Hog_office_Elizbeth,power_active_kw,ridge_regression,4.8639,6.43,-10.06
Hog_office_Elke,power_active_kw,seasonal_naive_168h,5.9874,16.65,0.0
Hog_office_Elke,power_active_kw,ridge_regression,5.447,15.09,-9.41
Hog_office_Elnora,power_active_kw,seasonal_naive_168h,28.9266,8.68,0.0
Hog_office_Elnora,power_active_kw,ridge_regression,34.0051,8.32,-4.2
Hog_office_Eloise,power_active_kw,seasonal_naive_168h,10.7683,7.7,0.0
Hog_office_Eloise,power_active_kw,ridge_regression,8.625,5.81,-24.61
Hog_office_Elsy,power_active_kw,seasonal_naive_168h,2.4953,13.63,0.0
Hog_office_Elsy,power_active_kw,ridge_regression,2.2079,11.09,-18.58
Hog_office_Emmanuel,power_active_kw,seasonal_naive_168h,1.5892,8.25,0.0
Hog_office_Emmanuel,power_active_kw,ridge_regression,1.3637,6.71,-18.67
Hog_office_Garrett,power_active_kw,seasonal_naive_168h,97.7666,47.18,0.0
Hog_office_Garrett,power_active_kw,ridge_regression,65.7521,30.36,-35.65
Hog_office_Guadalupe,power_active_kw,seasonal_naive_168h,7.3282,24.84,0.0
Hog_office_Guadalupe,power_active_kw,ridge_regression,6.4047,20.48,-17.58
Hog_office_Gustavo,power_active_kw,seasonal_naive_168h,24.6616,6.16,0.0
Hog_office_Gustavo,power_active_kw,ridge_regression,19.6182,4.95,-19.62
Hog_office_Joey,power_active_kw,seasonal_naive_168h,150.1385,20.08,0.0
Hog_office_Joey,power_active_kw,ridge_regression,189.9331,18.71,-6.86
Hog_office_Josefina,power_active_kw,seasonal_naive_168h,13.0217,11.11,0.0
Hog_office_Josefina,power_active_kw,ridge_regression,10.2473,8.62,-22.48
Hog_office_Lanell,power_active_kw,seasonal_naive_168h,23.9512,30.42,0.0
Hog_office_Lanell,power_active_kw,ridge_regression,17.514,22.7,-25.36
Hog_office_Lavon,power_active_kw,seasonal_naive_168h,20.3519,555.41,0.0
Hog_office_Lavon,power_active_kw,ridge_regression,39.3607,462.32,-16.76
Hog_office_Leanne,power_active_kw,seasonal_naive_168h,5.621,7.42,0.0
Hog_office_Leanne,power_active_kw,ridge_regression,4.8261,6.25,-15.72
Hog_office_Leon,power_active_kw,seasonal_naive_168h,1.4309,30.0,0.0
Hog_office_Leon,power_active_kw,ridge_regression,1.1573,23.17,-22.79
Hog_office_Lizzie,power_active_kw,seasonal_naive_168h,9.0199,14.41,0.0
Hog_office_Lizzie,power_active_kw,ridge_regression,6.7886,10.17,-29.42
Hog_office_Mack,power_active_kw,seasonal_naive_168h,5.0381,9.25,0.0
Hog_office_Mack,power_active_kw,ridge_regression,5.0322,8.46,-8.55
Hog_office_Man,power_active_kw,seasonal_naive_168h,5.2107,12.85,0.0
Hog_office_Man,power_active_kw,ridge_regression,3.8961,9.21,-28.32
Hog_office_Mari,power_active_kw,seasonal_naive_168h,6.4465,26.09,0.0
Hog_office_Mari,power_active_kw,ridge_regression,7.7696,23.7,-9.18
Hog_office_Marilyn,power_active_kw,seasonal_naive_168h,1.4309,11.04,0.0
Hog_office_Marilyn,power_active_kw,ridge_regression,2.1084,14.63,32.53
Hog_office_Marlena,power_active_kw,seasonal_naive_168h,10.6903,32.19,0.0
Hog_office_Marlena,power_active_kw,ridge_regression,9.996,30.08,-6.56
Hog_office_Marlene,power_active_kw,seasonal_naive_168h,4.9364,26.63,0.0
Hog_office_Marlene,power_active_kw,ridge_regression,5.2524,21.41,-19.6
Hog_office_Mary,power_active_kw,seasonal_naive_168h,3.1458,16.5,0.0
Hog_office_Mary,power_active_kw,ridge_regression,3.2065,14.72,-10.8
Hog_office_Merilyn,power_active_kw,seasonal_naive_168h,3.1079,14.87,0.0
Hog_office_Merilyn,power_active_kw,ridge_regression,2.3053,10.21,-31.33
Hog_office_Migdalia,power_active_kw,seasonal_naive_168h,4.5161,24.9,0.0
Hog_office_Migdalia,power_active_kw,ridge_regression,3.6675,18.5,-25.7
Hog_office_Mike,power_active_kw,seasonal_naive_168h,6.1918,11.96,0.0
Hog_office_Mike,power_active_kw,ridge_regression,10.4161,14.94,24.95
Hog_office_Miriam,power_active_kw,seasonal_naive_168h,1.9208,16.26,0.0
Hog_office_Miriam,power_active_kw,ridge_regression,1.9301,13.37,-17.79
Hog_office_Myles,power_active_kw,seasonal_naive_168h,4.962,20.54,0.0
Hog_office_Myles,power_active_kw,ridge_regression,4.3677,17.42,-15.23
Hog_office_Nancie,power_active_kw,seasonal_naive_168h,7.9683,22.26,0.0
Hog_office_Nancie,power_active_kw,ridge_regression,6.9035,17.47,-21.53
Hog_office_Napoleon,power_active_kw,seasonal_naive_168h,10.9626,13.79,0.0
Hog_office_Napoleon,power_active_kw,ridge_regression,9.2003,10.64,-22.84
Hog_office_Nia,power_active_kw,seasonal_naive_168h,80.9762,20.22,0.0
Hog_office_Nia,power_active_kw,ridge_regression,181.813,20.59,1.85
Hog_office_Patrick,power_active_kw,seasonal_naive_168h,1.3488,25.28,0.0
Hog_office_Patrick,power_active_kw,ridge_regression,1.1891,21.04,-16.79
Hog_office_Randi,power_active_kw,seasonal_naive_168h,7.8056,22.09,0.0
Hog_office_Randi,power_active_kw,ridge_regression,11.6611,22.02,-0.31
Hog_office_Richelle,power_active_kw,seasonal_naive_168h,4.4477,10.64,0.0
Hog_office_Richelle,power_active_kw,ridge_regression,3.4905,8.33,-21.72
Hog_office_Roger,power_active_kw,seasonal_naive_168h,33.2543,27.48,0.0
Hog_office_Roger,power_active_kw,ridge_regression,33.7555,23.89,-13.09
Hog_office_Rolando,power_active_kw,seasonal_naive_168h,10.754,4.91,0.0
Hog_office_Rolando,power_active_kw,ridge_regression,11.5805,4.64,-5.42
Hog_office_Sarah,power_active_kw,seasonal_naive_168h,11.191,4.02,0.0
Hog_office_Sarah,power_active_kw,ridge_regression,11.9724,3.81,-5.33
Hog_office_Shawna,power_active_kw,seasonal_naive_168h,10.3488,13.0,0.0
Hog_office_Shawna,power_active_kw,ridge_regression,10.658,11.26,-13.38
Hog_office_Shawnna,power_active_kw,seasonal_naive_168h,42.4415,21.15,0.0
Hog_office_Shawnna,power_active_kw,ridge_regression,41.0163,17.49,-17.29
Hog_office_Sherrie,power_active_kw,seasonal_naive_168h,3.878,23.28,0.0
Hog_office_Sherrie,power_active_kw,ridge_regression,4.4195,20.84,-10.49
Hog_office_Shon,power_active_kw,seasonal_naive_168h,4.9548,12.35,0.0
Hog_office_Shon,power_active_kw,ridge_regression,6.2407,13.68,10.81
Hog_office_Simon,power_active_kw,seasonal_naive_168h,3.2329,24.65,0.0
Hog_office_Simon,power_active_kw,ridge_regression,2.7511,20.45,-17.05
Hog_office_Sonny,power_active_kw,seasonal_naive_168h,13.7193,10.64,0.0
Hog_office_Sonny,power_active_kw,ridge_regression,16.7317,10.2,-4.09
Hog_office_Sung,power_active_kw,seasonal_naive_168h,2.4765,9.32,0.0
Hog_office_Sung,power_active_kw,ridge_regression,3.127,9.66,3.66
Hog_office_Sydney,power_active_kw,seasonal_naive_168h,4.761,5.82,0.0
Hog_office_Sydney,power_active_kw,ridge_regression,6.1573,5.97,2.63
Hog_office_Terry,power_active_kw,seasonal_naive_168h,144.5731,42.23,0.0
Hog_office_Terry,power_active_kw,ridge_regression,125.929,31.22,-26.08
Hog_office_Valda,power_active_kw,seasonal_naive_168h,4.6526,26.69,0.0
Hog_office_Valda,power_active_kw,ridge_regression,4.0414,20.59,-22.86
Hog_office_Vera,power_active_kw,seasonal_naive_168h,16.4629,20.95,0.0
Hog_office_Vera,power_active_kw,ridge_regression,11.3397,16.26,-22.41
Lamb_education_Antonio,power_active_kw,seasonal_naive_168h,24.8087,98.91,0.0
Lamb_education_Antonio,power_active_kw,ridge_regression,15.4011,59.64,-39.7
Lamb_education_Armando,power_active_kw,seasonal_naive_168h,22.1917,104.35,0.0
Lamb_education_Armando,power_active_kw,ridge_regression,14.2174,62.94,-39.68
Lamb_education_Augustine,power_active_kw,seasonal_naive_168h,2.4185,145.18,0.0
Lamb_education_Augustine,power_active_kw,ridge_regression,2.0039,100.7,-30.64
Lamb_education_Bert,power_active_kw,seasonal_naive_168h,2.3394,75.89,0.0
Lamb_education_Bert,power_active_kw,ridge_regression,2.277,58.49,-22.92
Lamb_education_Daniel,power_active_kw,seasonal_naive_168h,2.686,62.95,0.0
Lamb_education_Daniel,power_active_kw,ridge_regression,2.5914,50.73,-19.42
Lamb_education_Darrel,power_active_kw,seasonal_naive_168h,27.3553,96.57,0.0
Lamb_education_Darrel,power_active_kw,ridge_regression,16.4584,56.81,-41.18
Lamb_education_Domitila,power_active_kw,seasonal_naive_168h,30.5375,94.65,0.0
Lamb_education_Domitila,power_active_kw,ridge_regression,18.9037,57.15,-39.62
Lamb_education_Dwayne,power_active_kw,seasonal_naive_168h,1.8739,60.98,0.0
Lamb_education_Dwayne,power_active_kw,ridge_regression,1.9575,47.18,-22.63
Lamb_education_Emery,power_active_kw,seasonal_naive_168h,17.6638,128.17,0.0
Lamb_education_Emery,power_active_kw,ridge_regression,10.3795,64.17,-49.93
Lamb_education_Emilie,power_active_kw,seasonal_naive_168h,2.0052,76.92,0.0
Lamb_education_Emilie,power_active_kw,ridge_regression,1.7457,55.54,-27.79
Lamb_education_Faith,power_active_kw,seasonal_naive_168h,2.8007,71.05,0.0
Lamb_education_Faith,power_active_kw,ridge_regression,2.813,54.73,-22.97
Lamb_education_Felipe,power_active_kw,seasonal_naive_168h,15.2148,104.19,0.0
Lamb_education_Felipe,power_active_kw,ridge_regression,8.0237,60.51,-41.93
Lamb_education_Fred,power_active_kw,seasonal_naive_168h,3.6718,66.15,0.0
Lamb_education_Fred,power_active_kw,ridge_regression,2.8619,46.94,-29.04
Lamb_education_Gabriel,power_active_kw,seasonal_naive_168h,2.105,95.84,0.0
Lamb_education_Gabriel,power_active_kw,ridge_regression,2.1298,80.56,-15.95
Lamb_education_Gabrielle,power_active_kw,seasonal_naive_168h,0.4502,89.48,0.0
Lamb_education_Gabrielle,power_active_kw,ridge_regression,0.7373,114.55,28.02
Lamb_education_Hellen,power_active_kw,seasonal_naive_168h,1.6102,68.13,0.0
Lamb_education_Hellen,power_active_kw,ridge_regression,1.3429,51.32,-24.67
Lamb_education_Hilary,power_active_kw,seasonal_naive_168h,2.0211,133.15,0.0
Lamb_education_Hilary,power_active_kw,ridge_regression,1.308,88.45,-33.57
Lamb_education_Hui,power_active_kw,seasonal_naive_168h,4.9648,128.29,0.0
Lamb_education_Hui,power_active_kw,ridge_regression,3.9402,93.79,-26.89
Lamb_education_Isabelle,power_active_kw,seasonal_naive_168h,4.5242,110.53,0.0
Lamb_education_Isabelle,power_active_kw,ridge_regression,3.1411,73.76,-33.27
Lamb_education_Junior,power_active_kw,seasonal_naive_168h,28.3016,97.81,0.0
Lamb_education_Junior,power_active_kw,ridge_regression,15.6118,56.56,-42.17
Lamb_education_Lawrence,power_active_kw,seasonal_naive_168h,4.6182,133.23,0.0
Lamb_education_Lawrence,power_active_kw,ridge_regression,3.1566,82.6,-38.0
Lamb_education_Lucas,power_active_kw,seasonal_naive_168h,1.7777,116.07,0.0
Lamb_education_Lucas,power_active_kw,ridge_regression,1.4187,86.48,-25.49
Lamb_education_Luz,power_active_kw,seasonal_naive_168h,36.5139,80.13,0.0
Lamb_education_Luz,power_active_kw,ridge_regression,21.5979,44.93,-43.93
Lamb_education_Mae,power_active_kw,seasonal_naive_168h,27.3997,94.64,0.0
Lamb_education_Mae,power_active_kw,ridge_regression,15.4081,54.94,-41.95
Lamb_education_Manuel,power_active_kw,seasonal_naive_168h,2.6796,103.03,0.0
Lamb_education_Manuel,power_active_kw,ridge_regression,1.5034,57.36,-44.33
Lamb_education_Marc,power_active_kw,seasonal_naive_168h,3.2632,130.65,0.0
Lamb_education_Marc,power_active_kw,ridge_regression,4.7913,130.49,-0.12
Lamb_education_Maritza,power_active_kw,seasonal_naive_168h,1.736,61.41,0.0
Lamb_education_Maritza,power_active_kw,ridge_regression,1.619,43.87,-28.56
Lamb_education_Maxwell,power_active_kw,seasonal_naive_168h,1.4857,99.3,0.0
Lamb_education_Maxwell,power_active_kw,ridge_regression,1.6886,86.57,-12.81
Lamb_education_Mckenzie,power_active_kw,seasonal_naive_168h,21.579,89.22,0.0
Lamb_education_Mckenzie,power_active_kw,ridge_regression,13.7393,55.82,-37.44
Lamb_education_Moses,power_active_kw,seasonal_naive_168h,2.4996,72.01,0.0
Lamb_education_Moses,power_active_kw,ridge_regression,2.4278,54.14,-24.81
Lamb_education_Norris,power_active_kw,seasonal_naive_168h,2.2941,76.11,0.0
Lamb_education_Norris,power_active_kw,ridge_regression,2.1862,56.61,-25.62
Lamb_education_Philomena,power_active_kw,seasonal_naive_168h,25.7569,87.76,0.0
Lamb_education_Philomena,power_active_kw,ridge_regression,15.1935,51.8,-40.98
Lamb_education_Princess,power_active_kw,seasonal_naive_168h,2.6347,110.4,0.0
Lamb_education_Princess,power_active_kw,ridge_regression,1.9542,70.91,-35.77
Lamb_education_Randal,power_active_kw,seasonal_naive_168h,2.7926,66.13,0.0
Lamb_education_Randal,power_active_kw,ridge_regression,2.953,51.33,-22.38
Lamb_education_Rick,power_active_kw,seasonal_naive_168h,2.7116,144.76,0.0
Lamb_education_Rick,power_active_kw,ridge_regression,2.2151,108.51,-25.04
Lamb_education_Robin,power_active_kw,seasonal_naive_168h,19.7823,94.05,0.0
Lamb_education_Robin,power_active_kw,ridge_regression,11.3328,57.5,-38.86
Lamb_education_Rodrigo,power_active_kw,seasonal_naive_168h,17.804,85.23,0.0
Lamb_education_Rodrigo,power_active_kw,ridge_regression,10.7659,48.49,-43.11
Lamb_education_Sabrina,power_active_kw,seasonal_naive_168h,1.5939,88.18,0.0
Lamb_education_Sabrina,power_active_kw,ridge_regression,1.4682,65.18,-26.08
Lamb_education_Sara,power_active_kw,seasonal_naive_168h,19.287,115.4,0.0
Lamb_education_Sara,power_active_kw,ridge_regression,12.1589,72.14,-37.49
Lamb_education_Stefan,power_active_kw,seasonal_naive_168h,3.2853,138.71,0.0
Lamb_education_Stefan,power_active_kw,ridge_regression,2.6159,99.81,-28.04
Lamb_education_Sunny,power_active_kw,seasonal_naive_168h,3.2801,70.99,0.0
Lamb_education_Sunny,power_active_kw,ridge_regression,3.0077,56.75,-20.06
Lamb_education_Sylvester,power_active_kw,seasonal_naive_168h,1.3825,82.56,0.0
Lamb_education_Sylvester,power_active_kw,ridge_regression,1.3056,60.79,-26.37
Lamb_education_Terina,power_active_kw,seasonal_naive_168h,44.6304,88.23,0.0
Lamb_education_Terina,power_active_kw,ridge_regression,22.0642,45.92,-47.95
Lamb_education_Traci,power_active_kw,seasonal_naive_168h,1.4318,100.04,0.0
Lamb_education_Traci,power_active_kw,ridge_regression,1.3541,75.65,-24.38
Lamb_education_Vaughn,power_active_kw,seasonal_naive_168h,1.2508,70.39,0.0
Lamb_education_Vaughn,power_active_kw,ridge_regression,1.2347,58.0,-17.61
Lamb_education_Willetta,power_active_kw,seasonal_naive_168h,0.1936,880.24,0.0
Lamb_education_Willetta,power_active_kw,ridge_regression,0.1936,880.24,0.0
Lamb_education_Williams,power_active_kw,seasonal_naive_168h,15.0383,114.4,0.0
Lamb_education_Williams,power_active_kw,ridge_regression,9.1375,66.58,-41.8
Lamb_office_Bertha,power_active_kw,seasonal_naive_168h,4.713,11.16,0.0
Lamb_office_Bertha,power_active_kw,ridge_regression,15.8754,29.65,165.61
Lamb_office_Caitlin,power_active_kw,seasonal_naive_168h,8.9947,27.0,0.0
Lamb_office_Caitlin,power_active_kw,ridge_regression,12.0298,38.72,43.41
Lamb_office_Gerardo,power_active_kw,seasonal_naive_168h,3.4505,121.11,0.0
Lamb_office_Gerardo,power_active_kw,ridge_regression,2.6248,87.46,-27.79
Lamb_office_Kerry,power_active_kw,seasonal_naive_168h,0.1267,135.57,0.0
Lamb_office_Kerry,power_active_kw,ridge_regression,0.2183,117.75,-13.15
Lamb_office_Maggie,power_active_kw,seasonal_naive_168h,1.3901,138.98,0.0
Lamb_office_Maggie,power_active_kw,ridge_regression,1.015,96.1,-30.85
Lamb_office_Peggy,power_active_kw,seasonal_naive_168h,0.0925,64.35,0.0
Lamb_office_Peggy,power_active_kw,ridge_regression,0.0838,31.12,-51.64
Lamb_office_Raymond,power_active_kw,seasonal_naive_168h,2.1722,115.7,0.0
Lamb_office_Raymond,power_active_kw,ridge_regression,1.6397,80.92,-30.06
Lamb_office_Vasiliki,power_active_kw,seasonal_naive_168h,24.8391,13.87,0.0
Lamb_office_Vasiliki,power_active_kw,ridge_regression,48.6155,24.03,73.25
Lamb_office_Velma,power_active_kw,seasonal_naive_168h,15.1863,19.16,0.0
Lamb_office_Velma,power_active_kw,ridge_regression,15.948,19.8,3.35
Moose_education_Abbie,power_active_kw,seasonal_naive_168h,166.2166,8.72,0.0
Moose_education_Abbie,power_active_kw,ridge_regression,263.9216,9.02,3.41
Moose_education_Clark,power_active_kw,seasonal_naive_168h,228.2994,12.63,0.0
Moose_education_Clark,power_active_kw,ridge_regression,250.4468,12.84,1.66
Moose_education_Diane,power_active_kw,seasonal_naive_168h,129.8883,3.98,0.0
Moose_education_Diane,power_active_kw,ridge_regression,178.9841,4.71,18.35
Moose_education_Florence,power_active_kw,seasonal_naive_168h,88.5064,17.07,0.0
Moose_education_Florence,power_active_kw,ridge_regression,118.6211,15.76,-7.64
Moose_education_Gladys,power_active_kw,seasonal_naive_168h,230.6487,10.64,0.0
Moose_education_Gladys,power_active_kw,ridge_regression,274.8277,10.69,0.44
Moose_education_Leland,power_active_kw,seasonal_naive_168h,121.063,6.92,0.0
Moose_education_Leland,power_active_kw,ridge_regression,550.087,18.59,168.48
Moose_education_Lori,power_active_kw,seasonal_naive_168h,66.5501,10.17,0.0
Moose_education_Lori,power_active_kw,ridge_regression,32.4486,5.24,-48.43
Moose_education_Maria,power_active_kw,seasonal_naive_168h,73.8895,2.79,0.0
Moose_education_Maria,power_active_kw,ridge_regression,176.1994,6.3,125.96
Moose_education_Marina,power_active_kw,seasonal_naive_168h,16.9752,15.5,0.0
Moose_education_Marina,power_active_kw,ridge_regression,16.0695,13.26,-14.43
Moose_education_Marlon,power_active_kw,seasonal_naive_168h,68.0079,16.38,0.0
Moose_education_Marlon,power_active_kw,ridge_regression,88.3764,17.78,8.56
Moose_education_Rene,power_active_kw,seasonal_naive_168h,138.5808,23.15,0.0
Moose_education_Rene,power_active_kw,ridge_regression,194.3314,22.03,-4.84
Moose_education_Ricardo,power_active_kw,seasonal_naive_168h,64.8445,7.39,0.0
Moose_education_Ricardo,power_active_kw,ridge_regression,55.1509,5.91,-19.95
Panther_education_Alecia,power_active_kw,seasonal_naive_168h,28.2352,21.98,0.0
Panther_education_Alecia,power_active_kw,ridge_regression,17.7126,13.75,-37.43
Panther_education_Annetta,power_active_kw,seasonal_naive_168h,16.5214,23.42,0.0
Panther_education_Annetta,power_active_kw,ridge_regression,11.7272,16.29,-30.45
Panther_education_Aurora,power_active_kw,seasonal_naive_168h,16.7868,24.23,0.0
Panther_education_Aurora,power_active_kw,ridge_regression,14.7639,20.83,-14.03
Panther_education_Cleopatra,power_active_kw,seasonal_naive_168h,7.0181,29.42,0.0
Panther_education_Cleopatra,power_active_kw,ridge_regression,6.179,24.09,-18.11
Panther_education_Diann,power_active_kw,seasonal_naive_168h,17.2917,37.88,0.0
Panther_education_Diann,power_active_kw,ridge_regression,11.8551,24.23,-36.03
Panther_education_Edna,power_active_kw,seasonal_naive_168h,10.9735,14.73,0.0
Panther_education_Edna,power_active_kw,ridge_regression,14.872,16.65,13.02
Panther_education_Emily,power_active_kw,seasonal_naive_168h,28.8629,30.21,0.0
Panther_education_Emily,power_active_kw,ridge_regression,14.7722,16.28,-46.11
Panther_education_Enriqueta,power_active_kw,seasonal_naive_168h,22.3408,33.37,0.0
Panther_education_Enriqueta,power_active_kw,ridge_regression,12.7534,19.12,-42.7
Panther_education_Genevieve,power_active_kw,seasonal_naive_168h,18.2099,11.92,0.0
Panther_education_Genevieve,power_active_kw,ridge_regression,16.2431,8.88,-25.47
Panther_education_Gina,power_active_kw,seasonal_naive_168h,9.441,4.01,0.0
Panther_education_Gina,power_active_kw,ridge_regression,9.9447,3.94,-1.9
Panther_education_Hugh,power_active_kw,seasonal_naive_168h,27.1656,5.9,0.0
Panther_education_Hugh,power_active_kw,ridge_regression,20.1732,4.19,-28.89
Panther_education_Ivan,power_active_kw,seasonal_naive_168h,17.1408,20.23,0.0
Panther_education_Ivan,power_active_kw,ridge_regression,10.9047,12.45,-38.47
Panther_education_Janis,power_active_kw,seasonal_naive_168h,8.3196,79.22,0.0
Panther_education_Janis,power_active_kw,ridge_regression,5.5436,56.76,-28.36
Panther_education_Jerome,power_active_kw,seasonal_naive_168h,13.1897,4.11,0.0
Panther_education_Jerome,power_active_kw,ridge_regression,12.6174,3.43,-16.51
Panther_education_Jonathan,power_active_kw,seasonal_naive_168h,2.0217,48.62,0.0
Panther_education_Jonathan,power_active_kw,ridge_regression,0.9093,21.51,-55.77
Panther_education_Karri,power_active_kw,seasonal_naive_168h,16.7164,7.29,0.0
Panther_education_Karri,power_active_kw,ridge_regression,20.242,7.28,-0.17
Panther_education_Mattie,power_active_kw,seasonal_naive_168h,3.0337,61.81,0.0
Panther_education_Mattie,power_active_kw,ridge_regression,1.8306,39.15,-36.66
Panther_education_Misty,power_active_kw,seasonal_naive_168h,8.4514,38.36,0.0
Panther_education_Misty,power_active_kw,ridge_regression,4.2656,20.11,-47.59
Panther_education_Mohammad,power_active_kw,seasonal_naive_168h,15.7184,16.83,0.0
Panther_education_Mohammad,power_active_kw,ridge_regression,13.1346,13.41,-20.29
Panther_education_Neal,power_active_kw,seasonal_naive_168h,55.0338,31.94,0.0
Panther_education_Neal,power_active_kw,ridge_regression,56.3165,28.22,-11.62
Panther_education_Quintin,power_active_kw,seasonal_naive_168h,51.5075,24.03,0.0
Panther_education_Quintin,power_active_kw,ridge_regression,24.0852,12.42,-48.32
Panther_education_Rosalie,power_active_kw,seasonal_naive_168h,9.288,19.2,0.0
Panther_education_Rosalie,power_active_kw,ridge_regression,6.2322,12.82,-33.24
Panther_education_Scarlett,power_active_kw,seasonal_naive_168h,4.4707,35.01,0.0
Panther_education_Scarlett,power_active_kw,ridge_regression,3.3413,23.2,-33.73
Panther_education_Shelton,power_active_kw,seasonal_naive_168h,20.1696,20.97,0.0
Panther_education_Shelton,power_active_kw,ridge_regression,9.2215,11.52,-45.06
Panther_education_Sophia,power_active_kw,seasonal_naive_168h,4.242,4.98,0.0
Panther_education_Sophia,power_active_kw,ridge_regression,5.4485,4.94,-0.9
Panther_education_Teofila,power_active_kw,seasonal_naive_168h,29.5927,25.44,0.0
Panther_education_Teofila,power_active_kw,ridge_regression,15.9315,14.62,-42.51
Panther_education_Tina,power_active_kw,seasonal_naive_168h,2.6493,74.22,0.0
Panther_education_Tina,power_active_kw,ridge_regression,1.5179,41.33,-44.32
Panther_education_Vincent,power_active_kw,seasonal_naive_168h,17.4012,21.84,0.0
Panther_education_Vincent,power_active_kw,ridge_regression,14.1011,17.79,-18.52
Panther_education_Violet,power_active_kw,seasonal_naive_168h,10.6257,10.44,0.0
Panther_education_Violet,power_active_kw,ridge_regression,7.1891,7.07,-32.3
Panther_education_Zelda,power_active_kw,seasonal_naive_168h,11.915,25.49,0.0
Panther_education_Zelda,power_active_kw,ridge_regression,8.2085,16.58,-34.96
Panther_office_Antonette,power_active_kw,seasonal_naive_168h,4.511,13.31,0.0
Panther_office_Antonette,power_active_kw,ridge_regression,2.9008,9.14,-31.34
Panther_office_Brent,power_active_kw,seasonal_naive_168h,6.0345,60.11,0.0
Panther_office_Brent,power_active_kw,ridge_regression,4.439,42.05,-30.04
Panther_office_Catherine,power_active_kw,seasonal_naive_168h,8.9369,30.44,0.0
Panther_office_Catherine,power_active_kw,ridge_regression,5.9923,18.27,-39.98
Panther_office_Christian,power_active_kw,seasonal_naive_168h,7.7763,27.5,0.0
Panther_office_Christian,power_active_kw,ridge_regression,6.4211,22.17,-19.37
Panther_office_Christin,power_active_kw,seasonal_naive_168h,0.0326,11.88,0.0
Panther_office_Christin,power_active_kw,ridge_regression,0.1507,40.12,237.78
Panther_office_Clementine,power_active_kw,seasonal_naive_168h,6.1938,17.03,0.0
Panther_office_Clementine,power_active_kw,ridge_regression,4.3922,12.6,-25.99
Panther_office_Danica,power_active_kw,seasonal_naive_168h,1.525,53.12,0.0
Panther_office_Danica,power_active_kw,ridge_regression,1.1009,39.37,-25.9
Panther_office_Garth,power_active_kw,seasonal_naive_168h,6.566,17.94,0.0
Panther_office_Garth,power_active_kw,ridge_regression,5.2946,13.59,-24.25
Panther_office_Graham,power_active_kw,seasonal_naive_168h,6.667,18.56,0.0
Panther_office_Graham,power_active_kw,ridge_regression,6.0267,14.32,-22.83
Panther_office_Hannah,power_active_kw,seasonal_naive_168h,1.5791,57.14,0.0
Panther_office_Hannah,power_active_kw,ridge_regression,1.5009,49.5,-13.38
Panther_office_Jeane,power_active_kw,seasonal_naive_168h,4.0852,34.7,0.0
Panther_office_Jeane,power_active_kw,ridge_regression,3.7987,29.19,-15.88
Panther_office_Jesus,power_active_kw,seasonal_naive_168h,14.3328,29.42,0.0
Panther_office_Jesus,power_active_kw,ridge_regression,12.2328,25.38,-13.75
Panther_office_Karla,power_active_kw,seasonal_naive_168h,8.2953,47.02,0.0
Panther_office_Karla,power_active_kw,ridge_regression,8.395,37.23,-20.81
Panther_office_Kristen,power_active_kw,seasonal_naive_168h,10.9237,25.62,0.0
Panther_office_Kristen,power_active_kw,ridge_regression,9.2804,16.94,-33.88
Panther_office_Larry,power_active_kw,seasonal_naive_168h,5.6359,17.19,0.0
Panther_office_Larry,power_active_kw,ridge_regression,5.2977,16.17,-5.92
Panther_office_Lauretta,power_active_kw,seasonal_naive_168h,18.1494,15.06,0.0
Panther_office_Lauretta,power_active_kw,ridge_regression,8.5234,6.63,-55.97
Panther_office_Lavinia,power_active_kw,seasonal_naive_168h,3.9636,22.63,0.0
Panther_office_Lavinia,power_active_kw,ridge_regression,1.9951,11.86,-47.58
Panther_office_Lois,power_active_kw,seasonal_naive_168h,13.1838,19.07,0.0
Panther_office_Lois,power_active_kw,ridge_regression,5.9909,14.59,-23.5
Panther_office_Otto,power_active_kw,seasonal_naive_168h,19.2499,11.55,0.0
Panther_office_Otto,power_active_kw,ridge_regression,13.1337,8.66,-24.98
Panther_office_Patti,power_active_kw,seasonal_naive_168h,42.1627,11.58,0.0
Panther_office_Patti,power_active_kw,ridge_regression,25.3769,7.17,-38.14
Panther_office_Ruthie,power_active_kw,seasonal_naive_168h,11.6624,11.57,0.0
Panther_office_Ruthie,power_active_kw,ridge_regression,7.6269,7.94,-31.37
Panther_office_Shauna,power_active_kw,seasonal_naive_168h,15.8879,25.75,0.0
Panther_office_Shauna,power_active_kw,ridge_regression,13.8446,20.48,-20.47
Panther_office_Taryn,power_active_kw,seasonal_naive_168h,7.7088,18.15,0.0
Panther_office_Taryn,power_active_kw,ridge_regression,7.9778,16.4,-9.63
Panther_office_Valarie,power_active_kw,seasonal_naive_168h,10.8931,35.36,0.0
Panther_office_Valarie,power_active_kw,ridge_regression,4.8908,18.57,-47.47
Peacock_education_Anita,power_active_kw,seasonal_naive_168h,1.7505,28.87,0.0
Peacock_education_Anita,power_active_kw,ridge_regression,1.9865,28.47,-1.38
Peacock_education_Dustin,power_active_kw,seasonal_naive_168h,5.286,20.53,0.0
Peacock_education_Dustin,power_active_kw,ridge_regression,3.9969,15.45,-24.75
Peacock_education_Forest,power_active_kw,seasonal_naive_168h,12.0225,17.76,0.0
Peacock_education_Forest,power_active_kw,ridge_regression,7.3093,11.01,-38.01
Peacock_education_Gilberto,power_active_kw,seasonal_naive_168h,51.5073,6.36,0.0
Peacock_education_Gilberto,power_active_kw,ridge_regression,41.6039,5.06,-20.5
Peacock_education_Joshua,power_active_kw,seasonal_naive_168h,14.8274,4.21,0.0
Peacock_education_Joshua,power_active_kw,ridge_regression,13.2807,3.55,-15.71
Peacock_education_Karyn,power_active_kw,seasonal_naive_168h,13.3129,3.81,0.0
Peacock_education_Karyn,power_active_kw,ridge_regression,11.075,3.02,-20.63
Peacock_education_Lyle,power_active_kw,seasonal_naive_168h,60.27,14.88,0.0
Peacock_education_Lyle,power_active_kw,ridge_regression,55.4257,13.33,-10.41
Peacock_education_Ophelia,power_active_kw,seasonal_naive_168h,20.5307,3.97,0.0
Peacock_education_Ophelia,power_active_kw,ridge_regression,15.4021,3.02,-23.97
Peacock_education_Pasquale,power_active_kw,seasonal_naive_168h,9.3738,6.87,0.0
Peacock_education_Pasquale,power_active_kw,ridge_regression,7.3969,5.42,-21.03
Peacock_education_Patience,power_active_kw,seasonal_naive_168h,3.2916,21.23,0.0
Peacock_education_Patience,power_active_kw,ridge_regression,3.4451,21.17,-0.26
Peacock_education_Robbie,power_active_kw,seasonal_naive_168h,11.0738,39.49,0.0
Peacock_education_Robbie,power_active_kw,ridge_regression,6.6803,24.52,-37.92
Peacock_education_Shelly,power_active_kw,seasonal_naive_168h,4.9265,5.54,0.0
Peacock_education_Shelly,power_active_kw,ridge_regression,3.4644,4.07,-26.55
Peacock_education_Yolanda,power_active_kw,seasonal_naive_168h,2.5825,11.48,0.0
Peacock_education_Yolanda,power_active_kw,ridge_regression,2.427,10.36,-9.74
Peacock_office_Annie,power_active_kw,seasonal_naive_168h,11.4642,24.24,0.0
Peacock_office_Annie,power_active_kw,ridge_regression,10.2588,20.87,-13.93
Peacock_office_Burl,power_active_kw,seasonal_naive_168h,5.837,14.44,0.0
Peacock_office_Burl,power_active_kw,ridge_regression,4.1521,9.99,-30.8
Peacock_office_Dara,power_active_kw,seasonal_naive_168h,26.9496,19.55,0.0
Peacock_office_Dara,power_active_kw,ridge_regression,21.8148,15.95,-18.39
Peacock_office_Effie,power_active_kw,seasonal_naive_168h,14.2083,23.01,0.0
Peacock_office_Effie,power_active_kw,ridge_regression,10.3855,16.27,-29.31
Peacock_office_Elton,power_active_kw,seasonal_naive_168h,15.3916,14.8,0.0
Peacock_office_Elton,power_active_kw,ridge_regression,10.8618,10.64,-28.12
Peacock_office_Julian,power_active_kw,seasonal_naive_168h,5.2447,33.08,0.0
Peacock_office_Julian,power_active_kw,ridge_regression,4.0335,24.77,-25.12
Peacock_office_Major,power_active_kw,seasonal_naive_168h,10.0774,7.07,0.0
Peacock_office_Major,power_active_kw,ridge_regression,7.741,5.42,-23.31
Peacock_office_Norman,power_active_kw,seasonal_naive_168h,6.8506,25.45,0.0
Peacock_office_Norman,power_active_kw,ridge_regression,4.6421,17.13,-32.69
Rat_education_Adell,power_active_kw,seasonal_naive_168h,19.9785,22.43,0.0
Rat_education_Adell,power_active_kw,ridge_regression,20.5012,20.79,-7.31
Rat_education_Adrian,power_active_kw,seasonal_naive_168h,9.5712,29.32,0.0
Rat_education_Adrian,power_active_kw,ridge_regression,9.0545,23.36,-20.33
Rat_education_Alfonso,power_active_kw,seasonal_naive_168h,23.8988,19.18,0.0
Rat_education_Alfonso,power_active_kw,ridge_regression,25.816,18.88,-1.54
Rat_education_Alfred,power_active_kw,seasonal_naive_168h,20.4769,16.52,0.0
Rat_education_Alfred,power_active_kw,ridge_regression,26.3138,18.74,13.48
Rat_education_Barbara,power_active_kw,seasonal_naive_168h,0.0886,12.09,0.0
Rat_education_Barbara,power_active_kw,ridge_regression,0.0745,9.83,-18.75
Rat_education_Barney,power_active_kw,seasonal_naive_168h,7.9658,34.83,0.0
Rat_education_Barney,power_active_kw,ridge_regression,4.7848,20.51,-41.11
Rat_education_Beverly,power_active_kw,seasonal_naive_168h,70.2515,25.72,0.0
Rat_education_Beverly,power_active_kw,ridge_regression,122.3319,35.72,38.9
Rat_education_Brett,power_active_kw,seasonal_naive_168h,25.7131,122.51,0.0
Rat_education_Brett,power_active_kw,ridge_regression,14.5995,53.68,-56.18
Rat_education_Bryant,power_active_kw,seasonal_naive_168h,5.4264,16.13,0.0
Rat_education_Bryant,power_active_kw,ridge_regression,4.9843,14.02,-13.08
Rat_education_Calvin,power_active_kw,seasonal_naive_168h,4.8785,21.24,0.0
Rat_education_Calvin,power_active_kw,ridge_regression,3.9593,13.63,-35.83
Rat_education_Candida,power_active_kw,seasonal_naive_168h,31.2403,27.45,0.0
Rat_education_Candida,power_active_kw,ridge_regression,19.5727,16.41,-40.23
Rat_education_Carmela,power_active_kw,seasonal_naive_168h,10.6633,18.18,0.0
Rat_education_Carmela,power_active_kw,ridge_regression,10.1674,16.47,-9.42
Rat_education_Cecil,power_active_kw,seasonal_naive_168h,6.5482,20.26,0.0
Rat_education_Cecil,power_active_kw,ridge_regression,5.4602,16.04,-20.81
Rat_education_Cedric,power_active_kw,seasonal_naive_168h,12.1961,21.05,0.0
Rat_education_Cedric,power_active_kw,ridge_regression,11.0543,18.44,-12.38
Rat_education_Cinthia,power_active_kw,seasonal_naive_168h,1.1623,52.77,0.0
Rat_education_Cinthia,power_active_kw,ridge_regression,1.2509,41.11,-22.09
Rat_education_Colin,power_active_kw,seasonal_naive_168h,3.957,53.84,0.0
Rat_education_Colin,power_active_kw,ridge_regression,7.0524,79.75,48.11
Rat_education_Conrad,power_active_kw,seasonal_naive_168h,46.6429,72.94,0.0
Rat_education_Conrad,power_active_kw,ridge_regression,46.8039,57.96,-20.53
Rat_education_Dana,power_active_kw,seasonal_naive_168h,11.7877,23.13,0.0
Rat_education_Dana,power_active_kw,ridge_regression,11.4203,20.11,-13.07
Rat_education_Dann,power_active_kw,seasonal_naive_168h,15.3822,12.54,0.0
Rat_education_Dann,power_active_kw,ridge_regression,12.0622,9.44,-24.67
Rat_education_Davis,power_active_kw,seasonal_naive_168h,3.5111,11.0,0.0
Rat_education_Davis,power_active_kw,ridge_regression,4.2773,12.46,13.2
Rat_education_Deanna,power_active_kw,seasonal_naive_168h,9.5074,16.84,0.0
Rat_education_Deanna,power_active_kw,ridge_regression,8.4805,14.3,-15.04
Rat_education_Debra,power_active_kw,seasonal_naive_168h,8.1911,14.1,0.0
Rat_education_Debra,power_active_kw,ridge_regression,10.389,15.92,12.91
Rat_education_Dianne,power_active_kw,seasonal_naive_168h,0.7459,2.8,0.0
Rat_education_Dianne,power_active_kw,ridge_regression,6.0954,5.68,103.02
Rat_education_Dreama,power_active_kw,seasonal_naive_168h,5.8155,12.03,0.0
Rat_education_Dreama,power_active_kw,ridge_regression,4.9944,10.51,-12.65
Rat_education_Earl,power_active_kw,seasonal_naive_168h,19.5326,23.13,0.0
Rat_education_Earl,power_active_kw,ridge_regression,16.7554,17.28,-25.3
Rat_education_Earnest,power_active_kw,seasonal_naive_168h,6.7426,22.41,0.0
Rat_education_Earnest,power_active_kw,ridge_regression,5.9252,17.33,-22.69
Rat_education_Edmund,power_active_kw,seasonal_naive_168h,20.1847,82.23,0.0
Rat_education_Edmund,power_active_kw,ridge_regression,15.7511,67.24,-18.23
Rat_education_Elisa,power_active_kw,seasonal_naive_168h,6.8645,33.61,0.0
Rat_education_Elisa,power_active_kw,ridge_regression,6.2952,27.71,-17.56
Rat_education_Elsie,power_active_kw,seasonal_naive_168h,3.857,43.51,0.0
Rat_education_Elsie,power_active_kw,ridge_regression,2.815,31.41,-27.81
Rat_education_Esther,power_active_kw,seasonal_naive_168h,19.0281,29.03,0.0
Rat_education_Esther,power_active_kw,ridge_regression,13.7603,20.35,-29.89
Rat_education_Everett,power_active_kw,seasonal_naive_168h,19.7444,16.88,0.0
Rat_education_Everett,power_active_kw,ridge_regression,17.1234,14.21,-15.8
Rat_education_Fernando,power_active_kw,seasonal_naive_168h,8.9426,23.07,0.0
Rat_education_Fernando,power_active_kw,ridge_regression,7.6871,19.02,-17.57
Rat_education_Francisca,power_active_kw,seasonal_naive_168h,13.3999,25.52,0.0
Rat_education_Francisca,power_active_kw,ridge_regression,8.9885,19.04,-25.39
Rat_education_Gricelda,power_active_kw,seasonal_naive_168h,7.7801,37.34,0.0
Rat_education_Gricelda,power_active_kw,ridge_regression,6.2407,29.0,-22.35
Rat_education_Guillermo,power_active_kw,seasonal_naive_168h,17.1112,22.17,0.0
Rat_education_Guillermo,power_active_kw,ridge_regression,12.1442,15.92,-28.21
Rat_education_Humberto,power_active_kw,seasonal_naive_168h,39.8989,121.39,0.0
Rat_education_Humberto,power_active_kw,ridge_regression,23.4064,66.51,-45.21
Rat_education_Imelda,power_active_kw,seasonal_naive_168h,0.0812,3.89,0.0
Rat_education_Imelda,power_active_kw,ridge_regression,0.0609,2.95,-24.12
Rat_education_Irma,power_active_kw,seasonal_naive_168h,9.5362,20.71,0.0
Rat_education_Irma,power_active_kw,ridge_regression,8.1013,17.01,-17.89
Rat_education_Jacob,power_active_kw,seasonal_naive_168h,9.5386,24.86,0.0
Rat_education_Jacob,power_active_kw,ridge_regression,5.373,13.48,-45.75
Rat_education_Jame,power_active_kw,seasonal_naive_168h,11.96,23.22,0.0
Rat_education_Jame,power_active_kw,ridge_regression,7.6512,15.2,-34.56
Rat_education_Jeanne,power_active_kw,seasonal_naive_168h,6.659,18.32,0.0
Rat_education_Jeanne,power_active_kw,ridge_regression,5.6892,15.46,-15.57
Rat_education_Jena,power_active_kw,seasonal_naive_168h,15.3572,14.28,0.0
Rat_education_Jena,power_active_kw,ridge_regression,15.7608,13.48,-5.6
Rat_education_Jesse,power_active_kw,seasonal_naive_168h,0.5171,6.42,0.0
Rat_education_Jesse,power_active_kw,ridge_regression,2.3143,19.38,201.76
Rat_education_Kandice,power_active_kw,seasonal_naive_168h,34.6976,78.22,0.0
Rat_education_Kandice,power_active_kw,ridge_regression,20.6424,45.69,-41.58
Rat_education_Kathryn,power_active_kw,seasonal_naive_168h,42.4717,13.1,0.0
Rat_education_Kathryn,power_active_kw,ridge_regression,41.6127,11.39,-13.07
Rat_education_Keith,power_active_kw,seasonal_naive_168h,16.4766,21.84,0.0
Rat_education_Keith,power_active_kw,ridge_regression,12.9709,15.28,-30.03
Rat_education_Kelsey,power_active_kw,seasonal_naive_168h,25.1184,29.03,0.0
Rat_education_Kelsey,power_active_kw,ridge_regression,17.0143,22.43,-22.75
Rat_education_Lee,power_active_kw,seasonal_naive_168h,55.8915,19.92,0.0
Rat_education_Lee,power_active_kw,ridge_regression,41.8253,14.78,-25.8
Rat_education_Leonardo,power_active_kw,seasonal_naive_168h,20.5089,33.15,0.0
Rat_education_Leonardo,power_active_kw,ridge_regression,14.2767,23.54,-28.98
Rat_education_Lincoln,power_active_kw,seasonal_naive_168h,16.9645,19.53,0.0
Rat_education_Lincoln,power_active_kw,ridge_regression,16.5515,15.44,-20.94
Rat_education_Liz,power_active_kw,seasonal_naive_168h,20.5744,25.02,0.0
Rat_education_Liz,power_active_kw,ridge_regression,19.1358,22.7,-9.28
Rat_education_Lonnie,power_active_kw,seasonal_naive_168h,8.5262,28.1,0.0
Rat_education_Lonnie,power_active_kw,ridge_regression,9.4108,26.18,-6.81
Rat_education_Lynn,power_active_kw,seasonal_naive_168h,18.8413,23.86,0.0
Rat_education_Lynn,power_active_kw,ridge_regression,12.673,16.01,-32.89
Rat_education_Marcos,power_active_kw,seasonal_naive_168h,28.6232,18.5,0.0
Rat_education_Marcos,power_active_kw,ridge_regression,17.9418,11.45,-38.1
Rat_education_Marianna,power_active_kw,seasonal_naive_168h,11.2062,27.02,0.0
Rat_education_Marianna,power_active_kw,ridge_regression,10.656,21.69,-19.73
Rat_education_Maricela,power_active_kw,seasonal_naive_168h,19.6108,21.94,0.0
Rat_education_Maricela,power_active_kw,ridge_regression,12.6766,14.29,-34.88
Rat_education_Marvin,power_active_kw,seasonal_naive_168h,10.5799,36.43,0.0
Rat_education_Marvin,power_active_kw,ridge_regression,9.3957,27.82,-23.63
Rat_education_Mavis,power_active_kw,seasonal_naive_168h,75.7885,179.31,0.0
Rat_education_Mavis,power_active_kw,ridge_regression,57.9055,118.2,-34.08
Rat_education_Meghan,power_active_kw,seasonal_naive_168h,6.646,26.12,0.0
Rat_education_Meghan,power_active_kw,ridge_regression,6.9353,22.72,-13.03
Rat_education_Milagros,power_active_kw,seasonal_naive_168h,11.0803,22.66,0.0
Rat_education_Milagros,power_active_kw,ridge_regression,11.2327,18.41,-18.75
Rat_education_Mona,power_active_kw,seasonal_naive_168h,7.4788,15.8,0.0
Rat_education_Mona,power_active_kw,ridge_regression,7.919,15.05,-4.72
Rat_education_Morton,power_active_kw,seasonal_naive_168h,16.6137,19.62,0.0
Rat_education_Morton,power_active_kw,ridge_regression,13.8043,15.2,-22.54
Rat_education_Mose,power_active_kw,seasonal_naive_168h,7.7885,26.91,0.0
Rat_education_Mose,power_active_kw,ridge_regression,7.8432,24.76,-7.99
Rat_education_Nellie,power_active_kw,seasonal_naive_168h,33.791,19.04,0.0
Rat_education_Nellie,power_active_kw,ridge_regression,40.1749,16.02,-15.84
Rat_education_Nona,power_active_kw,seasonal_naive_168h,17.593,34.8,0.0
Rat_education_Nona,power_active_kw,ridge_regression,10.9835,20.66,-40.63
Rat_education_Nydia,power_active_kw,seasonal_naive_168h,20.5882,18.11,0.0
Rat_education_Nydia,power_active_kw,ridge_regression,15.2556,13.51,-25.43
Rat_education_Pat,power_active_kw,seasonal_naive_168h,0.602,2.12,0.0
Rat_education_Pat,power_active_kw,ridge_regression,3.4346,8.0,277.96
Rat_education_Patty,power_active_kw,seasonal_naive_168h,5.4514,22.94,0.0
Rat_education_Patty,power_active_kw,ridge_regression,6.1735,20.44,-10.89
Rat_education_Paula,power_active_kw,seasonal_naive_168h,22.8937,23.27,0.0
Rat_education_Paula,power_active_kw,ridge_regression,15.0565,15.09,-35.17
Rat_education_Renee,power_active_kw,seasonal_naive_168h,3.3593,24.0,0.0
Rat_education_Renee,power_active_kw,ridge_regression,2.597,19.66,-18.09
Rat_education_Robyn,power_active_kw,seasonal_naive_168h,25.2835,28.44,0.0
Rat_education_Robyn,power_active_kw,ridge_regression,19.2101,18.03,-36.63
Rat_education_Rogelio,power_active_kw,seasonal_naive_168h,19.9944,23.74,0.0
Rat_education_Rogelio,power_active_kw,ridge_regression,13.0109,14.66,-38.28
Rat_education_Rosalyn,power_active_kw,seasonal_naive_168h,11.8632,25.39,0.0
Rat_education_Rosalyn,power_active_kw,ridge_regression,8.2944,17.33,-31.77
Rat_education_Royal,power_active_kw,seasonal_naive_168h,5.1017,14.07,0.0
Rat_education_Royal,power_active_kw,ridge_regression,4.8985,11.69,-16.92
Rat_education_Salvatore,power_active_kw,seasonal_naive_168h,9.2003,16.25,0.0
Rat_education_Salvatore,power_active_kw,ridge_regression,6.9638,11.83,-27.16
Rat_education_Shellie,power_active_kw,seasonal_naive_168h,8.2637,21.54,0.0
Rat_education_Shellie,power_active_kw,ridge_regression,6.7718,15.68,-27.21
Rat_education_Sherwood,power_active_kw,seasonal_naive_168h,12.6271,21.34,0.0
Rat_education_Sherwood,power_active_kw,ridge_regression,11.8682,17.92,-16.01
Rat_education_Sina,power_active_kw,seasonal_naive_168h,30.9925,18.1,0.0
Rat_education_Sina,power_active_kw,ridge_regression,16.8285,9.85,-45.59
Rat_education_Stuart,power_active_kw,seasonal_naive_168h,12.6376,36.64,0.0
Rat_education_Stuart,power_active_kw,ridge_regression,6.3475,17.49,-52.27
Rat_education_Tania,power_active_kw,seasonal_naive_168h,48.5502,32.86,0.0
Rat_education_Tania,power_active_kw,ridge_regression,37.6293,24.62,-25.08
Rat_education_Terese,power_active_kw,seasonal_naive_168h,12.4342,17.93,0.0
Rat_education_Terese,power_active_kw,ridge_regression,11.5887,14.68,-18.14
Rat_education_Theo,power_active_kw,seasonal_naive_168h,46.5397,22.95,0.0
Rat_education_Theo,power_active_kw,ridge_regression,76.6309,30.29,31.97
Rat_education_Tim,power_active_kw,seasonal_naive_168h,6.2751,20.1,0.0
Rat_education_Tim,power_active_kw,ridge_regression,5.2127,15.12,-24.78
Rat_education_Ulrike,power_active_kw,seasonal_naive_168h,17.4098,21.16,0.0
Rat_education_Ulrike,power_active_kw,ridge_regression,12.3807,15.05,-28.87
Rat_education_Verna,power_active_kw,seasonal_naive_168h,10.7815,20.95,0.0
Rat_education_Verna,power_active_kw,ridge_regression,9.1933,17.13,-18.24
Rat_education_Vicky,power_active_kw,seasonal_naive_168h,28.8767,22.8,0.0
Rat_education_Vicky,power_active_kw,ridge_regression,28.5398,20.93,-8.22
Rat_education_Willie,power_active_kw,seasonal_naive_168h,26.6831,28.04,0.0
Rat_education_Willie,power_active_kw,ridge_regression,29.452,23.41,-16.52
Rat_education_Wilmer,power_active_kw,seasonal_naive_168h,21.8969,31.04,0.0
Rat_education_Wilmer,power_active_kw,ridge_regression,13.3015,17.94,-42.19
Rat_education_Winnie,power_active_kw,seasonal_naive_168h,17.7851,31.42,0.0
Rat_education_Winnie,power_active_kw,ridge_regression,12.6748,22.07,-29.78
Rat_education_Yu,power_active_kw,seasonal_naive_168h,15.0495,21.92,0.0
Rat_education_Yu,power_active_kw,ridge_regression,10.1652,15.21,-30.61
Rat_education_Zina,power_active_kw,seasonal_naive_168h,5.8058,24.92,0.0
Rat_education_Zina,power_active_kw,ridge_regression,7.6335,24.26,-2.66
Rat_education_Zoe,power_active_kw,seasonal_naive_168h,18.2286,23.92,0.0
Rat_education_Zoe,power_active_kw,ridge_regression,12.8522,16.96,-29.07
Rat_office_Adele,power_active_kw,seasonal_naive_168h,110.1042,26.17,0.0
Rat_office_Adele,power_active_kw,ridge_regression,70.3909,20.6,-21.25
Rat_office_Annis,power_active_kw,seasonal_naive_168h,2.3407,11.98,0.0
Rat_office_Annis,power_active_kw,ridge_regression,2.9061,14.34,19.74
Rat_office_Arron,power_active_kw,seasonal_naive_168h,5.3717,15.53,0.0
Rat_office_Arron,power_active_kw,ridge_regression,5.3232,14.01,-9.82
Rat_office_Avis,power_active_kw,seasonal_naive_168h,264.8666,52.26,0.0
Rat_office_Avis,power_active_kw,ridge_regression,138.2471,26.42,-49.45
Rat_office_Chris,power_active_kw,seasonal_naive_168h,71.1273,12.83,0.0
Rat_office_Chris,power_active_kw,ridge_regression,49.205,8.5,-33.77
Rat_office_Colby,power_active_kw,seasonal_naive_168h,262.8097,22.47,0.0
Rat_office_Colby,power_active_kw,ridge_regression,194.2716,18.25,-18.78
Rat_office_Craig,power_active_kw,seasonal_naive_168h,11.3337,8.37,0.0
Rat_office_Craig,power_active_kw,ridge_regression,10.3375,6.85,-18.22
Rat_office_Jacinta,power_active_kw,seasonal_naive_168h,21.9736,17.78,0.0
Rat_office_Jacinta,power_active_kw,ridge_regression,14.2659,10.06,-43.43
Rat_office_Jamal,power_active_kw,seasonal_naive_168h,78.1067,29.16,0.0
Rat_office_Jamal,power_active_kw,ridge_regression,198.4792,44.73,53.38
Rat_office_Jeannie,power_active_kw,seasonal_naive_168h,6.4746,29.22,0.0
Rat_office_Jeannie,power_active_kw,ridge_regression,6.7511,27.02,-7.5
Rat_office_Jessica,power_active_kw,seasonal_naive_168h,71.5993,15.89,0.0
Rat_office_Jessica,power_active_kw,ridge_regression,57.6323,12.26,-22.85
Rat_office_Jill,power_active_kw,seasonal_naive_168h,223.7212,91.38,0.0
Rat_office_Jill,power_active_kw,ridge_regression,251.3045,85.21,-6.75
Rat_office_Kasey,power_active_kw,seasonal_naive_168h,18.4899,31.41,0.0
Rat_office_Kasey,power_active_kw,ridge_regression,16.4649,27.14,-13.58
Rat_office_Lora,power_active_kw,seasonal_naive_168h,81.0061,34.17,0.0
Rat_office_Lora,power_active_kw,ridge_regression,79.8583,29.49,-13.72
Rat_office_Loyd,power_active_kw,seasonal_naive_168h,7.6438,22.81,0.0
Rat_office_Loyd,power_active_kw,ridge_regression,6.232,18.12,-20.58
Rat_office_Mei,power_active_kw,seasonal_naive_168h,2.3947,21.92,0.0
Rat_office_Mei,power_active_kw,ridge_regression,2.0108,16.65,-24.06
Rat_office_Olivia,power_active_kw,seasonal_naive_168h,8.6825,23.47,0.0
Rat_office_Olivia,power_active_kw,ridge_regression,8.6654,21.56,-8.15
Rat_office_Ramiro,power_active_kw,seasonal_naive_168h,0.9227,4.64,0.0
Rat_office_Ramiro,power_active_kw,ridge_regression,1.108,4.09,-11.73
Rat_office_Randy,power_active_kw,seasonal_naive_168h,8.6027,20.32,0.0
Rat_office_Randy,power_active_kw,ridge_regression,10.2823,18.9,-7.01
Rat_office_Ronald,power_active_kw,seasonal_naive_168h,12.6708,32.41,0.0
Rat_office_Ronald,power_active_kw,ridge_regression,8.9103,23.38,-27.84
Rat_office_Rosemary,power_active_kw,seasonal_naive_168h,2.9166,23.49,0.0
Rat_office_Rosemary,power_active_kw,ridge_regression,2.5979,20.51,-12.67
Rat_office_Sammy,power_active_kw,seasonal_naive_168h,12.8302,30.07,0.0
Rat_office_Sammy,power_active_kw,ridge_regression,7.5154,17.73,-41.04
Rat_office_Tracy,power_active_kw,seasonal_naive_168h,1.892,14.7,0.0
Rat_office_Tracy,power_active_kw,ridge_regression,1.6235,12.68,-13.72
Robin_education_Audrea,power_active_kw,seasonal_naive_168h,37.3709,26.46,0.0
Robin_education_Audrea,power_active_kw,ridge_regression,30.556,18.06,-31.74
Robin_education_Billi,power_active_kw,seasonal_naive_168h,5.0177,20.56,0.0
Robin_education_Billi,power_active_kw,ridge_regression,5.6691,23.71,15.31
Robin_education_Cecilia,power_active_kw,seasonal_naive_168h,8.684,22.51,0.0
Robin_education_Cecilia,power_active_kw,ridge_regression,10.7849,22.26,-1.14
Robin_education_Della,power_active_kw,seasonal_naive_168h,1.8946,44.52,0.0
Robin_education_Della,power_active_kw,ridge_regression,1.572,35.46,-20.34
Robin_education_Derick,power_active_kw,seasonal_naive_168h,41.8941,11.03,0.0
Robin_education_Derick,power_active_kw,ridge_regression,33.0841,8.62,-21.87
Robin_education_Derrick,power_active_kw,seasonal_naive_168h,24.4933,10.15,0.0
Robin_education_Derrick,power_active_kw,ridge_regression,25.0961,9.2,-9.34
Robin_education_Jasper,power_active_kw,seasonal_naive_168h,10.9235,9.54,0.0
Robin_education_Jasper,power_active_kw,ridge_regression,8.5889,6.76,-29.21
Robin_education_Julius,power_active_kw,seasonal_naive_168h,31.8856,12.08,0.0
Robin_education_Julius,power_active_kw,ridge_regression,33.7715,11.8,-2.33
Robin_education_Karyl,power_active_kw,seasonal_naive_168h,11.0571,16.63,0.0
Robin_education_Karyl,power_active_kw,ridge_regression,11.3766,15.17,-8.79
Robin_education_Kiera,power_active_kw,seasonal_naive_168h,10.58,20.39,0.0
Robin_education_Kiera,power_active_kw,ridge_regression,11.456,19.08,-6.4
Robin_education_Kristopher,power_active_kw,seasonal_naive_168h,12.9569,13.98,0.0
Robin_education_Kristopher,power_active_kw,ridge_regression,10.4864,11.02,-21.17
Robin_education_Lashandra,power_active_kw,seasonal_naive_168h,14.9496,19.96,0.0
Robin_education_Lashandra,power_active_kw,ridge_regression,10.5853,14.55,-27.11
Robin_education_Leslie,power_active_kw,seasonal_naive_168h,58.5318,10.9,0.0
Robin_education_Leslie,power_active_kw,ridge_regression,52.4609,9.02,-17.29
Robin_education_Lizbeth,power_active_kw,seasonal_naive_168h,8.5507,11.33,0.0
Robin_education_Lizbeth,power_active_kw,ridge_regression,8.6679,10.04,-11.42
Robin_education_Madeline,power_active_kw,seasonal_naive_168h,15.4713,7.47,0.0
Robin_education_Madeline,power_active_kw,ridge_regression,14.8844,6.76,-9.56
Robin_education_Margarito,power_active_kw,seasonal_naive_168h,29.7311,8.99,0.0
Robin_education_Margarito,power_active_kw,ridge_regression,24.7106,7.05,-21.59
Robin_education_Megan,power_active_kw,seasonal_naive_168h,20.9543,10.61,0.0
Robin_education_Megan,power_active_kw,ridge_regression,17.0293,8.91,-16.03
Robin_education_Mercedes,power_active_kw,seasonal_naive_168h,35.177,20.39,0.0
Robin_education_Mercedes,power_active_kw,ridge_regression,25.199,13.65,-33.04
Robin_education_So,power_active_kw,seasonal_naive_168h,22.4043,7.47,0.0
Robin_education_So,power_active_kw,ridge_regression,22.6517,7.24,-3.04
Robin_education_Takako,power_active_kw,seasonal_naive_168h,4.9048,19.6,0.0
Robin_education_Takako,power_active_kw,ridge_regression,10.9927,34.82,77.69
Robin_education_Terrance,power_active_kw,seasonal_naive_168h,15.5071,8.59,0.0
Robin_education_Terrance,power_active_kw,ridge_regression,15.2416,7.84,-8.82
Robin_education_Zenia,power_active_kw,seasonal_naive_168h,9.4307,7.17,0.0
Robin_education_Zenia,power_active_kw,ridge_regression,10.7385,7.33,2.26
Robin_office_Addie,power_active_kw,seasonal_naive_168h,3.2537,23.03,0.0
Robin_office_Addie,power_active_kw,ridge_regression,2.9028,21.75,-5.57
Robin_office_Adolph,power_active_kw,seasonal_naive_168h,3.1771,18.46,0.0
Robin_office_Adolph,power_active_kw,ridge_regression,2.9349,16.39,-11.21
Robin_office_Antonina,power_active_kw,seasonal_naive_168h,19.2033,8.22,0.0
Robin_office_Antonina,power_active_kw,ridge_regression,19.8614,8.04,-2.19
Robin_office_Dina,power_active_kw,seasonal_naive_168h,3.7754,17.85,0.0
Robin_office_Dina,power_active_kw,ridge_regression,3.6675,16.56,-7.23
Robin_office_Donald,power_active_kw,seasonal_naive_168h,20.6117,17.04,0.0
Robin_office_Donald,power_active_kw,ridge_regression,17.6417,13.38,-21.46
Robin_office_Gayle,power_active_kw,seasonal_naive_168h,8.5583,22.94,0.0
Robin_office_Gayle,power_active_kw,ridge_regression,8.7209,20.84,-9.15
Robin_office_Lindsay,power_active_kw,seasonal_naive_168h,6.1701,14.18,0.0
Robin_office_Lindsay,power_active_kw,ridge_regression,5.2009,12.21,-13.88
Robin_office_Maryann,power_active_kw,seasonal_naive_168h,15.365,10.32,0.0
Robin_office_Maryann,power_active_kw,ridge_regression,16.4418,10.28,-0.38
Robin_office_Sammie,power_active_kw,seasonal_naive_168h,9.3212,15.86,0.0
Robin_office_Sammie,power_active_kw,ridge_regression,7.4878,12.63,-20.4
Robin_office_Saul,power_active_kw,seasonal_naive_168h,7.5088,26.03,0.0
Robin_office_Saul,power_active_kw,ridge_regression,4.4377,15.27,-41.35
Robin_office_Serena,power_active_kw,seasonal_naive_168h,7.1304,20.31,0.0
Robin_office_Serena,power_active_kw,ridge_regression,8.3072,18.63,-8.3
Robin_office_Shirlene,power_active_kw,seasonal_naive_168h,4.9261,22.62,0.0
Robin_office_Shirlene,power_active_kw,ridge_regression,4.5044,19.97,-11.7
Robin_office_Soledad,power_active_kw,seasonal_naive_168h,3.2238,29.89,0.0
Robin_office_Soledad,power_active_kw,ridge_regression,2.717,23.89,-20.06
Robin_office_Victor,power_active_kw,seasonal_naive_168h,6.7874,18.74,0.0
Robin_office_Victor,power_active_kw,ridge_regression,7.1123,18.65,-0.48
Robin_office_Wai,power_active_kw,seasonal_naive_168h,2.3377,8.87,0.0
Robin_office_Wai,power_active_kw,ridge_regression,15.749,14.24,60.54
Robin_office_Zelma,power_active_kw,seasonal_naive_168h,8.3297,15.52,0.0
Robin_office_Zelma,power_active_kw,ridge_regression,8.1346,14.49,-6.64
Wolf_education_Anisa,power_active_kw,seasonal_naive_168h,111.824,69.99,0.0
Wolf_education_Anisa,power_active_kw,ridge_regression,87.0502,49.03,-29.95
Wolf_education_Arnulfo,power_active_kw,seasonal_naive_168h,11.8251,48.53,0.0
Wolf_education_Arnulfo,power_active_kw,ridge_regression,9.1021,34.23,-29.47
Wolf_education_Bobby,power_active_kw,seasonal_naive_168h,34.512,48.12,0.0
Wolf_education_Bobby,power_active_kw,ridge_regression,26.414,35.03,-27.19
Wolf_education_Cheryl,power_active_kw,seasonal_naive_168h,35.8411,46.35,0.0
Wolf_education_Cheryl,power_active_kw,ridge_regression,28.872,33.27,-28.23
Wolf_education_Clarissa,power_active_kw,seasonal_naive_168h,9.7515,28.21,0.0
Wolf_education_Clarissa,power_active_kw,ridge_regression,7.8027,21.14,-25.05
Wolf_education_Cody,power_active_kw,seasonal_naive_168h,20.5173,121.57,0.0
Wolf_education_Cody,power_active_kw,ridge_regression,15.5265,87.98,-27.63
Wolf_education_Dolores,power_active_kw,seasonal_naive_168h,11.4435,51.32,0.0
Wolf_education_Dolores,power_active_kw,ridge_regression,9.2565,36.48,-28.91
Wolf_education_Dorris,power_active_kw,seasonal_naive_168h,41.4302,17.67,0.0
Wolf_education_Dorris,power_active_kw,ridge_regression,35.7708,14.66,-17.02
Wolf_education_Eulalia,power_active_kw,seasonal_naive_168h,20.7311,51.35,0.0
Wolf_education_Eulalia,power_active_kw,ridge_regression,19.1002,39.48,-23.13
Wolf_education_Joaquin,power_active_kw,seasonal_naive_168h,7.1337,13.85,0.0
Wolf_education_Joaquin,power_active_kw,ridge_regression,5.3029,9.79,-29.32
Wolf_education_Josefa,power_active_kw,seasonal_naive_168h,2.8588,60.18,0.0
Wolf_education_Josefa,power_active_kw,ridge_regression,2.366,43.17,-28.26
Wolf_education_Katie,power_active_kw,seasonal_naive_168h,5.7932,38.46,0.0
Wolf_education_Katie,power_active_kw,ridge_regression,4.9638,29.3,-23.82
Wolf_education_Laurinda,power_active_kw,seasonal_naive_168h,44.8666,41.05,0.0
Wolf_education_Laurinda,power_active_kw,ridge_regression,45.2623,33.97,-17.25
Wolf_education_Loren,power_active_kw,seasonal_naive_168h,43.04,31.37,0.0
Wolf_education_Loren,power_active_kw,ridge_regression,35.1894,22.87,-27.09
Wolf_education_Miguel,power_active_kw,seasonal_naive_168h,11.1179,53.23,0.0
Wolf_education_Miguel,power_active_kw,ridge_regression,9.3635,39.95,-24.94
Wolf_education_Roderick,power_active_kw,seasonal_naive_168h,1.7652,56.27,0.0
Wolf_education_Roderick,power_active_kw,ridge_regression,1.5092,42.93,-23.71
Wolf_education_Tammie,power_active_kw,seasonal_naive_168h,11.7886,23.01,0.0
Wolf_education_Tammie,power_active_kw,ridge_regression,11.0654,19.65,-14.61
Wolf_education_Tori,power_active_kw,seasonal_naive_168h,63.1976,28.66,0.0
Wolf_education_Tori,power_active_kw,ridge_regression,59.7337,23.76,-17.12
Wolf_education_Ursula,power_active_kw,seasonal_naive_168h,30.1347,38.3,0.0
Wolf_education_Ursula,power_active_kw,ridge_regression,27.8551,31.65,-17.38
Wolf_education_Vivian,power_active_kw,seasonal_naive_168h,23.1331,49.09,0.0
Wolf_education_Vivian,power_active_kw,ridge_regression,17.5887,33.69,-31.38
Wolf_office_Bobbie,power_active_kw,seasonal_naive_168h,6.0979,38.95,0.0
Wolf_office_Bobbie,power_active_kw,ridge_regression,5.0813,28.82,-26.01
Wolf_office_Cary,power_active_kw,seasonal_naive_168h,32.8522,23.1,0.0
Wolf_office_Cary,power_active_kw,ridge_regression,28.4077,17.55,-24.01
Wolf_office_Darleen,power_active_kw,seasonal_naive_168h,8.8794,38.09,0.0
Wolf_office_Darleen,power_active_kw,ridge_regression,8.0279,29.38,-22.86
Wolf_office_Elisabeth,power_active_kw,seasonal_naive_168h,9.2242,9.35,0.0
Wolf_office_Elisabeth,power_active_kw,ridge_regression,6.136,6.43,-31.26
Wolf_office_Emanuel,power_active_kw,seasonal_naive_168h,4.7613,49.41,0.0
Wolf_office_Emanuel,power_active_kw,ridge_regression,3.8126,35.47,-28.21
Wolf_office_Haydee,power_active_kw,seasonal_naive_168h,4.4635,74.95,0.0
Wolf_office_Haydee,power_active_kw,ridge_regression,3.1653,51.76,-30.94
Wolf_office_Joana,power_active_kw,seasonal_naive_168h,3.2335,34.43,0.0
Wolf_office_Joana,power_active_kw,ridge_regression,2.4071,23.35,-32.18
Wolf_office_Nadia,power_active_kw,seasonal_naive_168h,12.0292,26.58,0.0
Wolf_office_Nadia,power_active_kw,ridge_regression,9.1559,18.71,-29.59
Wolf_office_Rochelle,power_active_kw,seasonal_naive_168h,5.502,52.43,0.0
Wolf_office_Rochelle,power_active_kw,ridge_regression,4.7855,43.39,-17.23
Bobcat_education_Alissa,cooling_kw,seasonal_naive_168h,4.6467,299.3,0.0
Bobcat_education_Alissa,cooling_kw,ridge_regression,4.9659,217.14,-27.45
Bobcat_education_Angela,cooling_kw,seasonal_naive_168h,45.5613,83.21,0.0
Bobcat_education_Angela,cooling_kw,ridge_regression,31.906,60.51,-27.28
Bobcat_education_Miki,cooling_kw,seasonal_naive_168h,76.5887,223.96,0.0
Bobcat_education_Miki,cooling_kw,ridge_regression,48.5172,158.1,-29.41
Bobcat_education_Rosalva,cooling_kw,seasonal_naive_168h,29.2579,85.4,0.0
Bobcat_education_Rosalva,cooling_kw,ridge_regression,27.5194,67.7,-20.73
Bull_education_Annette,cooling_kw,seasonal_naive_168h,182.2412,126.42,0.0
Bull_education_Annette,cooling_kw,ridge_regression,66.5988,62.63,-50.46
Bull_education_Antonia,cooling_kw,seasonal_naive_168h,271.4177,78.67,0.0
Bull_education_Antonia,cooling_kw,ridge_regression,111.1211,50.18,-36.22
Bull_education_Arthur,cooling_kw,seasonal_naive_168h,145.0997,79.89,0.0
Bull_education_Arthur,cooling_kw,ridge_regression,62.4044,42.55,-46.74
Bull_education_Barry,cooling_kw,seasonal_naive_168h,644.21,257.47,0.0
Bull_education_Barry,cooling_kw,ridge_regression,252.7736,175.84,-31.7
Bull_education_Bernice,cooling_kw,seasonal_naive_168h,353.5999,250.95,0.0
Bull_education_Bernice,cooling_kw,ridge_regression,121.3511,140.42,-44.05
Bull_education_Brain,cooling_kw,seasonal_naive_168h,303.5617,128.53,0.0
Bull_education_Brain,cooling_kw,ridge_regression,123.6593,75.54,-41.23
Bull_education_Brenda,cooling_kw,seasonal_naive_168h,195.1779,162.64,0.0
Bull_education_Brenda,cooling_kw,ridge_regression,73.5359,108.9,-33.04
Bull_education_Bryon,cooling_kw,seasonal_naive_168h,32.3558,203.74,0.0
Bull_education_Bryon,cooling_kw,ridge_regression,12.27,119.99,-41.11
Bull_education_Carl,cooling_kw,seasonal_naive_168h,452.2859,176.38,0.0
Bull_education_Carl,cooling_kw,ridge_regression,211.5196,122.14,-30.75
Bull_education_Clarita,cooling_kw,seasonal_naive_168h,305.4631,178.12,0.0
Bull_education_Clarita,cooling_kw,ridge_regression,118.2023,125.91,-29.31
Bull_education_Dan,cooling_kw,seasonal_naive_168h,184.3328,86.31,0.0
Bull_education_Dan,cooling_kw,ridge_regression,65.6785,43.68,-49.39
Bull_education_Dania,cooling_kw,seasonal_naive_168h,56.1888,125.56,0.0
Bull_education_Dania,cooling_kw,ridge_regression,19.4956,60.55,-51.78
Bull_education_Delia,cooling_kw,seasonal_naive_168h,2008.8007,244.5,0.0
Bull_education_Delia,cooling_kw,ridge_regression,742.107,157.9,-35.42
Bull_education_Dora,cooling_kw,seasonal_naive_168h,142.6456,180.36,0.0
Bull_education_Dora,cooling_kw,ridge_regression,62.0327,122.03,-32.34
Bull_education_Dottie,cooling_kw,seasonal_naive_168h,1219.29,241.76,0.0
Bull_education_Dottie,cooling_kw,ridge_regression,1358.6288,210.47,-12.94
Bull_education_Elva,cooling_kw,seasonal_naive_168h,50.6087,60.95,0.0
Bull_education_Elva,cooling_kw,ridge_regression,20.5036,27.2,-55.38
Bull_education_Fabiola,cooling_kw,seasonal_naive_168h,163.4686,197.63,0.0
Bull_education_Fabiola,cooling_kw,ridge_regression,74.4345,128.94,-34.76
Bull_education_Geneva,cooling_kw,seasonal_naive_168h,50.1439,189.72,0.0
Bull_education_Geneva,cooling_kw,ridge_regression,20.4334,112.13,-40.9
Bull_education_Genie,cooling_kw,seasonal_naive_168h,185.2202,164.55,0.0
Bull_education_Genie,cooling_kw,ridge_regression,64.684,100.08,-39.18
Bull_education_Gregory,cooling_kw,seasonal_naive_168h,50.0655,51.01,0.0
Bull_education_Gregory,cooling_kw,ridge_regression,21.3641,25.36,-50.29
Bull_education_Hayley,cooling_kw,seasonal_naive_168h,200.1234,250.48,0.0
Bull_education_Hayley,cooling_kw,ridge_regression,66.3473,160.5,-35.92
Bull_education_Jae,cooling_kw,seasonal_naive_168h,459.116,260.65,0.0
Bull_education_Jae,cooling_kw,ridge_regression,167.1402,172.51,-33.81
Bull_education_Joseph,cooling_kw,seasonal_naive_168h,144.8976,78.42,0.0
Bull_education_Joseph,cooling_kw,ridge_regression,58.2933,45.7,-41.73
Bull_education_Juan,cooling_kw,seasonal_naive_168h,326.7823,122.42,0.0
Bull_education_Juan,cooling_kw,ridge_regression,127.7499,68.49,-44.05
Bull_education_Kendra,cooling_kw,seasonal_naive_168h,449.9094,101.94,0.0
Bull_education_Kendra,cooling_kw,ridge_regression,189.3931,62.0,-39.18
Bull_education_Krista,cooling_kw,seasonal_naive_168h,234.0123,128.21,0.0
Bull_education_Krista,cooling_kw,ridge_regression,103.5231,86.81,-32.29
Bull_education_Kristal,cooling_kw,seasonal_naive_168h,510.5085,150.42,0.0
Bull_education_Kristal,cooling_kw,ridge_regression,182.5404,65.17,-56.67
Bull_education_Lenny,cooling_kw,seasonal_naive_168h,38.1916,112.91,0.0
Bull_education_Lenny,cooling_kw,ridge_regression,17.3729,63.44,-43.81
Bull_education_Linnie,cooling_kw,seasonal_naive_168h,250.2464,126.51,0.0
Bull_education_Linnie,cooling_kw,ridge_regression,116.7612,76.29,-39.69
Bull_education_Luke,cooling_kw,seasonal_naive_168h,269.079,73.19,0.0
Bull_education_Luke,cooling_kw,ridge_regression,104.9715,36.01,-50.79
Bull_education_Lydia,cooling_kw,seasonal_naive_168h,83.5274,63.35,0.0
Bull_education_Lydia,cooling_kw,ridge_regression,39.6619,39.48,-37.68
Bull_education_Lyn,cooling_kw,seasonal_naive_168h,19.3535,165.89,0.0
Bull_education_Lyn,cooling_kw,ridge_regression,11.0006,95.6,-42.37
Bull_education_Magaret,cooling_kw,seasonal_naive_168h,118.6179,230.56,0.0
Bull_education_Magaret,cooling_kw,ridge_regression,46.0713,142.68,-38.12
Bull_education_Mario,cooling_kw,seasonal_naive_168h,110.7957,228.59,0.0
Bull_education_Mario,cooling_kw,ridge_regression,47.5874,146.11,-36.08
Bull_education_Matilda,cooling_kw,seasonal_naive_168h,154.4729,123.84,0.0
Bull_education_Matilda,cooling_kw,ridge_regression,66.5046,70.03,-43.45
Bull_education_Mervin,cooling_kw,seasonal_naive_168h,185.0138,139.86,0.0
Bull_education_Mervin,cooling_kw,ridge_regression,76.2155,74.89,-46.45
Bull_education_Miquel,cooling_kw,seasonal_naive_168h,291.1501,154.32,0.0
Bull_education_Miquel,cooling_kw,ridge_regression,100.6488,87.23,-43.48
Bull_education_Miranda,cooling_kw,seasonal_naive_168h,23.889,78.08,0.0
Bull_education_Miranda,cooling_kw,ridge_regression,10.4905,42.75,-45.25
Bull_education_Myra,cooling_kw,seasonal_naive_168h,72.9219,218.54,0.0
Bull_education_Myra,cooling_kw,ridge_regression,27.3575,132.83,-39.22
Bull_education_Nichole,cooling_kw,seasonal_naive_168h,155.4364,102.39,0.0
Bull_education_Nichole,cooling_kw,ridge_regression,59.9915,54.54,-46.73
Bull_education_Nina,cooling_kw,seasonal_naive_168h,344.08,139.72,0.0
Bull_education_Nina,cooling_kw,ridge_regression,113.0633,66.06,-52.72
Bull_education_Olive,cooling_kw,seasonal_naive_168h,42.9933,128.93,0.0
Bull_education_Olive,cooling_kw,ridge_regression,20.94,82.74,-35.83
Bull_education_Pablo,cooling_kw,seasonal_naive_168h,40.0886,102.18,0.0
Bull_education_Pablo,cooling_kw,ridge_regression,15.8252,60.06,-41.23
Bull_education_Pamela,cooling_kw,seasonal_naive_168h,166.2698,113.11,0.0
Bull_education_Pamela,cooling_kw,ridge_regression,73.2156,69.09,-38.92
Bull_education_Patrina,cooling_kw,seasonal_naive_168h,49.9359,155.43,0.0
Bull_education_Patrina,cooling_kw,ridge_regression,17.9582,81.07,-47.84
Bull_education_Racheal,cooling_kw,seasonal_naive_168h,501.4798,123.52,0.0
Bull_education_Racheal,cooling_kw,ridge_regression,189.0211,65.5,-46.98
Bull_education_Reina,cooling_kw,seasonal_naive_168h,66.9921,46.73,0.0
Bull_education_Reina,cooling_kw,ridge_regression,31.264,25.17,-46.13
Bull_education_Reynaldo,cooling_kw,seasonal_naive_168h,30.1734,67.99,0.0
Bull_education_Reynaldo,cooling_kw,ridge_regression,13.3988,30.94,-54.49
Bull_education_Roland,cooling_kw,seasonal_naive_168h,309.1184,270.43,0.0
Bull_education_Roland,cooling_kw,ridge_regression,101.1841,170.99,-36.77
Bull_education_Roseann,cooling_kw,seasonal_naive_168h,398.1991,226.03,0.0
Bull_education_Roseann,cooling_kw,ridge_regression,141.1066,127.33,-43.66
Bull_education_Sebastian,cooling_kw,seasonal_naive_168h,46.8006,62.23,0.0
Bull_education_Sebastian,cooling_kw,ridge_regression,19.788,28.16,-54.75
Bull_education_Stewart,cooling_kw,seasonal_naive_168h,160.9203,117.34,0.0
Bull_education_Stewart,cooling_kw,ridge_regression,84.0864,73.44,-37.41
Bull_education_Tracey,cooling_kw,seasonal_naive_168h,165.569,194.95,0.0
Bull_education_Tracey,cooling_kw,ridge_regression,85.1364,131.62,-32.48
Bull_education_Venita,cooling_kw,seasonal_naive_168h,34.2038,168.21,0.0
Bull_education_Venita,cooling_kw,ridge_regression,12.2158,100.51,-40.25
Bull_education_Violeta,cooling_kw,seasonal_naive_168h,114.5138,200.78,0.0
Bull_education_Violeta,cooling_kw,ridge_regression,52.4995,134.47,-33.03
Bull_office_Anne,cooling_kw,seasonal_naive_168h,19.1401,37.71,0.0
Bull_office_Anne,cooling_kw,ridge_regression,7.1401,19.27,-48.9
Bull_office_Chantel,cooling_kw,seasonal_naive_168h,113.4296,62.15,0.0
Bull_office_Chantel,cooling_kw,ridge_regression,45.9597,27.08,-56.44
Bull_office_Debbie,cooling_kw,seasonal_naive_168h,60.3331,122.44,0.0
Bull_office_Debbie,cooling_kw,ridge_regression,26.9647,63.71,-47.97
Bull_office_Efren,cooling_kw,seasonal_naive_168h,85.8882,159.98,0.0
Bull_office_Efren,cooling_kw,ridge_regression,45.8083,88.02,-44.98
Bull_office_Lilla,cooling_kw,seasonal_naive_168h,132.4391,46.52,0.0
Bull_office_Lilla,cooling_kw,ridge_regression,75.4536,27.63,-40.61
Bull_office_Mai,cooling_kw,seasonal_naive_168h,3.2683,82.35,0.0
Bull_office_Mai,cooling_kw,ridge_regression,1.4575,61.11,-25.8
Bull_office_Myron,cooling_kw,seasonal_naive_168h,126.8046,289.56,0.0
Bull_office_Myron,cooling_kw,ridge_regression,53.8278,198.11,-31.58
Bull_office_Rob,cooling_kw,seasonal_naive_168h,273.0358,114.26,0.0
Bull_office_Rob,cooling_kw,ridge_regression,99.926,65.55,-42.63
Bull_office_Sally,cooling_kw,seasonal_naive_168h,79.0155,161.82,0.0
Bull_office_Sally,cooling_kw,ridge_regression,55.5623,107.42,-33.62
Bull_office_Trevor,cooling_kw,seasonal_naive_168h,33.8744,57.96,0.0
Bull_office_Trevor,cooling_kw,ridge_regression,14.0273,28.08,-51.55
Bull_office_Yvonne,cooling_kw,seasonal_naive_168h,219.2171,233.75,0.0
Bull_office_Yvonne,cooling_kw,ridge_regression,85.4351,152.39,-34.8
Cockatoo_education_Brendan,cooling_kw,seasonal_naive_168h,0.4057,844.55,0.0
Cockatoo_education_Brendan,cooling_kw,ridge_regression,0.368,468.88,-44.48
Cockatoo_education_Brigitte,cooling_kw,seasonal_naive_168h,9.8565,120.15,0.0
Cockatoo_education_Brigitte,cooling_kw,ridge_regression,5.5306,62.17,-48.25
Cockatoo_education_Charity,cooling_kw,seasonal_naive_168h,3.1942,54.94,0.0
Cockatoo_education_Charity,cooling_kw,ridge_regression,2.2543,33.61,-38.82
Cockatoo_education_Christi,cooling_kw,seasonal_naive_168h,2.0814,116.42,0.0
Cockatoo_education_Christi,cooling_kw,ridge_regression,1.1887,71.81,-38.32
Cockatoo_education_Clifton,cooling_kw,seasonal_naive_168h,3.6053,247.01,0.0
Cockatoo_education_Clifton,cooling_kw,ridge_regression,3.1606,128.74,-47.88
Cockatoo_education_Erik,cooling_kw,seasonal_naive_168h,15.8117,272.66,0.0
Cockatoo_education_Erik,cooling_kw,ridge_regression,10.5926,152.84,-43.94
Cockatoo_education_Eunice,cooling_kw,seasonal_naive_168h,17.7793,180.74,0.0
Cockatoo_education_Eunice,cooling_kw,ridge_regression,21.0684,113.89,-36.98
Cockatoo_education_Flora,cooling_kw,seasonal_naive_168h,0.6884,720.33,0.0
Cockatoo_education_Flora,cooling_kw,ridge_regression,0.4997,317.79,-55.88
Cockatoo_education_Helene,cooling_kw,seasonal_naive_168h,14.8642,97.53,0.0
Cockatoo_education_Helene,cooling_kw,ridge_regression,27.449,78.13,-19.89
Cockatoo_education_Janet,cooling_kw,seasonal_naive_168h,44.4444,205.93,0.0
Cockatoo_education_Janet,cooling_kw,ridge_regression,45.153,124.37,-39.6
Cockatoo_education_Jon,cooling_kw,seasonal_naive_168h,12.7359,104.1,0.0
Cockatoo_education_Jon,cooling_kw,ridge_regression,13.9445,65.2,-37.36
Cockatoo_education_June,cooling_kw,seasonal_naive_168h,14.1718,285.46,0.0
Cockatoo_education_June,cooling_kw,ridge_regression,12.438,162.11,-43.21
Cockatoo_education_Latrice,cooling_kw,seasonal_naive_168h,8.912,404.48,0.0
Cockatoo_education_Latrice,cooling_kw,ridge_regression,9.4851,249.32,-38.36
Cockatoo_education_Laurence,cooling_kw,seasonal_naive_168h,24.358,86.64,0.0
Cockatoo_education_Laurence,cooling_kw,ridge_regression,35.3733,69.09,-20.26
Cockatoo_education_Lionel,cooling_kw,seasonal_naive_168h,7.4214,330.52,0.0
Cockatoo_education_Lionel,cooling_kw,ridge_regression,4.696,163.39,-50.57
Cockatoo_education_Magdalena,cooling_kw,seasonal_naive_168h,3.2809,225.1,0.0
Cockatoo_education_Magdalena,cooling_kw,ridge_regression,1.7408,102.91,-54.28
Cockatoo_education_Mayra,cooling_kw,seasonal_naive_168h,6.8618,67.05,0.0
Cockatoo_education_Mayra,cooling_kw,ridge_regression,7.9134,49.0,-26.93
Cockatoo_education_Minh,cooling_kw,seasonal_naive_168h,0.3561,66.32,0.0
Cockatoo_education_Minh,cooling_kw,ridge_regression,0.583,65.29,-1.57
Cockatoo_education_Nelda,cooling_kw,seasonal_naive_168h,11.9182,13.53,0.0
Cockatoo_education_Nelda,cooling_kw,ridge_regression,17.0953,12.32,-8.93
Cockatoo_education_Orlando,cooling_kw,seasonal_naive_168h,4.3506,27.15,0.0
Cockatoo_education_Orlando,cooling_kw,ridge_regression,3.9975,17.67,-34.92
Cockatoo_education_Priscilla,cooling_kw,seasonal_naive_168h,6.5326,24.83,0.0
Cockatoo_education_Priscilla,cooling_kw,ridge_regression,6.6839,20.92,-15.74
Cockatoo_education_Rita,cooling_kw,seasonal_naive_168h,2.5531,209.98,0.0
Cockatoo_education_Rita,cooling_kw,ridge_regression,2.3775,119.14,-43.26
Cockatoo_education_Terrence,cooling_kw,seasonal_naive_168h,22.6873,116.74,0.0
Cockatoo_education_Terrence,cooling_kw,ridge_regression,29.8723,79.2,-32.16
Cockatoo_office_Alton,cooling_kw,seasonal_naive_168h,15.3837,54.17,0.0
Cockatoo_office_Alton,cooling_kw,ridge_regression,6.675,23.47,-56.68
Cockatoo_office_Delores,cooling_kw,seasonal_naive_168h,1.7112,133.12,0.0
Cockatoo_office_Delores,cooling_kw,ridge_regression,2.3973,103.81,-22.02
Cockatoo_office_Elbert,cooling_kw,seasonal_naive_168h,1.424,350.44,0.0
Cockatoo_office_Elbert,cooling_kw,ridge_regression,1.3166,187.53,-46.49
Cockatoo_office_Gail,cooling_kw,seasonal_naive_168h,10.5685,61.51,0.0
Cockatoo_office_Gail,cooling_kw,ridge_regression,7.851,34.75,-43.5
Cockatoo_office_Georgia,cooling_kw,seasonal_naive_168h,3.1502,27.69,0.0
Cockatoo_office_Georgia,cooling_kw,ridge_regression,2.5706,21.58,-22.08
Cockatoo_office_Giovanni,cooling_kw,seasonal_naive_168h,12.9561,83.93,0.0
Cockatoo_office_Giovanni,cooling_kw,ridge_regression,7.1776,40.21,-52.09
Cockatoo_office_Jimmy,cooling_kw,seasonal_naive_168h,1.3304,109.68,0.0
Cockatoo_office_Jimmy,cooling_kw,ridge_regression,2.2315,102.68,-6.39
Cockatoo_office_Jodie,cooling_kw,seasonal_naive_168h,0.0757,64.62,0.0
Cockatoo_office_Jodie,cooling_kw,ridge_regression,0.0651,58.32,-9.76
Cockatoo_office_Kristin,cooling_kw,seasonal_naive_168h,7.3894,112.94,0.0
Cockatoo_office_Kristin,cooling_kw,ridge_regression,11.0266,82.87,-26.63
Cockatoo_office_Laila,cooling_kw,seasonal_naive_168h,26.2046,78.99,0.0
Cockatoo_office_Laila,cooling_kw,ridge_regression,11.72,35.17,-55.48
Cockatoo_office_Lorraine,cooling_kw,seasonal_naive_168h,12.0797,48.36,0.0
Cockatoo_office_Lorraine,cooling_kw,ridge_regression,6.9929,27.53,-43.06
Cockatoo_office_Nola,cooling_kw,seasonal_naive_168h,2.6997,48.9,0.0
Cockatoo_office_Nola,cooling_kw,ridge_regression,3.6341,41.15,-15.86
Cockatoo_office_Paige,cooling_kw,seasonal_naive_168h,1.4781,66.78,0.0
Cockatoo_office_Paige,cooling_kw,ridge_regression,1.8944,56.15,-15.91
Cockatoo_office_Pansy,cooling_kw,seasonal_naive_168h,4.0998,180.28,0.0
Cockatoo_office_Pansy,cooling_kw,ridge_regression,4.5983,111.42,-38.2
Cockatoo_office_Rodney,cooling_kw,seasonal_naive_168h,1.5402,65.23,0.0
Cockatoo_office_Rodney,cooling_kw,ridge_regression,1.0952,44.27,-32.14
Cockatoo_office_Roxanna,cooling_kw,seasonal_naive_168h,7.9762,85.17,0.0
Cockatoo_office_Roxanna,cooling_kw,ridge_regression,16.3221,77.77,-8.69
Crow_education_Kate,cooling_kw,seasonal_naive_168h,20.5006,2556.13,0.0
Crow_education_Kate,cooling_kw,ridge_regression,16.2797,1032.84,-59.59
Crow_education_Marlin,cooling_kw,seasonal_naive_168h,70.7654,89.5,0.0
Crow_education_Marlin,cooling_kw,ridge_regression,40.2812,51.11,-42.9
Crow_education_Omer,cooling_kw,seasonal_naive_168h,56.8167,147.01,0.0
Crow_education_Omer,cooling_kw,ridge_regression,41.0326,83.96,-42.89
Crow_education_Winston,cooling_kw,seasonal_naive_168h,38.161,134.22,0.0
Crow_education_Winston,cooling_kw,ridge_regression,25.637,67.7,-49.56
Eagle_education_Alberto,cooling_kw,seasonal_naive_168h,487.4892,28.27,0.0
Eagle_education_Alberto,cooling_kw,ridge_regression,409.8168,22.51,-20.38
Eagle_education_April,cooling_kw,seasonal_naive_168h,81.5809,121.24,0.0
Eagle_education_April,cooling_kw,ridge_regression,55.5913,85.59,-29.41
Eagle_education_Brooke,cooling_kw,seasonal_naive_168h,1136.4703,70.81,0.0
Eagle_education_Brooke,cooling_kw,ridge_regression,453.8806,24.82,-64.94
Eagle_education_Cassie,cooling_kw,seasonal_naive_168h,72.0634,441.45,0.0
Eagle_education_Cassie,cooling_kw,ridge_regression,55.6642,341.89,-22.55
Eagle_education_Eileen,cooling_kw,seasonal_naive_168h,66.0289,362.05,0.0
Eagle_education_Eileen,cooling_kw,ridge_regression,76.7551,281.77,-22.17
Eagle_education_Jewell,cooling_kw,seasonal_naive_168h,258.8635,264.69,0.0
Eagle_education_Jewell,cooling_kw,ridge_regression,193.4362,186.16,-29.67
Eagle_education_Lino,cooling_kw,seasonal_naive_168h,639.4344,67.09,0.0
Eagle_education_Lino,cooling_kw,ridge_regression,278.4665,31.2,-53.49
Eagle_education_Luther,cooling_kw,seasonal_naive_168h,392.8423,24.41,0.0
Eagle_education_Luther,cooling_kw,ridge_regression,336.1419,21.24,-12.96
Eagle_education_Norah,cooling_kw,seasonal_naive_168h,431.0084,149.95,0.0
Eagle_education_Norah,cooling_kw,ridge_regression,379.3872,117.12,-21.89
Eagle_education_Paul,cooling_kw,seasonal_naive_168h,34.6097,316.22,0.0
Eagle_education_Paul,cooling_kw,ridge_regression,39.0949,261.39,-17.34
Eagle_education_Peter,cooling_kw,seasonal_naive_168h,1500.7808,167.0,0.0
Eagle_education_Peter,cooling_kw,ridge_regression,1599.4291,150.75,-9.73
Eagle_education_Petra,cooling_kw,seasonal_naive_168h,63.5312,291.98,0.0
Eagle_education_Petra,cooling_kw,ridge_regression,55.0673,205.37,-29.66
Eagle_education_Raul,cooling_kw,seasonal_naive_168h,720.5443,116.55,0.0
Eagle_education_Raul,cooling_kw,ridge_regression,646.8145,88.56,-24.02
Eagle_education_Roman,cooling_kw,seasonal_naive_168h,804.5461,133.74,0.0
Eagle_education_Roman,cooling_kw,ridge_regression,683.5061,97.37,-27.2
Eagle_education_Samantha,cooling_kw,seasonal_naive_168h,163.6617,21.98,0.0
Eagle_education_Samantha,cooling_kw,ridge_regression,160.6557,19.74,-10.19
Eagle_education_Shana,cooling_kw,seasonal_naive_168h,196.4619,53.48,0.0
Eagle_education_Shana,cooling_kw,ridge_regression,166.0321,45.59,-14.75
Eagle_education_Shanna,cooling_kw,seasonal_naive_168h,322.0624,59.51,0.0
Eagle_education_Shanna,cooling_kw,ridge_regression,239.0279,38.49,-35.33
Eagle_education_Shante,cooling_kw,seasonal_naive_168h,704.2098,47.93,0.0
Eagle_education_Shante,cooling_kw,ridge_regression,582.4298,35.84,-25.22
Eagle_education_Sheena,cooling_kw,seasonal_naive_168h,36.9313,316.22,0.0
Eagle_education_Sheena,cooling_kw,ridge_regression,41.7174,261.39,-17.34
Eagle_education_Sherrill,cooling_kw,seasonal_naive_168h,1010.6772,47.96,0.0
Eagle_education_Sherrill,cooling_kw,ridge_regression,752.53,34.11,-28.87
Eagle_education_Teresa,cooling_kw,seasonal_naive_168h,103.6197,168.57,0.0
Eagle_education_Teresa,cooling_kw,ridge_regression,82.6353,115.21,-31.66
Eagle_education_Wesley,cooling_kw,seasonal_naive_168h,149.6528,71.19,0.0
Eagle_education_Wesley,cooling_kw,ridge_regression,99.3401,45.85,-35.59
Eagle_education_Will,cooling_kw,seasonal_naive_168h,106.1896,88.45,0.0
Eagle_education_Will,cooling_kw,ridge_regression,92.3464,67.54,-23.63
Eagle_office_Chantelle,cooling_kw,seasonal_naive_168h,28.5468,32.31,0.0
Eagle_office_Chantelle,cooling_kw,ridge_regression,22.3557,24.63,-23.79
Eagle_office_Chauncey,cooling_kw,seasonal_naive_168h,826.2451,83.8,0.0
Eagle_office_Chauncey,cooling_kw,ridge_regression,613.2946,54.88,-34.51
Eagle_office_Damian,cooling_kw,seasonal_naive_168h,1496.0826,145.23,0.0
Eagle_office_Damian,cooling_kw,ridge_regression,797.31,89.58,-38.32
Eagle_office_Demetra,cooling_kw,seasonal_naive_168h,279.5414,326.74,0.0
Eagle_office_Demetra,cooling_kw,ridge_regression,310.5682,236.94,-27.48
Eagle_office_Donovan,cooling_kw,seasonal_naive_168h,77.9161,332.33,0.0
Eagle_office_Donovan,cooling_kw,ridge_regression,73.0773,240.53,-27.62
Eagle_office_Efrain,cooling_kw,seasonal_naive_168h,55.6539,391.13,0.0
Eagle_office_Efrain,cooling_kw,ridge_regression,52.6528,271.77,-30.52
Eagle_office_Elias,cooling_kw,seasonal_naive_168h,98.5731,348.04,0.0
Eagle_office_Elias,cooling_kw,ridge_regression,99.0784,261.79,-24.78
Eagle_office_Elvis,cooling_kw,seasonal_naive_168h,33.7471,537.6,0.0
Eagle_office_Elvis,cooling_kw,ridge_regression,27.7191,301.17,-43.98
Eagle_office_Francis,cooling_kw,seasonal_naive_168h,292.6802,39.51,0.0
Eagle_office_Francis,cooling_kw,ridge_regression,239.66,29.3,-25.84
Eagle_office_Freida,cooling_kw,seasonal_naive_168h,50.5873,369.26,0.0
Eagle_office_Freida,cooling_kw,ridge_regression,52.464,291.22,-21.13
Eagle_office_Henriette,cooling_kw,seasonal_naive_168h,40.1594,40.82,0.0
Eagle_office_Henriette,cooling_kw,ridge_regression,24.5387,25.3,-38.02
Eagle_office_Isidro,cooling_kw,seasonal_naive_168h,42.0047,143.69,0.0
Eagle_office_Isidro,cooling_kw,ridge_regression,28.1283,95.44,-33.58
Eagle_office_Jackie,cooling_kw,seasonal_naive_168h,97.3558,136.14,0.0
Eagle_office_Jackie,cooling_kw,ridge_regression,80.3225,99.89,-26.63
Eagle_office_Jeff,cooling_kw,seasonal_naive_168h,82.7888,291.19,0.0
Eagle_office_Jeff,cooling_kw,ridge_regression,75.6069,207.32,-28.8
Eagle_office_Lamont,cooling_kw,seasonal_naive_168h,96.931,112.79,0.0
Eagle_office_Lamont,cooling_kw,ridge_regression,50.8367,63.96,-43.29
Eagle_office_Lane,cooling_kw,seasonal_naive_168h,45.6784,111.43,0.0
Eagle_office_Lane,cooling_kw,ridge_regression,46.0486,92.57,-16.93
Eagle_office_Lillian,cooling_kw,seasonal_naive_168h,46.5746,396.29,0.0
Eagle_office_Lillian,cooling_kw,ridge_regression,37.4396,253.77,-35.97
Eagle_office_Mandi,cooling_kw,seasonal_naive_168h,25.1294,42.62,0.0
Eagle_office_Mandi,cooling_kw,ridge_regression,20.7135,29.46,-30.87
Eagle_office_Marisela,cooling_kw,seasonal_naive_168h,560.0121,112.79,0.0
Eagle_office_Marisela,cooling_kw,ridge_regression,293.7013,63.96,-43.29
Eagle_office_Nereida,cooling_kw,seasonal_naive_168h,99.2028,45.95,0.0
Eagle_office_Nereida,cooling_kw,ridge_regression,66.9234,24.56,-46.56
Eagle_office_Norbert,cooling_kw,seasonal_naive_168h,318.283,102.02,0.0
Eagle_office_Norbert,cooling_kw,ridge_regression,174.0804,58.31,-42.85
Eagle_office_Patrice,cooling_kw,seasonal_naive_168h,204.0378,183.12,0.0
Eagle_office_Patrice,cooling_kw,ridge_regression,186.4539,138.3,-24.48
Eagle_office_Phyllis,cooling_kw,seasonal_naive_168h,61.0573,42.62,0.0
Eagle_office_Phyllis,cooling_kw,ridge_regression,50.329,29.46,-30.87
Eagle_office_Randolph,cooling_kw,seasonal_naive_168h,157.6125,195.85,0.0
Eagle_office_Randolph,cooling_kw,ridge_regression,148.3561,145.56,-25.67
Eagle_office_Remedios,cooling_kw,seasonal_naive_168h,179.0511,83.82,0.0
Eagle_office_Remedios,cooling_kw,ridge_regression,132.8809,54.88,-34.52
Eagle_office_Ryan,cooling_kw,seasonal_naive_168h,38.2196,124.53,0.0
Eagle_office_Ryan,cooling_kw,ridge_regression,28.6354,84.27,-32.33
Eagle_office_Sheree,cooling_kw,seasonal_naive_168h,66.5931,165.06,0.0
Eagle_office_Sheree,cooling_kw,ridge_regression,67.9181,132.01,-20.02
Eagle_office_Sonya,cooling_kw,seasonal_naive_168h,170.7668,376.44,0.0
Eagle_office_Sonya,cooling_kw,ridge_regression,162.1365,275.2,-26.89
Eagle_office_Tia,cooling_kw,seasonal_naive_168h,303.9063,287.15,0.0
Eagle_office_Tia,cooling_kw,ridge_regression,322.5388,216.66,-24.55
Eagle_office_Yadira,cooling_kw,seasonal_naive_168h,186.8355,327.12,0.0
Eagle_office_Yadira,cooling_kw,ridge_regression,145.0567,210.4,-35.68
Fox_education_Andre,cooling_kw,seasonal_naive_168h,156.511,41.92,0.0
Fox_education_Andre,cooling_kw,ridge_regression,92.6136,23.71,-43.44
Fox_education_Ashli,cooling_kw,seasonal_naive_168h,6.8534,122.3,0.0
Fox_education_Ashli,cooling_kw,ridge_regression,12.6592,131.59,7.6
Fox_education_Burton,cooling_kw,seasonal_naive_168h,25.4041,46.45,0.0
Fox_education_Burton,cooling_kw,ridge_regression,27.022,43.58,-6.18
Fox_education_Carleen,cooling_kw,seasonal_naive_168h,25.3784,41.89,0.0
Fox_education_Carleen,cooling_kw,ridge_regression,35.5509,51.13,22.06
Fox_education_Claire,cooling_kw,seasonal_naive_168h,22.5654,31.16,0.0
Fox_education_Claire,cooling_kw,ridge_regression,28.042,30.69,-1.52
Fox_education_Claude,cooling_kw,seasonal_naive_168h,226.7457,19.47,0.0
Fox_education_Claude,cooling_kw,ridge_regression,102.4867,9.17,-52.88
Fox_education_Cynthia,cooling_kw,seasonal_naive_168h,61.6443,39.84,0.0
Fox_education_Cynthia,cooling_kw,ridge_regression,47.0097,31.14,-21.85
Fox_education_Dewayne,cooling_kw,seasonal_naive_168h,22.8849,94.65,0.0
Fox_education_Dewayne,cooling_kw,ridge_regression,30.8825,117.84,24.5
Fox_education_Dominique,cooling_kw,seasonal_naive_168h,78.3809,24.69,0.0
Fox_education_Dominique,cooling_kw,ridge_regression,37.0174,12.04,-51.21
Fox_education_Eddy,cooling_kw,seasonal_naive_168h,72.4234,38.94,0.0
Fox_education_Eddy,cooling_kw,ridge_regression,54.2834,29.95,-23.08
Fox_education_Eldon,cooling_kw,seasonal_naive_168h,46.7027,35.52,0.0
Fox_education_Eldon,cooling_kw,ridge_regression,28.0265,20.7,-41.73
Fox_education_Elizabeth,cooling_kw,seasonal_naive_168h,70.904,39.59,0.0
Fox_education_Elizabeth,cooling_kw,ridge_regression,45.5688,27.59,-30.31
Fox_education_Elois,cooling_kw,seasonal_naive_168h,15.7165,549.84,0.0
Fox_education_Elois,cooling_kw,ridge_regression,13.6103,411.95,-25.08
Fox_education_Elvira,cooling_kw,seasonal_naive_168h,30.4771,38.17,0.0
Fox_education_Elvira,cooling_kw,ridge_regression,21.3467,25.28,-33.77
Fox_education_Geoffrey,cooling_kw,seasonal_naive_168h,27.0584,50.23,0.0
Fox_education_Geoffrey,cooling_kw,ridge_regression,22.5066,40.46,-19.45
Fox_education_Gloria,cooling_kw,seasonal_naive_168h,83.4753,18.17,0.0
Fox_education_Gloria,cooling_kw,ridge_regression,45.5188,10.11,-44.38
Fox_education_Heriberto,cooling_kw,seasonal_naive_168h,17.2107,34.59,0.0
Fox_education_Heriberto,cooling_kw,ridge_regression,10.0505,19.35,-44.07
Fox_education_Jaclyn,cooling_kw,seasonal_naive_168h,65.7089,23.17,0.0
Fox_education_Jaclyn,cooling_kw,ridge_regression,30.0149,11.68,-49.6
Fox_education_Jacqueline,cooling_kw,seasonal_naive_168h,40.0331,25.97,0.0
Fox_education_Jacqueline,cooling_kw,ridge_regression,26.2232,17.78,-31.52
Fox_education_Janina,cooling_kw,seasonal_naive_168h,1.6446,29.27,0.0
Fox_education_Janina,cooling_kw,ridge_regression,1.1731,22.01,-24.83
Fox_education_John,cooling_kw,seasonal_naive_168h,8.0109,76.32,0.0
Fox_education_John,cooling_kw,ridge_regression,8.2735,67.47,-11.59
Fox_education_Kendrick,cooling_kw,seasonal_naive_168h,5.6997,51.8,0.0
Fox_education_Kendrick,cooling_kw,ridge_regression,6.1399,50.99,-1.55
Fox_education_Kim,cooling_kw,seasonal_naive_168h,17.8452,70.7,0.0
Fox_education_Kim,cooling_kw,ridge_regression,15.6349,59.87,-15.32
Fox_education_Leona,cooling_kw,seasonal_naive_168h,73.5759,35.92,0.0
Fox_education_Leona,cooling_kw,ridge_regression,83.4897,34.84,-3.0
Fox_education_Leota,cooling_kw,seasonal_naive_168h,29.691,42.88,0.0
Fox_education_Leota,cooling_kw,ridge_regression,44.5757,53.53,24.84
Fox_education_Lesley,cooling_kw,seasonal_naive_168h,5.616,58.63,0.0
Fox_education_Lesley,cooling_kw,ridge_regression,5.8695,48.2,-17.79
Fox_education_Lilly,cooling_kw,seasonal_naive_168h,54.2032,68.07,0.0
Fox_education_Lilly,cooling_kw,ridge_regression,47.8295,52.71,-22.58
Fox_education_Long,cooling_kw,seasonal_naive_168h,39.2664,30.01,0.0
Fox_education_Long,cooling_kw,ridge_regression,43.898,32.25,7.46
Fox_education_Louie,cooling_kw,seasonal_naive_168h,99.0788,22.81,0.0
Fox_education_Louie,cooling_kw,ridge_regression,55.5178,13.06,-42.74
Fox_education_Marcelina,cooling_kw,seasonal_naive_168h,1.332,177.25,0.0
Fox_education_Marcelina,cooling_kw,ridge_regression,1.7643,171.02,-3.51
Fox_education_Maris,cooling_kw,seasonal_naive_168h,4.3747,73.48,0.0
Fox_education_Maris,cooling_kw,ridge_regression,6.2159,84.69,15.26
Fox_education_Marlana,cooling_kw,seasonal_naive_168h,59.132,27.84,0.0
Fox_education_Marlana,cooling_kw,ridge_regression,37.1359,17.96,-35.47
Fox_education_Melinda,cooling_kw,seasonal_naive_168h,269.7658,66.97,0.0
Fox_education_Melinda,cooling_kw,ridge_regression,116.3384,32.48,-51.5
Fox_education_Melvin,cooling_kw,seasonal_naive_168h,11.6851,53.0,0.0
Fox_education_Melvin,cooling_kw,ridge_regression,34.5412,123.37,132.78
Fox_education_Nilda,cooling_kw,seasonal_naive_168h,54.1701,49.22,0.0
Fox_education_Nilda,cooling_kw,ridge_regression,32.0155,30.14,-38.76
Fox_education_Ollie,cooling_kw,seasonal_naive_168h,41.5376,59.47,0.0
Fox_education_Ollie,cooling_kw,ridge_regression,20.2637,30.28,-49.09
Fox_education_Otilia,cooling_kw,seasonal_naive_168h,280.8842,35.25,0.0
Fox_education_Otilia,cooling_kw,ridge_regression,151.7625,19.66,-44.24
Fox_education_Ray,cooling_kw,seasonal_naive_168h,5.9209,16.94,0.0
Fox_education_Ray,cooling_kw,ridge_regression,4.1182,12.27,-27.58
Fox_education_Rosie,cooling_kw,seasonal_naive_168h,23.2133,23.88,0.0
Fox_education_Rosie,cooling_kw,ridge_regression,11.2269,11.87,-50.32
Fox_education_Rudolph,cooling_kw,seasonal_naive_168h,214.7583,274.65,0.0
Fox_education_Rudolph,cooling_kw,ridge_regression,158.8543,216.97,-21.0
Fox_education_Shaun,cooling_kw,seasonal_naive_168h,22.3909,52.55,0.0
Fox_education_Shaun,cooling_kw,ridge_regression,20.6789,45.06,-14.26
Fox_education_Shirley,cooling_kw,seasonal_naive_168h,22.1405,94.4,0.0
Fox_education_Shirley,cooling_kw,ridge_regression,24.141,92.72,-1.78
Fox_education_Stacia,cooling_kw,seasonal_naive_168h,13.1712,6.59,0.0
Fox_education_Stacia,cooling_kw,ridge_regression,11.2388,5.44,-17.54
Fox_education_Sterling,cooling_kw,seasonal_naive_168h,13.1241,54.17,0.0
Fox_education_Sterling,cooling_kw,ridge_regression,12.7797,49.74,-8.18
Fox_education_Suzan,cooling_kw,seasonal_naive_168h,16.4002,38.49,0.0
Fox_education_Suzan,cooling_kw,ridge_regression,13.2573,31.51,-18.14
Fox_education_Theodore,cooling_kw,seasonal_naive_168h,69.1721,72.26,0.0
Fox_education_Theodore,cooling_kw,ridge_regression,29.0845,35.02,-51.54
Fox_education_Tonya,cooling_kw,seasonal_naive_168h,38.7797,30.92,0.0
Fox_education_Tonya,cooling_kw,ridge_regression,19.9726,15.98,-48.33
Fox_education_Virgil,cooling_kw,seasonal_naive_168h,17.6636,18.82,0.0
Fox_education_Virgil,cooling_kw,ridge_regression,13.6206,16.2,-13.91
Fox_education_Wendell,cooling_kw,seasonal_naive_168h,116.3923,22.66,0.0
Fox_education_Wendell,cooling_kw,ridge_regression,62.9097,12.12,-46.52
Fox_education_Yolande,cooling_kw,seasonal_naive_168h,227.6847,35.78,0.0
Fox_education_Yolande,cooling_kw,ridge_regression,113.5256,18.22,-49.1
Fox_office_Alice,cooling_kw,seasonal_naive_168h,101.96,25.65,0.0
Fox_office_Alice,cooling_kw,ridge_regression,56.7915,14.72,-42.59
Fox_office_Bernard,cooling_kw,seasonal_naive_168h,16.316,25.36,0.0
Fox_office_Bernard,cooling_kw,ridge_regression,12.0235,20.4,-19.57
Fox_office_Berniece,cooling_kw,seasonal_naive_168h,5.9824,26.45,0.0
Fox_office_Berniece,cooling_kw,ridge_regression,8.4384,37.8,42.89
Fox_office_Carson,cooling_kw,seasonal_naive_168h,24.6857,36.93,0.0
Fox_office_Carson,cooling_kw,ridge_regression,16.1623,26.79,-27.45
Fox_office_Demetrius,cooling_kw,seasonal_naive_168h,27.2658,38.8,0.0
Fox_office_Demetrius,cooling_kw,ridge_regression,34.9722,40.19,3.58
Fox_office_Easter,cooling_kw,seasonal_naive_168h,6.8914,34.0,0.0
Fox_office_Easter,cooling_kw,ridge_regression,7.9887,32.56,-4.24
Fox_office_Edythe,cooling_kw,seasonal_naive_168h,30.4299,72.39,0.0
Fox_office_Edythe,cooling_kw,ridge_regression,33.8812,69.94,-3.39
Fox_office_Essie,cooling_kw,seasonal_naive_168h,28.8474,81.46,0.0
Fox_office_Essie,cooling_kw,ridge_regression,25.0991,69.88,-14.22
Fox_office_Israel,cooling_kw,seasonal_naive_168h,30.3849,60.09,0.0
Fox_office_Israel,cooling_kw,ridge_regression,24.21,44.4,-26.11
Fox_office_Juana,cooling_kw,seasonal_naive_168h,3.3993,54.3,0.0
Fox_office_Juana,cooling_kw,ridge_regression,4.21,53.82,-0.87
Fox_office_Karima,cooling_kw,seasonal_naive_168h,29.0827,61.35,0.0
Fox_office_Karima,cooling_kw,ridge_regression,29.7533,56.61,-7.73
Fox_office_Margarita,cooling_kw,seasonal_naive_168h,6.3769,51.14,0.0
Fox_office_Margarita,cooling_kw,ridge_regression,8.0834,46.19,-9.68
Fox_office_Rowena,cooling_kw,seasonal_naive_168h,19.3823,71.68,0.0
Fox_office_Rowena,cooling_kw,ridge_regression,11.3325,56.75,-20.83
Fox_office_Sheila,cooling_kw,seasonal_naive_168h,3.4521,11.6,0.0
Fox_office_Sheila,cooling_kw,ridge_regression,2.2659,7.98,-31.22
Fox_office_Thelma,cooling_kw,seasonal_naive_168h,32.0757,60.29,0.0
Fox_office_Thelma,cooling_kw,ridge_regression,48.561,68.41,13.46
Fox_office_Yong,cooling_kw,seasonal_naive_168h,35.4321,26.73,0.0
Fox_office_Yong,cooling_kw,ridge_regression,32.0813,22.07,-17.42
Fox_office_Zachary,cooling_kw,seasonal_naive_168h,40.4832,53.55,0.0
Fox_office_Zachary,cooling_kw,ridge_regression,37.5153,44.63,-16.66
Hog_education_Beth,cooling_kw,seasonal_naive_168h,13.2495,97.53,0.0
Hog_education_Beth,cooling_kw,ridge_regression,20.3833,78.68,-19.33
Hog_education_Caridad,cooling_kw,seasonal_naive_168h,92.9217,55.49,0.0
Hog_education_Caridad,cooling_kw,ridge_regression,322.6037,129.45,133.29
Hog_education_Casandra,cooling_kw,seasonal_naive_168h,53.2606,210.71,0.0
Hog_education_Casandra,cooling_kw,ridge_regression,72.5985,130.5,-38.07
Hog_education_Cathleen,cooling_kw,seasonal_naive_168h,34.8803,46.13,0.0
Hog_education_Cathleen,cooling_kw,ridge_regression,51.1914,40.21,-12.83
Hog_education_Donnie,cooling_kw,seasonal_naive_168h,4.7367,1208.0,0.0
Hog_education_Donnie,cooling_kw,ridge_regression,4.3727,674.66,-44.15
Hog_education_Hallie,cooling_kw,seasonal_naive_168h,0.4999,1586.38,0.0
Hog_education_Hallie,cooling_kw,ridge_regression,0.7668,1063.54,-32.96
Hog_education_Haywood,cooling_kw,seasonal_naive_168h,9.0155,169.09,0.0
Hog_education_Haywood,cooling_kw,ridge_regression,6.3614,94.02,-44.4
Hog_education_Janell,cooling_kw,seasonal_naive_168h,33837.1875,25.17,0.0
Hog_education_Janell,cooling_kw,ridge_regression,30300.8986,14.06,-44.12
Hog_education_Leandro,cooling_kw,seasonal_naive_168h,7.3186,430.38,0.0
Hog_education_Leandro,cooling_kw,ridge_regression,4.7075,228.26,-46.96
Hog_education_Luvenia,cooling_kw,seasonal_naive_168h,71.2957,363.09,0.0
Hog_education_Luvenia,cooling_kw,ridge_regression,66.2624,205.15,-43.5
Hog_education_Madge,cooling_kw,seasonal_naive_168h,1.4983,1425.82,0.0
Hog_education_Madge,cooling_kw,ridge_regression,3.8725,1757.93,23.29
Hog_education_Martha,cooling_kw,seasonal_naive_168h,8.0478,466.02,0.0
Hog_education_Martha,cooling_kw,ridge_regression,7.8378,212.16,-54.47
Hog_education_Mathilda,cooling_kw,seasonal_naive_168h,0.4397,22.39,0.0
Hog_education_Mathilda,cooling_kw,ridge_regression,3.3467,43.9,96.08
Hog_education_Odell,cooling_kw,seasonal_naive_168h,67.4007,193.58,0.0
Hog_education_Odell,cooling_kw,ridge_regression,76.0692,106.47,-45.0
Hog_education_Roberto,cooling_kw,seasonal_naive_168h,27.3764,92.77,0.0
Hog_education_Roberto,cooling_kw,ridge_regression,22.4132,69.34,-25.26
Hog_education_Sonia,cooling_kw,seasonal_naive_168h,54.6631,426.73,0.0
Hog_education_Sonia,cooling_kw,ridge_regression,34.4823,187.09,-56.16
Hog_education_Wayne,cooling_kw,seasonal_naive_168h,3.5927,593.11,0.0
Hog_education_Wayne,cooling_kw,ridge_regression,2.3472,260.86,-56.02
Hog_office_Almeda,cooling_kw,seasonal_naive_168h,1.7038,863.79,0.0
Hog_office_Almeda,cooling_kw,ridge_regression,2.4613,693.44,-19.72
Hog_office_Bessie,cooling_kw,seasonal_naive_168h,2.3882,430.29,0.0
Hog_office_Bessie,cooling_kw,ridge_regression,3.573,370.58,-13.88
Hog_office_Betsy,cooling_kw,seasonal_naive_168h,26.4608,159.57,0.0
Hog_office_Betsy,cooling_kw,ridge_regression,37.0683,92.81,-41.84
Hog_office_Bryan,cooling_kw,seasonal_naive_168h,10.5213,85.58,0.0
Hog_office_Bryan,cooling_kw,ridge_regression,8.7456,68.54,-19.91
Hog_office_Byron,cooling_kw,seasonal_naive_168h,105.7299,289.79,0.0
Hog_office_Byron,cooling_kw,ridge_regression,106.6126,138.83,-52.09
Hog_office_Candi,cooling_kw,seasonal_naive_168h,9.7535,210.17,0.0
Hog_office_Candi,cooling_kw,ridge_regression,39.277,939.21,346.88
Hog_office_Catalina,cooling_kw,seasonal_naive_168h,0.6298,1658.33,0.0
Hog_office_Catalina,cooling_kw,ridge_regression,1.051,1179.07,-28.9
Hog_office_Catharine,cooling_kw,seasonal_naive_168h,31.1232,1161.26,0.0
Hog_office_Catharine,cooling_kw,ridge_regression,25.4542,505.63,-56.46
Hog_office_Charla,cooling_kw,seasonal_naive_168h,6.0157,375.94,0.0
Hog_office_Charla,cooling_kw,ridge_regression,4.5513,165.83,-55.89
Hog_office_Cordelia,cooling_kw,seasonal_naive_168h,2.5154,1749.78,0.0
Hog_office_Cordelia,cooling_kw,ridge_regression,3.8669,1129.0,-35.48
Hog_office_Corey,cooling_kw,seasonal_naive_168h,4.2152,1597.63,0.0
Hog_office_Corey,cooling_kw,ridge_regression,7.4026,1210.46,-24.23
Hog_office_Corie,cooling_kw,seasonal_naive_168h,7.7855,348.57,0.0
Hog_office_Corie,cooling_kw,ridge_regression,12.9894,203.2,-41.7
Hog_office_Cornell,cooling_kw,seasonal_naive_168h,123.7016,563.76,0.0
Hog_office_Cornell,cooling_kw,ridge_regression,88.4977,238.75,-57.65
Hog_office_Cortney,cooling_kw,seasonal_naive_168h,9.8629,129.75,0.0
Hog_office_Cortney,cooling_kw,ridge_regression,20.5433,181.68,40.02
Hog_office_Darlene,cooling_kw,seasonal_naive_168h,9.8155,746.02,0.0
Hog_office_Darlene,cooling_kw,ridge_regression,13.5668,465.44,-37.61
Hog_office_Darline,cooling_kw,seasonal_naive_168h,20.7253,94.69,0.0
Hog_office_Darline,cooling_kw,ridge_regression,9.9037,41.46,-56.21
Hog_office_Denita,cooling_kw,seasonal_naive_168h,3.25,2169.31,0.0
Hog_office_Denita,cooling_kw,ridge_regression,6.7325,1689.26,-22.13
Hog_office_Elizbeth,cooling_kw,seasonal_naive_168h,3.2896,82.8,0.0
Hog_office_Elizbeth,cooling_kw,ridge_regression,5.0696,71.71,-13.39
Hog_office_Elke,cooling_kw,seasonal_naive_168h,1.7758,552.24,0.0
Hog_office_Elke,cooling_kw,ridge_regression,2.0962,391.62,-29.08
Hog_office_Elnora,cooling_kw,seasonal_naive_168h,24.5734,28.77,0.0
Hog_office_Elnora,cooling_kw,ridge_regression,23.0275,19.09,-33.64
Hog_office_Eloise,cooling_kw,seasonal_naive_168h,19.2457,155.28,0.0
Hog_office_Eloise,cooling_kw,ridge_regression,11.3165,92.49,-40.44
Hog_office_Emmanuel,cooling_kw,seasonal_naive_168h,0.6278,1060.57,0.0
Hog_office_Emmanuel,cooling_kw,ridge_regression,0.4324,459.98,-56.63
Hog_office_Garrett,cooling_kw,seasonal_naive_168h,16.7471,665.75,0.0
Hog_office_Garrett,cooling_kw,ridge_regression,13.2999,330.76,-50.32
Hog_office_Guadalupe,cooling_kw,seasonal_naive_168h,3.9018,137.76,0.0
Hog_office_Guadalupe,cooling_kw,ridge_regression,9.9832,101.88,-26.04
Hog_office_Gustavo,cooling_kw,seasonal_naive_168h,5.2077,1468.24,0.0
Hog_office_Gustavo,cooling_kw,ridge_regression,5.0211,725.78,-50.57
Hog_office_Joey,cooling_kw,seasonal_naive_168h,223.0546,75.01,0.0
Hog_office_Joey,cooling_kw,ridge_regression,257.5164,72.44,-3.43
Hog_office_Josefina,cooling_kw,seasonal_naive_168h,12.1249,660.14,0.0
Hog_office_Josefina,cooling_kw,ridge_regression,9.8301,369.22,-44.07
Hog_office_Leanne,cooling_kw,seasonal_naive_168h,2.267,1013.72,0.0
Hog_office_Leanne,cooling_kw,ridge_regression,2.3117,599.71,-40.84
Hog_office_Marlena,cooling_kw,seasonal_naive_168h,2.0856,3122.3,0.0
Hog_office_Marlena,cooling_kw,ridge_regression,4.3334,2295.72,-26.47
Hog_office_Marlene,cooling_kw,seasonal_naive_168h,2.4833,240.59,0.0
Hog_office_Marlene,cooling_kw,ridge_regression,2.2495,148.84,-38.13
Hog_office_Mary,cooling_kw,seasonal_naive_168h,6.9911,915.41,0.0
Hog_office_Mary,cooling_kw,ridge_regression,9.4289,696.95,-23.86
Hog_office_Miriam,cooling_kw,seasonal_naive_168h,1.2228,1299.77,0.0
Hog_office_Miriam,cooling_kw,ridge_regression,0.8129,589.46,-54.65
Hog_office_Myles,cooling_kw,seasonal_naive_168h,7.288,142.0,0.0
Hog_office_Myles,cooling_kw,ridge_regression,5.8251,88.48,-37.69
Hog_office_Nancie,cooling_kw,seasonal_naive_168h,6.6708,802.45,0.0
Hog_office_Nancie,cooling_kw,ridge_regression,8.9278,575.23,-28.32
Hog_office_Napoleon,cooling_kw,seasonal_naive_168h,7.7283,694.88,0.0
Hog_office_Napoleon,cooling_kw,ridge_regression,6.3122,358.43,-48.42
Hog_office_Nia,cooling_kw,seasonal_naive_168h,136.2587,517.46,0.0
Hog_office_Nia,cooling_kw,ridge_regression,102.6314,231.76,-55.21
Hog_office_Richelle,cooling_kw,seasonal_naive_168h,13.038,445.64,0.0
Hog_office_Richelle,cooling_kw,ridge_regression,10.7914,244.68,-45.1
Hog_office_Roger,cooling_kw,seasonal_naive_168h,21.774,913.42,0.0
Hog_office_Roger,cooling_kw,ridge_regression,10.7572,356.77,-60.94
Hog_office_Rolando,cooling_kw,seasonal_naive_168h,60.2025,333.06,0.0
Hog_office_Rolando,cooling_kw,ridge_regression,57.734,172.63,-48.17
Hog_office_Sarah,cooling_kw,seasonal_naive_168h,25.5679,989.84,0.0
Hog_office_Sarah,cooling_kw,ridge_regression,18.876,482.87,-51.22
Hog_office_Shawna,cooling_kw,seasonal_naive_168h,4.3995,405.12,0.0
Hog_office_Shawna,cooling_kw,ridge_regression,6.149,286.16,-29.36
Hog_office_Shon,cooling_kw,seasonal_naive_168h,5.6591,1652.31,0.0
Hog_office_Shon,cooling_kw,ridge_regression,9.807,1230.99,-25.5
Hog_office_Simon,cooling_kw,seasonal_naive_168h,2.2302,765.72,0.0
Hog_office_Simon,cooling_kw,ridge_regression,2.9135,571.78,-25.33
Hog_office_Sydney,cooling_kw,seasonal_naive_168h,2.5206,594.27,0.0
Hog_office_Sydney,cooling_kw,ridge_regression,2.5152,371.22,-37.53
Hog_office_Terry,cooling_kw,seasonal_naive_168h,36.0754,105.19,0.0
Hog_office_Terry,cooling_kw,ridge_regression,55.6964,70.65,-32.83
Hog_office_Vera,cooling_kw,seasonal_naive_168h,7.4205,1493.09,0.0
Hog_office_Vera,cooling_kw,ridge_regression,12.551,1088.81,-27.08
Moose_education_Abbie,cooling_kw,seasonal_naive_168h,186.974,72.06,0.0
Moose_education_Abbie,cooling_kw,ridge_regression,289.1714,87.29,21.13
Moose_education_Clark,cooling_kw,seasonal_naive_168h,177.0808,732.54,0.0
Moose_education_Clark,cooling_kw,ridge_regression,214.1785,497.45,-32.09
Moose_education_Dennis,cooling_kw,seasonal_naive_168h,16.5897,61.58,0.0
Moose_education_Dennis,cooling_kw,ridge_regression,23.6439,57.7,-6.29
Moose_education_Diane,cooling_kw,seasonal_naive_168h,66.3315,600.26,0.0
Moose_education_Diane,cooling_kw,ridge_regression,100.4349,438.21,-27.0
Moose_education_Florence,cooling_kw,seasonal_naive_168h,103.4881,66.79,0.0
Moose_education_Florence,cooling_kw,ridge_regression,273.2183,73.27,9.71
Moose_education_Gladys,cooling_kw,seasonal_naive_168h,78.3683,837.57,0.0
Moose_education_Gladys,cooling_kw,ridge_regression,106.2647,624.8,-25.4
Moose_education_Leland,cooling_kw,seasonal_naive_168h,130.6771,883.81,0.0
Moose_education_Leland,cooling_kw,ridge_regression,204.105,666.75,-24.56
Moose_education_Lori,cooling_kw,seasonal_naive_168h,60.002,1872.1,0.0
Moose_education_Lori,cooling_kw,ridge_regression,19.4387,653.62,-65.09
Moose_education_Marina,cooling_kw,seasonal_naive_168h,6.352,863.89,0.0
Moose_education_Marina,cooling_kw,ridge_regression,9.1241,676.62,-21.68
Moose_education_Marlon,cooling_kw,seasonal_naive_168h,9.9937,107.31,0.0
Moose_education_Marlon,cooling_kw,ridge_regression,22.9819,116.94,8.97
Moose_education_Omar,cooling_kw,seasonal_naive_168h,294.793,39.72,0.0
Moose_education_Omar,cooling_kw,ridge_regression,157.7405,21.38,-46.17
Moose_education_Rene,cooling_kw,seasonal_naive_168h,321.9357,99.37,0.0
Moose_education_Rene,cooling_kw,ridge_regression,382.0998,99.34,-0.03
Moose_education_Ricardo,cooling_kw,seasonal_naive_168h,73.5695,32.44,0.0
Moose_education_Ricardo,cooling_kw,ridge_regression,90.552,27.99,-13.73
Moose_education_Sasha,cooling_kw,seasonal_naive_168h,31.9825,66.22,0.0
Moose_education_Sasha,cooling_kw,ridge_regression,44.4466,59.8,-9.7
Panther_education_Annetta,cooling_kw,seasonal_naive_168h,349.7274,77.67,0.0
Panther_education_Annetta,cooling_kw,ridge_regression,155.0997,38.59,-50.31
Panther_education_Aurora,cooling_kw,seasonal_naive_168h,840.9862,73.53,0.0
Panther_education_Aurora,cooling_kw,ridge_regression,591.8071,50.29,-31.6
Panther_education_Cleopatra,cooling_kw,seasonal_naive_168h,182.185,53.83,0.0
Panther_education_Cleopatra,cooling_kw,ridge_regression,134.1721,38.28,-28.89
Panther_education_Emily,cooling_kw,seasonal_naive_168h,627.4138,44.7,0.0
Panther_education_Emily,cooling_kw,ridge_regression,308.7001,23.15,-48.21
Panther_education_Enriqueta,cooling_kw,seasonal_naive_168h,427.7252,57.52,0.0
Panther_education_Enriqueta,cooling_kw,ridge_regression,204.4937,31.11,-45.91
Panther_education_Ivan,cooling_kw,seasonal_naive_168h,985.7121,70.75,0.0
Panther_education_Ivan,cooling_kw,ridge_regression,404.4602,31.73,-55.15
Panther_education_Jerome,cooling_kw,seasonal_naive_168h,3101.8906,65.31,0.0
Panther_education_Jerome,cooling_kw,ridge_regression,1230.2219,27.38,-58.08
Panther_education_Neal,cooling_kw,seasonal_naive_168h,689.9043,47.8,0.0
Panther_education_Neal,cooling_kw,ridge_regression,332.9263,24.56,-48.62
Panther_education_Quintin,cooling_kw,seasonal_naive_168h,1473.0519,59.02,0.0
Panther_education_Quintin,cooling_kw,ridge_regression,749.3054,32.54,-44.87
Panther_education_Teofila,cooling_kw,seasonal_naive_168h,803.9625,54.42,0.0
Panther_education_Teofila,cooling_kw,ridge_regression,425.4952,30.28,-44.37
Panther_education_Vincent,cooling_kw,seasonal_naive_168h,1156.0475,69.87,0.0
Panther_education_Vincent,cooling_kw,ridge_regression,541.5124,36.61,-47.6
Panther_education_Zelda,cooling_kw,seasonal_naive_168h,284.3441,81.1,0.0
Panther_education_Zelda,cooling_kw,ridge_regression,164.7844,50.98,-37.14
Panther_office_Brent,cooling_kw,seasonal_naive_168h,63.9331,69.65,0.0
Panther_office_Brent,cooling_kw,ridge_regression,35.3993,39.16,-43.77
Panther_office_Christian,cooling_kw,seasonal_naive_168h,208.8866,57.12,0.0
Panther_office_Christian,cooling_kw,ridge_regression,117.8039,33.51,-41.33
Panther_office_Garth,cooling_kw,seasonal_naive_168h,441.114,85.39,0.0
Panther_office_Garth,cooling_kw,ridge_regression,257.9937,52.13,-38.95
Panther_office_Graham,cooling_kw,seasonal_naive_168h,692.275,95.04,0.0
Panther_office_Graham,cooling_kw,ridge_regression,290.6508,42.76,-55.01
Panther_office_Karla,cooling_kw,seasonal_naive_168h,157.2833,73.99,0.0
Panther_office_Karla,cooling_kw,ridge_regression,171.8108,73.35,-0.87
Panther_office_Lavinia,cooling_kw,seasonal_naive_168h,28.8539,28.86,0.0
Panther_office_Lavinia,cooling_kw,ridge_regression,20.2895,18.4,-36.23
Peacock_education_Anita,cooling_kw,seasonal_naive_168h,19.5425,285.58,0.0
Peacock_education_Anita,cooling_kw,ridge_regression,12.3662,165.29,-42.12
Peacock_education_Dustin,cooling_kw,seasonal_naive_168h,36.4266,467.85,0.0
Peacock_education_Dustin,cooling_kw,ridge_regression,25.0371,278.3,-40.52
Peacock_education_Forest,cooling_kw,seasonal_naive_168h,58.1879,226.79,0.0
Peacock_education_Forest,cooling_kw,ridge_regression,33.8607,129.88,-42.73
Peacock_education_Lucie,cooling_kw,seasonal_naive_168h,398.3049,54.22,0.0
Peacock_education_Lucie,cooling_kw,ridge_regression,280.4812,31.39,-42.11
Peacock_education_Ophelia,cooling_kw,seasonal_naive_168h,134.3599,83.59,0.0
Peacock_education_Ophelia,cooling_kw,ridge_regression,93.65,56.11,-32.87
Peacock_education_Pasquale,cooling_kw,seasonal_naive_168h,105.9783,243.95,0.0
Peacock_education_Pasquale,cooling_kw,ridge_regression,53.0093,126.76,-48.04
Peacock_education_Patience,cooling_kw,seasonal_naive_168h,3.1715,518.76,0.0
Peacock_education_Patience,cooling_kw,ridge_regression,2.4782,336.17,-35.2
Peacock_education_Yolanda,cooling_kw,seasonal_naive_168h,57.5895,321.17,0.0
Peacock_education_Yolanda,cooling_kw,ridge_regression,30.5791,165.2,-48.56
Peacock_office_Effie,cooling_kw,seasonal_naive_168h,32.4283,127.22,0.0
Peacock_office_Effie,cooling_kw,ridge_regression,22.7595,84.88,-33.28
Peacock_office_Jonathon,cooling_kw,seasonal_naive_168h,2.376,314.6,0.0
Peacock_office_Jonathon,cooling_kw,ridge_regression,1.6383,190.85,-39.34
Peacock_office_Julian,cooling_kw,seasonal_naive_168h,7.6941,299.34,0.0
Peacock_office_Julian,cooling_kw,ridge_regression,7.6407,246.2,-17.75
Peacock_office_Major,cooling_kw,seasonal_naive_168h,37.8642,57.68,0.0
Peacock_office_Major,cooling_kw,ridge_regression,31.1032,45.83,-20.54
Peacock_office_Norman,cooling_kw,seasonal_naive_168h,12.8711,136.0,0.0
Peacock_office_Norman,cooling_kw,ridge_regression,9.8123,84.2,-38.09
