event_id,group,module,entity_id,key,type,severity,rule_or_model,start,end,detected_at,duration_h,actual_mean,expected_mean,deviation_pct,peak_z,excess_kwh,reference_window,score,match,matched_case_id
EV-00001,A_consumption,M2_cooling,Bull_office_Efren,cooling_kw,off_hours_run,warning,profile_band,2017-01-15 11:00:00,2017-01-15 16:00:00,2017-01-15 13:00:00,6,77.207,9.287,731.3,10.2,407.5,"rolling 8 weeks, same day_type x tod_slot",,false_positive,
EV-00002,A_consumption,M2_cooling,Bull_office_Efren,cooling_kw,off_hours_run,warning,profile_band,2017-01-21 10:00:00,2017-01-21 16:00:00,2017-01-21 12:00:00,7,105.717,13.218,699.77,7.15,647.5,"rolling 8 weeks, same day_type x tod_slot",,false_positive,
EV-00003,A_consumption,M2_cooling,Bull_office_Efren,cooling_kw,off_hours_run,warning,profile_band,2017-01-24 20:00:00,2017-01-24 22:00:00,2017-01-24 22:00:00,3,153.604,37.771,306.67,3.54,347.5,"rolling 8 weeks, same day_type x tod_slot",,false_positive,
EV-00004,A_consumption,M2_cooling,Bull_office_Efren,cooling_kw,off_hours_run,warning,profile_band,2017-01-30 10:00:00,2017-01-30 20:00:00,2017-01-30 12:00:00,11,120.506,25.078,380.52,11.16,1049.7,"rolling 8 weeks, same day_type x tod_slot",,false_positive,
EV-00005,A_consumption,M2_cooling,Bull_office_Efren,cooling_kw,off_hours_run,warning,profile_band,2017-01-31 10:00:00,2017-01-31 14:00:00,2017-01-31 12:00:00,5,115.536,19.005,507.92,4.91,482.7,"rolling 8 weeks, same day_type x tod_slot",,false_positive,
EV-00006,A_consumption,M2_cooling,Bull_office_Efren,cooling_kw,off_hours_run,warning,profile_band,2017-01-31 17:00:00,2017-01-31 20:00:00,2017-01-31 19:00:00,4,132.489,31.599,319.28,9.08,403.6,"rolling 8 weeks, same day_type x tod_slot",,false_positive,
EV-00007,A_consumption,M2_cooling,Bull_office_Efren,cooling_kw,high_consumption,warning,profile_band,2017-02-06 06:00:00,2017-02-06 10:00:00,2017-02-06 08:00:00,5,167.332,18.963,782.42,6.81,741.8,"rolling 8 weeks, same day_type x tod_slot",,false_positive,
EV-00008,A_consumption,M2_cooling,Bull_office_Efren,cooling_kw,off_hours_run,warning,profile_band,2017-02-06 20:00:00,2017-02-06 22:00:00,2017-02-06 22:00:00,3,172.466,34.928,393.77,4.05,412.6,"rolling 8 weeks, same day_type x tod_slot",,false_positive,
EV-00009,A_consumption,M2_cooling,Bull_office_Efren,cooling_kw,high_consumption,warning,profile_band,2017-02-07 06:00:00,2017-02-07 10:00:00,2017-02-07 08:00:00,5,176.068,20.813,745.96,7.19,776.3,"rolling 8 weeks, same day_type x tod_slot",,false_positive,
EV-00010,A_consumption,M2_cooling,Bull_office_Efren,cooling_kw,off_hours_run,warning,profile_band,2017-02-11 01:00:00,2017-02-11 13:00:00,2017-02-11 03:00:00,13,95.907,11.051,767.86,13.44,1103.1,"rolling 8 weeks, same day_type x tod_slot",,false_positive,
EV-00011,A_consumption,M2_cooling,Bull_office_Efren,cooling_kw,off_hours_run,warning,profile_band,2017-02-12 01:00:00,2017-02-12 12:00:00,2017-02-12 03:00:00,12,88.982,10.641,736.19,11.46,940.1,"rolling 8 weeks, same day_type x tod_slot",,false_positive,
EV-00012,A_consumption,M2_cooling,Bull_office_Efren,cooling_kw,off_hours_run,warning,profile_band,2017-02-13 20:00:00,2017-02-13 22:00:00,2017-02-13 22:00:00,3,163.967,43.632,275.79,3.59,361.0,"rolling 8 weeks, same day_type x tod_slot",,false_positive,
EV-00013,A_consumption,M2_cooling,Bull_office_Efren,cooling_kw,spike,warning,profile_band,2017-02-19 10:00:00,2017-02-19 11:00:00,2017-02-19 10:00:00,2,247.709,22.842,984.45,6.79,449.7,"rolling 8 weeks, same day_type x tod_slot",,false_positive,
EV-00014,A_consumption,M2_cooling,Bull_office_Efren,cooling_kw,high_consumption,warning,profile_band,2017-02-27 06:00:00,2017-02-27 09:00:00,2017-02-27 08:00:00,4,169.82,19.809,757.3,4.81,600.0,"rolling 8 weeks, same day_type x tod_slot",,false_positive,
EV-00015,A_consumption,M2_cooling,Bull_office_Efren,cooling_kw,high_consumption,warning,profile_band,2017-02-28 06:00:00,2017-02-28 10:00:00,2017-02-28 08:00:00,5,229.256,27.238,741.68,5.62,1010.1,"rolling 8 weeks, same day_type x tod_slot",,false_positive,
EV-00016,A_consumption,M2_cooling,Bull_office_Efren,cooling_kw,high_consumption,warning,profile_band,2017-03-06 06:00:00,2017-03-06 09:00:00,2017-03-06 08:00:00,4,190.402,21.435,788.27,4.16,675.9,"rolling 8 weeks, same day_type x tod_slot",,false_positive,
EV-00017,A_consumption,M2_cooling,Bull_office_Efren,cooling_kw,high_consumption,warning,profile_band,2017-03-07 06:00:00,2017-03-07 09:00:00,2017-03-07 08:00:00,4,185.69,24.275,664.94,3.41,645.7,"rolling 8 weeks, same day_type x tod_slot",,false_positive,
EV-00018,A_consumption,M2_cooling,Bull_office_Efren,cooling_kw,spike,warning,profile_band,2017-03-17 17:00:00,2017-03-17 18:00:00,2017-03-17 17:00:00,2,713.293,158.663,349.57,7.99,1109.3,"rolling 8 weeks, same day_type x tod_slot",,true_positive,SYN-M2-01-01
EV-00019,A_consumption,M2_cooling,Bull_office_Efren,cooling_kw,off_hours_run,warning,profile_band,2017-04-06 17:00:00,2017-04-06 22:00:00,2017-04-06 19:00:00,6,142.327,44.175,222.19,17.66,588.9,"rolling 8 weeks, same day_type x tod_slot",,false_positive,
EV-00020,DQ_quality,M2_cooling,Bull_office_Efren,cooling_kw,data_loss,warning,dq_gap>=3h,2017-04-23 07:00:00,2017-04-24 12:00:00,2017-04-23 09:00:00,30,,,,,,,,true_positive,SYN-M2-01-02
EV-00021,A_consumption,M2_cooling,Bull_office_Efren,cooling_kw,off_hours_run,warning,profile_band,2017-04-29 00:00:00,2017-04-29 06:00:00,2017-04-29 02:00:00,7,76.522,41.398,84.84,3.8,245.9,"rolling 8 weeks, same day_type x tod_slot",,false_positive,
EV-00022,A_consumption,M2_cooling,Bull_office_Efren,cooling_kw,spike,warning,profile_band,2017-04-29 09:00:00,2017-04-29 09:00:00,2017-04-29 09:00:00,1,79.586,42.73,86.26,5.83,36.9,"rolling 8 weeks, same day_type x tod_slot",,false_positive,
EV-00023,A_consumption,M2_cooling,Bull_office_Efren,cooling_kw,off_hours_run,warning,profile_band,2017-04-29 13:00:00,2017-04-29 17:00:00,2017-04-29 15:00:00,5,321.489,159.32,101.79,4.21,810.8,"rolling 8 weeks, same day_type x tod_slot",,false_positive,
EV-00024,A_consumption,M2_cooling,Bull_office_Efren,cooling_kw,spike,warning,profile_band,2017-05-01 08:00:00,2017-05-01 09:00:00,2017-05-01 09:00:00,2,104.486,42.536,145.64,10.56,123.9,"rolling 8 weeks, same day_type x tod_slot",,false_positive,
EV-00025,A_consumption,M2_cooling,Bull_office_Efren,cooling_kw,off_hours_run,warning,profile_band,2017-05-01 17:00:00,2017-05-01 22:00:00,2017-05-01 19:00:00,6,213.983,52.002,311.49,22.38,971.9,"rolling 8 weeks, same day_type x tod_slot",,false_positive,
EV-00026,A_consumption,M2_cooling,Bull_office_Efren,cooling_kw,off_hours_run,warning,profile_band,2017-05-03 23:00:00,2017-05-04 03:00:00,2017-05-04 01:00:00,5,203.989,48.248,322.79,12.32,778.7,"rolling 8 weeks, same day_type x tod_slot",,true_positive,SYN-M2-01-03
EV-00027,A_consumption,M2_cooling,Bull_office_Efren,cooling_kw,off_hours_run,warning,profile_band,2017-05-13 17:00:00,2017-05-13 22:00:00,2017-05-13 19:00:00,6,185.016,56.697,226.32,17.79,769.9,"rolling 8 weeks, same day_type x tod_slot",,false_positive,
EV-00028,DQ_quality,M2_cooling,Bull_office_Efren,cooling_kw,stuck_sensor,warning,dq_flatline>=4h,2017-05-19 03:00:00,2017-05-20 00:00:00,2017-05-19 06:00:00,22,69.387,,,,,,,true_positive,SYN-M2-01-04
EV-00029,A_consumption,M2_cooling,Bull_office_Efren,cooling_kw,off_hours_run,warning,profile_band,2017-05-27 10:00:00,2017-05-27 16:00:00,2017-05-27 12:00:00,7,417.741,192.412,117.11,4.46,1577.3,"rolling 8 weeks, same day_type x tod_slot",,false_positive,
EV-00030,A_consumption,M2_cooling,Bull_office_Efren,cooling_kw,off_hours_run,warning,profile_band,2017-05-28 11:00:00,2017-05-28 16:00:00,2017-05-28 13:00:00,6,391.677,204.3,91.72,4.02,1124.3,"rolling 8 weeks, same day_type x tod_slot",,false_positive,
EV-00031,A_consumption,M2_cooling,Bull_office_Efren,cooling_kw,spike,warning,profile_band,2017-06-01 23:00:00,2017-06-01 23:00:00,2017-06-01 23:00:00,1,281.735,65.695,328.85,20.0,216.0,"rolling 8 weeks, same day_type x tod_slot",,false_positive,
EV-00032,A_consumption,M2_cooling,Bull_office_Efren,cooling_kw,spike,warning,profile_band,2017-06-09 22:00:00,2017-06-09 23:00:00,2017-06-09 22:00:00,2,678.819,132.128,413.76,74.49,1093.4,"rolling 8 weeks, same day_type x tod_slot",,true_positive,SYN-M2-01-05
EV-00033,A_consumption,M2_cooling,Bull_office_Efren,cooling_kw,off_hours_run,warning,profile_band,2017-06-24 00:00:00,2017-06-24 02:00:00,2017-06-24 02:00:00,3,370.231,66.111,460.01,18.97,912.4,"rolling 8 weeks, same day_type x tod_slot",,false_positive,
EV-00034,A_consumption,M2_cooling,Bull_office_Efren,cooling_kw,off_hours_run,warning,profile_band,2017-07-08 07:00:00,2017-07-08 09:00:00,2017-07-08 09:00:00,3,348.614,77.758,348.33,19.29,812.6,"rolling 8 weeks, same day_type x tod_slot",,false_positive,
EV-00035,A_consumption,M2_cooling,Bull_office_Efren,cooling_kw,off_hours_run,warning,profile_band,2017-07-16 20:00:00,2017-07-17 03:00:00,2017-07-16 22:00:00,8,225.124,77.711,189.69,22.29,1179.3,"rolling 8 weeks, same day_type x tod_slot",,true_positive,SYN-M2-01-06
EV-00036,A_consumption,M2_cooling,Bull_office_Efren,cooling_kw,off_hours_run,warning,profile_band,2017-07-30 17:00:00,2017-07-31 02:00:00,2017-07-30 19:00:00,10,103.67,79.549,30.32,4.94,241.2,"rolling 8 weeks, same day_type x tod_slot",,false_positive,
EV-00037,A_consumption,M2_cooling,Bull_office_Efren,cooling_kw,spike,warning,profile_band,2017-08-08 13:00:00,2017-08-08 13:00:00,2017-08-08 13:00:00,1,894.054,411.208,117.42,21.18,482.8,"rolling 8 weeks, same day_type x tod_slot",,false_positive,
EV-00038,A_consumption,M2_cooling,Bull_office_Efren,cooling_kw,spike,warning,profile_band,2017-08-12 17:00:00,2017-08-12 17:00:00,2017-08-12 17:00:00,1,422.76,83.121,408.61,75.97,339.6,"rolling 8 weeks, same day_type x tod_slot",,false_positive,
EV-00039,A_consumption,M2_cooling,Bull_office_Efren,cooling_kw,off_hours_run,warning,profile_band,2017-09-15 23:00:00,2017-09-16 09:00:00,2017-09-16 01:00:00,11,343.884,80.464,327.38,35.06,2897.6,"rolling 8 weeks, same day_type x tod_slot",,false_positive,
EV-00040,A_consumption,M2_cooling,Bull_office_Efren,cooling_kw,off_hours_run,warning,profile_band,2017-09-16 17:00:00,2017-09-17 09:00:00,2017-09-16 19:00:00,17,310.567,79.804,289.16,45.3,3923.0,"rolling 8 weeks, same day_type x tod_slot",,false_positive,
EV-00041,A_consumption,M2_cooling,Bull_office_Efren,cooling_kw,off_hours_run,warning,profile_band,2017-09-17 17:00:00,2017-09-18 05:00:00,2017-09-17 19:00:00,13,258.729,76.251,239.31,37.92,2372.2,"rolling 8 weeks, same day_type x tod_slot",,false_positive,
EV-00042,A_consumption,M2_cooling,Bull_office_Efren,cooling_kw,off_hours_run,warning,profile_band,2017-09-18 23:00:00,2017-09-19 05:00:00,2017-09-19 01:00:00,7,282.509,74.113,281.19,16.37,1458.8,"rolling 8 weeks, same day_type x tod_slot",,false_positive,
EV-00043,A_consumption,M2_cooling,Bull_office_Efren,cooling_kw,off_hours_run,warning,profile_band,2017-09-19 23:00:00,2017-09-20 05:00:00,2017-09-20 01:00:00,7,328.353,74.311,341.86,17.94,1778.3,"rolling 8 weeks, same day_type x tod_slot",,false_positive,
EV-00044,A_consumption,M2_cooling,Bull_office_Efren,cooling_kw,off_hours_run,warning,profile_band,2017-09-20 23:00:00,2017-09-21 05:00:00,2017-09-21 01:00:00,7,344.857,74.311,364.07,19.29,1893.8,"rolling 8 weeks, same day_type x tod_slot",,false_positive,
EV-00045,A_consumption,M2_cooling,Bull_office_Efren,cooling_kw,off_hours_run,warning,profile_band,2017-09-21 23:00:00,2017-09-22 05:00:00,2017-09-22 01:00:00,7,302.022,74.334,306.31,16.03,1593.8,"rolling 8 weeks, same day_type x tod_slot",,false_positive,
EV-00046,A_consumption,M2_cooling,Bull_office_Efren,cooling_kw,off_hours_run,warning,profile_band,2017-09-22 23:00:00,2017-09-23 09:00:00,2017-09-23 01:00:00,11,297.18,80.643,268.51,23.6,2381.9,"rolling 8 weeks, same day_type x tod_slot",,false_positive,
EV-00047,A_consumption,M2_cooling,Bull_office_Efren,cooling_kw,off_hours_run,warning,profile_band,2017-09-23 17:00:00,2017-09-24 09:00:00,2017-09-23 19:00:00,17,276.824,81.174,241.02,31.6,3326.0,"rolling 8 weeks, same day_type x tod_slot",,false_positive,
EV-00048,A_consumption,M2_cooling,Bull_office_Efren,cooling_kw,off_hours_run,warning,profile_band,2017-09-24 17:00:00,2017-09-25 05:00:00,2017-09-24 19:00:00,13,282.831,77.606,264.44,13.32,2667.9,"rolling 8 weeks, same day_type x tod_slot",,false_positive,
EV-00049,A_consumption,M2_cooling,Bull_office_Efren,cooling_kw,off_hours_run,warning,profile_band,2017-09-25 23:00:00,2017-09-26 05:00:00,2017-09-26 01:00:00,7,280.403,74.525,276.26,19.6,1441.2,"rolling 8 weeks, same day_type x tod_slot",,false_positive,
EV-00050,A_consumption,M2_cooling,Bull_office_Efren,cooling_kw,off_hours_run,warning,profile_band,2017-09-26 23:00:00,2017-09-27 05:00:00,2017-09-27 01:00:00,7,236.081,75.11,214.31,18.0,1126.8,"rolling 8 weeks, same day_type x tod_slot",,false_positive,
EV-00051,A_consumption,M2_cooling,Bull_office_Efren,cooling_kw,off_hours_run,warning,profile_band,2017-09-27 23:00:00,2017-09-28 05:00:00,2017-09-28 01:00:00,7,244.245,75.153,225.0,18.04,1183.6,"rolling 8 weeks, same day_type x tod_slot",,false_positive,
EV-00052,A_consumption,M2_cooling,Bull_office_Efren,cooling_kw,off_hours_run,warning,profile_band,2017-09-28 23:00:00,2017-09-29 05:00:00,2017-09-29 01:00:00,7,226.289,75.73,198.81,16.27,1053.9,"rolling 8 weeks, same day_type x tod_slot",,false_positive,
EV-00053,A_consumption,M2_cooling,Bull_office_Efren,cooling_kw,off_hours_run,warning,profile_band,2017-10-02 03:00:00,2017-10-02 05:00:00,2017-10-02 05:00:00,3,225.454,75.407,198.98,3.4,450.1,"rolling 8 weeks, same day_type x tod_slot",,false_positive,
EV-00054,A_consumption,M2_cooling,Bull_office_Efren,cooling_kw,spike,warning,profile_band,2017-11-27 01:00:00,2017-11-27 01:00:00,2017-11-27 01:00:00,1,787.001,16.054,4802.09,6.71,770.9,"rolling 8 weeks, same day_type x tod_slot",,false_positive,
EV-00055,A_consumption,M2_cooling,Bull_office_Efren,cooling_kw,spike,warning,profile_band,2017-12-08 01:00:00,2017-12-08 01:00:00,2017-12-08 01:00:00,1,83.279,12.713,555.05,5.43,70.6,"rolling 8 weeks, same day_type x tod_slot",,false_positive,
EV-00056,A_consumption,M1_power,Eagle_office_Norbert,power_active_kw,off_hours_run,warning,profile_band,2017-01-17 02:00:00,2017-01-17 07:00:00,2017-01-17 04:00:00,6,95.968,81.175,18.22,5.15,88.8,"rolling 8 weeks, same day_type x tod_slot",,false_positive,
EV-00057,A_consumption,M1_power,Eagle_office_Norbert,power_active_kw,spike,warning,profile_band,2017-01-26 17:00:00,2017-01-26 17:00:00,2017-01-26 17:00:00,1,202.806,153.595,32.04,6.41,49.2,"rolling 8 weeks, same day_type x tod_slot",,false_positive,
EV-00058,A_consumption,M1_power,Eagle_office_Norbert,power_active_kw,off_hours_run,warning,profile_band,2017-01-27 11:00:00,2017-01-27 21:00:00,2017-01-27 13:00:00,11,129.021,78.444,64.48,19.02,556.4,"rolling 8 weeks, same day_type x tod_slot",,false_positive,
EV-00059,A_consumption,M1_power,Eagle_office_Norbert,power_active_kw,spike,warning,profile_band,2017-01-28 02:00:00,2017-01-28 02:00:00,2017-01-28 02:00:00,1,101.628,80.126,26.84,5.37,21.5,"rolling 8 weeks, same day_type x tod_slot",,false_positive,
EV-00060,A_consumption,M1_power,Eagle_office_Norbert,power_active_kw,off_hours_run,warning,profile_band,2017-01-30 11:00:00,2017-01-30 21:00:00,2017-01-30 13:00:00,11,132.011,79.145,66.8,10.89,581.5,"rolling 8 weeks, same day_type x tod_slot",,false_positive,
EV-00061,A_consumption,M1_power,Eagle_office_Norbert,power_active_kw,spike,warning,profile_band,2017-01-31 13:00:00,2017-01-31 13:00:00,2017-01-31 13:00:00,1,142.843,82.828,72.46,11.46,60.0,"rolling 8 weeks, same day_type x tod_slot",,false_positive,
EV-00062,A_consumption,M1_power,Eagle_office_Norbert,power_active_kw,off_hours_run,warning,profile_band,2017-01-31 16:00:00,2017-01-31 18:00:00,2017-01-31 18:00:00,3,165.72,77.921,112.68,7.0,263.4,"rolling 8 weeks, same day_type x tod_slot",,false_positive,
EV-00063,A_consumption,M1_power,Eagle_office_Norbert,power_active_kw,spike,warning,profile_band,2017-02-17 04:00:00,2017-02-17 04:00:00,2017-02-17 04:00:00,1,97.955,77.322,26.68,5.34,20.6,"rolling 8 weeks, same day_type x tod_slot",,false_positive,
EV-00064,A_consumption,M1_power,Eagle_office_Norbert,power_active_kw,spike,warning,profile_band,2017-03-04 02:00:00,2017-03-04 03:00:00,2017-03-04 03:00:00,2,97.749,75.058,30.23,7.21,45.4,"rolling 8 weeks, same day_type x tod_slot",,false_positive,
EV-00065,A_consumption,M1_power,Eagle_office_Norbert,power_active_kw,spike,warning,profile_band,2017-03-04 07:00:00,2017-03-04 08:00:00,2017-03-04 08:00:00,2,97.963,75.124,30.4,6.78,45.7,"rolling 8 weeks, same day_type x tod_slot",,false_positive,
EV-00066,A_consumption,M1_power,Eagle_office_Norbert,power_active_kw,spike,warning,profile_band,2017-03-04 11:00:00,2017-03-04 11:00:00,2017-03-04 11:00:00,1,98.794,77.081,28.17,5.63,21.7,"rolling 8 weeks, same day_type x tod_slot",,false_positive,
EV-00067,A_consumption,M1_power,Eagle_office_Norbert,power_active_kw,spike,warning,profile_band,2017-03-05 09:00:00,2017-03-05 09:00:00,2017-03-05 09:00:00,1,97.71,77.117,26.7,5.34,20.6,"rolling 8 weeks, same day_type x tod_slot",,false_positive,
EV-00068,A_consumption,M1_power,Eagle_office_Norbert,power_active_kw,spike,warning,profile_band,2017-03-13 10:00:00,2017-03-13 10:00:00,2017-03-13 10:00:00,1,101.795,77.097,32.03,5.18,24.7,"rolling 8 weeks, same day_type x tod_slot",,false_positive,
EV-00069,A_consumption,M1_power,Eagle_office_Norbert,power_active_kw,off_hours_run,warning,profile_band,2017-03-14 01:00:00,2017-03-14 04:00:00,2017-03-14 03:00:00,4,95.292,76.698,24.24,6.15,74.4,"rolling 8 weeks, same day_type x tod_slot",,false_positive,
EV-00070,A_consumption,M1_power,Eagle_office_Norbert,power_active_kw,high_consumption,warning,profile_band,2017-03-14 07:00:00,2017-03-14 10:00:00,2017-03-14 09:00:00,4,95.934,77.218,24.24,5.4,74.9,"rolling 8 weeks, same day_type x tod_slot",,false_positive,
EV-00071,A_consumption,M1_power,Eagle_office_Norbert,power_active_kw,off_hours_run,warning,profile_band,2017-03-15 02:00:00,2017-03-15 10:00:00,2017-03-15 04:00:00,9,99.3,76.592,29.65,12.83,204.4,"rolling 8 weeks, same day_type x tod_slot",,false_positive,
EV-00072,A_consumption,M1_power,Eagle_office_Norbert,power_active_kw,spike,warning,profile_band,2017-03-16 00:00:00,2017-03-16 01:00:00,2017-03-16 01:00:00,2,101.832,78.39,29.9,6.11,46.9,"rolling 8 weeks, same day_type x tod_slot",,false_positive,
EV-00073,A_consumption,M1_power,Eagle_office_Norbert,power_active_kw,spike,warning,profile_band,2017-03-16 04:00:00,2017-03-16 04:00:00,2017-03-16 04:00:00,1,97.206,75.289,29.11,5.82,21.9,"rolling 8 weeks, same day_type x tod_slot",,false_positive,
EV-00074,A_consumption,M1_power,Eagle_office_Norbert,power_active_kw,spike,warning,profile_band,2017-03-16 23:00:00,2017-03-16 23:00:00,2017-03-16 23:00:00,1,106.795,83.68,27.62,5.52,23.1,"rolling 8 weeks, same day_type x tod_slot",,false_positive,
EV-00075,A_consumption,M1_power,Eagle_office_Norbert,power_active_kw,spike,warning,profile_band,2017-03-17 10:00:00,2017-03-17 10:00:00,2017-03-17 10:00:00,1,104.555,77.118,35.58,5.19,27.4,"rolling 8 weeks, same day_type x tod_slot",,false_positive,
EV-00076,A_consumption,M1_power,Eagle_office_Norbert,power_active_kw,spike,warning,profile_band,2017-03-18 08:00:00,2017-03-18 08:00:00,2017-03-18 08:00:00,1,100.295,74.05,35.44,7.09,26.2,"rolling 8 weeks, same day_type x tod_slot",,false_positive,
EV-00077,A_consumption,M1_power,Eagle_office_Norbert,power_active_kw,spike,warning,profile_band,2017-03-18 13:00:00,2017-03-18 13:00:00,2017-03-18 13:00:00,1,100.972,76.12,32.65,5.27,24.9,"rolling 8 weeks, same day_type x tod_slot",,false_positive,
EV-00078,A_consumption,M1_power,Eagle_office_Norbert,power_active_kw,spike,warning,profile_band,2017-03-21 10:00:00,2017-03-21 10:00:00,2017-03-21 10:00:00,1,113.807,77.118,47.57,6.41,36.7,"rolling 8 weeks, same day_type x tod_slot",,false_positive,
EV-00079,A_consumption,M1_power,Eagle_office_Norbert,power_active_kw,spike,warning,profile_band,2017-03-22 10:00:00,2017-03-22 10:00:00,2017-03-22 10:00:00,1,110.992,77.118,43.92,5.92,33.9,"rolling 8 weeks, same day_type x tod_slot",,false_positive,
EV-00080,A_consumption,M1_power,Eagle_office_Norbert,power_active_kw,spike,warning,profile_band,2017-03-24 10:00:00,2017-03-24 10:00:00,2017-03-24 10:00:00,1,128.853,77.382,66.52,8.53,51.5,"rolling 8 weeks, same day_type x tod_slot",,false_positive,
EV-00081,A_consumption,M1_power,Eagle_office_Norbert,power_active_kw,spike,warning,profile_band,2017-03-29 10:00:00,2017-03-29 10:00:00,2017-03-29 10:00:00,1,183.813,77.799,136.27,6.12,106.0,"rolling 8 weeks, same day_type x tod_slot",,false_positive,
EV-00082,A_consumption,M1_power,Eagle_office_Norbert,power_active_kw,spike,warning,profile_band,2017-03-30 09:00:00,2017-03-30 10:00:00,2017-03-30 09:00:00,2,367.088,78.174,369.58,52.46,577.8,"rolling 8 weeks, same day_type x tod_slot",,true_positive,SYN-M1-01-01
EV-00083,A_consumption,M1_power,Eagle_office_Norbert,power_active_kw,off_hours_run,warning,profile_band,2017-04-06 10:00:00,2017-04-06 21:00:00,2017-04-06 12:00:00,12,122.048,76.326,59.9,21.02,625.4,"rolling 8 weeks, same day_type x tod_slot",,false_positive,
EV-00084,A_consumption,M1_power,Eagle_office_Norbert,power_active_kw,off_hours_run,warning,profile_band,2017-04-14 23:00:00,2017-04-15 05:00:00,2017-04-15 01:00:00,7,108.349,77.803,39.26,8.85,213.8,"rolling 8 weeks, same day_type x tod_slot",,true_positive,SYN-M1-01-02
EV-00085,A_consumption,M1_power,Eagle_office_Norbert,power_active_kw,off_hours_run,warning,profile_band,2017-04-15 21:00:00,2017-04-15 23:00:00,2017-04-15 23:00:00,3,89.174,77.186,15.53,4.72,36.0,"rolling 8 weeks, same day_type x tod_slot",,true_positive,SYN-M1-01-02
EV-00086,DQ_quality,M1_power,Eagle_office_Norbert,power_active_kw,stuck_sensor,warning,dq_flatline>=4h,2017-04-20 02:00:00,2017-04-20 11:00:00,2017-04-20 05:00:00,10,76.952,,,,,,,natural,
EV-00087,A_consumption,M1_power,Eagle_office_Norbert,power_active_kw,off_hours_run,warning,profile_band,2017-04-28 21:00:00,2017-05-02 08:00:00,2017-04-28 23:00:00,84,122.655,79.973,53.37,16.24,3585.3,"rolling 8 weeks, same day_type x tod_slot",,true_positive,SYN-M1-01-03
EV-00088,A_consumption,M1_power,Eagle_office_Norbert,power_active_kw,baseload_rise,warning,cusum_night_residual,2017-04-29 00:00:00,2017-05-01 23:00:00,2017-05-01 04:00:00,72,113.232,78.041,45.09,,,"rolling 8 weeks, same day_type x tod_slot",,true_positive,SYN-M1-01-03
EV-00089,A_consumption,M1_power,Eagle_office_Norbert,power_active_kw,spike,warning,profile_band,2017-05-04 09:00:00,2017-05-04 09:00:00,2017-05-04 09:00:00,1,171.865,82.182,109.13,18.46,89.7,"rolling 8 weeks, same day_type x tod_slot",,false_positive,
EV-00090,A_consumption,M1_power,Eagle_office_Norbert,power_active_kw,off_hours_run,warning,profile_band,2017-05-05 00:00:00,2017-05-05 02:00:00,2017-05-05 02:00:00,3,100.03,82.294,21.55,7.83,54.0,"rolling 8 weeks, same day_type x tod_slot",,false_positive,
EV-00091,A_consumption,M1_power,Eagle_office_Norbert,power_active_kw,spike,warning,profile_band,2017-05-12 09:00:00,2017-05-12 09:00:00,2017-05-12 09:00:00,1,144.154,82.554,74.62,12.28,61.6,"rolling 8 weeks, same day_type x tod_slot",,false_positive,
EV-00092,DQ_quality,M1_power,Eagle_office_Norbert,power_active_kw,data_loss,warning,dq_gap>=3h,2017-05-18 07:00:00,2017-05-19 20:00:00,2017-05-18 09:00:00,38,,,,,,,,true_positive,SYN-M1-01-04
EV-00093,DQ_quality,M1_power,Eagle_office_Norbert,power_active_kw,stuck_sensor,warning,dq_flatline>=4h,2017-06-15 21:00:00,2017-06-16 20:00:00,2017-06-16 00:00:00,24,104.218,,,,,,,true_positive,SYN-M1-01-05
EV-00094,A_consumption,M1_power,Eagle_office_Norbert,power_active_kw,off_hours_run,warning,profile_band,2017-06-16 01:00:00,2017-06-16 09:00:00,2017-06-16 03:00:00,9,104.218,81.803,27.4,5.7,201.7,"rolling 8 weeks, same day_type x tod_slot",,true_positive,SYN-M1-01-05
EV-00095,A_consumption,M1_power,Eagle_office_Norbert,power_active_kw,spike,warning,profile_band,2017-07-12 04:00:00,2017-07-12 05:00:00,2017-07-12 04:00:00,2,272.288,83.12,227.59,45.37,378.3,"rolling 8 weeks, same day_type x tod_slot",,true_positive,SYN-M1-01-06
EV-00096,A_consumption,M1_power,Eagle_office_Norbert,power_active_kw,off_hours_run,warning,profile_band,2017-07-25 22:00:00,2017-07-26 04:00:00,2017-07-26 00:00:00,7,117.24,87.063,34.66,8.48,211.2,"rolling 8 weeks, same day_type x tod_slot",,true_positive,SYN-M1-01-07
EV-00097,A_consumption,M1_power,Eagle_office_Norbert,power_active_kw,spike,warning,profile_band,2017-07-27 22:00:00,2017-07-27 22:00:00,2017-07-27 22:00:00,1,125.636,93.222,34.77,6.66,32.4,"rolling 8 weeks, same day_type x tod_slot",,false_positive,
EV-00098,A_consumption,M1_power,Eagle_office_Norbert,power_active_kw,spike,warning,profile_band,2017-08-04 21:00:00,2017-08-04 21:00:00,2017-08-04 21:00:00,1,135.427,102.142,32.59,5.9,33.3,"rolling 8 weeks, same day_type x tod_slot",,false_positive,
EV-00099,A_consumption,M1_power,Eagle_office_Norbert,power_active_kw,off_hours_run,warning,profile_band,2017-08-22 18:00:00,2017-08-24 14:00:00,2017-08-22 20:00:00,45,151.643,106.169,42.83,11.7,2046.3,"rolling 8 weeks, same day_type x tod_slot",,true_positive,SYN-M1-01-08
EV-00100,A_consumption,M1_power,Eagle_office_Norbert,power_active_kw,baseload_rise,warning,cusum_night_residual,2017-08-23 00:00:00,2017-08-25 23:00:00,2017-08-25 04:00:00,72,128.555,84.776,51.64,,,"rolling 8 weeks, same day_type x tod_slot",,true_positive,SYN-M1-01-08
EV-00101,A_consumption,M1_power,Eagle_office_Norbert,power_active_kw,off_hours_run,warning,profile_band,2017-08-24 17:00:00,2017-08-25 11:00:00,2017-08-24 19:00:00,19,141.844,99.527,42.52,10.26,804.0,"rolling 8 weeks, same day_type x tod_slot",,true_positive,SYN-M1-01-08
EV-00102,A_consumption,M1_power,Eagle_office_Norbert,power_active_kw,off_hours_run,warning,profile_band,2017-08-25 19:00:00,2017-08-26 15:00:00,2017-08-25 21:00:00,21,129.393,88.738,45.81,10.91,853.8,"rolling 8 weeks, same day_type x tod_slot",,true_positive,SYN-M1-01-08
EV-00103,A_consumption,M1_power,Eagle_office_Norbert,power_active_kw,spike,warning,profile_band,2017-09-19 10:00:00,2017-09-19 10:00:00,2017-09-19 10:00:00,1,192.741,113.181,70.29,5.54,79.6,"rolling 8 weeks, same day_type x tod_slot",,false_positive,
EV-00104,A_consumption,M1_power,Eagle_office_Norbert,power_active_kw,off_hours_run,warning,profile_band,2017-11-12 19:00:00,2017-11-12 22:00:00,2017-11-12 21:00:00,4,91.034,77.893,16.87,4.97,57.5,"rolling 8 weeks, same day_type x tod_slot",,false_positive,
EV-00105,A_consumption,M1_power,Eagle_office_Norbert,power_active_kw,spike,warning,profile_band,2017-11-25 11:00:00,2017-11-25 11:00:00,2017-11-25 11:00:00,1,96.357,75.125,28.26,5.27,21.2,"rolling 8 weeks, same day_type x tod_slot",,false_positive,
EV-00106,A_consumption,M1_power,Eagle_office_Norbert,power_active_kw,spike,warning,profile_band,2017-11-30 18:00:00,2017-11-30 18:00:00,2017-11-30 18:00:00,1,203.97,129.105,57.99,5.65,74.9,"rolling 8 weeks, same day_type x tod_slot",,false_positive,
EV-00107,A_consumption,M1_power,Eagle_office_Norbert,power_active_kw,spike,warning,profile_band,2017-12-03 09:00:00,2017-12-03 10:00:00,2017-12-03 09:00:00,2,102.866,77.901,32.05,6.71,49.9,"rolling 8 weeks, same day_type x tod_slot",,false_positive,
EV-00108,A_consumption,M1_power,Eagle_office_Norbert,power_active_kw,spike,warning,profile_band,2017-12-09 05:00:00,2017-12-09 05:00:00,2017-12-09 05:00:00,1,107.121,80.439,33.17,6.63,26.7,"rolling 8 weeks, same day_type x tod_slot",,false_positive,
EV-00109,A_consumption,M1_power,Eagle_office_Norbert,power_active_kw,spike,warning,profile_band,2017-12-10 18:00:00,2017-12-10 18:00:00,2017-12-10 18:00:00,1,100.243,77.895,28.69,5.41,22.3,"rolling 8 weeks, same day_type x tod_slot",,false_positive,
EV-00110,A_consumption,M2_cooling,Fox_office_Carson,cooling_kw,off_hours_run,warning,profile_band,2017-02-09 18:00:00,2017-02-09 22:00:00,2017-02-09 20:00:00,5,91.276,48.737,87.29,5.71,212.7,"rolling 8 weeks, same day_type x tod_slot",,false_positive,
EV-00111,A_consumption,M2_cooling,Fox_office_Carson,cooling_kw,high_consumption,warning,profile_band,2017-02-10 08:00:00,2017-02-10 11:00:00,2017-02-10 10:00:00,4,92.361,51.271,80.14,4.53,164.4,"rolling 8 weeks, same day_type x tod_slot",,false_positive,
EV-00112,A_consumption,M2_cooling,Fox_office_Carson,cooling_kw,off_hours_run,warning,profile_band,2017-02-11 06:00:00,2017-02-11 10:00:00,2017-02-11 08:00:00,5,78.109,42.132,85.39,5.86,179.9,"rolling 8 weeks, same day_type x tod_slot",,false_positive,
EV-00113,A_consumption,M2_cooling,Fox_office_Carson,cooling_kw,off_hours_run,warning,profile_band,2017-02-11 20:00:00,2017-02-11 22:00:00,2017-02-11 22:00:00,3,71.369,39.389,81.19,4.48,95.9,"rolling 8 weeks, same day_type x tod_slot",,false_positive,
EV-00114,A_consumption,M2_cooling,Fox_office_Carson,cooling_kw,off_hours_run,warning,profile_band,2017-02-12 06:00:00,2017-02-12 10:00:00,2017-02-12 08:00:00,5,72.736,43.145,68.58,4.07,148.0,"rolling 8 weeks, same day_type x tod_slot",,false_positive,
EV-00115,A_consumption,M2_cooling,Fox_office_Carson,cooling_kw,high_consumption,warning,profile_band,2017-02-13 08:00:00,2017-02-13 10:00:00,2017-02-13 10:00:00,3,79.586,49.294,61.45,4.99,90.9,"rolling 8 weeks, same day_type x tod_slot",,false_positive,
EV-00116,A_consumption,M2_cooling,Fox_office_Carson,cooling_kw,high_consumption,warning,profile_band,2017-03-03 05:00:00,2017-03-03 23:00:00,2017-03-03 07:00:00,19,140.535,54.635,157.22,7.74,1632.1,"rolling 8 weeks, same day_type x tod_slot",,false_positive,
EV-00117,A_consumption,M2_cooling,Fox_office_Carson,cooling_kw,off_hours_run,warning,profile_band,2017-03-04 04:00:00,2017-03-05 23:00:00,2017-03-04 06:00:00,44,105.405,42.227,149.62,15.89,2779.8,"rolling 8 weeks, same day_type x tod_slot",,false_positive,
EV-00118,A_consumption,M2_cooling,Fox_office_Carson,cooling_kw,high_consumption,warning,profile_band,2017-03-06 05:00:00,2017-03-06 10:00:00,2017-03-06 07:00:00,6,86.403,42.264,104.44,5.5,264.8,"rolling 8 weeks, same day_type x tod_slot",,false_positive,
EV-00119,A_consumption,M2_cooling,Fox_office_Carson,cooling_kw,high_consumption,warning,profile_band,2017-03-10 07:00:00,2017-03-10 09:00:00,2017-03-10 09:00:00,3,114.743,50.883,125.5,4.1,191.6,"rolling 8 weeks, same day_type x tod_slot",,false_positive,
EV-00120,A_consumption,M2_cooling,Fox_office_Carson,cooling_kw,off_hours_run,warning,profile_band,2017-03-11 01:00:00,2017-03-11 05:00:00,2017-03-11 03:00:00,5,21.678,10.153,113.51,3.53,57.6,"rolling 8 weeks, same day_type x tod_slot",,false_positive,
EV-00121,A_consumption,M2_cooling,Fox_office_Carson,cooling_kw,high_consumption,warning,profile_band,2017-03-14 07:00:00,2017-03-14 09:00:00,2017-03-14 09:00:00,3,120.042,50.924,135.73,3.98,207.4,"rolling 8 weeks, same day_type x tod_slot",,false_positive,
EV-00122,A_consumption,M2_cooling,Fox_office_Carson,cooling_kw,high_consumption,warning,profile_band,2017-03-15 07:00:00,2017-03-15 10:00:00,2017-03-15 09:00:00,4,131.064,54.028,142.59,4.16,308.1,"rolling 8 weeks, same day_type x tod_slot",,false_positive,
EV-00123,A_consumption,M2_cooling,Fox_office_Carson,cooling_kw,off_hours_run,warning,profile_band,2017-03-15 17:00:00,2017-03-16 06:00:00,2017-03-15 19:00:00,14,115.041,34.99,228.78,28.22,1120.7,"rolling 8 weeks, same day_type x tod_slot",,false_positive,
EV-00124,A_consumption,M2_cooling,Fox_office_Carson,cooling_kw,off_hours_run,warning,profile_band,2017-03-16 22:00:00,2017-03-17 06:00:00,2017-03-17 00:00:00,9,88.218,17.701,398.37,28.23,634.7,"rolling 8 weeks, same day_type x tod_slot",,false_positive,
EV-00125,A_consumption,M2_cooling,Fox_office_Carson,cooling_kw,off_hours_run,warning,profile_band,2017-03-17 22:00:00,2017-03-18 06:00:00,2017-03-18 00:00:00,9,101.891,16.324,524.18,29.6,770.1,"rolling 8 weeks, same day_type x tod_slot",,false_positive,
EV-00126,A_consumption,M2_cooling,Fox_office_Carson,cooling_kw,off_hours_run,warning,profile_band,2017-03-18 16:00:00,2017-03-19 05:00:00,2017-03-18 18:00:00,14,134.56,36.543,268.23,20.47,1372.2,"rolling 8 weeks, same day_type x tod_slot",,false_positive,
EV-00127,A_consumption,M2_cooling,Fox_office_Carson,cooling_kw,off_hours_run,warning,profile_band,2017-03-19 21:00:00,2017-03-20 06:00:00,2017-03-19 23:00:00,10,164.171,21.52,662.89,32.81,1426.5,"rolling 8 weeks, same day_type x tod_slot",,true_positive,SYN-M2-02-01
EV-00128,A_consumption,M2_cooling,Fox_office_Carson,cooling_kw,high_consumption,warning,profile_band,2017-03-20 15:00:00,2017-03-20 17:00:00,2017-03-20 17:00:00,3,245.476,101.995,140.68,3.15,430.4,"rolling 8 weeks, same day_type x tod_slot",,true_positive,SYN-M2-02-01
EV-00129,A_consumption,M2_cooling,Fox_office_Carson,cooling_kw,off_hours_run,warning,profile_band,2017-03-20 23:00:00,2017-03-21 06:00:00,2017-03-21 01:00:00,8,126.523,17.138,638.26,37.57,875.1,"rolling 8 weeks, same day_type x tod_slot",,false_positive,
EV-00130,A_consumption,M2_cooling,Fox_office_Carson,cooling_kw,off_hours_run,warning,profile_band,2017-03-22 00:00:00,2017-03-22 05:00:00,2017-03-22 02:00:00,6,102.2,14.053,627.26,21.2,528.9,"rolling 8 weeks, same day_type x tod_slot",,false_positive,
EV-00131,A_consumption,M2_cooling,Fox_office_Carson,cooling_kw,off_hours_run,warning,profile_band,2017-03-23 00:00:00,2017-03-23 05:00:00,2017-03-23 02:00:00,6,88.806,14.548,510.43,14.05,445.5,"rolling 8 weeks, same day_type x tod_slot",,false_positive,
EV-00132,A_consumption,M2_cooling,Fox_office_Carson,cooling_kw,off_hours_run,warning,profile_band,2017-03-24 00:00:00,2017-03-24 05:00:00,2017-03-24 02:00:00,6,92.27,15.043,513.36,13.33,463.4,"rolling 8 weeks, same day_type x tod_slot",,false_positive,
EV-00133,A_consumption,M2_cooling,Fox_office_Carson,cooling_kw,off_hours_run,warning,profile_band,2017-03-25 00:00:00,2017-03-25 05:00:00,2017-03-25 02:00:00,6,103.589,14.979,591.57,13.99,531.7,"rolling 8 weeks, same day_type x tod_slot",,false_positive,
EV-00134,A_consumption,M2_cooling,Fox_office_Carson,cooling_kw,off_hours_run,warning,profile_band,2017-03-26 00:00:00,2017-03-26 05:00:00,2017-03-26 02:00:00,6,104.931,16.447,537.99,11.94,530.9,"rolling 8 weeks, same day_type x tod_slot",,false_positive,
EV-00135,A_consumption,M2_cooling,Fox_office_Carson,cooling_kw,off_hours_run,warning,profile_band,2017-03-27 00:00:00,2017-03-27 05:00:00,2017-03-27 02:00:00,6,109.28,15.319,613.37,15.86,563.8,"rolling 8 weeks, same day_type x tod_slot",,false_positive,
EV-00136,A_consumption,M2_cooling,Fox_office_Carson,cooling_kw,off_hours_run,warning,profile_band,2017-03-28 00:00:00,2017-03-28 06:00:00,2017-03-28 02:00:00,7,110.65,20.086,450.88,16.97,633.9,"rolling 8 weeks, same day_type x tod_slot",,false_positive,
EV-00137,A_consumption,M2_cooling,Fox_office_Carson,cooling_kw,off_hours_run,warning,profile_band,2017-03-29 00:00:00,2017-03-29 05:00:00,2017-03-29 02:00:00,6,85.717,16.292,426.14,11.34,416.6,"rolling 8 weeks, same day_type x tod_slot",,false_positive,
EV-00138,A_consumption,M2_cooling,Fox_office_Carson,cooling_kw,off_hours_run,warning,profile_band,2017-03-30 00:00:00,2017-03-30 02:00:00,2017-03-30 02:00:00,3,80.114,18.036,344.2,3.69,186.2,"rolling 8 weeks, same day_type x tod_slot",,false_positive,
EV-00139,A_consumption,M2_cooling,Fox_office_Carson,cooling_kw,off_hours_run,warning,profile_band,2017-04-01 01:00:00,2017-04-01 05:00:00,2017-04-01 03:00:00,5,94.252,16.99,454.75,3.31,386.3,"rolling 8 weeks, same day_type x tod_slot",,false_positive,
EV-00140,DQ_quality,M2_cooling,Fox_office_Carson,cooling_kw,data_loss,warning,dq_gap>=3h,2017-04-16 18:00:00,2017-04-18 07:00:00,2017-04-16 20:00:00,38,,,,,,,,true_positive,SYN-M2-02-02
EV-00141,A_consumption,M2_cooling,Fox_office_Carson,cooling_kw,off_hours_run,warning,profile_band,2017-04-22 07:00:00,2017-04-22 09:00:00,2017-04-22 09:00:00,3,164.225,113.055,45.26,3.75,153.5,"rolling 8 weeks, same day_type x tod_slot",,false_positive,
EV-00142,A_consumption,M2_cooling,Fox_office_Carson,cooling_kw,spike,warning,profile_band,2017-05-06 06:00:00,2017-05-06 07:00:00,2017-05-06 06:00:00,2,189.664,106.939,77.36,6.36,165.5,"rolling 8 weeks, same day_type x tod_slot",,false_positive,
EV-00143,A_consumption,M2_cooling,Fox_office_Carson,cooling_kw,off_hours_run,warning,profile_band,2017-05-12 22:00:00,2017-05-13 00:00:00,2017-05-13 00:00:00,3,160.906,56.451,185.04,9.91,313.4,"rolling 8 weeks, same day_type x tod_slot",,true_positive,SYN-M2-02-03
EV-00144,DQ_quality,M2_cooling,Fox_office_Carson,cooling_kw,stuck_sensor,warning,dq_flatline>=4h,2017-05-18 08:00:00,2017-05-19 05:00:00,2017-05-18 11:00:00,22,149.396,,,,,,,true_positive,SYN-M2-02-04
EV-00145,A_consumption,M2_cooling,Fox_office_Carson,cooling_kw,off_hours_run,warning,profile_band,2017-05-18 22:00:00,2017-05-19 00:00:00,2017-05-19 00:00:00,3,149.396,55.344,169.94,10.53,282.2,"rolling 8 weeks, same day_type x tod_slot",,true_positive,SYN-M2-02-04
EV-00146,A_consumption,M2_cooling,Fox_office_Carson,cooling_kw,off_hours_run,warning,profile_band,2017-06-02 22:00:00,2017-06-05 04:00:00,2017-06-03 00:00:00,55,202.236,122.657,64.88,13.96,4376.9,"rolling 8 weeks, same day_type x tod_slot",,false_positive,
EV-00147,A_consumption,M2_cooling,Fox_office_Carson,cooling_kw,off_hours_run,warning,profile_band,2017-06-05 20:00:00,2017-06-06 04:00:00,2017-06-05 22:00:00,9,125.911,72.482,73.71,11.33,480.9,"rolling 8 weeks, same day_type x tod_slot",,false_positive,
EV-00148,A_consumption,M2_cooling,Fox_office_Carson,cooling_kw,off_hours_run,warning,profile_band,2017-06-06 20:00:00,2017-06-07 04:00:00,2017-06-06 22:00:00,9,125.794,73.377,71.43,10.26,471.8,"rolling 8 weeks, same day_type x tod_slot",,false_positive,
EV-00149,A_consumption,M2_cooling,Fox_office_Carson,cooling_kw,off_hours_run,warning,profile_band,2017-06-07 21:00:00,2017-06-08 04:00:00,2017-06-07 23:00:00,8,100.591,62.587,60.72,9.19,304.0,"rolling 8 weeks, same day_type x tod_slot",,false_positive,
EV-00150,A_consumption,M2_cooling,Fox_office_Carson,cooling_kw,off_hours_run,warning,profile_band,2017-06-08 23:00:00,2017-06-09 04:00:00,2017-06-09 01:00:00,6,65.853,44.195,49.01,6.5,129.9,"rolling 8 weeks, same day_type x tod_slot",,false_positive,
EV-00151,A_consumption,M2_cooling,Fox_office_Carson,cooling_kw,off_hours_run,warning,profile_band,2017-06-09 23:00:00,2017-06-10 04:00:00,2017-06-10 01:00:00,6,68.977,44.236,55.93,7.39,148.4,"rolling 8 weeks, same day_type x tod_slot",,false_positive,
EV-00152,A_consumption,M2_cooling,Fox_office_Carson,cooling_kw,off_hours_run,warning,profile_band,2017-06-10 07:00:00,2017-06-10 11:00:00,2017-06-10 09:00:00,5,253.966,175.209,44.95,3.68,393.8,"rolling 8 weeks, same day_type x tod_slot",,false_positive,
EV-00153,A_consumption,M2_cooling,Fox_office_Carson,cooling_kw,off_hours_run,warning,profile_band,2017-06-10 16:00:00,2017-06-10 23:00:00,2017-06-10 18:00:00,8,221.28,155.056,42.71,7.9,529.8,"rolling 8 weeks, same day_type x tod_slot",,false_positive,
EV-00154,A_consumption,M2_cooling,Fox_office_Carson,cooling_kw,off_hours_run,warning,profile_band,2017-06-11 22:00:00,2017-06-12 03:00:00,2017-06-12 00:00:00,6,68.854,50.467,36.43,6.02,110.3,"rolling 8 weeks, same day_type x tod_slot",,false_positive,
EV-00155,A_consumption,M2_cooling,Fox_office_Carson,cooling_kw,off_hours_run,warning,profile_band,2017-06-13 00:00:00,2017-06-13 02:00:00,2017-06-13 02:00:00,3,59.341,44.922,32.1,3.8,43.3,"rolling 8 weeks, same day_type x tod_slot",,false_positive,
EV-00156,A_consumption,M2_cooling,Fox_office_Carson,cooling_kw,off_hours_run,warning,profile_band,2017-06-15 01:00:00,2017-06-15 03:00:00,2017-06-15 03:00:00,3,56.598,43.046,31.48,3.47,40.7,"rolling 8 weeks, same day_type x tod_slot",,false_positive,
EV-00157,A_consumption,M2_cooling,Fox_office_Carson,cooling_kw,off_hours_run,warning,profile_band,2017-06-16 01:00:00,2017-06-16 03:00:00,2017-06-16 03:00:00,3,60.994,43.14,41.39,3.97,53.6,"rolling 8 weeks, same day_type x tod_slot",,false_positive,
EV-00158,A_consumption,M2_cooling,Fox_office_Carson,cooling_kw,off_hours_run,warning,profile_band,2017-06-19 01:00:00,2017-06-19 04:00:00,2017-06-19 03:00:00,4,70.61,43.451,62.51,4.17,108.6,"rolling 8 weeks, same day_type x tod_slot",,false_positive,
EV-00159,A_consumption,M2_cooling,Fox_office_Carson,cooling_kw,spike,warning,profile_band,2017-06-19 11:00:00,2017-06-19 11:00:00,2017-06-19 11:00:00,1,700.728,222.107,215.49,8.14,478.6,"rolling 8 weeks, same day_type x tod_slot",,true_positive,SYN-M2-02-05
EV-00160,A_consumption,M2_cooling,Fox_office_Carson,cooling_kw,off_hours_run,warning,profile_band,2017-06-20 01:00:00,2017-06-20 05:00:00,2017-06-20 03:00:00,5,91.086,50.087,81.86,3.86,205.0,"rolling 8 weeks, same day_type x tod_slot",,true_positive,SYN-M2-02-05
EV-00161,A_consumption,M2_cooling,Fox_office_Carson,cooling_kw,off_hours_run,warning,profile_band,2017-07-01 23:00:00,2017-07-02 03:00:00,2017-07-02 01:00:00,5,135.273,45.61,196.59,4.96,448.3,"rolling 8 weeks, same day_type x tod_slot",,true_positive,SYN-M2-02-06
EV-00162,A_consumption,M2_cooling,Fox_office_Carson,cooling_kw,off_hours_run,warning,profile_band,2017-07-12 04:00:00,2017-07-12 06:00:00,2017-07-12 06:00:00,3,200.8,104.398,92.34,5.19,289.2,"rolling 8 weeks, same day_type x tod_slot",,false_positive,
EV-00163,A_consumption,M2_cooling,Fox_office_Carson,cooling_kw,spike,warning,profile_band,2017-08-05 05:00:00,2017-08-05 05:00:00,2017-08-05 05:00:00,1,216.392,106.684,102.84,5.33,109.7,"rolling 8 weeks, same day_type x tod_slot",,false_positive,
EV-00164,A_consumption,M2_cooling,Fox_office_Carson,cooling_kw,off_hours_run,warning,profile_band,2017-08-12 11:00:00,2017-08-12 13:00:00,2017-08-12 13:00:00,3,343.467,305.011,12.61,3.53,154.8,"rolling 8 weeks, same day_type x tod_slot",,false_positive,
EV-00165,A_consumption,M2_cooling,Fox_office_Carson,cooling_kw,off_hours_run,warning,profile_band,2017-11-10 23:00:00,2017-11-11 04:00:00,2017-11-11 01:00:00,6,65.824,39.137,68.19,6.42,160.1,"rolling 8 weeks, same day_type x tod_slot",,false_positive,
EV-00166,A_consumption,M2_cooling,Fox_office_Carson,cooling_kw,off_hours_run,warning,profile_band,2017-11-11 22:00:00,2017-11-12 04:00:00,2017-11-12 00:00:00,7,72.965,44.38,64.41,6.18,200.1,"rolling 8 weeks, same day_type x tod_slot",,false_positive,
EV-00167,A_consumption,M2_cooling,Fox_office_Carson,cooling_kw,off_hours_run,warning,profile_band,2017-11-12 22:00:00,2017-11-13 04:00:00,2017-11-13 00:00:00,7,74.361,44.589,66.77,7.61,208.4,"rolling 8 weeks, same day_type x tod_slot",,false_positive,
EV-00168,A_consumption,M2_cooling,Fox_office_Yong,cooling_kw,off_hours_run,warning,profile_band,2017-01-15 00:00:00,2017-01-15 06:00:00,2017-01-15 02:00:00,7,134.087,99.605,34.62,8.71,241.4,"rolling 8 weeks, same day_type x tod_slot",,false_positive,
EV-00169,A_consumption,M2_cooling,Fox_office_Yong,cooling_kw,off_hours_run,warning,profile_band,2017-01-27 11:00:00,2017-01-27 13:00:00,2017-01-27 13:00:00,3,186.393,116.419,60.1,3.64,209.9,"rolling 8 weeks, same day_type x tod_slot",,false_positive,
EV-00170,A_consumption,M2_cooling,Fox_office_Yong,cooling_kw,off_hours_run,warning,profile_band,2017-02-05 11:00:00,2017-02-05 15:00:00,2017-02-05 13:00:00,5,197.802,120.593,64.02,6.11,386.0,"rolling 8 weeks, same day_type x tod_slot",,false_positive,
EV-00171,A_consumption,M2_cooling,Fox_office_Yong,cooling_kw,off_hours_run,warning,profile_band,2017-02-09 22:00:00,2017-02-10 01:00:00,2017-02-10 00:00:00,4,156.904,87.068,80.21,3.17,279.3,"rolling 8 weeks, same day_type x tod_slot",,false_positive,
EV-00172,A_consumption,M2_cooling,Fox_office_Yong,cooling_kw,off_hours_run,warning,profile_band,2017-02-11 00:00:00,2017-02-11 15:00:00,2017-02-11 02:00:00,16,237.099,103.078,130.02,13.45,2144.3,"rolling 8 weeks, same day_type x tod_slot",,false_positive,
EV-00173,A_consumption,M2_cooling,Fox_office_Yong,cooling_kw,off_hours_run,warning,profile_band,2017-03-11 09:00:00,2017-03-11 11:00:00,2017-03-11 11:00:00,3,206.216,112.328,83.58,5.52,281.7,"rolling 8 weeks, same day_type x tod_slot",,false_positive,
EV-00174,A_consumption,M2_cooling,Fox_office_Yong,cooling_kw,off_hours_run,warning,profile_band,2017-03-12 09:00:00,2017-03-12 11:00:00,2017-03-12 11:00:00,3,232.534,116.367,99.83,7.42,348.5,"rolling 8 weeks, same day_type x tod_slot",,false_positive,
EV-00175,A_consumption,M2_cooling,Fox_office_Yong,cooling_kw,off_hours_run,warning,profile_band,2017-03-12 15:00:00,2017-03-12 19:00:00,2017-03-12 17:00:00,5,299.678,130.479,129.68,6.38,846.0,"rolling 8 weeks, same day_type x tod_slot",,false_positive,
EV-00176,A_consumption,M2_cooling,Fox_office_Yong,cooling_kw,off_hours_run,warning,profile_band,2017-03-13 19:00:00,2017-03-13 21:00:00,2017-03-13 21:00:00,3,233.812,119.497,95.66,3.54,342.9,"rolling 8 weeks, same day_type x tod_slot",,false_positive,
EV-00177,A_consumption,M2_cooling,Fox_office_Yong,cooling_kw,off_hours_run,warning,profile_band,2017-03-14 19:00:00,2017-03-15 03:00:00,2017-03-14 21:00:00,9,202.782,103.536,95.86,3.99,893.2,"rolling 8 weeks, same day_type x tod_slot",,false_positive,
EV-00178,A_consumption,M2_cooling,Fox_office_Yong,cooling_kw,high_consumption,warning,profile_band,2017-03-15 06:00:00,2017-03-15 09:00:00,2017-03-15 08:00:00,4,194.227,111.823,73.69,3.22,329.6,"rolling 8 weeks, same day_type x tod_slot",,false_positive,
EV-00179,A_consumption,M2_cooling,Fox_office_Yong,cooling_kw,off_hours_run,warning,profile_band,2017-03-16 22:00:00,2017-03-17 00:00:00,2017-03-17 00:00:00,3,189.464,105.236,80.04,3.05,252.7,"rolling 8 weeks, same day_type x tod_slot",,false_positive,
EV-00180,A_consumption,M2_cooling,Fox_office_Yong,cooling_kw,off_hours_run,warning,profile_band,2017-03-18 08:00:00,2017-03-18 11:00:00,2017-03-18 10:00:00,4,235.594,112.891,108.69,7.0,490.8,"rolling 8 weeks, same day_type x tod_slot",,false_positive,
EV-00181,A_consumption,M2_cooling,Fox_office_Yong,cooling_kw,spike,warning,profile_band,2017-03-18 19:00:00,2017-03-18 19:00:00,2017-03-18 19:00:00,1,766.245,103.888,637.57,26.44,662.4,"rolling 8 weeks, same day_type x tod_slot",,true_positive,SYN-M2-03-01
EV-00182,A_consumption,M2_cooling,Fox_office_Yong,cooling_kw,off_hours_run,warning,profile_band,2017-03-19 17:00:00,2017-03-19 23:00:00,2017-03-19 19:00:00,7,244.532,107.008,128.52,7.9,962.7,"rolling 8 weeks, same day_type x tod_slot",,true_positive,SYN-M2-03-01
EV-00183,A_consumption,M2_cooling,Fox_office_Yong,cooling_kw,high_consumption,warning,profile_band,2017-03-20 05:00:00,2017-03-20 09:00:00,2017-03-20 07:00:00,5,206.01,109.982,87.31,3.15,480.1,"rolling 8 weeks, same day_type x tod_slot",,false_positive,
EV-00184,A_consumption,M2_cooling,Fox_office_Yong,cooling_kw,off_hours_run,warning,profile_band,2017-03-20 21:00:00,2017-03-21 01:00:00,2017-03-20 23:00:00,5,225.247,110.232,104.34,4.14,575.1,"rolling 8 weeks, same day_type x tod_slot",,false_positive,
EV-00185,DQ_quality,M2_cooling,Fox_office_Yong,cooling_kw,data_loss,warning,dq_gap>=3h,2017-04-10 01:00:00,2017-04-10 15:00:00,2017-04-10 03:00:00,15,,,,,,,,true_positive,SYN-M2-03-02
EV-00186,A_consumption,M2_cooling,Fox_office_Yong,cooling_kw,off_hours_run,warning,profile_band,2017-05-05 19:00:00,2017-05-05 23:00:00,2017-05-05 21:00:00,5,310.102,209.45,48.06,3.25,503.3,"rolling 8 weeks, same day_type x tod_slot",,false_positive,
EV-00187,A_consumption,M2_cooling,Fox_office_Yong,cooling_kw,off_hours_run,warning,profile_band,2017-05-06 06:00:00,2017-05-06 08:00:00,2017-05-06 08:00:00,3,243.507,147.538,65.05,4.52,287.9,"rolling 8 weeks, same day_type x tod_slot",,false_positive,
EV-00188,A_consumption,M2_cooling,Fox_office_Yong,cooling_kw,off_hours_run,warning,profile_band,2017-05-07 01:00:00,2017-05-07 04:00:00,2017-05-07 03:00:00,4,298.612,130.792,128.31,5.74,671.3,"rolling 8 weeks, same day_type x tod_slot",,true_positive,SYN-M2-03-03
EV-00189,A_consumption,M2_cooling,Fox_office_Yong,cooling_kw,off_hours_run,warning,profile_band,2017-05-22 17:00:00,2017-05-23 08:00:00,2017-05-22 19:00:00,16,300.361,188.261,59.54,4.57,1793.6,"rolling 8 weeks, same day_type x tod_slot",,false_positive,
EV-00190,A_consumption,M2_cooling,Fox_office_Yong,cooling_kw,off_hours_run,warning,profile_band,2017-05-23 17:00:00,2017-05-24 08:00:00,2017-05-23 19:00:00,16,302.856,190.067,59.34,4.3,1804.6,"rolling 8 weeks, same day_type x tod_slot",,false_positive,
EV-00191,A_consumption,M2_cooling,Fox_office_Yong,cooling_kw,off_hours_run,warning,profile_band,2017-05-24 18:00:00,2017-05-25 08:00:00,2017-05-24 20:00:00,15,309.22,179.943,71.84,5.51,1939.2,"rolling 8 weeks, same day_type x tod_slot",,false_positive,
EV-00192,DQ_quality,M2_cooling,Fox_office_Yong,cooling_kw,stuck_sensor,warning,dq_flatline>=4h,2017-06-02 09:00:00,2017-06-02 21:00:00,2017-06-02 12:00:00,13,366.034,,,,,,,true_positive,SYN-M2-03-04
EV-00193,A_consumption,M2_cooling,Fox_office_Yong,cooling_kw,off_hours_run,warning,profile_band,2017-06-04 01:00:00,2017-06-04 07:00:00,2017-06-04 03:00:00,7,325.218,164.212,98.05,6.32,1127.0,"rolling 8 weeks, same day_type x tod_slot",,false_positive,
EV-00194,A_consumption,M2_cooling,Fox_office_Yong,cooling_kw,off_hours_run,warning,profile_band,2017-06-05 04:00:00,2017-06-05 06:00:00,2017-06-05 06:00:00,3,215.688,143.827,49.96,3.33,215.6,"rolling 8 weeks, same day_type x tod_slot",,false_positive,
EV-00195,A_consumption,M2_cooling,Fox_office_Yong,cooling_kw,off_hours_run,warning,profile_band,2017-06-05 23:00:00,2017-06-06 07:00:00,2017-06-06 01:00:00,9,272.818,161.699,68.72,4.1,1000.1,"rolling 8 weeks, same day_type x tod_slot",,false_positive,
EV-00196,A_consumption,M2_cooling,Fox_office_Yong,cooling_kw,off_hours_run,warning,profile_band,2017-06-06 23:00:00,2017-06-07 01:00:00,2017-06-07 01:00:00,3,296.013,177.161,67.09,3.27,356.6,"rolling 8 weeks, same day_type x tod_slot",,false_positive,
EV-00197,A_consumption,M2_cooling,Fox_office_Yong,cooling_kw,off_hours_run,warning,profile_band,2017-06-07 04:00:00,2017-06-07 07:00:00,2017-06-07 06:00:00,4,253.662,158.513,60.03,3.45,380.6,"rolling 8 weeks, same day_type x tod_slot",,false_positive,
EV-00198,A_consumption,M2_cooling,Fox_office_Yong,cooling_kw,off_hours_run,warning,profile_band,2017-06-19 23:00:00,2017-06-20 05:00:00,2017-06-20 01:00:00,7,330.951,173.783,90.44,4.06,1100.2,"rolling 8 weeks, same day_type x tod_slot",,false_positive,
EV-00199,A_consumption,M2_cooling,Fox_office_Yong,cooling_kw,off_hours_run,warning,profile_band,2017-06-20 22:00:00,2017-06-21 06:00:00,2017-06-21 00:00:00,9,365.694,182.923,99.92,4.16,1644.9,"rolling 8 weeks, same day_type x tod_slot",,false_positive,
EV-00200,A_consumption,M2_cooling,Fox_office_Yong,cooling_kw,off_hours_run,warning,profile_band,2017-06-21 21:00:00,2017-06-22 05:00:00,2017-06-21 23:00:00,9,387.24,195.853,97.72,3.47,1722.5,"rolling 8 weeks, same day_type x tod_slot",,false_positive,
EV-00201,A_consumption,M2_cooling,Fox_office_Yong,cooling_kw,off_hours_run,warning,profile_band,2017-06-22 22:00:00,2017-06-23 08:00:00,2017-06-23 00:00:00,11,582.692,200.796,190.19,15.73,4200.9,"rolling 8 weeks, same day_type x tod_slot",,true_positive,SYN-M2-03-05
EV-00202,A_consumption,M2_cooling,Fox_office_Yong,cooling_kw,off_hours_run,warning,profile_band,2017-06-25 02:00:00,2017-06-25 06:00:00,2017-06-25 04:00:00,5,469.07,204.582,129.28,5.01,1322.4,"rolling 8 weeks, same day_type x tod_slot",,false_positive,
EV-00203,A_consumption,M2_cooling,Fox_office_Yong,cooling_kw,off_hours_run,warning,profile_band,2017-06-25 11:00:00,2017-06-25 13:00:00,2017-06-25 13:00:00,3,499.088,328.099,52.12,3.33,513.0,"rolling 8 weeks, same day_type x tod_slot",,false_positive,
EV-00204,A_consumption,M2_cooling,Fox_office_Yong,cooling_kw,off_hours_run,warning,profile_band,2017-07-09 03:00:00,2017-07-09 08:00:00,2017-07-09 05:00:00,6,462.542,234.937,96.88,3.99,1365.6,"rolling 8 weeks, same day_type x tod_slot",,true_positive,SYN-M2-03-06
EV-00205,A_consumption,M1_power,Hog_office_Emmanuel,power_active_kw,off_hours_run,warning,profile_band,2017-01-30 19:00:00,2017-01-30 22:00:00,2017-01-30 21:00:00,4,28.717,24.469,17.36,4.27,17.0,"rolling 8 weeks, same day_type x tod_slot",,false_positive,
EV-00206,A_consumption,M1_power,Hog_office_Emmanuel,power_active_kw,spike,warning,profile_band,2017-02-09 00:00:00,2017-02-09 01:00:00,2017-02-09 00:00:00,2,29.278,23.758,23.24,5.11,11.0,"rolling 8 weeks, same day_type x tod_slot",,false_positive,
EV-00207,A_consumption,M1_power,Hog_office_Emmanuel,power_active_kw,off_hours_run,warning,profile_band,2017-02-09 23:00:00,2017-02-10 01:00:00,2017-02-10 01:00:00,3,29.988,24.504,22.38,6.37,16.5,"rolling 8 weeks, same day_type x tod_slot",,false_positive,
EV-00208,A_consumption,M1_power,Hog_office_Emmanuel,power_active_kw,spike,warning,profile_band,2017-03-31 08:00:00,2017-03-31 08:00:00,2017-03-31 08:00:00,1,92.631,28.036,230.39,29.93,64.6,"rolling 8 weeks, same day_type x tod_slot",,true_positive,SYN-M1-02-01
EV-00209,A_consumption,M1_power,Hog_office_Emmanuel,power_active_kw,off_hours_run,warning,profile_band,2017-04-10 22:00:00,2017-04-11 04:00:00,2017-04-11 00:00:00,7,29.12,21.756,33.85,7.61,51.5,"rolling 8 weeks, same day_type x tod_slot",,true_positive,SYN-M1-02-02
EV-00210,A_consumption,M1_power,Hog_office_Emmanuel,power_active_kw,high_consumption,warning,profile_band,2017-04-27 10:00:00,2017-04-28 11:00:00,2017-04-27 12:00:00,26,37.595,28.734,30.84,7.73,230.4,"rolling 8 weeks, same day_type x tod_slot",,true_positive,SYN-M1-02-03
EV-00211,A_consumption,M1_power,Hog_office_Emmanuel,power_active_kw,baseload_rise,warning,cusum_night_residual,2017-04-28 00:00:00,2017-05-03 23:00:00,2017-04-29 04:00:00,144,28.998,20.723,39.93,,,"rolling 8 weeks, same day_type x tod_slot",,true_positive,SYN-M1-02-03
EV-00212,A_consumption,M1_power,Hog_office_Emmanuel,power_active_kw,off_hours_run,warning,profile_band,2017-04-28 16:00:00,2017-05-02 10:00:00,2017-04-28 18:00:00,91,34.756,25.411,36.78,9.95,850.4,"rolling 8 weeks, same day_type x tod_slot",,true_positive,SYN-M1-02-03
EV-00213,A_consumption,M1_power,Hog_office_Emmanuel,power_active_kw,off_hours_run,warning,profile_band,2017-05-02 17:00:00,2017-05-03 10:00:00,2017-05-02 19:00:00,18,32.885,25.168,30.66,9.14,138.9,"rolling 8 weeks, same day_type x tod_slot",,true_positive,SYN-M1-02-03
EV-00214,DQ_quality,M1_power,Hog_office_Emmanuel,power_active_kw,data_loss,warning,dq_gap>=3h,2017-05-28 21:00:00,2017-05-30 02:00:00,2017-05-28 23:00:00,30,,,,,,,,true_positive,SYN-M1-02-04
EV-00215,A_consumption,M1_power,Hog_office_Emmanuel,power_active_kw,off_hours_run,warning,profile_band,2017-06-02 21:00:00,2017-06-03 00:00:00,2017-06-02 23:00:00,4,25.713,22.163,16.02,3.32,14.2,"rolling 8 weeks, same day_type x tod_slot",,false_positive,
EV-00216,A_consumption,M1_power,Hog_office_Emmanuel,power_active_kw,spike,warning,profile_band,2017-06-03 14:00:00,2017-06-03 14:00:00,2017-06-03 14:00:00,1,37.592,30.048,25.11,5.02,7.5,"rolling 8 weeks, same day_type x tod_slot",,false_positive,
EV-00217,A_consumption,M1_power,Hog_office_Emmanuel,power_active_kw,off_hours_run,warning,profile_band,2017-06-03 20:00:00,2017-06-03 23:00:00,2017-06-03 22:00:00,4,25.429,21.317,19.29,3.73,16.4,"rolling 8 weeks, same day_type x tod_slot",,false_positive,
EV-00218,DQ_quality,M1_power,Hog_office_Emmanuel,power_active_kw,stuck_sensor,warning,dq_flatline>=4h,2017-06-14 04:00:00,2017-06-14 11:00:00,2017-06-14 07:00:00,8,19.882,,,,,,,true_positive,SYN-M1-02-05
EV-00219,A_consumption,M1_power,Hog_office_Emmanuel,power_active_kw,high_consumption,warning,profile_band,2017-07-05 16:00:00,2017-07-05 18:00:00,2017-07-05 18:00:00,3,39.066,32.784,19.16,3.4,18.8,"rolling 8 weeks, same day_type x tod_slot",,false_positive,
EV-00220,A_consumption,M1_power,Hog_office_Emmanuel,power_active_kw,off_hours_run,warning,profile_band,2017-07-06 00:00:00,2017-07-06 02:00:00,2017-07-06 02:00:00,3,24.522,19.418,26.29,6.02,15.3,"rolling 8 weeks, same day_type x tod_slot",,false_positive,
EV-00221,A_consumption,M1_power,Hog_office_Emmanuel,power_active_kw,high_consumption,warning,profile_band,2017-07-06 13:00:00,2017-07-06 17:00:00,2017-07-06 15:00:00,5,40.339,33.919,18.93,3.69,32.1,"rolling 8 weeks, same day_type x tod_slot",,false_positive,
EV-00222,A_consumption,M1_power,Hog_office_Emmanuel,power_active_kw,off_hours_run,warning,profile_band,2017-07-06 20:00:00,2017-07-07 01:00:00,2017-07-06 22:00:00,6,27.381,22.259,23.01,5.89,30.7,"rolling 8 weeks, same day_type x tod_slot",,false_positive,
EV-00223,A_consumption,M1_power,Hog_office_Emmanuel,power_active_kw,off_hours_run,warning,profile_band,2017-07-07 23:00:00,2017-07-08 07:00:00,2017-07-08 01:00:00,9,24.49,19.912,22.99,9.45,41.2,"rolling 8 weeks, same day_type x tod_slot",,false_positive,
EV-00224,A_consumption,M1_power,Hog_office_Emmanuel,power_active_kw,off_hours_run,warning,profile_band,2017-07-17 19:00:00,2017-07-17 22:00:00,2017-07-17 21:00:00,4,32.384,25.598,26.51,3.99,27.1,"rolling 8 weeks, same day_type x tod_slot",,false_positive,
EV-00225,A_consumption,M1_power,Hog_office_Emmanuel,power_active_kw,spike,warning,profile_band,2017-07-18 14:00:00,2017-07-18 14:00:00,2017-07-18 14:00:00,1,91.556,34.565,164.88,27.98,57.0,"rolling 8 weeks, same day_type x tod_slot",,true_positive,SYN-M1-02-06
EV-00226,A_consumption,M1_power,Hog_office_Emmanuel,power_active_kw,spike,warning,profile_band,2017-07-31 06:00:00,2017-07-31 06:00:00,2017-07-31 06:00:00,1,70.519,19.305,265.3,53.06,51.2,"rolling 8 weeks, same day_type x tod_slot",,false_positive,
EV-00227,A_consumption,M1_power,Hog_office_Emmanuel,power_active_kw,off_hours_run,warning,profile_band,2017-08-06 21:00:00,2017-08-07 03:00:00,2017-08-06 23:00:00,7,26.894,20.212,33.06,7.59,46.8,"rolling 8 weeks, same day_type x tod_slot",,true_positive,SYN-M1-02-07
EV-00228,A_consumption,M1_power,Hog_office_Emmanuel,power_active_kw,baseload_rise,warning,cusum_night_residual,2017-08-15 00:00:00,2017-08-21 23:00:00,2017-08-17 04:00:00,168,25.661,19.489,31.67,,,"rolling 8 weeks, same day_type x tod_slot",,true_positive,SYN-M1-02-08
EV-00229,A_consumption,M1_power,Hog_office_Emmanuel,power_active_kw,off_hours_run,warning,profile_band,2017-08-15 02:00:00,2017-08-15 08:00:00,2017-08-15 04:00:00,7,26.742,20.478,30.59,6.49,43.8,"rolling 8 weeks, same day_type x tod_slot",,true_positive,SYN-M1-02-08
EV-00230,A_consumption,M1_power,Hog_office_Emmanuel,power_active_kw,off_hours_run,warning,profile_band,2017-08-16 00:00:00,2017-08-16 08:00:00,2017-08-16 02:00:00,9,27.049,20.405,32.56,6.73,59.8,"rolling 8 weeks, same day_type x tod_slot",,true_positive,SYN-M1-02-08
EV-00231,A_consumption,M1_power,Hog_office_Emmanuel,power_active_kw,off_hours_run,warning,profile_band,2017-08-16 23:00:00,2017-08-17 08:00:00,2017-08-17 01:00:00,10,27.621,20.713,33.35,8.26,69.1,"rolling 8 weeks, same day_type x tod_slot",,true_positive,SYN-M1-02-08
EV-00232,A_consumption,M1_power,Hog_office_Emmanuel,power_active_kw,off_hours_run,warning,profile_band,2017-08-18 00:00:00,2017-08-18 08:00:00,2017-08-18 02:00:00,9,26.777,20.54,30.37,6.59,56.1,"rolling 8 weeks, same day_type x tod_slot",,true_positive,SYN-M1-02-08
EV-00233,A_consumption,M1_power,Hog_office_Emmanuel,power_active_kw,off_hours_run,warning,profile_band,2017-08-19 00:00:00,2017-08-19 11:00:00,2017-08-19 02:00:00,12,28.727,22.248,29.12,6.77,77.7,"rolling 8 weeks, same day_type x tod_slot",,true_positive,SYN-M1-02-08
EV-00234,A_consumption,M1_power,Hog_office_Emmanuel,power_active_kw,off_hours_run,warning,profile_band,2017-08-19 17:00:00,2017-08-20 14:00:00,2017-08-19 19:00:00,22,32.566,24.758,31.54,8.01,171.8,"rolling 8 weeks, same day_type x tod_slot",,true_positive,SYN-M1-02-08
EV-00235,A_consumption,M1_power,Hog_office_Emmanuel,power_active_kw,off_hours_run,warning,profile_band,2017-08-20 20:00:00,2017-08-21 08:00:00,2017-08-20 22:00:00,13,28.189,21.282,32.45,7.21,89.8,"rolling 8 weeks, same day_type x tod_slot",,true_positive,SYN-M1-02-08
EV-00236,A_consumption,M1_power,Hog_office_Emmanuel,power_active_kw,baseload_rise,warning,cusum_night_residual,2017-10-31 00:00:00,2017-11-05 23:00:00,2017-11-05 04:00:00,144,23.399,20.237,15.62,,,"rolling 8 weeks, same day_type x tod_slot",,false_positive,
EV-00237,A_consumption,M1_power,Hog_office_Emmanuel,power_active_kw,off_hours_run,warning,profile_band,2017-10-31 23:00:00,2017-11-01 06:00:00,2017-11-01 01:00:00,8,24.373,20.469,19.08,4.2,31.2,"rolling 8 weeks, same day_type x tod_slot",,false_positive,
EV-00238,A_consumption,M1_power,Hog_office_Emmanuel,power_active_kw,spike,warning,profile_band,2017-11-05 02:00:00,2017-11-05 02:00:00,2017-11-05 02:00:00,1,45.476,20.255,124.51,24.9,25.2,"rolling 8 weeks, same day_type x tod_slot",,false_positive,
EV-00239,A_consumption,M1_power,Hog_office_Shon,power_active_kw,high_consumption,warning,profile_band,2017-01-17 08:00:00,2017-01-17 21:00:00,2017-01-17 10:00:00,14,131.284,85.966,52.72,7.99,634.5,"rolling 8 weeks, same day_type x tod_slot",,false_positive,
EV-00240,A_consumption,M1_power,Hog_office_Shon,power_active_kw,high_consumption,warning,profile_band,2017-01-18 09:00:00,2017-01-18 12:00:00,2017-01-18 11:00:00,4,123.083,89.695,37.22,5.04,133.6,"rolling 8 weeks, same day_type x tod_slot",,false_positive,
EV-00241,A_consumption,M1_power,Hog_office_Shon,power_active_kw,high_consumption,warning,profile_band,2017-01-19 10:00:00,2017-01-19 12:00:00,2017-01-19 12:00:00,3,128.405,95.329,34.7,3.79,99.2,"rolling 8 weeks, same day_type x tod_slot",,false_positive,
EV-00242,A_consumption,M1_power,Hog_office_Shon,power_active_kw,off_hours_run,warning,profile_band,2017-01-27 07:00:00,2017-01-27 21:00:00,2017-01-27 09:00:00,15,95.187,56.59,68.21,24.27,579.0,"rolling 8 weeks, same day_type x tod_slot",,false_positive,
EV-00243,A_consumption,M1_power,Hog_office_Shon,power_active_kw,off_hours_run,warning,profile_band,2017-01-30 07:00:00,2017-01-30 22:00:00,2017-01-30 09:00:00,16,109.726,56.591,93.89,30.62,850.2,"rolling 8 weeks, same day_type x tod_slot",,false_positive,
EV-00244,A_consumption,M1_power,Hog_office_Shon,power_active_kw,off_hours_run,warning,profile_band,2017-01-31 07:00:00,2017-01-31 22:00:00,2017-01-31 09:00:00,16,113.379,57.286,97.92,27.96,897.5,"rolling 8 weeks, same day_type x tod_slot",,false_positive,
EV-00245,A_consumption,M1_power,Hog_office_Shon,power_active_kw,spike,warning,profile_band,2017-03-21 23:00:00,2017-03-22 00:00:00,2017-03-21 23:00:00,2,193.863,63.426,205.65,32.13,260.9,"rolling 8 weeks, same day_type x tod_slot",,true_positive,SYN-M1-03-01
EV-00246,A_consumption,M1_power,Hog_office_Shon,power_active_kw,off_hours_run,warning,profile_band,2017-03-25 00:00:00,2017-03-25 07:00:00,2017-03-25 02:00:00,8,64.605,54.176,19.25,4.17,83.4,"rolling 8 weeks, same day_type x tod_slot",,false_positive,
EV-00247,A_consumption,M1_power,Hog_office_Shon,power_active_kw,baseload_rise,warning,cusum_night_residual,2017-03-25 00:00:00,2017-03-27 23:00:00,2017-03-27 04:00:00,72,64.75,54.241,19.37,,,"rolling 8 weeks, same day_type x tod_slot",,false_positive,
EV-00248,A_consumption,M1_power,Hog_office_Shon,power_active_kw,off_hours_run,warning,profile_band,2017-03-26 01:00:00,2017-03-26 07:00:00,2017-03-26 03:00:00,7,65.025,53.905,20.63,4.67,77.8,"rolling 8 weeks, same day_type x tod_slot",,false_positive,
EV-00249,A_consumption,M1_power,Hog_office_Shon,power_active_kw,off_hours_run,warning,profile_band,2017-03-26 11:00:00,2017-03-26 15:00:00,2017-03-26 13:00:00,5,68.601,54.976,24.78,3.38,68.1,"rolling 8 weeks, same day_type x tod_slot",,false_positive,
EV-00250,A_consumption,M1_power,Hog_office_Shon,power_active_kw,off_hours_run,warning,profile_band,2017-03-26 21:00:00,2017-03-26 23:00:00,2017-03-26 23:00:00,3,70.526,58.101,21.38,3.75,37.3,"rolling 8 weeks, same day_type x tod_slot",,false_positive,
EV-00251,A_consumption,M1_power,Hog_office_Shon,power_active_kw,off_hours_run,warning,profile_band,2017-03-27 02:00:00,2017-03-27 06:00:00,2017-03-27 04:00:00,5,64.883,54.69,18.64,4.05,51.0,"rolling 8 weeks, same day_type x tod_slot",,false_positive,
EV-00252,A_consumption,M1_power,Hog_office_Shon,power_active_kw,off_hours_run,warning,profile_band,2017-04-06 07:00:00,2017-04-06 22:00:00,2017-04-06 09:00:00,16,109.226,55.791,95.78,24.42,855.0,"rolling 8 weeks, same day_type x tod_slot",,false_positive,
EV-00253,A_consumption,M1_power,Hog_office_Shon,power_active_kw,off_hours_run,warning,profile_band,2017-04-20 00:00:00,2017-04-20 03:00:00,2017-04-20 02:00:00,4,77.715,56.989,36.37,8.22,82.9,"rolling 8 weeks, same day_type x tod_slot",,true_positive,SYN-M1-03-02
EV-00254,A_consumption,M1_power,Hog_office_Shon,power_active_kw,off_hours_run,warning,profile_band,2017-04-29 09:00:00,2017-04-29 17:00:00,2017-04-29 11:00:00,9,81.297,55.941,45.33,7.44,228.2,"rolling 8 weeks, same day_type x tod_slot",,false_positive,
EV-00255,A_consumption,M1_power,Hog_office_Shon,power_active_kw,off_hours_run,warning,profile_band,2017-05-01 07:00:00,2017-05-01 22:00:00,2017-05-01 09:00:00,16,107.704,57.332,87.86,16.82,806.0,"rolling 8 weeks, same day_type x tod_slot",,false_positive,
EV-00256,A_consumption,M1_power,Hog_office_Shon,power_active_kw,baseload_rise,warning,cusum_night_residual,2017-05-05 00:00:00,2017-05-10 23:00:00,2017-05-06 04:00:00,144,72.999,55.818,30.78,,,"rolling 8 weeks, same day_type x tod_slot",,true_positive,SYN-M1-03-03
EV-00257,A_consumption,M1_power,Hog_office_Shon,power_active_kw,off_hours_run,warning,profile_band,2017-05-05 03:00:00,2017-05-05 07:00:00,2017-05-05 05:00:00,5,72.56,57.51,26.17,5.79,75.3,"rolling 8 weeks, same day_type x tod_slot",,true_positive,SYN-M1-03-03
EV-00258,A_consumption,M1_power,Hog_office_Shon,power_active_kw,off_hours_run,warning,profile_band,2017-05-06 00:00:00,2017-05-06 06:00:00,2017-05-06 02:00:00,7,77.26,56.273,37.29,5.8,146.9,"rolling 8 weeks, same day_type x tod_slot",,true_positive,SYN-M1-03-03
EV-00259,A_consumption,M1_power,Hog_office_Shon,power_active_kw,off_hours_run,warning,profile_band,2017-05-06 11:00:00,2017-05-06 13:00:00,2017-05-06 13:00:00,3,78.403,57.249,36.95,3.07,63.5,"rolling 8 weeks, same day_type x tod_slot",,true_positive,SYN-M1-03-03
EV-00260,A_consumption,M1_power,Hog_office_Shon,power_active_kw,off_hours_run,warning,profile_band,2017-05-06 22:00:00,2017-05-07 06:00:00,2017-05-07 00:00:00,9,76.059,57.381,32.55,4.16,168.1,"rolling 8 weeks, same day_type x tod_slot",,true_positive,SYN-M1-03-03
EV-00261,A_consumption,M1_power,Hog_office_Shon,power_active_kw,off_hours_run,warning,profile_band,2017-05-07 23:00:00,2017-05-08 08:00:00,2017-05-08 01:00:00,10,79.081,59.464,32.99,7.64,196.2,"rolling 8 weeks, same day_type x tod_slot",,true_positive,SYN-M1-03-03
EV-00262,A_consumption,M1_power,Hog_office_Shon,power_active_kw,off_hours_run,warning,profile_band,2017-05-08 23:00:00,2017-05-09 08:00:00,2017-05-09 01:00:00,10,79.335,60.347,31.46,7.54,189.9,"rolling 8 weeks, same day_type x tod_slot",,true_positive,SYN-M1-03-03
EV-00263,A_consumption,M1_power,Hog_office_Shon,power_active_kw,off_hours_run,warning,profile_band,2017-05-10 00:00:00,2017-05-10 08:00:00,2017-05-10 02:00:00,9,75.606,59.505,27.06,5.88,144.9,"rolling 8 weeks, same day_type x tod_slot",,true_positive,SYN-M1-03-03
EV-00264,DQ_quality,M1_power,Hog_office_Shon,power_active_kw,data_loss,warning,dq_gap>=3h,2017-05-23 21:00:00,2017-05-24 17:00:00,2017-05-23 23:00:00,21,,,,,,,,true_positive,SYN-M1-03-04
EV-00265,A_consumption,M1_power,Hog_office_Shon,power_active_kw,spike,warning,profile_band,2017-06-05 07:00:00,2017-06-05 07:00:00,2017-06-05 07:00:00,1,89.883,66.252,35.67,7.13,23.6,"rolling 8 weeks, same day_type x tod_slot",,false_positive,
EV-00266,A_consumption,M1_power,Hog_office_Shon,power_active_kw,baseload_rise,warning,cusum_night_residual,2017-06-11 00:00:00,2017-06-18 23:00:00,2017-06-18 04:00:00,192,61.117,55.077,10.97,,,"rolling 8 weeks, same day_type x tod_slot",,true_positive,SYN-M1-03-05
EV-00267,A_consumption,M1_power,Hog_office_Shon,power_active_kw,spike,warning,profile_band,2017-06-12 07:00:00,2017-06-12 08:00:00,2017-06-12 07:00:00,2,91.643,67.272,36.23,9.52,48.7,"rolling 8 weeks, same day_type x tod_slot",,false_positive,
EV-00268,DQ_quality,M1_power,Hog_office_Shon,power_active_kw,stuck_sensor,warning,dq_flatline>=4h,2017-06-13 23:00:00,2017-06-14 08:00:00,2017-06-14 02:00:00,10,68.088,,,,,,,true_positive,SYN-M1-03-05
EV-00269,A_consumption,M1_power,Hog_office_Shon,power_active_kw,off_hours_run,warning,profile_band,2017-06-14 01:00:00,2017-06-14 06:00:00,2017-06-14 03:00:00,6,68.088,54.624,24.65,5.3,80.8,"rolling 8 weeks, same day_type x tod_slot",,true_positive,SYN-M1-03-05
EV-00270,A_consumption,M1_power,Hog_office_Shon,power_active_kw,off_hours_run,warning,profile_band,2017-06-15 02:00:00,2017-06-15 06:00:00,2017-06-15 04:00:00,5,62.803,54.195,15.88,3.78,43.0,"rolling 8 weeks, same day_type x tod_slot",,true_positive,SYN-M1-03-05
EV-00271,A_consumption,M1_power,Hog_office_Shon,power_active_kw,spike,warning,profile_band,2017-07-05 15:00:00,2017-07-05 16:00:00,2017-07-05 15:00:00,2,295.958,94.539,213.05,21.53,402.8,"rolling 8 weeks, same day_type x tod_slot",,true_positive,SYN-M1-03-06
EV-00272,A_consumption,M1_power,Hog_office_Shon,power_active_kw,off_hours_run,warning,profile_band,2017-07-05 19:00:00,2017-07-05 21:00:00,2017-07-05 21:00:00,3,89.379,76.061,17.51,3.35,40.0,"rolling 8 weeks, same day_type x tod_slot",,true_positive,SYN-M1-03-06
EV-00273,A_consumption,M1_power,Hog_office_Shon,power_active_kw,spike,warning,profile_band,2017-07-10 07:00:00,2017-07-10 08:00:00,2017-07-10 07:00:00,2,99.505,68.273,45.75,6.77,62.5,"rolling 8 weeks, same day_type x tod_slot",,false_positive,
EV-00274,A_consumption,M1_power,Hog_office_Shon,power_active_kw,off_hours_run,warning,profile_band,2017-07-15 08:00:00,2017-07-15 20:00:00,2017-07-15 10:00:00,13,75.274,54.265,38.71,6.48,273.1,"rolling 8 weeks, same day_type x tod_slot",,false_positive,
EV-00275,A_consumption,M1_power,Hog_office_Shon,power_active_kw,off_hours_run,warning,profile_band,2017-07-16 08:00:00,2017-07-16 18:00:00,2017-07-16 10:00:00,11,72.724,54.646,33.08,5.41,198.9,"rolling 8 weeks, same day_type x tod_slot",,false_positive,
EV-00276,A_consumption,M1_power,Hog_office_Shon,power_active_kw,baseload_rise,warning,cusum_night_residual,2017-07-26 00:00:00,2017-07-28 23:00:00,2017-07-28 04:00:00,72,72.79,56.752,28.26,,,"rolling 8 weeks, same day_type x tod_slot",,true_positive,SYN-M1-03-07
EV-00277,A_consumption,M1_power,Hog_office_Shon,power_active_kw,off_hours_run,warning,profile_band,2017-07-27 21:00:00,2017-07-28 05:00:00,2017-07-27 23:00:00,9,91.193,62.842,45.11,10.94,255.2,"rolling 8 weeks, same day_type x tod_slot",,true_positive,SYN-M1-03-07
EV-00278,A_consumption,M1_power,Hog_office_Shon,power_active_kw,off_hours_run,warning,profile_band,2017-08-13 19:00:00,2017-08-14 03:00:00,2017-08-13 21:00:00,9,75.963,57.1,33.03,8.25,169.8,"rolling 8 weeks, same day_type x tod_slot",,false_positive,
EV-00279,A_consumption,M1_power,Hog_office_Shon,power_active_kw,baseload_rise,warning,cusum_night_residual,2017-08-14 00:00:00,2017-08-15 23:00:00,2017-08-15 04:00:00,48,70.612,56.544,24.88,,,"rolling 8 weeks, same day_type x tod_slot",,false_positive,
EV-00280,A_consumption,M1_power,Hog_office_Shon,power_active_kw,off_hours_run,warning,profile_band,2017-08-15 00:00:00,2017-08-15 05:00:00,2017-08-15 02:00:00,6,70.767,56.751,24.7,4.4,84.1,"rolling 8 weeks, same day_type x tod_slot",,false_positive,
EV-00281,A_consumption,M1_power,Hog_office_Shon,power_active_kw,off_hours_run,warning,profile_band,2017-08-18 06:00:00,2017-08-22 06:00:00,2017-08-18 08:00:00,97,91.055,64.09,42.07,9.48,2615.7,"rolling 8 weeks, same day_type x tod_slot",,true_positive,SYN-M1-03-08
EV-00282,A_consumption,M1_power,Hog_office_Shon,power_active_kw,baseload_rise,warning,cusum_night_residual,2017-08-19 00:00:00,2017-08-22 23:00:00,2017-08-19 04:00:00,96,82.531,56.652,45.68,,,"rolling 8 weeks, same day_type x tod_slot",,true_positive,SYN-M1-03-08
EV-00283,A_consumption,M1_power,Hog_office_Shon,power_active_kw,high_consumption,warning,profile_band,2017-09-05 09:00:00,2017-09-05 16:00:00,2017-09-05 11:00:00,8,111.367,84.275,32.15,5.29,216.7,"rolling 8 weeks, same day_type x tod_slot",,false_positive,
EV-00284,A_consumption,M1_power,Hog_office_Shon,power_active_kw,high_consumption,warning,profile_band,2017-09-06 09:00:00,2017-09-06 18:00:00,2017-09-06 11:00:00,10,110.801,83.502,32.69,6.29,273.0,"rolling 8 weeks, same day_type x tod_slot",,false_positive,
EV-00285,A_consumption,M1_power,Hog_office_Shon,power_active_kw,high_consumption,warning,profile_band,2017-09-07 09:00:00,2017-09-07 18:00:00,2017-09-07 11:00:00,10,109.199,83.526,30.74,5.36,256.7,"rolling 8 weeks, same day_type x tod_slot",,false_positive,
EV-00286,A_consumption,M1_power,Hog_office_Shon,power_active_kw,high_consumption,warning,profile_band,2017-09-11 09:00:00,2017-09-11 14:00:00,2017-09-11 11:00:00,6,111.206,83.274,33.54,5.17,167.6,"rolling 8 weeks, same day_type x tod_slot",,false_positive,
EV-00287,A_consumption,M1_power,Hog_office_Shon,power_active_kw,high_consumption,warning,profile_band,2017-09-11 17:00:00,2017-09-11 19:00:00,2017-09-11 19:00:00,3,101.107,79.22,27.63,4.19,65.7,"rolling 8 weeks, same day_type x tod_slot",,false_positive,
EV-00288,A_consumption,M1_power,Hog_office_Shon,power_active_kw,high_consumption,warning,profile_band,2017-09-12 11:00:00,2017-09-12 14:00:00,2017-09-12 13:00:00,4,118.925,86.421,37.61,4.41,130.0,"rolling 8 weeks, same day_type x tod_slot",,false_positive,
EV-00289,A_consumption,M1_power,Hog_office_Shon,power_active_kw,spike,warning,profile_band,2017-09-25 07:00:00,2017-09-25 07:00:00,2017-09-25 07:00:00,1,98.244,69.734,40.88,6.0,28.5,"rolling 8 weeks, same day_type x tod_slot",,false_positive,
EV-00290,A_consumption,M1_power,Hog_office_Shon,power_active_kw,spike,warning,profile_band,2017-11-05 02:00:00,2017-11-05 02:00:00,2017-11-05 02:00:00,1,112.488,53.062,112.0,22.4,59.4,"rolling 8 weeks, same day_type x tod_slot",,false_positive,
EV-00291,A_consumption,M1_power,Panther_office_Shauna,power_active_kw,spike,warning,profile_band,2017-01-16 06:00:00,2017-01-16 06:00:00,2017-01-16 06:00:00,1,130.025,81.816,58.92,7.11,48.2,"rolling 8 weeks, same day_type x tod_slot",,false_positive,
EV-00292,A_consumption,M1_power,Panther_office_Shauna,power_active_kw,off_hours_run,warning,profile_band,2017-01-26 20:00:00,2017-01-27 04:00:00,2017-01-26 22:00:00,9,69.324,54.044,28.27,10.34,137.5,"rolling 8 weeks, same day_type x tod_slot",,false_positive,
EV-00293,A_consumption,M1_power,Panther_office_Shauna,power_active_kw,off_hours_run,warning,profile_band,2017-01-28 00:00:00,2017-01-28 04:00:00,2017-01-28 02:00:00,5,65.093,52.09,24.96,4.36,65.0,"rolling 8 weeks, same day_type x tod_slot",,false_positive,
EV-00294,A_consumption,M1_power,Panther_office_Shauna,power_active_kw,off_hours_run,warning,profile_band,2017-01-28 23:00:00,2017-01-29 03:00:00,2017-01-29 01:00:00,5,67.253,52.77,27.45,6.12,72.4,"rolling 8 weeks, same day_type x tod_slot",,false_positive,
EV-00295,A_consumption,M1_power,Panther_office_Shauna,power_active_kw,off_hours_run,warning,profile_band,2017-01-29 22:00:00,2017-01-30 03:00:00,2017-01-30 00:00:00,6,74.248,53.627,38.45,4.18,123.7,"rolling 8 weeks, same day_type x tod_slot",,false_positive,
EV-00296,A_consumption,M1_power,Panther_office_Shauna,power_active_kw,spike,warning,profile_band,2017-01-30 06:00:00,2017-01-30 06:00:00,2017-01-30 06:00:00,1,153.63,68.213,125.22,5.24,85.4,"rolling 8 weeks, same day_type x tod_slot",,false_positive,
EV-00297,A_consumption,M1_power,Panther_office_Shauna,power_active_kw,off_hours_run,warning,profile_band,2017-02-01 00:00:00,2017-02-01 06:00:00,2017-02-01 02:00:00,7,74.643,59.897,24.62,5.61,103.2,"rolling 8 weeks, same day_type x tod_slot",,false_positive,
EV-00298,DQ_quality,M1_power,Panther_office_Shauna,power_active_kw,data_loss,warning,dq_gap>=3h,2017-02-14 19:00:00,2017-02-14 23:00:00,2017-02-14 21:00:00,5,,,,,,,,natural,
EV-00299,A_consumption,M1_power,Panther_office_Shauna,power_active_kw,off_hours_run,warning,profile_band,2017-02-24 20:00:00,2017-02-25 06:00:00,2017-02-24 22:00:00,11,131.244,59.439,120.8,32.33,789.9,"rolling 8 weeks, same day_type x tod_slot",,false_positive,
EV-00300,A_consumption,M1_power,Panther_office_Shauna,power_active_kw,baseload_rise,warning,cusum_night_residual,2017-02-25 00:00:00,2017-02-26 23:00:00,2017-02-26 04:00:00,48,124.999,57.949,115.71,,,"rolling 8 weeks, same day_type x tod_slot",,false_positive,
EV-00301,A_consumption,M1_power,Panther_office_Shauna,power_active_kw,off_hours_run,warning,profile_band,2017-02-25 20:00:00,2017-02-26 06:00:00,2017-02-25 22:00:00,11,121.369,59.912,102.58,11.79,676.0,"rolling 8 weeks, same day_type x tod_slot",,false_positive,
EV-00302,A_consumption,M1_power,Panther_office_Shauna,power_active_kw,off_hours_run,warning,profile_band,2017-02-26 20:00:00,2017-02-27 06:00:00,2017-02-26 22:00:00,11,126.17,61.057,106.64,27.08,716.2,"rolling 8 weeks, same day_type x tod_slot",,false_positive,
EV-00303,A_consumption,M1_power,Panther_office_Shauna,power_active_kw,off_hours_run,warning,profile_band,2017-02-27 20:00:00,2017-02-28 00:00:00,2017-02-27 22:00:00,5,105.18,58.491,79.82,22.07,233.4,"rolling 8 weeks, same day_type x tod_slot",,false_positive,
EV-00304,A_consumption,M1_power,Panther_office_Shauna,power_active_kw,off_hours_run,warning,profile_band,2017-03-13 20:00:00,2017-03-14 06:00:00,2017-03-13 22:00:00,11,130.571,61.185,113.4,27.78,763.2,"rolling 8 weeks, same day_type x tod_slot",,false_positive,
EV-00305,A_consumption,M1_power,Panther_office_Shauna,power_active_kw,high_consumption,warning,profile_band,2017-03-15 08:00:00,2017-03-15 19:00:00,2017-03-15 10:00:00,12,192.672,134.234,43.53,28.34,701.3,"rolling 8 weeks, same day_type x tod_slot",,true_positive,SYN-M1-04-01
EV-00306,A_consumption,M1_power,Panther_office_Shauna,power_active_kw,high_consumption,warning,profile_band,2017-03-16 07:00:00,2017-03-16 19:00:00,2017-03-16 09:00:00,13,170.017,135.765,25.23,4.45,445.3,"rolling 8 weeks, same day_type x tod_slot",,true_positive,SYN-M1-04-01
EV-00307,A_consumption,M1_power,Panther_office_Shauna,power_active_kw,high_consumption,warning,profile_band,2017-03-17 07:00:00,2017-03-17 09:00:00,2017-03-17 09:00:00,3,211.241,154.096,37.08,3.82,171.4,"rolling 8 weeks, same day_type x tod_slot",,false_positive,
EV-00308,A_consumption,M1_power,Panther_office_Shauna,power_active_kw,off_hours_run,warning,profile_band,2017-03-23 20:00:00,2017-03-24 01:00:00,2017-03-23 22:00:00,6,116.022,59.045,96.5,27.8,341.9,"rolling 8 weeks, same day_type x tod_slot",,false_positive,
EV-00309,A_consumption,M1_power,Panther_office_Shauna,power_active_kw,off_hours_run,warning,profile_band,2017-04-13 21:00:00,2017-04-13 23:00:00,2017-04-13 23:00:00,3,64.813,54.077,19.85,4.49,32.2,"rolling 8 weeks, same day_type x tod_slot",,false_positive,
EV-00310,A_consumption,M1_power,Panther_office_Shauna,power_active_kw,off_hours_run,warning,profile_band,2017-04-17 20:00:00,2017-04-18 05:00:00,2017-04-17 22:00:00,10,116.902,59.391,96.83,23.54,575.1,"rolling 8 weeks, same day_type x tod_slot",,true_positive,SYN-M1-04-02
EV-00311,A_consumption,M1_power,Panther_office_Shauna,power_active_kw,off_hours_run,warning,profile_band,2017-04-20 20:00:00,2017-04-21 01:00:00,2017-04-20 22:00:00,6,108.821,58.828,84.98,22.6,300.0,"rolling 8 weeks, same day_type x tod_slot",,false_positive,
EV-00312,A_consumption,M1_power,Panther_office_Shauna,power_active_kw,spike,warning,profile_band,2017-04-24 05:00:00,2017-04-24 06:00:00,2017-04-24 06:00:00,2,117.623,72.014,63.33,8.42,91.2,"rolling 8 weeks, same day_type x tod_slot",,false_positive,
EV-00313,A_consumption,M1_power,Panther_office_Shauna,power_active_kw,off_hours_run,warning,profile_band,2017-04-27 21:00:00,2017-04-27 23:00:00,2017-04-27 23:00:00,3,63.346,54.044,17.21,3.6,27.9,"rolling 8 weeks, same day_type x tod_slot",,false_positive,
EV-00314,A_consumption,M1_power,Panther_office_Shauna,power_active_kw,off_hours_run,warning,profile_band,2017-04-28 04:00:00,2017-04-28 06:00:00,2017-04-28 06:00:00,3,91.418,67.646,35.14,5.95,71.3,"rolling 8 weeks, same day_type x tod_slot",,false_positive,
EV-00315,A_consumption,M1_power,Panther_office_Shauna,power_active_kw,off_hours_run,warning,profile_band,2017-05-01 04:00:00,2017-05-01 06:00:00,2017-05-01 06:00:00,3,96.885,58.511,65.58,9.37,115.1,"rolling 8 weeks, same day_type x tod_slot",,false_positive,
EV-00316,A_consumption,M1_power,Panther_office_Shauna,power_active_kw,off_hours_run,warning,profile_band,2017-05-08 21:00:00,2017-05-10 16:00:00,2017-05-08 23:00:00,44,145.298,100.235,44.96,16.6,1982.8,"rolling 8 weeks, same day_type x tod_slot",,true_positive,SYN-M1-04-03
EV-00317,A_consumption,M1_power,Panther_office_Shauna,power_active_kw,baseload_rise,warning,cusum_night_residual,2017-05-09 00:00:00,2017-05-20 23:00:00,2017-05-11 04:00:00,288,93.254,57.396,62.47,,,"rolling 8 weeks, same day_type x tod_slot",,true_positive,SYN-M1-04-03
EV-00318,A_consumption,M1_power,Panther_office_Shauna,power_active_kw,off_hours_run,warning,profile_band,2017-05-10 19:00:00,2017-05-11 16:00:00,2017-05-10 21:00:00,22,145.786,99.865,45.98,15.37,1010.3,"rolling 8 weeks, same day_type x tod_slot",,true_positive,SYN-M1-04-03
EV-00319,A_consumption,M1_power,Panther_office_Shauna,power_active_kw,off_hours_run,warning,profile_band,2017-05-11 19:00:00,2017-05-12 16:00:00,2017-05-11 21:00:00,22,145.131,99.901,45.27,15.65,995.1,"rolling 8 weeks, same day_type x tod_slot",,true_positive,SYN-M1-04-03
EV-00320,A_consumption,M1_power,Panther_office_Shauna,power_active_kw,off_hours_run,warning,profile_band,2017-05-12 19:00:00,2017-05-13 06:00:00,2017-05-12 21:00:00,12,108.012,63.521,70.04,18.44,533.9,"rolling 8 weeks, same day_type x tod_slot",,true_positive,SYN-M1-04-03
EV-00321,A_consumption,M1_power,Panther_office_Shauna,power_active_kw,off_hours_run,warning,profile_band,2017-05-13 21:00:00,2017-05-14 05:00:00,2017-05-13 23:00:00,9,68.591,55.288,24.06,6.13,119.7,"rolling 8 weeks, same day_type x tod_slot",,true_positive,SYN-M1-04-03
EV-00322,A_consumption,M1_power,Panther_office_Shauna,power_active_kw,off_hours_run,warning,profile_band,2017-05-14 21:00:00,2017-05-15 10:00:00,2017-05-14 23:00:00,14,110.95,84.788,30.86,5.79,366.3,"rolling 8 weeks, same day_type x tod_slot",,false_positive,
EV-00323,A_consumption,M1_power,Panther_office_Shauna,power_active_kw,off_hours_run,warning,profile_band,2017-05-16 01:00:00,2017-05-16 06:00:00,2017-05-16 03:00:00,6,79.449,62.945,26.22,3.34,99.0,"rolling 8 weeks, same day_type x tod_slot",,false_positive,
EV-00324,A_consumption,M1_power,Panther_office_Shauna,power_active_kw,off_hours_run,warning,profile_band,2017-05-17 20:00:00,2017-05-18 06:00:00,2017-05-17 22:00:00,11,117.404,61.285,91.57,15.8,617.3,"rolling 8 weeks, same day_type x tod_slot",,false_positive,
EV-00325,A_consumption,M1_power,Panther_office_Shauna,power_active_kw,off_hours_run,warning,profile_band,2017-05-18 20:00:00,2017-05-19 05:00:00,2017-05-18 22:00:00,10,115.062,59.531,93.28,12.64,555.3,"rolling 8 weeks, same day_type x tod_slot",,false_positive,
EV-00326,A_consumption,M1_power,Panther_office_Shauna,power_active_kw,off_hours_run,warning,profile_band,2017-05-19 20:00:00,2017-05-20 06:00:00,2017-05-19 22:00:00,11,114.277,58.548,95.19,21.41,613.0,"rolling 8 weeks, same day_type x tod_slot",,false_positive,
EV-00327,A_consumption,M1_power,Panther_office_Shauna,power_active_kw,off_hours_run,warning,profile_band,2017-05-27 00:00:00,2017-05-27 03:00:00,2017-05-27 02:00:00,4,74.814,56.111,33.33,6.66,74.8,"rolling 8 weeks, same day_type x tod_slot",,false_positive,
EV-00328,A_consumption,M1_power,Panther_office_Shauna,power_active_kw,off_hours_run,warning,profile_band,2017-05-27 20:00:00,2017-05-27 23:00:00,2017-05-27 22:00:00,4,86.417,58.986,46.5,10.04,109.7,"rolling 8 weeks, same day_type x tod_slot",,false_positive,
EV-00329,A_consumption,M1_power,Panther_office_Shauna,power_active_kw,spike,warning,profile_band,2017-05-28 20:00:00,2017-05-28 21:00:00,2017-05-28 21:00:00,2,95.018,61.862,53.6,5.25,66.3,"rolling 8 weeks, same day_type x tod_slot",,false_positive,
EV-00330,DQ_quality,M1_power,Panther_office_Shauna,power_active_kw,data_loss,warning,dq_gap>=3h,2017-06-06 05:00:00,2017-06-06 17:00:00,2017-06-06 07:00:00,13,,,,,,,,true_positive,SYN-M1-04-04
EV-00331,DQ_quality,M1_power,Panther_office_Shauna,power_active_kw,stuck_sensor,warning,dq_flatline>=4h,2017-06-16 01:00:00,2017-06-16 17:00:00,2017-06-16 04:00:00,17,56.411,,,,,,,true_positive,SYN-M1-04-05
EV-00332,DQ_quality,M1_power,Panther_office_Shauna,power_active_kw,data_loss,warning,dq_gap>=3h,2017-06-19 19:00:00,2017-06-20 00:00:00,2017-06-19 21:00:00,6,,,,,,,,natural,
EV-00333,A_consumption,M1_power,Panther_office_Shauna,power_active_kw,off_hours_run,warning,profile_band,2017-06-29 21:00:00,2017-06-30 01:00:00,2017-06-29 23:00:00,5,101.3,56.611,78.94,13.32,223.4,"rolling 8 weeks, same day_type x tod_slot",,false_positive,
EV-00334,A_consumption,M1_power,Panther_office_Shauna,power_active_kw,spike,warning,profile_band,2017-07-10 20:00:00,2017-07-10 20:00:00,2017-07-10 20:00:00,1,223.974,77.615,188.57,18.45,146.4,"rolling 8 weeks, same day_type x tod_slot",,true_positive,SYN-M1-04-06
EV-00335,A_consumption,M1_power,Panther_office_Shauna,power_active_kw,off_hours_run,warning,profile_band,2017-07-21 20:00:00,2017-07-22 04:00:00,2017-07-21 22:00:00,9,111.03,56.2,97.56,22.36,493.5,"rolling 8 weeks, same day_type x tod_slot",,true_positive,SYN-M1-04-07
EV-00336,A_consumption,M1_power,Panther_office_Shauna,power_active_kw,off_hours_run,warning,profile_band,2017-07-28 21:00:00,2017-07-29 05:00:00,2017-07-28 23:00:00,9,67.169,53.41,25.76,6.32,123.8,"rolling 8 weeks, same day_type x tod_slot",,false_positive,
EV-00337,A_consumption,M1_power,Panther_office_Shauna,power_active_kw,off_hours_run,warning,profile_band,2017-07-29 21:00:00,2017-07-30 05:00:00,2017-07-29 23:00:00,9,69.791,53.444,30.59,7.29,147.1,"rolling 8 weeks, same day_type x tod_slot",,false_positive,
EV-00338,A_consumption,M1_power,Panther_office_Shauna,power_active_kw,off_hours_run,warning,profile_band,2017-07-30 21:00:00,2017-07-31 04:00:00,2017-07-30 23:00:00,8,75.215,54.473,38.08,8.87,165.9,"rolling 8 weeks, same day_type x tod_slot",,false_positive,
EV-00339,A_consumption,M1_power,Panther_office_Shauna,power_active_kw,off_hours_run,warning,profile_band,2017-08-05 21:00:00,2017-08-06 05:00:00,2017-08-05 23:00:00,9,69.236,53.199,30.14,6.28,144.3,"rolling 8 weeks, same day_type x tod_slot",,false_positive,
EV-00340,A_consumption,M1_power,Panther_office_Shauna,power_active_kw,off_hours_run,warning,profile_band,2017-08-06 21:00:00,2017-08-07 04:00:00,2017-08-06 23:00:00,8,71.339,53.998,32.11,7.72,138.7,"rolling 8 weeks, same day_type x tod_slot",,false_positive,
EV-00341,A_consumption,M1_power,Panther_office_Shauna,power_active_kw,off_hours_run,warning,profile_band,2017-08-10 20:00:00,2017-08-11 03:00:00,2017-08-10 22:00:00,8,88.642,55.886,58.61,18.39,262.1,"rolling 8 weeks, same day_type x tod_slot",,false_positive,
EV-00342,A_consumption,M1_power,Panther_office_Shauna,power_active_kw,off_hours_run,warning,profile_band,2017-08-16 17:00:00,2017-08-17 05:00:00,2017-08-16 19:00:00,13,92.924,66.79,39.13,10.31,339.7,"rolling 8 weeks, same day_type x tod_slot",,true_positive,SYN-M1-04-08
EV-00343,A_consumption,M1_power,Panther_office_Shauna,power_active_kw,baseload_rise,warning,cusum_night_residual,2017-08-17 00:00:00,2017-08-23 23:00:00,2017-08-23 04:00:00,168,77.796,53.407,45.67,,,"rolling 8 weeks, same day_type x tod_slot",,true_positive,SYN-M1-04-08
EV-00344,A_consumption,M1_power,Panther_office_Shauna,power_active_kw,off_hours_run,warning,profile_band,2017-08-17 09:00:00,2017-08-18 05:00:00,2017-08-17 11:00:00,21,113.33,89.017,27.31,9.89,510.6,"rolling 8 weeks, same day_type x tod_slot",,true_positive,SYN-M1-04-08
EV-00345,A_consumption,M1_power,Panther_office_Shauna,power_active_kw,off_hours_run,warning,profile_band,2017-08-18 08:00:00,2017-08-19 05:00:00,2017-08-18 10:00:00,22,115.382,89.786,28.51,9.09,563.1,"rolling 8 weeks, same day_type x tod_slot",,true_positive,SYN-M1-04-08
EV-00346,A_consumption,M1_power,Panther_office_Shauna,power_active_kw,off_hours_run,warning,profile_band,2017-08-19 20:00:00,2017-08-19 23:00:00,2017-08-19 22:00:00,4,78.975,55.561,42.14,4.27,93.7,"rolling 8 weeks, same day_type x tod_slot",,true_positive,SYN-M1-04-08
EV-00347,A_consumption,M1_power,Panther_office_Shauna,power_active_kw,off_hours_run,warning,profile_band,2017-08-21 00:00:00,2017-08-22 06:00:00,2017-08-21 02:00:00,31,112.804,84.481,33.53,10.44,878.0,"rolling 8 weeks, same day_type x tod_slot",,true_positive,SYN-M1-04-08
EV-00348,A_consumption,M1_power,Panther_office_Shauna,power_active_kw,high_consumption,warning,profile_band,2017-08-22 09:00:00,2017-08-22 17:00:00,2017-08-22 11:00:00,9,151.4,122.557,23.53,5.27,259.6,"rolling 8 weeks, same day_type x tod_slot",,true_positive,SYN-M1-04-08
EV-00349,A_consumption,M1_power,Panther_office_Shauna,power_active_kw,off_hours_run,warning,profile_band,2017-08-22 20:00:00,2017-08-23 04:00:00,2017-08-22 22:00:00,9,79.453,55.877,42.19,8.63,212.2,"rolling 8 weeks, same day_type x tod_slot",,true_positive,SYN-M1-04-08
EV-00350,A_consumption,M1_power,Panther_office_Shauna,power_active_kw,high_consumption,warning,profile_band,2017-08-23 09:00:00,2017-08-23 12:00:00,2017-08-23 11:00:00,4,151.039,125.949,19.92,4.64,100.4,"rolling 8 weeks, same day_type x tod_slot",,true_positive,SYN-M1-04-08
EV-00351,A_consumption,M1_power,Panther_office_Shauna,power_active_kw,off_hours_run,warning,profile_band,2017-08-25 20:00:00,2017-08-26 05:00:00,2017-08-25 22:00:00,10,100.859,55.171,82.81,23.6,456.9,"rolling 8 weeks, same day_type x tod_slot",,false_positive,
EV-00352,A_consumption,M1_power,Panther_office_Shauna,power_active_kw,baseload_rise,warning,cusum_night_residual,2017-08-26 00:00:00,2017-08-30 23:00:00,2017-08-27 04:00:00,120,101.55,53.505,89.79,,,"rolling 8 weeks, same day_type x tod_slot",,false_positive,
EV-00353,A_consumption,M1_power,Panther_office_Shauna,power_active_kw,off_hours_run,warning,profile_band,2017-08-26 20:00:00,2017-08-27 05:00:00,2017-08-26 22:00:00,10,119.403,54.811,117.85,5.23,645.9,"rolling 8 weeks, same day_type x tod_slot",,false_positive,
EV-00354,A_consumption,M1_power,Panther_office_Shauna,power_active_kw,off_hours_run,warning,profile_band,2017-08-27 20:00:00,2017-08-28 05:00:00,2017-08-27 22:00:00,10,123.864,56.561,118.99,22.04,673.0,"rolling 8 weeks, same day_type x tod_slot",,false_positive,
EV-00355,A_consumption,M1_power,Panther_office_Shauna,power_active_kw,off_hours_run,warning,profile_band,2017-08-28 20:00:00,2017-08-29 04:00:00,2017-08-28 22:00:00,9,79.727,55.933,42.54,11.74,214.1,"rolling 8 weeks, same day_type x tod_slot",,false_positive,
EV-00356,A_consumption,M1_power,Panther_office_Shauna,power_active_kw,off_hours_run,warning,profile_band,2017-08-29 21:00:00,2017-08-30 03:00:00,2017-08-29 23:00:00,7,76.186,53.625,42.07,6.73,157.9,"rolling 8 weeks, same day_type x tod_slot",,false_positive,
EV-00357,A_consumption,M1_power,Panther_office_Shauna,power_active_kw,off_hours_run,warning,profile_band,2017-10-18 20:00:00,2017-10-19 02:00:00,2017-10-18 22:00:00,7,84.845,60.683,39.82,5.89,169.1,"rolling 8 weeks, same day_type x tod_slot",,false_positive,
EV-00358,A_consumption,M1_power,Panther_office_Shauna,power_active_kw,off_hours_run,warning,profile_band,2017-10-20 00:00:00,2017-10-20 02:00:00,2017-10-20 02:00:00,3,72.081,55.577,29.69,4.38,49.5,"rolling 8 weeks, same day_type x tod_slot",,false_positive,
EV-00359,A_consumption,M1_power,Panther_office_Shauna,power_active_kw,spike,warning,profile_band,2017-10-26 08:00:00,2017-10-26 08:00:00,2017-10-26 08:00:00,1,188.836,128.925,46.47,5.32,59.9,"rolling 8 weeks, same day_type x tod_slot",,false_positive,
EV-00360,A_consumption,M1_power,Panther_office_Shauna,power_active_kw,off_hours_run,warning,profile_band,2017-10-30 02:00:00,2017-10-30 05:00:00,2017-10-30 04:00:00,4,67.613,57.386,17.82,3.27,40.9,"rolling 8 weeks, same day_type x tod_slot",,false_positive,
EV-00361,A_consumption,M1_power,Panther_office_Shauna,power_active_kw,high_consumption,warning,profile_band,2017-10-30 08:00:00,2017-10-30 13:00:00,2017-10-30 10:00:00,6,171.4,128.208,33.69,9.15,259.1,"rolling 8 weeks, same day_type x tod_slot",,false_positive,
EV-00362,A_consumption,M1_power,Panther_office_Shauna,power_active_kw,high_consumption,warning,profile_band,2017-10-31 12:00:00,2017-10-31 16:00:00,2017-10-31 14:00:00,5,151.549,128.405,18.02,4.57,115.7,"rolling 8 weeks, same day_type x tod_slot",,false_positive,
EV-00363,A_consumption,M1_power,Panther_office_Shauna,power_active_kw,off_hours_run,warning,profile_band,2017-10-31 19:00:00,2017-11-01 06:00:00,2017-10-31 21:00:00,12,130.759,66.913,95.42,23.51,766.1,"rolling 8 weeks, same day_type x tod_slot",,false_positive,
EV-00364,A_consumption,M1_power,Panther_office_Shauna,power_active_kw,off_hours_run,warning,profile_band,2017-11-01 20:00:00,2017-11-01 23:00:00,2017-11-01 22:00:00,4,115.922,65.613,76.68,7.91,201.2,"rolling 8 weeks, same day_type x tod_slot",,false_positive,
EV-00365,A_consumption,M1_power,Panther_office_Shauna,power_active_kw,off_hours_run,warning,profile_band,2017-11-20 04:00:00,2017-11-20 06:00:00,2017-11-20 06:00:00,3,95.885,70.114,36.76,3.48,77.3,"rolling 8 weeks, same day_type x tod_slot",,false_positive,
EV-00366,A_consumption,M1_power,Panther_office_Shauna,power_active_kw,off_hours_run,warning,profile_band,2017-11-22 20:00:00,2017-11-22 22:00:00,2017-11-22 22:00:00,3,112.488,74.614,50.76,6.56,113.6,"rolling 8 weeks, same day_type x tod_slot",,false_positive,
EV-00367,A_consumption,M1_power,Panther_office_Shauna,power_active_kw,off_hours_run,warning,profile_band,2017-11-23 21:00:00,2017-11-24 05:00:00,2017-11-23 23:00:00,9,120.934,61.523,96.57,25.98,534.7,"rolling 8 weeks, same day_type x tod_slot",,false_positive,
EV-00368,A_consumption,M1_power,Panther_office_Shauna,power_active_kw,baseload_rise,warning,cusum_night_residual,2017-11-24 00:00:00,2017-11-25 23:00:00,2017-11-25 04:00:00,48,134.101,56.036,139.31,,,"rolling 8 weeks, same day_type x tod_slot",,false_positive,
EV-00369,A_consumption,M1_power,Panther_office_Shauna,power_active_kw,off_hours_run,warning,profile_band,2017-11-24 20:00:00,2017-11-25 06:00:00,2017-11-24 22:00:00,11,135.008,61.957,117.9,32.87,803.6,"rolling 8 weeks, same day_type x tod_slot",,false_positive,
EV-00370,A_consumption,M1_power,Panther_office_Shauna,power_active_kw,off_hours_run,warning,profile_band,2017-11-25 20:00:00,2017-11-26 06:00:00,2017-11-25 22:00:00,11,129.025,56.156,129.76,31.4,801.6,"rolling 8 weeks, same day_type x tod_slot",,false_positive,
EV-00371,A_consumption,M1_power,Panther_office_Shauna,power_active_kw,off_hours_run,warning,profile_band,2017-11-26 20:00:00,2017-11-27 00:00:00,2017-11-26 22:00:00,5,118.703,57.251,107.34,26.36,307.3,"rolling 8 weeks, same day_type x tod_slot",,false_positive,
EV-00372,A_consumption,M1_power,Panther_office_Shauna,power_active_kw,off_hours_run,warning,profile_band,2017-11-27 20:00:00,2017-11-27 22:00:00,2017-11-27 22:00:00,3,124.024,74.948,65.48,9.73,147.2,"rolling 8 weeks, same day_type x tod_slot",,false_positive,
EV-00373,A_consumption,M1_power,Panther_office_Shauna,power_active_kw,off_hours_run,warning,profile_band,2017-11-28 20:00:00,2017-11-28 22:00:00,2017-11-28 22:00:00,3,112.022,75.048,49.27,9.64,110.9,"rolling 8 weeks, same day_type x tod_slot",,false_positive,
EV-00374,A_consumption,M1_power,Panther_office_Shauna,power_active_kw,off_hours_run,warning,profile_band,2017-11-29 20:00:00,2017-11-29 22:00:00,2017-11-29 22:00:00,3,122.557,75.181,63.02,11.88,142.1,"rolling 8 weeks, same day_type x tod_slot",,false_positive,
EV-00375,A_consumption,M1_power,Panther_office_Shauna,power_active_kw,off_hours_run,warning,profile_band,2017-11-30 20:00:00,2017-11-30 22:00:00,2017-11-30 22:00:00,3,118.956,75.381,57.81,9.2,130.7,"rolling 8 weeks, same day_type x tod_slot",,false_positive,
EV-00376,A_consumption,M1_power,Panther_office_Shauna,power_active_kw,off_hours_run,warning,profile_band,2017-12-01 20:00:00,2017-12-01 22:00:00,2017-12-01 22:00:00,3,125.358,75.515,66.0,6.02,149.5,"rolling 8 weeks, same day_type x tod_slot",,false_positive,
EV-00377,A_consumption,M1_power,Panther_office_Shauna,power_active_kw,off_hours_run,warning,profile_band,2017-12-02 20:00:00,2017-12-02 22:00:00,2017-12-02 22:00:00,3,105.087,58.845,78.58,19.56,138.7,"rolling 8 weeks, same day_type x tod_slot",,false_positive,
EV-00378,A_consumption,M1_power,Panther_office_Shauna,power_active_kw,off_hours_run,warning,profile_band,2017-12-09 20:00:00,2017-12-09 22:00:00,2017-12-09 22:00:00,3,133.626,58.845,127.08,15.81,224.3,"rolling 8 weeks, same day_type x tod_slot",,false_positive,
EV-00379,A_consumption,M1_power,Panther_office_Shauna,power_active_kw,off_hours_run,warning,profile_band,2017-12-11 01:00:00,2017-12-11 09:00:00,2017-12-11 03:00:00,9,130.136,92.107,41.29,6.6,342.3,"rolling 8 weeks, same day_type x tod_slot",,false_positive,
EV-00380,A_consumption,M1_power,Panther_office_Shauna,power_active_kw,spike,warning,profile_band,2017-12-13 09:00:00,2017-12-13 09:00:00,2017-12-13 09:00:00,1,167.232,132.226,26.48,5.3,35.0,"rolling 8 weeks, same day_type x tod_slot",,false_positive,
EV-00381,A_consumption,M1_power,Panther_office_Shauna,power_active_kw,off_hours_run,warning,profile_band,2017-12-16 20:00:00,2017-12-16 22:00:00,2017-12-16 22:00:00,3,119.423,60.512,97.36,4.62,176.7,"rolling 8 weeks, same day_type x tod_slot",,false_positive,
EV-00382,A_consumption,M1_power,Panther_office_Shauna,power_active_kw,off_hours_run,warning,profile_band,2017-12-28 23:00:00,2017-12-29 05:00:00,2017-12-29 01:00:00,7,130.425,58.283,123.78,29.95,505.0,"rolling 8 weeks, same day_type x tod_slot",,false_positive,
EV-00383,A_consumption,M1_power,Panther_office_Shauna,power_active_kw,baseload_rise,warning,cusum_night_residual,2017-12-29 00:00:00,2017-12-31 23:00:00,2017-12-30 04:00:00,72,138.293,54.944,151.7,,,"rolling 8 weeks, same day_type x tod_slot",,false_positive,
EV-00384,A_consumption,M1_power,Panther_office_Shauna,power_active_kw,off_hours_run,warning,profile_band,2017-12-29 23:00:00,2017-12-30 05:00:00,2017-12-30 01:00:00,7,144.171,56.64,154.54,34.19,612.7,"rolling 8 weeks, same day_type x tod_slot",,false_positive,
EV-00385,A_consumption,M1_power,Panther_office_Shauna,power_active_kw,off_hours_run,warning,profile_band,2017-12-30 23:00:00,2017-12-31 05:00:00,2017-12-31 01:00:00,7,143.828,54.953,161.73,34.68,622.1,"rolling 8 weeks, same day_type x tod_slot",,false_positive,
EV-00386,A_consumption,M1_power,Panther_office_Shauna,power_active_kw,spike,warning,profile_band,2017-12-31 23:00:00,2017-12-31 23:00:00,2017-12-31 23:00:00,1,128.025,54.31,135.73,14.31,73.7,"rolling 8 weeks, same day_type x tod_slot",,false_positive,
EV-00387,DQ_quality,M2_cooling,Peacock_office_Julian,cooling_kw,data_loss,warning,dq_gap>=3h,2017-01-05 05:00:00,2017-01-05 19:00:00,2017-01-05 07:00:00,15,,,,,,,,natural,
EV-00388,DQ_quality,M2_cooling,Peacock_office_Julian,cooling_kw,data_loss,warning,dq_gap>=3h,2017-01-18 04:00:00,2017-01-18 06:00:00,2017-01-18 06:00:00,3,,,,,,,,natural,
EV-00389,A_consumption,M2_cooling,Peacock_office_Julian,cooling_kw,spike,warning,profile_band,2017-01-24 17:00:00,2017-01-24 17:00:00,2017-01-24 17:00:00,1,7.096,0.021,34178.74,5.69,7.1,"rolling 8 weeks, same day_type x tod_slot",,false_positive,
EV-00390,A_consumption,M2_cooling,Peacock_office_Julian,cooling_kw,spike,warning,profile_band,2017-01-27 12:00:00,2017-01-27 12:00:00,2017-01-27 12:00:00,1,11.402,0.004,265060.46,9.17,11.4,"rolling 8 weeks, same day_type x tod_slot",,false_positive,
EV-00391,A_consumption,M2_cooling,Peacock_office_Julian,cooling_kw,spike,warning,profile_band,2017-01-27 15:00:00,2017-01-27 15:00:00,2017-01-27 15:00:00,1,8.558,0.005,155505.46,6.88,8.6,"rolling 8 weeks, same day_type x tod_slot",,false_positive,
EV-00392,A_consumption,M2_cooling,Peacock_office_Julian,cooling_kw,spike,warning,profile_band,2017-01-30 08:00:00,2017-01-30 08:00:00,2017-01-30 08:00:00,1,11.609,0.005,214890.73,9.34,11.6,"rolling 8 weeks, same day_type x tod_slot",,false_positive,
EV-00393,A_consumption,M2_cooling,Peacock_office_Julian,cooling_kw,off_hours_run,warning,profile_band,2017-01-30 15:00:00,2017-01-30 21:00:00,2017-01-30 17:00:00,7,3.11,0.007,45974.5,5.88,21.7,"rolling 8 weeks, same day_type x tod_slot",,false_positive,
EV-00394,DQ_quality,M2_cooling,Peacock_office_Julian,cooling_kw,data_loss,warning,dq_gap>=3h,2017-01-31 04:00:00,2017-01-31 06:00:00,2017-01-31 06:00:00,3,,,,,,,,natural,
EV-00395,A_consumption,M2_cooling,Peacock_office_Julian,cooling_kw,spike,warning,profile_band,2017-01-31 14:00:00,2017-01-31 14:00:00,2017-01-31 14:00:00,1,9.675,0.009,113722.35,7.78,9.7,"rolling 8 weeks, same day_type x tod_slot",,natural,
EV-00396,A_consumption,M2_cooling,Peacock_office_Julian,cooling_kw,off_hours_run,warning,profile_band,2017-01-31 18:00:00,2017-01-31 20:00:00,2017-01-31 20:00:00,3,2.967,0.009,32861.85,3.78,8.9,"rolling 8 weeks, same day_type x tod_slot",,natural,
EV-00397,A_consumption,M2_cooling,Peacock_office_Julian,cooling_kw,spike,warning,profile_band,2017-02-01 17:00:00,2017-02-01 17:00:00,2017-02-01 17:00:00,1,9.551,0.029,32552.65,7.53,9.5,"rolling 8 weeks, same day_type x tod_slot",,false_positive,
EV-00398,DQ_quality,M2_cooling,Peacock_office_Julian,cooling_kw,data_loss,warning,dq_gap>=3h,2017-02-09 01:00:00,2017-02-09 06:00:00,2017-02-09 03:00:00,6,,,,,,,,natural,
EV-00399,DQ_quality,M2_cooling,Peacock_office_Julian,cooling_kw,data_loss,warning,dq_gap>=3h,2017-02-12 02:00:00,2017-02-12 04:00:00,2017-02-12 04:00:00,3,,,,,,,,natural,
EV-00400,DQ_quality,M2_cooling,Peacock_office_Julian,cooling_kw,data_loss,warning,dq_gap>=3h,2017-02-12 06:00:00,2017-02-12 09:00:00,2017-02-12 08:00:00,4,,,,,,,,natural,
EV-00401,DQ_quality,M2_cooling,Peacock_office_Julian,cooling_kw,data_loss,warning,dq_gap>=3h,2017-02-12 14:00:00,2017-02-12 23:00:00,2017-02-12 16:00:00,10,,,,,,,,natural,
EV-00402,DQ_quality,M2_cooling,Peacock_office_Julian,cooling_kw,data_loss,warning,dq_gap>=3h,2017-02-13 02:00:00,2017-02-13 06:00:00,2017-02-13 04:00:00,5,,,,,,,,natural,
EV-00403,A_consumption,M2_cooling,Peacock_office_Julian,cooling_kw,high_consumption,warning,profile_band,2017-02-13 15:00:00,2017-02-13 17:00:00,2017-02-13 17:00:00,3,9.118,0.47,1839.42,7.05,26.0,"rolling 8 weeks, same day_type x tod_slot",,natural,
EV-00404,DQ_quality,M2_cooling,Peacock_office_Julian,cooling_kw,data_loss,warning,dq_gap>=3h,2017-02-16 01:00:00,2017-02-16 06:00:00,2017-02-16 03:00:00,6,,,,,,,,natural,
EV-00405,DQ_quality,M2_cooling,Peacock_office_Julian,cooling_kw,data_loss,warning,dq_gap>=3h,2017-02-17 03:00:00,2017-02-17 06:00:00,2017-02-17 05:00:00,4,,,,,,,,natural,
EV-00406,DQ_quality,M2_cooling,Peacock_office_Julian,cooling_kw,data_loss,warning,dq_gap>=3h,2017-02-18 20:00:00,2017-02-19 10:00:00,2017-02-18 22:00:00,15,,,,,,,,natural,
EV-00407,A_consumption,M2_cooling,Peacock_office_Julian,cooling_kw,spike,warning,profile_band,2017-02-23 13:00:00,2017-02-23 14:00:00,2017-02-23 14:00:00,2,14.375,0.26,5427.71,5.17,28.2,"rolling 8 weeks, same day_type x tod_slot",,false_positive,
EV-00408,A_consumption,M2_cooling,Peacock_office_Julian,cooling_kw,high_consumption,warning,profile_band,2017-02-24 10:00:00,2017-02-24 15:00:00,2017-02-24 12:00:00,6,8.329,0.488,1605.1,5.96,47.8,"rolling 8 weeks, same day_type x tod_slot",,false_positive,
EV-00409,A_consumption,M2_cooling,Peacock_office_Julian,cooling_kw,high_consumption,warning,profile_band,2017-03-01 13:00:00,2017-03-01 17:00:00,2017-03-01 15:00:00,5,12.856,0.304,4128.75,5.98,62.8,"rolling 8 weeks, same day_type x tod_slot",,false_positive,
EV-00410,DQ_quality,M2_cooling,Peacock_office_Julian,cooling_kw,data_loss,warning,dq_gap>=3h,2017-03-04 10:00:00,2017-03-04 12:00:00,2017-03-04 12:00:00,3,,,,,,,,natural,
EV-00411,A_consumption,M2_cooling,Peacock_office_Julian,cooling_kw,spike,warning,profile_band,2017-03-12 03:00:00,2017-03-12 03:00:00,2017-03-12 03:00:00,1,2110.11,0.003,84404302.25,1697.78,2110.1,"rolling 8 weeks, same day_type x tod_slot",,false_positive,
EV-00412,A_consumption,M2_cooling,Peacock_office_Julian,cooling_kw,spike,warning,profile_band,2017-03-17 11:00:00,2017-03-17 11:00:00,2017-03-17 11:00:00,1,12.324,0.096,12730.92,5.32,12.2,"rolling 8 weeks, same day_type x tod_slot",,false_positive,
EV-00413,A_consumption,M2_cooling,Peacock_office_Julian,cooling_kw,high_consumption,warning,profile_band,2017-03-17 17:00:00,2017-03-17 19:00:00,2017-03-17 19:00:00,3,7.999,0.073,10857.17,4.28,23.8,"rolling 8 weeks, same day_type x tod_slot",,false_positive,
EV-00414,A_consumption,M2_cooling,Peacock_office_Julian,cooling_kw,spike,warning,profile_band,2017-03-28 07:00:00,2017-03-28 08:00:00,2017-03-28 07:00:00,2,143.774,2.291,6175.93,43.76,283.0,"rolling 8 weeks, same day_type x tod_slot",,true_positive,SYN-M2-04-01
EV-00415,A_consumption,M2_cooling,Peacock_office_Julian,cooling_kw,off_hours_run,warning,profile_band,2017-03-31 22:00:00,2017-04-01 00:00:00,2017-04-01 00:00:00,3,4.206,0.014,30939.11,5.28,12.6,"rolling 8 weeks, same day_type x tod_slot",,false_positive,
EV-00416,A_consumption,M2_cooling,Peacock_office_Julian,cooling_kw,off_hours_run,warning,profile_band,2017-04-01 21:00:00,2017-04-02 00:00:00,2017-04-01 23:00:00,4,4.985,0.008,64845.93,7.12,19.9,"rolling 8 weeks, same day_type x tod_slot",,false_positive,
EV-00417,A_consumption,M2_cooling,Peacock_office_Julian,cooling_kw,off_hours_run,warning,profile_band,2017-04-02 09:00:00,2017-04-02 12:00:00,2017-04-02 11:00:00,4,4.226,0.005,80005.21,4.84,16.9,"rolling 8 weeks, same day_type x tod_slot",,false_positive,
EV-00418,A_consumption,M2_cooling,Peacock_office_Julian,cooling_kw,spike,warning,profile_band,2017-04-02 16:00:00,2017-04-02 16:00:00,2017-04-02 16:00:00,1,9.915,0.006,163777.69,7.97,9.9,"rolling 8 weeks, same day_type x tod_slot",,false_positive,
EV-00419,A_consumption,M2_cooling,Peacock_office_Julian,cooling_kw,spike,warning,profile_band,2017-04-03 10:00:00,2017-04-03 11:00:00,2017-04-03 11:00:00,2,13.513,0.118,11305.87,5.11,26.8,"rolling 8 weeks, same day_type x tod_slot",,false_positive,
EV-00420,A_consumption,M2_cooling,Peacock_office_Julian,cooling_kw,off_hours_run,warning,profile_band,2017-04-03 19:00:00,2017-04-04 00:00:00,2017-04-03 21:00:00,6,12.963,0.265,4795.11,23.56,76.2,"rolling 8 weeks, same day_type x tod_slot",,false_positive,
EV-00421,A_consumption,M2_cooling,Peacock_office_Julian,cooling_kw,high_consumption,warning,profile_band,2017-04-04 08:00:00,2017-04-04 13:00:00,2017-04-04 10:00:00,6,16.024,1.338,1097.49,14.38,90.8,"rolling 8 weeks, same day_type x tod_slot",,false_positive,
EV-00422,A_consumption,M2_cooling,Peacock_office_Julian,cooling_kw,spike,warning,profile_band,2017-04-05 08:00:00,2017-04-05 09:00:00,2017-04-05 09:00:00,2,24.088,1.033,2232.74,6.75,46.1,"rolling 8 weeks, same day_type x tod_slot",,false_positive,
EV-00423,A_consumption,M2_cooling,Peacock_office_Julian,cooling_kw,high_consumption,warning,profile_band,2017-04-05 13:00:00,2017-04-05 17:00:00,2017-04-05 15:00:00,5,17.334,3.297,425.77,4.18,70.2,"rolling 8 weeks, same day_type x tod_slot",,false_positive,
EV-00424,A_consumption,M2_cooling,Peacock_office_Julian,cooling_kw,off_hours_run,warning,profile_band,2017-04-06 07:00:00,2017-04-06 09:00:00,2017-04-06 09:00:00,3,20.412,0.004,544210.22,26.66,61.2,"rolling 8 weeks, same day_type x tod_slot",,false_positive,
EV-00425,A_consumption,M2_cooling,Peacock_office_Julian,cooling_kw,off_hours_run,warning,profile_band,2017-04-06 12:00:00,2017-04-06 20:00:00,2017-04-06 14:00:00,9,12.524,0.007,184990.48,16.41,112.7,"rolling 8 weeks, same day_type x tod_slot",,false_positive,
EV-00426,A_consumption,M2_cooling,Peacock_office_Julian,cooling_kw,high_consumption,warning,profile_band,2017-04-07 10:00:00,2017-04-07 20:00:00,2017-04-07 12:00:00,11,26.353,2.387,1004.11,14.19,263.6,"rolling 8 weeks, same day_type x tod_slot",,false_positive,
EV-00427,A_consumption,M2_cooling,Peacock_office_Julian,cooling_kw,off_hours_run,warning,profile_band,2017-04-08 18:00:00,2017-04-08 21:00:00,2017-04-08 20:00:00,4,14.498,0.009,168974.64,19.62,58.0,"rolling 8 weeks, same day_type x tod_slot",,false_positive,
EV-00428,A_consumption,M2_cooling,Peacock_office_Julian,cooling_kw,high_consumption,warning,profile_band,2017-04-10 07:00:00,2017-04-10 18:00:00,2017-04-10 09:00:00,12,41.341,2.843,1353.91,17.2,462.0,"rolling 8 weeks, same day_type x tod_slot",,false_positive,
EV-00429,A_consumption,M2_cooling,Peacock_office_Julian,cooling_kw,high_consumption,warning,profile_band,2017-04-11 07:00:00,2017-04-11 20:00:00,2017-04-11 09:00:00,14,52.362,2.76,1797.12,17.06,694.4,"rolling 8 weeks, same day_type x tod_slot",,false_positive,
EV-00430,A_consumption,M2_cooling,Peacock_office_Julian,cooling_kw,high_consumption,warning,profile_band,2017-04-12 07:00:00,2017-04-12 18:00:00,2017-04-12 09:00:00,12,61.646,3.192,1831.05,18.31,701.4,"rolling 8 weeks, same day_type x tod_slot",,false_positive,
EV-00431,A_consumption,M2_cooling,Peacock_office_Julian,cooling_kw,high_consumption,warning,profile_band,2017-04-13 07:00:00,2017-04-13 21:00:00,2017-04-13 09:00:00,15,41.003,2.961,1284.58,14.63,570.6,"rolling 8 weeks, same day_type x tod_slot",,false_positive,
EV-00432,A_consumption,M2_cooling,Peacock_office_Julian,cooling_kw,high_consumption,warning,profile_band,2017-04-14 07:00:00,2017-04-14 18:00:00,2017-04-14 09:00:00,12,37.568,3.71,912.7,9.18,406.3,"rolling 8 weeks, same day_type x tod_slot",,false_positive,
EV-00433,DQ_quality,M2_cooling,Peacock_office_Julian,cooling_kw,data_loss,warning,dq_gap>=3h,2017-04-16 17:00:00,2017-04-17 18:00:00,2017-04-16 19:00:00,26,,,,,,,,true_positive,SYN-M2-04-02
EV-00434,A_consumption,M2_cooling,Peacock_office_Julian,cooling_kw,high_consumption,warning,profile_band,2017-04-18 07:00:00,2017-04-18 17:00:00,2017-04-18 09:00:00,11,56.04,4.244,1220.54,13.07,569.8,"rolling 8 weeks, same day_type x tod_slot",,true_positive,SYN-M2-04-02
EV-00435,A_consumption,M2_cooling,Peacock_office_Julian,cooling_kw,high_consumption,warning,profile_band,2017-04-19 07:00:00,2017-04-19 16:00:00,2017-04-19 09:00:00,10,40.86,4.633,782.02,6.55,362.3,"rolling 8 weeks, same day_type x tod_slot",,false_positive,
EV-00436,A_consumption,M2_cooling,Peacock_office_Julian,cooling_kw,high_consumption,warning,profile_band,2017-04-20 07:00:00,2017-04-20 17:00:00,2017-04-20 09:00:00,11,53.273,4.77,1016.74,9.49,533.5,"rolling 8 weeks, same day_type x tod_slot",,false_positive,
EV-00437,A_consumption,M2_cooling,Peacock_office_Julian,cooling_kw,high_consumption,warning,profile_band,2017-04-21 07:00:00,2017-04-21 13:00:00,2017-04-21 09:00:00,7,43.162,4.775,803.84,5.04,268.7,"rolling 8 weeks, same day_type x tod_slot",,false_positive,
EV-00438,A_consumption,M2_cooling,Peacock_office_Julian,cooling_kw,off_hours_run,warning,profile_band,2017-04-22 20:00:00,2017-04-23 00:00:00,2017-04-22 22:00:00,5,37.206,0.018,212264.27,41.11,185.9,"rolling 8 weeks, same day_type x tod_slot",,false_positive,
EV-00439,A_consumption,M2_cooling,Peacock_office_Julian,cooling_kw,high_consumption,warning,profile_band,2017-04-27 14:00:00,2017-04-27 21:00:00,2017-04-27 16:00:00,8,44.185,4.752,829.75,17.54,315.5,"rolling 8 weeks, same day_type x tod_slot",,false_positive,
EV-00440,A_consumption,M2_cooling,Peacock_office_Julian,cooling_kw,off_hours_run,warning,profile_band,2017-04-28 15:00:00,2017-04-29 00:00:00,2017-04-28 17:00:00,10,48.375,3.279,1375.39,35.74,451.0,"rolling 8 weeks, same day_type x tod_slot",,false_positive,
EV-00441,A_consumption,M2_cooling,Peacock_office_Julian,cooling_kw,off_hours_run,warning,profile_band,2017-04-29 07:00:00,2017-04-29 21:00:00,2017-04-29 09:00:00,15,94.13,0.017,551228.03,102.49,1411.7,"rolling 8 weeks, same day_type x tod_slot",,false_positive,
EV-00442,A_consumption,M2_cooling,Peacock_office_Julian,cooling_kw,off_hours_run,warning,profile_band,2017-05-01 07:00:00,2017-05-01 22:00:00,2017-05-01 09:00:00,16,82.755,0.026,322532.19,94.23,1323.7,"rolling 8 weeks, same day_type x tod_slot",,false_positive,
EV-00443,A_consumption,M2_cooling,Peacock_office_Julian,cooling_kw,off_hours_run,warning,profile_band,2017-05-02 19:00:00,2017-05-02 23:00:00,2017-05-02 21:00:00,5,27.771,1.317,2009.43,29.42,132.3,"rolling 8 weeks, same day_type x tod_slot",,false_positive,
EV-00444,A_consumption,M2_cooling,Peacock_office_Julian,cooling_kw,off_hours_run,warning,profile_band,2017-05-09 21:00:00,2017-05-10 03:00:00,2017-05-09 23:00:00,7,15.592,0.02,76493.87,12.96,109.0,"rolling 8 weeks, same day_type x tod_slot",,true_positive,SYN-M2-04-03
EV-00445,A_consumption,M2_cooling,Peacock_office_Julian,cooling_kw,off_hours_run,warning,profile_band,2017-05-17 18:00:00,2017-05-17 21:00:00,2017-05-17 20:00:00,4,24.899,4.82,416.56,5.08,80.3,"rolling 8 weeks, same day_type x tod_slot",,false_positive,
EV-00446,A_consumption,M2_cooling,Peacock_office_Julian,cooling_kw,high_consumption,warning,profile_band,2017-05-18 07:00:00,2017-05-18 21:00:00,2017-05-18 09:00:00,15,108.262,22.303,385.41,7.29,1289.4,"rolling 8 weeks, same day_type x tod_slot",,false_positive,
EV-00447,DQ_quality,M2_cooling,Peacock_office_Julian,cooling_kw,stuck_sensor,warning,dq_flatline>=4h,2017-05-19 05:00:00,2017-05-19 21:00:00,2017-05-19 08:00:00,17,0.007,,,,,,,true_positive,SYN-M2-04-04
EV-00448,A_consumption,M2_cooling,Peacock_office_Julian,cooling_kw,high_consumption,warning,profile_band,2017-06-12 07:00:00,2017-06-12 21:00:00,2017-06-12 09:00:00,15,148.836,27.755,436.26,10.73,1816.2,"rolling 8 weeks, same day_type x tod_slot",,false_positive,
EV-00449,A_consumption,M2_cooling,Peacock_office_Julian,cooling_kw,high_consumption,warning,profile_band,2017-06-13 07:00:00,2017-06-13 14:00:00,2017-06-13 09:00:00,8,194.586,35.92,441.72,9.9,1269.3,"rolling 8 weeks, same day_type x tod_slot",,false_positive,
EV-00450,A_consumption,M2_cooling,Peacock_office_Julian,cooling_kw,off_hours_run,warning,profile_band,2017-06-13 17:00:00,2017-06-13 21:00:00,2017-06-13 19:00:00,5,53.897,11.854,354.67,5.58,210.2,"rolling 8 weeks, same day_type x tod_slot",,false_positive,
EV-00451,A_consumption,M2_cooling,Peacock_office_Julian,cooling_kw,high_consumption,warning,profile_band,2017-06-14 07:00:00,2017-06-14 19:00:00,2017-06-14 09:00:00,13,146.726,32.279,354.56,9.7,1487.8,"rolling 8 weeks, same day_type x tod_slot",,false_positive,
EV-00452,A_consumption,M2_cooling,Peacock_office_Julian,cooling_kw,high_consumption,warning,profile_band,2017-06-15 07:00:00,2017-06-15 11:00:00,2017-06-15 09:00:00,5,114.336,35.381,223.16,5.11,394.8,"rolling 8 weeks, same day_type x tod_slot",,false_positive,
EV-00453,A_consumption,M2_cooling,Peacock_office_Julian,cooling_kw,high_consumption,warning,profile_band,2017-06-16 08:00:00,2017-06-16 10:00:00,2017-06-16 10:00:00,3,106.401,32.056,231.93,4.2,223.0,"rolling 8 weeks, same day_type x tod_slot",,false_positive,
EV-00454,A_consumption,M2_cooling,Peacock_office_Julian,cooling_kw,high_consumption,warning,profile_band,2017-06-19 07:00:00,2017-06-19 16:00:00,2017-06-19 09:00:00,10,212.479,37.852,461.34,10.04,1746.3,"rolling 8 weeks, same day_type x tod_slot",,false_positive,
EV-00455,A_consumption,M2_cooling,Peacock_office_Julian,cooling_kw,spike,warning,profile_band,2017-06-20 04:00:00,2017-06-20 04:00:00,2017-06-20 04:00:00,1,32.911,0.037,89454.01,26.45,32.9,"rolling 8 weeks, same day_type x tod_slot",,false_positive,
EV-00456,A_consumption,M2_cooling,Peacock_office_Julian,cooling_kw,high_consumption,warning,profile_band,2017-06-20 07:00:00,2017-06-20 12:00:00,2017-06-20 09:00:00,6,140.979,36.33,288.05,5.56,627.9,"rolling 8 weeks, same day_type x tod_slot",,false_positive,
EV-00457,A_consumption,M2_cooling,Peacock_office_Julian,cooling_kw,spike,warning,profile_band,2017-06-27 21:00:00,2017-06-27 21:00:00,2017-06-27 21:00:00,1,237.058,2.285,10272.7,58.5,234.8,"rolling 8 weeks, same day_type x tod_slot",,true_positive,SYN-M2-04-05
EV-00458,A_consumption,M2_cooling,Peacock_office_Julian,cooling_kw,off_hours_run,warning,profile_band,2017-07-03 21:00:00,2017-07-04 05:00:00,2017-07-03 23:00:00,9,21.542,0.385,5490.64,17.64,190.4,"rolling 8 weeks, same day_type x tod_slot",,true_positive,SYN-M2-04-06
EV-00459,A_consumption,M2_cooling,Peacock_office_Julian,cooling_kw,off_hours_run,warning,profile_band,2017-07-29 11:00:00,2017-07-29 18:00:00,2017-07-29 13:00:00,8,31.89,0.074,42712.62,51.1,254.5,"rolling 8 weeks, same day_type x tod_slot",,false_positive,
EV-00460,A_consumption,M2_cooling,Peacock_office_Julian,cooling_kw,off_hours_run,warning,profile_band,2017-07-30 08:00:00,2017-07-30 20:00:00,2017-07-30 10:00:00,13,24.348,0.079,30777.09,30.11,315.5,"rolling 8 weeks, same day_type x tod_slot",,false_positive,
EV-00461,DQ_quality,M2_cooling,Peacock_office_Julian,cooling_kw,stuck_sensor,warning,dq_flatline>=4h,2017-08-01 08:00:00,2017-08-01 11:00:00,2017-08-01 11:00:00,4,129.755,,,,,,,natural,
EV-00462,A_consumption,M2_cooling,Peacock_office_Julian,cooling_kw,spike,warning,profile_band,2017-08-01 21:00:00,2017-08-01 21:00:00,2017-08-01 21:00:00,1,22.345,5.88,280.0,6.26,16.5,"rolling 8 weeks, same day_type x tod_slot",,natural,
EV-00463,A_consumption,M2_cooling,Peacock_office_Julian,cooling_kw,off_hours_run,warning,profile_band,2017-08-02 01:00:00,2017-08-02 05:00:00,2017-08-02 03:00:00,5,3.811,0.084,4453.05,4.54,18.7,"rolling 8 weeks, same day_type x tod_slot",,natural,
EV-00464,A_consumption,M2_cooling,Peacock_office_Julian,cooling_kw,spike,warning,profile_band,2017-08-04 21:00:00,2017-08-04 21:00:00,2017-08-04 21:00:00,1,17.689,6.721,163.2,5.43,11.0,"rolling 8 weeks, same day_type x tod_slot",,false_positive,
EV-00465,A_consumption,M2_cooling,Peacock_office_Julian,cooling_kw,off_hours_run,warning,profile_band,2017-08-05 06:00:00,2017-08-05 18:00:00,2017-08-05 08:00:00,13,29.199,0.083,34967.88,45.19,378.5,"rolling 8 weeks, same day_type x tod_slot",,false_positive,
EV-00466,A_consumption,M2_cooling,Peacock_office_Julian,cooling_kw,off_hours_run,warning,profile_band,2017-08-06 08:00:00,2017-08-06 18:00:00,2017-08-06 10:00:00,11,28.99,0.086,33630.35,32.23,317.9,"rolling 8 weeks, same day_type x tod_slot",,false_positive,
EV-00467,A_consumption,M2_cooling,Peacock_office_Julian,cooling_kw,off_hours_run,warning,profile_band,2017-08-12 08:00:00,2017-08-12 18:00:00,2017-08-12 10:00:00,11,27.364,0.089,30753.19,35.56,300.0,"rolling 8 weeks, same day_type x tod_slot",,false_positive,
EV-00468,A_consumption,M2_cooling,Peacock_office_Julian,cooling_kw,off_hours_run,warning,profile_band,2017-08-13 08:00:00,2017-08-13 10:00:00,2017-08-13 10:00:00,3,45.46,0.102,44395.73,7.91,136.1,"rolling 8 weeks, same day_type x tod_slot",,false_positive,
EV-00469,A_consumption,M2_cooling,Peacock_office_Julian,cooling_kw,spike,warning,profile_band,2017-08-16 22:00:00,2017-08-16 22:00:00,2017-08-16 22:00:00,1,7.227,0.083,8627.9,5.75,7.1,"rolling 8 weeks, same day_type x tod_slot",,false_positive,
EV-00470,A_consumption,M2_cooling,Peacock_office_Julian,cooling_kw,spike,warning,profile_band,2017-08-18 23:00:00,2017-08-18 23:00:00,2017-08-18 23:00:00,1,6.417,0.089,7077.52,5.09,6.3,"rolling 8 weeks, same day_type x tod_slot",,false_positive,
EV-00471,A_consumption,M2_cooling,Peacock_office_Julian,cooling_kw,off_hours_run,warning,profile_band,2017-08-21 22:00:00,2017-08-22 00:00:00,2017-08-22 00:00:00,3,3.955,0.087,4467.28,4.74,11.6,"rolling 8 weeks, same day_type x tod_slot",,false_positive,
EV-00472,A_consumption,M2_cooling,Peacock_office_Julian,cooling_kw,spike,warning,profile_band,2017-08-22 06:00:00,2017-08-22 06:00:00,2017-08-22 06:00:00,1,7.351,0.101,7167.33,5.83,7.2,"rolling 8 weeks, same day_type x tod_slot",,false_positive,
EV-00473,A_consumption,M2_cooling,Peacock_office_Julian,cooling_kw,off_hours_run,warning,profile_band,2017-09-06 01:00:00,2017-09-06 03:00:00,2017-09-06 03:00:00,3,2.984,0.086,3374.16,3.65,8.8,"rolling 8 weeks, same day_type x tod_slot",,false_positive,
EV-00474,A_consumption,M2_cooling,Peacock_office_Julian,cooling_kw,off_hours_run,warning,profile_band,2017-09-13 22:00:00,2017-09-14 04:00:00,2017-09-14 00:00:00,7,7.895,0.078,10066.85,8.03,54.7,"rolling 8 weeks, same day_type x tod_slot",,false_positive,
EV-00475,A_consumption,M2_cooling,Peacock_office_Julian,cooling_kw,spike,warning,profile_band,2017-09-15 03:00:00,2017-09-15 04:00:00,2017-09-15 03:00:00,2,6.432,0.093,6793.46,6.58,12.7,"rolling 8 weeks, same day_type x tod_slot",,false_positive,
EV-00476,A_consumption,M2_cooling,Peacock_office_Julian,cooling_kw,off_hours_run,warning,profile_band,2017-09-15 22:00:00,2017-09-16 07:00:00,2017-09-16 00:00:00,10,5.346,0.178,2906.99,6.91,51.7,"rolling 8 weeks, same day_type x tod_slot",,false_positive,
EV-00477,A_consumption,M2_cooling,Peacock_office_Julian,cooling_kw,off_hours_run,warning,profile_band,2017-09-16 18:00:00,2017-09-17 07:00:00,2017-09-16 20:00:00,14,8.462,0.556,1422.87,9.44,110.7,"rolling 8 weeks, same day_type x tod_slot",,false_positive,
EV-00478,A_consumption,M2_cooling,Peacock_office_Julian,cooling_kw,off_hours_run,warning,profile_band,2017-09-17 18:00:00,2017-09-18 06:00:00,2017-09-17 20:00:00,13,6.968,0.498,1299.24,8.49,84.1,"rolling 8 weeks, same day_type x tod_slot",,false_positive,
EV-00479,A_consumption,M2_cooling,Peacock_office_Julian,cooling_kw,off_hours_run,warning,profile_band,2017-09-18 22:00:00,2017-09-19 06:00:00,2017-09-19 00:00:00,9,5.164,0.083,6097.17,8.2,45.7,"rolling 8 weeks, same day_type x tod_slot",,false_positive,
EV-00480,A_consumption,M2_cooling,Peacock_office_Julian,cooling_kw,off_hours_run,warning,profile_band,2017-09-19 23:00:00,2017-09-20 06:00:00,2017-09-20 01:00:00,8,3.869,0.085,4457.3,5.99,30.4,"rolling 8 weeks, same day_type x tod_slot",,false_positive,
EV-00481,A_consumption,M2_cooling,Peacock_office_Julian,cooling_kw,off_hours_run,warning,profile_band,2017-09-20 22:00:00,2017-09-21 01:00:00,2017-09-21 00:00:00,4,4.983,0.076,6479.77,5.6,19.6,"rolling 8 weeks, same day_type x tod_slot",,false_positive,
EV-00482,A_consumption,M2_cooling,Peacock_office_Julian,cooling_kw,off_hours_run,warning,profile_band,2017-09-21 18:00:00,2017-09-22 00:00:00,2017-09-21 20:00:00,7,40.145,11.814,239.8,14.01,198.3,"rolling 8 weeks, same day_type x tod_slot",,false_positive,
EV-00483,A_consumption,M2_cooling,Peacock_office_Julian,cooling_kw,off_hours_run,warning,profile_band,2017-09-22 23:00:00,2017-09-23 01:00:00,2017-09-23 01:00:00,3,9.2,0.076,12039.52,11.25,27.4,"rolling 8 weeks, same day_type x tod_slot",,false_positive,
EV-00484,A_consumption,M2_cooling,Peacock_office_Julian,cooling_kw,spike,warning,profile_band,2017-09-24 22:00:00,2017-09-24 22:00:00,2017-09-24 22:00:00,1,7.266,0.079,9115.35,5.32,7.2,"rolling 8 weeks, same day_type x tod_slot",,false_positive,
EV-00485,A_consumption,M2_cooling,Peacock_office_Julian,cooling_kw,spike,warning,profile_band,2017-09-27 18:00:00,2017-09-27 18:00:00,2017-09-27 18:00:00,1,59.618,23.363,155.18,5.99,36.3,"rolling 8 weeks, same day_type x tod_slot",,false_positive,
EV-00486,A_consumption,M2_cooling,Peacock_office_Julian,cooling_kw,off_hours_run,warning,profile_band,2017-09-27 21:00:00,2017-09-27 23:00:00,2017-09-27 23:00:00,3,14.558,4.889,197.76,5.79,29.0,"rolling 8 weeks, same day_type x tod_slot",,false_positive,
EV-00487,A_consumption,M2_cooling,Peacock_office_Julian,cooling_kw,spike,warning,profile_band,2017-09-28 18:00:00,2017-09-28 18:00:00,2017-09-28 18:00:00,1,73.446,23.363,214.37,7.64,50.1,"rolling 8 weeks, same day_type x tod_slot",,false_positive,
EV-00488,A_consumption,M2_cooling,Peacock_office_Julian,cooling_kw,off_hours_run,warning,profile_band,2017-10-04 18:00:00,2017-10-04 20:00:00,2017-10-04 20:00:00,3,60.085,22.989,161.37,7.92,111.3,"rolling 8 weeks, same day_type x tod_slot",,false_positive,
EV-00489,A_consumption,M2_cooling,Peacock_office_Julian,cooling_kw,spike,warning,profile_band,2017-10-05 18:00:00,2017-10-05 19:00:00,2017-10-05 18:00:00,2,100.196,23.555,325.38,10.18,153.3,"rolling 8 weeks, same day_type x tod_slot",,false_positive,
EV-00490,A_consumption,M2_cooling,Peacock_office_Julian,cooling_kw,off_hours_run,warning,profile_band,2017-10-08 19:00:00,2017-10-09 01:00:00,2017-10-08 21:00:00,7,62.346,0.145,42897.06,98.06,435.4,"rolling 8 weeks, same day_type x tod_slot",,false_positive,
EV-00491,A_consumption,M2_cooling,Peacock_office_Julian,cooling_kw,off_hours_run,warning,profile_band,2017-10-09 23:00:00,2017-10-10 01:00:00,2017-10-10 01:00:00,3,7.036,0.154,4471.54,3.95,20.6,"rolling 8 weeks, same day_type x tod_slot",,false_positive,
EV-00492,A_consumption,M2_cooling,Peacock_office_Julian,cooling_kw,off_hours_run,warning,profile_band,2017-10-10 18:00:00,2017-10-10 20:00:00,2017-10-10 20:00:00,3,67.602,23.573,186.78,5.16,132.1,"rolling 8 weeks, same day_type x tod_slot",,false_positive,
EV-00493,A_consumption,M2_cooling,Peacock_office_Julian,cooling_kw,spike,warning,profile_band,2017-10-14 02:00:00,2017-10-14 02:00:00,2017-10-14 02:00:00,1,8.26,0.075,10868.92,6.59,8.2,"rolling 8 weeks, same day_type x tod_slot",,false_positive,
EV-00494,A_consumption,M2_cooling,Peacock_office_Julian,cooling_kw,spike,warning,profile_band,2017-10-14 06:00:00,2017-10-14 07:00:00,2017-10-14 06:00:00,2,23.17,0.626,3599.11,17.14,45.1,"rolling 8 weeks, same day_type x tod_slot",,false_positive,
EV-00495,A_consumption,M2_cooling,Peacock_office_Julian,cooling_kw,spike,warning,profile_band,2017-10-14 18:00:00,2017-10-14 19:00:00,2017-10-14 18:00:00,2,44.811,2.938,1425.22,35.56,83.7,"rolling 8 weeks, same day_type x tod_slot",,false_positive,
EV-00496,A_consumption,M2_cooling,Peacock_office_Julian,cooling_kw,spike,warning,profile_band,2017-10-15 00:00:00,2017-10-15 00:00:00,2017-10-15 00:00:00,1,10.694,0.079,13428.78,6.34,10.6,"rolling 8 weeks, same day_type x tod_slot",,false_positive,
EV-00497,A_consumption,M2_cooling,Peacock_office_Julian,cooling_kw,off_hours_run,warning,profile_band,2017-10-15 05:00:00,2017-10-15 07:00:00,2017-10-15 07:00:00,3,5.668,0.495,1045.58,7.68,16.2,"rolling 8 weeks, same day_type x tod_slot",,false_positive,
EV-00498,A_consumption,M2_cooling,Peacock_office_Julian,cooling_kw,off_hours_run,warning,profile_band,2017-10-22 19:00:00,2017-10-22 22:00:00,2017-10-22 21:00:00,4,39.212,0.23,16975.83,16.61,155.9,"rolling 8 weeks, same day_type x tod_slot",,false_positive,
EV-00499,A_consumption,M2_cooling,Peacock_office_Julian,cooling_kw,off_hours_run,warning,profile_band,2017-10-23 23:00:00,2017-10-24 01:00:00,2017-10-24 01:00:00,3,7.463,0.776,861.63,4.4,20.2,"rolling 8 weeks, same day_type x tod_slot",,false_positive,
EV-00500,A_consumption,M2_cooling,Peacock_office_Julian,cooling_kw,spike,warning,profile_band,2017-10-25 04:00:00,2017-10-25 04:00:00,2017-10-25 04:00:00,1,49.859,2.377,1997.74,13.48,47.5,"rolling 8 weeks, same day_type x tod_slot",,false_positive,
EV-00501,A_consumption,M2_cooling,Peacock_office_Julian,cooling_kw,off_hours_run,warning,profile_band,2017-11-05 19:00:00,2017-11-05 21:00:00,2017-11-05 21:00:00,3,14.957,1.284,1065.26,3.98,41.0,"rolling 8 weeks, same day_type x tod_slot",,false_positive,
EV-00502,A_consumption,M2_cooling,Peacock_office_Julian,cooling_kw,spike,warning,profile_band,2017-11-12 07:00:00,2017-11-12 07:00:00,2017-11-12 07:00:00,1,18.982,0.086,21857.32,15.2,18.9,"rolling 8 weeks, same day_type x tod_slot",,false_positive,
EV-00503,A_consumption,M2_cooling,Peacock_office_Julian,cooling_kw,spike,warning,profile_band,2017-11-18 07:00:00,2017-11-18 07:00:00,2017-11-18 07:00:00,1,14.785,0.086,17002.6,11.83,14.7,"rolling 8 weeks, same day_type x tod_slot",,false_positive,
EV-00504,A_consumption,M2_cooling,Peacock_office_Julian,cooling_kw,spike,warning,profile_band,2017-11-30 23:00:00,2017-11-30 23:00:00,2017-11-30 23:00:00,1,6.995,0.09,7654.43,5.55,6.9,"rolling 8 weeks, same day_type x tod_slot",,false_positive,
EV-00505,A_consumption,M2_cooling,Peacock_office_Julian,cooling_kw,spike,warning,profile_band,2017-12-02 07:00:00,2017-12-02 07:00:00,2017-12-02 07:00:00,1,24.523,0.078,31420.82,6.85,24.4,"rolling 8 weeks, same day_type x tod_slot",,false_positive,
EV-00506,A_consumption,M2_cooling,Peacock_office_Julian,cooling_kw,off_hours_run,warning,profile_band,2017-12-02 18:00:00,2017-12-03 00:00:00,2017-12-02 20:00:00,7,8.191,0.633,1193.66,6.73,52.9,"rolling 8 weeks, same day_type x tod_slot",,false_positive,
EV-00507,A_consumption,M2_cooling,Peacock_office_Julian,cooling_kw,spike,warning,profile_band,2017-12-03 03:00:00,2017-12-03 03:00:00,2017-12-03 03:00:00,1,6.693,0.064,10423.9,5.33,6.6,"rolling 8 weeks, same day_type x tod_slot",,false_positive,
EV-00508,A_consumption,M2_cooling,Peacock_office_Julian,cooling_kw,off_hours_run,warning,profile_band,2017-12-03 18:00:00,2017-12-03 20:00:00,2017-12-03 20:00:00,3,12.411,1.382,797.9,4.35,33.1,"rolling 8 weeks, same day_type x tod_slot",,false_positive,
EV-00509,A_consumption,M2_cooling,Peacock_office_Julian,cooling_kw,spike,warning,profile_band,2017-12-05 23:00:00,2017-12-06 00:00:00,2017-12-06 00:00:00,2,8.571,0.073,11640.48,10.51,17.0,"rolling 8 weeks, same day_type x tod_slot",,false_positive,
EV-00510,DQ_quality,M2_cooling,Peacock_office_Julian,cooling_kw,data_loss,warning,dq_gap>=3h,2017-12-12 02:00:00,2017-12-12 06:00:00,2017-12-12 04:00:00,5,,,,,,,,natural,
EV-00511,DQ_quality,M2_cooling,Peacock_office_Julian,cooling_kw,data_loss,warning,dq_gap>=3h,2017-12-13 02:00:00,2017-12-13 06:00:00,2017-12-13 04:00:00,5,,,,,,,,natural,
EV-00512,A_consumption,M2_cooling,Peacock_office_Julian,cooling_kw,spike,warning,profile_band,2017-12-14 22:00:00,2017-12-14 22:00:00,2017-12-14 22:00:00,1,10.303,0.061,16817.41,8.24,10.2,"rolling 8 weeks, same day_type x tod_slot",,false_positive,
EV-00513,DQ_quality,M2_cooling,Peacock_office_Julian,cooling_kw,data_loss,warning,dq_gap>=3h,2017-12-19 03:00:00,2017-12-19 06:00:00,2017-12-19 05:00:00,4,,,,,,,,natural,
EV-00514,A_consumption,M2_cooling,Peacock_office_Julian,cooling_kw,spike,warning,profile_band,2017-12-20 22:00:00,2017-12-20 22:00:00,2017-12-20 22:00:00,1,7.657,0.061,12473.07,6.11,7.6,"rolling 8 weeks, same day_type x tod_slot",,false_positive,
EV-00515,A_consumption,M2_cooling,Peacock_office_Julian,cooling_kw,spike,warning,profile_band,2017-12-30 18:00:00,2017-12-30 18:00:00,2017-12-30 18:00:00,1,35.865,1.153,3011.52,6.89,34.7,"rolling 8 weeks, same day_type x tod_slot",,false_positive,
EV-00516,A_consumption,M1_power,Rat_office_Loyd,power_active_kw,off_hours_run,warning,profile_band,2017-01-27 08:00:00,2017-01-27 20:00:00,2017-01-27 10:00:00,13,70.926,42.533,66.76,10.58,369.1,"rolling 8 weeks, same day_type x tod_slot",,false_positive,
EV-00517,A_consumption,M1_power,Rat_office_Loyd,power_active_kw,off_hours_run,warning,profile_band,2017-01-30 09:00:00,2017-01-30 19:00:00,2017-01-30 11:00:00,11,78.265,42.547,83.95,8.98,392.9,"rolling 8 weeks, same day_type x tod_slot",,false_positive,
EV-00518,A_consumption,M1_power,Rat_office_Loyd,power_active_kw,off_hours_run,warning,profile_band,2017-01-30 23:00:00,2017-01-31 03:00:00,2017-01-31 01:00:00,5,47.178,39.502,19.43,4.41,38.4,"rolling 8 weeks, same day_type x tod_slot",,false_positive,
EV-00519,A_consumption,M1_power,Rat_office_Loyd,power_active_kw,off_hours_run,warning,profile_band,2017-01-31 09:00:00,2017-01-31 17:00:00,2017-01-31 11:00:00,9,79.121,42.807,84.83,6.37,326.8,"rolling 8 weeks, same day_type x tod_slot",,false_positive,
EV-00520,A_consumption,M1_power,Rat_office_Loyd,power_active_kw,baseload_rise,warning,cusum_night_residual,2017-03-14 00:00:00,2017-03-18 23:00:00,2017-03-18 04:00:00,120,51.008,39.138,30.33,,,"rolling 8 weeks, same day_type x tod_slot",,false_positive,
EV-00521,A_consumption,M1_power,Rat_office_Loyd,power_active_kw,high_consumption,warning,profile_band,2017-03-16 07:00:00,2017-03-16 09:00:00,2017-03-16 09:00:00,3,81.073,55.393,46.36,5.85,77.0,"rolling 8 weeks, same day_type x tod_slot",,false_positive,
EV-00522,A_consumption,M1_power,Rat_office_Loyd,power_active_kw,off_hours_run,warning,profile_band,2017-03-18 01:00:00,2017-03-18 07:00:00,2017-03-18 03:00:00,7,49.659,41.174,20.61,3.78,59.4,"rolling 8 weeks, same day_type x tod_slot",,false_positive,
EV-00523,A_consumption,M1_power,Rat_office_Loyd,power_active_kw,high_consumption,warning,profile_band,2017-03-20 07:00:00,2017-03-20 10:00:00,2017-03-20 09:00:00,4,85.997,60.611,41.88,5.38,101.5,"rolling 8 weeks, same day_type x tod_slot",,false_positive,
EV-00524,A_consumption,M1_power,Rat_office_Loyd,power_active_kw,spike,warning,profile_band,2017-03-20 22:00:00,2017-03-20 23:00:00,2017-03-20 22:00:00,2,223.899,46.307,383.51,30.99,355.2,"rolling 8 weeks, same day_type x tod_slot",,true_positive,SYN-M1-05-01
EV-00525,A_consumption,M1_power,Rat_office_Loyd,power_active_kw,off_hours_run,warning,profile_band,2017-04-06 00:00:00,2017-04-06 03:00:00,2017-04-06 02:00:00,4,56.253,38.672,45.46,5.62,70.3,"rolling 8 weeks, same day_type x tod_slot",,true_positive,SYN-M1-05-02
EV-00526,A_consumption,M1_power,Rat_office_Loyd,power_active_kw,off_hours_run,warning,profile_band,2017-04-06 11:00:00,2017-04-06 15:00:00,2017-04-06 13:00:00,5,58.846,40.719,44.52,4.21,90.6,"rolling 8 weeks, same day_type x tod_slot",,true_positive,SYN-M1-05-02
EV-00527,A_consumption,M1_power,Rat_office_Loyd,power_active_kw,off_hours_run,warning,profile_band,2017-04-29 21:00:00,2017-04-30 03:00:00,2017-04-29 23:00:00,7,56.504,39.251,43.96,4.48,120.8,"rolling 8 weeks, same day_type x tod_slot",,false_positive,
EV-00528,A_consumption,M1_power,Rat_office_Loyd,power_active_kw,off_hours_run,warning,profile_band,2017-05-01 07:00:00,2017-05-01 18:00:00,2017-05-01 09:00:00,12,78.958,37.928,108.18,10.24,492.4,"rolling 8 weeks, same day_type x tod_slot",,false_positive,
EV-00529,A_consumption,M1_power,Rat_office_Loyd,power_active_kw,off_hours_run,warning,profile_band,2017-05-13 04:00:00,2017-05-13 20:00:00,2017-05-13 06:00:00,17,53.004,37.642,40.81,4.33,261.1,"rolling 8 weeks, same day_type x tod_slot",,true_positive,SYN-M1-05-03
EV-00530,A_consumption,M1_power,Rat_office_Loyd,power_active_kw,off_hours_run,warning,profile_band,2017-05-14 04:00:00,2017-05-14 10:00:00,2017-05-14 06:00:00,7,53.605,38.149,40.52,3.99,108.2,"rolling 8 weeks, same day_type x tod_slot",,true_positive,SYN-M1-05-03
EV-00531,DQ_quality,M1_power,Rat_office_Loyd,power_active_kw,data_loss,warning,dq_gap>=3h,2017-05-19 21:00:00,2017-05-20 11:00:00,2017-05-19 23:00:00,15,,,,,,,,true_positive,SYN-M1-05-04
EV-00532,A_consumption,M1_power,Rat_office_Loyd,power_active_kw,high_consumption,warning,profile_band,2017-06-13 06:00:00,2017-06-13 16:00:00,2017-06-13 08:00:00,11,96.986,74.515,30.16,4.77,247.2,"rolling 8 weeks, same day_type x tod_slot",,false_positive,
EV-00533,A_consumption,M1_power,Rat_office_Loyd,power_active_kw,high_consumption,warning,profile_band,2017-06-14 06:00:00,2017-06-14 08:00:00,2017-06-14 08:00:00,3,74.883,56.21,33.22,4.33,56.0,"rolling 8 weeks, same day_type x tod_slot",,false_positive,
EV-00534,DQ_quality,M1_power,Rat_office_Loyd,power_active_kw,stuck_sensor,warning,dq_flatline>=4h,2017-06-18 02:00:00,2017-06-18 18:00:00,2017-06-18 05:00:00,17,42.68,,,,,,,true_positive,SYN-M1-05-05
EV-00535,DQ_quality,M1_power,Rat_office_Loyd,power_active_kw,data_loss,warning,dq_gap>=3h,2017-06-27 00:00:00,2017-06-27 23:00:00,2017-06-27 02:00:00,24,,,,,,,,natural,
EV-00536,A_consumption,M1_power,Rat_office_Loyd,power_active_kw,spike,warning,profile_band,2017-07-04 11:00:00,2017-07-04 11:00:00,2017-07-04 11:00:00,1,223.74,87.4,156.0,24.65,136.3,"rolling 8 weeks, same day_type x tod_slot",,true_positive,SYN-M1-05-06
EV-00537,A_consumption,M1_power,Rat_office_Loyd,power_active_kw,high_consumption,warning,profile_band,2017-07-13 07:00:00,2017-07-13 09:00:00,2017-07-13 09:00:00,3,86.82,71.173,21.98,3.31,46.9,"rolling 8 weeks, same day_type x tod_slot",,false_positive,
EV-00538,A_consumption,M1_power,Rat_office_Loyd,power_active_kw,off_hours_run,warning,profile_band,2017-07-17 00:00:00,2017-07-17 05:00:00,2017-07-17 02:00:00,6,45.328,30.47,48.76,4.88,89.1,"rolling 8 weeks, same day_type x tod_slot",,false_positive,
EV-00539,A_consumption,M1_power,Rat_office_Loyd,power_active_kw,off_hours_run,warning,profile_band,2017-07-22 09:00:00,2017-07-22 14:00:00,2017-07-22 11:00:00,6,57.327,39.018,46.93,10.11,109.9,"rolling 8 weeks, same day_type x tod_slot",,false_positive,
EV-00540,A_consumption,M1_power,Rat_office_Loyd,power_active_kw,baseload_rise,warning,cusum_night_residual,2017-07-23 00:00:00,2017-08-27 23:00:00,2017-07-27 04:00:00,864,48.379,35.58,35.97,,,"rolling 8 weeks, same day_type x tod_slot",,true_positive,SYN-M1-05-08
EV-00541,A_consumption,M1_power,Rat_office_Loyd,power_active_kw,off_hours_run,warning,profile_band,2017-07-24 03:00:00,2017-07-24 09:00:00,2017-07-24 05:00:00,7,67.7,51.367,31.8,4.98,114.3,"rolling 8 weeks, same day_type x tod_slot",,false_positive,
EV-00542,A_consumption,M1_power,Rat_office_Loyd,power_active_kw,off_hours_run,warning,profile_band,2017-07-24 16:00:00,2017-07-25 03:00:00,2017-07-24 18:00:00,12,67.733,40.259,68.24,10.0,329.7,"rolling 8 weeks, same day_type x tod_slot",,false_positive,
EV-00543,A_consumption,M1_power,Rat_office_Loyd,power_active_kw,high_consumption,warning,profile_band,2017-07-25 17:00:00,2017-07-25 19:00:00,2017-07-25 19:00:00,3,74.583,50.667,47.2,5.56,71.8,"rolling 8 weeks, same day_type x tod_slot",,false_positive,
EV-00544,A_consumption,M1_power,Rat_office_Loyd,power_active_kw,high_consumption,warning,profile_band,2017-07-26 17:00:00,2017-07-26 19:00:00,2017-07-26 19:00:00,3,77.05,50.7,51.97,5.87,79.1,"rolling 8 weeks, same day_type x tod_slot",,false_positive,
EV-00545,A_consumption,M1_power,Rat_office_Loyd,power_active_kw,off_hours_run,warning,profile_band,2017-07-26 22:00:00,2017-07-27 01:00:00,2017-07-27 00:00:00,4,46.155,31.463,46.7,5.58,58.8,"rolling 8 weeks, same day_type x tod_slot",,false_positive,
EV-00546,A_consumption,M1_power,Rat_office_Loyd,power_active_kw,off_hours_run,warning,profile_band,2017-07-27 16:00:00,2017-07-28 03:00:00,2017-07-27 18:00:00,12,67.02,41.479,61.58,8.44,306.5,"rolling 8 weeks, same day_type x tod_slot",,false_positive,
EV-00547,A_consumption,M1_power,Rat_office_Loyd,power_active_kw,off_hours_run,warning,profile_band,2017-07-29 04:00:00,2017-07-29 18:00:00,2017-07-29 06:00:00,15,47.775,38.838,23.01,5.21,134.0,"rolling 8 weeks, same day_type x tod_slot",,false_positive,
EV-00548,A_consumption,M1_power,Rat_office_Loyd,power_active_kw,off_hours_run,warning,profile_band,2017-07-30 12:00:00,2017-07-30 20:00:00,2017-07-30 14:00:00,9,52.02,41.727,24.67,5.33,92.6,"rolling 8 weeks, same day_type x tod_slot",,false_positive,
EV-00549,A_consumption,M1_power,Rat_office_Loyd,power_active_kw,high_consumption,warning,profile_band,2017-07-31 17:00:00,2017-07-31 19:00:00,2017-07-31 19:00:00,3,74.557,51.703,44.2,4.16,68.6,"rolling 8 weeks, same day_type x tod_slot",,false_positive,
EV-00550,A_consumption,M1_power,Rat_office_Loyd,power_active_kw,off_hours_run,warning,profile_band,2017-08-05 04:00:00,2017-08-05 07:00:00,2017-08-05 06:00:00,4,50.493,35.239,43.29,5.96,61.0,"rolling 8 weeks, same day_type x tod_slot",,false_positive,
EV-00551,A_consumption,M1_power,Rat_office_Loyd,power_active_kw,off_hours_run,warning,profile_band,2017-08-05 16:00:00,2017-08-05 20:00:00,2017-08-05 18:00:00,5,52.796,41.85,26.16,5.79,54.7,"rolling 8 weeks, same day_type x tod_slot",,false_positive,
EV-00552,A_consumption,M1_power,Rat_office_Loyd,power_active_kw,off_hours_run,warning,profile_band,2017-08-06 17:00:00,2017-08-06 21:00:00,2017-08-06 19:00:00,5,61.546,43.345,41.99,11.12,91.0,"rolling 8 weeks, same day_type x tod_slot",,true_positive,SYN-M1-05-07
EV-00553,A_consumption,M1_power,Rat_office_Loyd,power_active_kw,off_hours_run,warning,profile_band,2017-08-07 00:00:00,2017-08-07 05:00:00,2017-08-07 02:00:00,6,73.143,33.763,116.64,6.01,236.3,"rolling 8 weeks, same day_type x tod_slot",,true_positive,SYN-M1-05-07
EV-00554,A_consumption,M1_power,Rat_office_Loyd,power_active_kw,off_hours_run,warning,profile_band,2017-08-12 16:00:00,2017-08-12 20:00:00,2017-08-12 18:00:00,5,57.054,42.878,33.06,5.32,70.9,"rolling 8 weeks, same day_type x tod_slot",,false_positive,
EV-00555,A_consumption,M1_power,Rat_office_Loyd,power_active_kw,high_consumption,warning,profile_band,2017-08-23 06:00:00,2017-08-23 13:00:00,2017-08-23 08:00:00,8,107.392,81.504,31.76,4.39,207.1,"rolling 8 weeks, same day_type x tod_slot",,true_positive,SYN-M1-05-08
EV-00556,A_consumption,M1_power,Rat_office_Loyd,power_active_kw,high_consumption,warning,profile_band,2017-08-24 09:00:00,2017-08-24 12:00:00,2017-08-24 11:00:00,4,120.113,92.494,29.86,4.52,110.5,"rolling 8 weeks, same day_type x tod_slot",,true_positive,SYN-M1-05-08
EV-00557,A_consumption,M1_power,Rat_office_Loyd,power_active_kw,off_hours_run,warning,profile_band,2017-08-26 00:00:00,2017-08-26 03:00:00,2017-08-26 02:00:00,4,62.743,41.595,50.84,3.43,84.6,"rolling 8 weeks, same day_type x tod_slot",,true_positive,SYN-M1-05-08
EV-00558,A_consumption,M1_power,Rat_office_Loyd,power_active_kw,off_hours_run,warning,profile_band,2017-08-26 07:00:00,2017-08-26 18:00:00,2017-08-26 09:00:00,12,74.529,46.721,59.52,5.14,333.7,"rolling 8 weeks, same day_type x tod_slot",,true_positive,SYN-M1-05-08
EV-00559,A_consumption,M1_power,Rat_office_Loyd,power_active_kw,spike,warning,profile_band,2017-08-26 21:00:00,2017-08-26 21:00:00,2017-08-26 21:00:00,1,70.43,47.725,47.58,6.14,22.7,"rolling 8 weeks, same day_type x tod_slot",,true_positive,SYN-M1-05-08
EV-00560,A_consumption,M1_power,Rat_office_Loyd,power_active_kw,off_hours_run,warning,profile_band,2017-09-16 09:00:00,2017-09-16 11:00:00,2017-09-16 11:00:00,3,59.837,47.662,25.54,3.71,36.5,"rolling 8 weeks, same day_type x tod_slot",,false_positive,
EV-00561,A_consumption,M1_power,Rat_office_Loyd,power_active_kw,baseload_rise,warning,cusum_night_residual,2017-12-12 00:00:00,2017-12-31 23:00:00,2017-12-17 04:00:00,480,42.79,34.286,24.8,,,"rolling 8 weeks, same day_type x tod_slot",,false_positive,
EV-00562,A_consumption,M1_power,Rat_office_Loyd,power_active_kw,off_hours_run,warning,profile_band,2017-12-15 04:00:00,2017-12-15 08:00:00,2017-12-15 06:00:00,5,53.98,41.103,31.33,3.9,64.4,"rolling 8 weeks, same day_type x tod_slot",,false_positive,
EV-00563,A_consumption,M1_power,Rat_office_Loyd,power_active_kw,off_hours_run,warning,profile_band,2017-12-26 23:00:00,2017-12-27 05:00:00,2017-12-27 01:00:00,7,49.01,35.423,38.36,3.59,95.1,"rolling 8 weeks, same day_type x tod_slot",,false_positive,
EV-00564,A_consumption,M1_power,Rat_office_Loyd,power_active_kw,off_hours_run,warning,profile_band,2017-12-29 22:00:00,2017-12-31 23:00:00,2017-12-30 00:00:00,50,53.127,39.701,33.82,6.65,671.3,"rolling 8 weeks, same day_type x tod_slot",,false_positive,
EV-00565,A_consumption,M1_power,Wolf_office_Nadia,power_active_kw,off_hours_run,warning,profile_band,2017-01-27 07:00:00,2017-01-27 18:00:00,2017-01-27 09:00:00,12,101.053,56.254,79.64,11.07,537.6,"rolling 8 weeks, same day_type x tod_slot",,false_positive,
EV-00566,A_consumption,M1_power,Wolf_office_Nadia,power_active_kw,off_hours_run,warning,profile_band,2017-01-30 07:00:00,2017-01-30 19:00:00,2017-01-30 09:00:00,13,102.129,57.119,78.8,10.16,585.1,"rolling 8 weeks, same day_type x tod_slot",,false_positive,
EV-00567,A_consumption,M1_power,Wolf_office_Nadia,power_active_kw,off_hours_run,warning,profile_band,2017-02-11 00:00:00,2017-02-11 02:00:00,2017-02-11 02:00:00,3,66.433,56.459,17.67,3.74,29.9,"rolling 8 weeks, same day_type x tod_slot",,false_positive,
EV-00568,A_consumption,M1_power,Wolf_office_Nadia,power_active_kw,spike,warning,profile_band,2017-03-17 10:00:00,2017-03-17 11:00:00,2017-03-17 10:00:00,2,212.094,109.164,94.29,13.84,205.9,"rolling 8 weeks, same day_type x tod_slot",,true_positive,SYN-M1-06-01
EV-00569,A_consumption,M1_power,Wolf_office_Nadia,power_active_kw,off_hours_run,warning,profile_band,2017-04-05 20:00:00,2017-04-06 04:00:00,2017-04-05 22:00:00,9,91.297,59.379,53.75,7.88,287.3,"rolling 8 weeks, same day_type x tod_slot",,true_positive,SYN-M1-06-02
EV-00570,A_consumption,M1_power,Wolf_office_Nadia,power_active_kw,baseload_rise,warning,cusum_night_residual,2017-04-06 00:00:00,2017-04-06 23:00:00,2017-04-06 04:00:00,24,91.374,57.784,58.13,,,"rolling 8 weeks, same day_type x tod_slot",,true_positive,SYN-M1-06-02
EV-00571,A_consumption,M1_power,Wolf_office_Nadia,power_active_kw,off_hours_run,warning,profile_band,2017-04-08 05:00:00,2017-04-08 15:00:00,2017-04-08 07:00:00,11,99.197,60.306,64.49,4.79,427.8,"rolling 8 weeks, same day_type x tod_slot",,false_positive,
EV-00572,A_consumption,M1_power,Wolf_office_Nadia,power_active_kw,off_hours_run,warning,profile_band,2017-05-01 07:00:00,2017-05-01 18:00:00,2017-05-01 09:00:00,12,109.882,59.488,84.71,16.61,604.7,"rolling 8 weeks, same day_type x tod_slot",,false_positive,
EV-00573,A_consumption,M1_power,Wolf_office_Nadia,power_active_kw,baseload_rise,warning,cusum_night_residual,2017-05-07 00:00:00,2017-05-13 23:00:00,2017-05-08 04:00:00,168,85.93,60.093,42.99,,,"rolling 8 weeks, same day_type x tod_slot",,true_positive,SYN-M1-06-03
EV-00574,A_consumption,M1_power,Wolf_office_Nadia,power_active_kw,off_hours_run,warning,profile_band,2017-05-07 03:00:00,2017-05-08 05:00:00,2017-05-07 05:00:00,27,107.266,60.32,77.83,10.41,1267.5,"rolling 8 weeks, same day_type x tod_slot",,true_positive,SYN-M1-06-03
EV-00575,A_consumption,M1_power,Wolf_office_Nadia,power_active_kw,off_hours_run,warning,profile_band,2017-05-08 20:00:00,2017-05-09 10:00:00,2017-05-08 22:00:00,15,104.561,71.001,47.27,8.34,503.4,"rolling 8 weeks, same day_type x tod_slot",,true_positive,SYN-M1-06-03
EV-00576,A_consumption,M1_power,Wolf_office_Nadia,power_active_kw,off_hours_run,warning,profile_band,2017-05-09 16:00:00,2017-05-10 08:00:00,2017-05-09 18:00:00,17,100.328,68.915,45.58,8.49,534.0,"rolling 8 weeks, same day_type x tod_slot",,true_positive,SYN-M1-06-03
EV-00577,A_consumption,M1_power,Wolf_office_Nadia,power_active_kw,off_hours_run,warning,profile_band,2017-05-10 18:00:00,2017-05-11 05:00:00,2017-05-10 20:00:00,12,88.596,62.254,42.32,6.43,316.1,"rolling 8 weeks, same day_type x tod_slot",,true_positive,SYN-M1-06-03
EV-00578,A_consumption,M1_power,Wolf_office_Nadia,power_active_kw,off_hours_run,warning,profile_band,2017-05-11 20:00:00,2017-05-12 05:00:00,2017-05-11 22:00:00,10,84.957,61.057,39.14,5.45,239.0,"rolling 8 weeks, same day_type x tod_slot",,true_positive,SYN-M1-06-03
EV-00579,A_consumption,M1_power,Wolf_office_Nadia,power_active_kw,off_hours_run,warning,profile_band,2017-05-12 16:00:00,2017-05-13 04:00:00,2017-05-12 18:00:00,13,94.918,66.296,43.17,5.4,372.1,"rolling 8 weeks, same day_type x tod_slot",,true_positive,SYN-M1-06-03
EV-00580,DQ_quality,M1_power,Wolf_office_Nadia,power_active_kw,data_loss,warning,dq_gap>=3h,2017-05-31 17:00:00,2017-06-01 05:00:00,2017-05-31 19:00:00,13,,,,,,,,true_positive,SYN-M1-06-04
EV-00581,A_consumption,M1_power,Wolf_office_Nadia,power_active_kw,off_hours_run,warning,profile_band,2017-06-03 07:00:00,2017-06-03 22:00:00,2017-06-03 09:00:00,16,97.64,59.468,64.19,17.15,610.7,"rolling 8 weeks, same day_type x tod_slot",,false_positive,
EV-00582,A_consumption,M1_power,Wolf_office_Nadia,power_active_kw,off_hours_run,warning,profile_band,2017-06-04 05:00:00,2017-06-04 18:00:00,2017-06-04 07:00:00,14,103.526,59.321,74.52,14.81,618.9,"rolling 8 weeks, same day_type x tod_slot",,false_positive,
EV-00583,DQ_quality,M1_power,Wolf_office_Nadia,power_active_kw,stuck_sensor,warning,dq_flatline>=4h,2017-06-07 21:00:00,2017-06-08 18:00:00,2017-06-08 00:00:00,22,63.868,,,,,,,true_positive,SYN-M1-06-05
EV-00584,A_consumption,M1_power,Wolf_office_Nadia,power_active_kw,off_hours_run,warning,profile_band,2017-06-10 06:00:00,2017-06-10 15:00:00,2017-06-10 08:00:00,10,106.586,60.75,75.45,5.02,458.4,"rolling 8 weeks, same day_type x tod_slot",,false_positive,
EV-00585,A_consumption,M1_power,Wolf_office_Nadia,power_active_kw,spike,warning,profile_band,2017-07-03 21:00:00,2017-07-03 21:00:00,2017-07-03 21:00:00,1,268.115,67.825,295.3,36.72,200.3,"rolling 8 weeks, same day_type x tod_slot",,true_positive,SYN-M1-06-06
EV-00586,A_consumption,M1_power,Wolf_office_Nadia,power_active_kw,off_hours_run,warning,profile_band,2017-07-25 20:00:00,2017-07-26 03:00:00,2017-07-25 22:00:00,8,85.095,63.59,33.82,7.17,172.0,"rolling 8 weeks, same day_type x tod_slot",,true_positive,SYN-M1-06-07
EV-00587,A_consumption,M1_power,Wolf_office_Nadia,power_active_kw,off_hours_run,warning,profile_band,2017-08-05 07:00:00,2017-08-05 14:00:00,2017-08-05 09:00:00,8,108.444,69.871,55.21,6.33,308.6,"rolling 8 weeks, same day_type x tod_slot",,false_positive,
EV-00588,A_consumption,M1_power,Wolf_office_Nadia,power_active_kw,off_hours_run,warning,profile_band,2017-08-06 07:00:00,2017-08-06 15:00:00,2017-08-06 09:00:00,9,112.028,70.25,59.47,6.55,376.0,"rolling 8 weeks, same day_type x tod_slot",,false_positive,
EV-00589,A_consumption,M1_power,Wolf_office_Nadia,power_active_kw,off_hours_run,warning,profile_band,2017-08-19 19:00:00,2017-08-20 06:00:00,2017-08-19 21:00:00,12,77.755,59.654,30.34,6.31,217.2,"rolling 8 weeks, same day_type x tod_slot",,true_positive,SYN-M1-06-08
EV-00590,A_consumption,M1_power,Wolf_office_Nadia,power_active_kw,baseload_rise,warning,cusum_night_residual,2017-08-20 00:00:00,2017-08-26 23:00:00,2017-08-22 04:00:00,168,81.482,60.401,34.9,,,"rolling 8 weeks, same day_type x tod_slot",,true_positive,SYN-M1-06-08
EV-00591,A_consumption,M1_power,Wolf_office_Nadia,power_active_kw,off_hours_run,warning,profile_band,2017-08-20 20:00:00,2017-08-21 08:00:00,2017-08-20 22:00:00,13,86.066,66.347,29.72,6.38,256.3,"rolling 8 weeks, same day_type x tod_slot",,true_positive,SYN-M1-06-08
EV-00592,A_consumption,M1_power,Wolf_office_Nadia,power_active_kw,off_hours_run,warning,profile_band,2017-08-21 16:00:00,2017-08-23 08:00:00,2017-08-21 18:00:00,41,101.062,76.536,32.04,7.24,1005.5,"rolling 8 weeks, same day_type x tod_slot",,true_positive,SYN-M1-06-08
EV-00593,A_consumption,M1_power,Wolf_office_Nadia,power_active_kw,off_hours_run,warning,profile_band,2017-08-23 15:00:00,2017-08-24 12:00:00,2017-08-23 17:00:00,22,105.125,78.433,34.03,8.17,587.2,"rolling 8 weeks, same day_type x tod_slot",,true_positive,SYN-M1-06-08
EV-00594,A_consumption,M1_power,Wolf_office_Nadia,power_active_kw,off_hours_run,warning,profile_band,2017-08-24 16:00:00,2017-08-25 10:00:00,2017-08-24 18:00:00,19,98.247,73.839,33.06,6.99,463.8,"rolling 8 weeks, same day_type x tod_slot",,true_positive,SYN-M1-06-08
EV-00595,A_consumption,M1_power,Wolf_office_Nadia,power_active_kw,off_hours_run,warning,profile_band,2017-08-25 18:00:00,2017-08-26 06:00:00,2017-08-25 20:00:00,13,83.561,61.622,35.6,8.64,285.2,"rolling 8 weeks, same day_type x tod_slot",,true_positive,SYN-M1-06-08
EV-00596,A_consumption,M1_power,Wolf_office_Nadia,power_active_kw,off_hours_run,warning,profile_band,2017-09-27 20:00:00,2017-09-28 05:00:00,2017-09-27 22:00:00,10,77.189,60.926,26.69,5.45,162.6,"rolling 8 weeks, same day_type x tod_slot",,false_positive,
EV-00597,A_consumption,M1_power,Wolf_office_Nadia,power_active_kw,baseload_rise,warning,cusum_night_residual,2017-09-28 00:00:00,2017-09-30 23:00:00,2017-09-30 04:00:00,72,74.474,58.779,26.7,,,"rolling 8 weeks, same day_type x tod_slot",,false_positive,
EV-00598,A_consumption,M1_power,Wolf_office_Nadia,power_active_kw,off_hours_run,warning,profile_band,2017-09-28 21:00:00,2017-09-29 04:00:00,2017-09-28 23:00:00,8,75.987,60.478,25.64,4.69,124.1,"rolling 8 weeks, same day_type x tod_slot",,false_positive,
EV-00599,A_consumption,M1_power,Wolf_office_Nadia,power_active_kw,off_hours_run,warning,profile_band,2017-09-29 22:00:00,2017-09-30 05:00:00,2017-09-30 00:00:00,8,72.191,58.652,23.08,5.26,108.3,"rolling 8 weeks, same day_type x tod_slot",,false_positive,
EV-00600,A_consumption,M1_power,Wolf_office_Nadia,power_active_kw,off_hours_run,warning,profile_band,2017-11-04 10:00:00,2017-11-04 12:00:00,2017-11-04 12:00:00,3,124.814,65.621,90.21,4.13,177.6,"rolling 8 weeks, same day_type x tod_slot",,false_positive,
EV-00601,A_consumption,M1_power,Wolf_office_Nadia,power_active_kw,off_hours_run,warning,profile_band,2017-12-09 06:00:00,2017-12-09 15:00:00,2017-12-09 08:00:00,10,101.082,59.49,69.91,9.23,415.9,"rolling 8 weeks, same day_type x tod_slot",,false_positive,
EV-00602,A_consumption,M1_power,Wolf_office_Nadia,power_active_kw,off_hours_run,warning,profile_band,2017-12-10 07:00:00,2017-12-10 14:00:00,2017-12-10 09:00:00,8,100.903,59.645,69.17,3.42,330.1,"rolling 8 weeks, same day_type x tod_slot",,false_positive,
EV-00603,A_consumption,M1_power,Wolf_office_Nadia,power_active_kw,high_consumption,warning,profile_band,2017-12-12 13:00:00,2017-12-12 17:00:00,2017-12-12 15:00:00,5,143.751,101.77,41.25,7.9,209.9,"rolling 8 weeks, same day_type x tod_slot",,false_positive,
EV-00604,A_consumption,M1_power,Wolf_office_Nadia,power_active_kw,high_consumption,warning,profile_band,2017-12-19 09:00:00,2017-12-20 15:00:00,2017-12-19 11:00:00,31,117.519,86.204,36.33,12.43,970.8,"rolling 8 weeks, same day_type x tod_slot",,false_positive,
EV-00605,A_consumption,M1_power,Wolf_office_Nadia,power_active_kw,baseload_rise,warning,cusum_night_residual,2017-12-20 00:00:00,2017-12-20 23:00:00,2017-12-20 04:00:00,24,94.493,59.733,58.19,,,"rolling 8 weeks, same day_type x tod_slot",,false_positive,
EV-00606,A_consumption,M1_power,Wolf_office_Nadia,power_active_kw,off_hours_run,warning,profile_band,2017-12-20 19:00:00,2017-12-21 06:00:00,2017-12-20 21:00:00,12,92.945,61.878,50.21,11.26,372.8,"rolling 8 weeks, same day_type x tod_slot",,false_positive,
EV-00607,A_consumption,M1_power,Wolf_office_Nadia,power_active_kw,high_consumption,warning,profile_band,2017-12-21 09:00:00,2017-12-21 11:00:00,2017-12-21 11:00:00,3,129.638,104.539,24.01,3.41,75.3,"rolling 8 weeks, same day_type x tod_slot",,false_positive,
