event_id,group,module,entity_id,key,type,severity,rule_or_model,start,end,detected_at,duration_h,actual_mean,expected_mean,deviation_pct,peak_z,excess_kwh,reference_window,score,n_merged,match,matched_case_id
IC-00001,A_consumption,M2_cooling,Bull_office_Efren,cooling_kw,spike,warning,iforest_ctx,2017-03-17 17:00:00,2017-03-17 18:00:00,2017-03-17 17:00:00,2,713.293,293.859,142.73,,838.9,month cross-fit (other 11 months of 2017),0.7412,1,true_positive,SYN-M2-01-01
IC-00002,DQ_quality,M2_cooling,Bull_office_Efren,cooling_kw,data_loss,warning,dq_gap>=3h,2017-04-23 07:00:00,2017-04-24 12:00:00,2017-04-23 09:00:00,30,,,,,,,,1,true_positive,SYN-M2-01-02
IC-00003,DQ_quality,M2_cooling,Bull_office_Efren,cooling_kw,stuck_sensor,warning,dq_flatline>=4h,2017-05-19 03:00:00,2017-05-20 00:00:00,2017-05-19 06:00:00,22,69.387,,,,,,,1,true_positive,SYN-M2-01-04
IC-00004,A_consumption,M2_cooling,Bull_office_Efren,cooling_kw,spike,warning,iforest_ctx,2017-05-27 10:00:00,2017-05-27 10:00:00,2017-05-27 10:00:00,1,464.646,217.482,113.65,,247.2,month cross-fit (other 11 months of 2017),0.6731,1,false_positive,
IC-00005,A_consumption,M2_cooling,Bull_office_Efren,cooling_kw,spike,warning,iforest_ctx,2017-05-28 10:00:00,2017-05-28 10:00:00,2017-05-28 10:00:00,1,456.03,217.482,109.69,,238.5,month cross-fit (other 11 months of 2017),0.6668,1,false_positive,
IC-00006,A_consumption,M2_cooling,Bull_office_Efren,cooling_kw,off_hours_run,warning,iforest_ctx,2017-06-09 22:00:00,2017-06-10 00:00:00,2017-06-10 00:00:00,3,474.562,82.341,476.34,,1176.7,month cross-fit (other 11 months of 2017),0.733,1,true_positive,SYN-M2-01-05
IC-00007,A_consumption,M2_cooling,Bull_office_Efren,cooling_kw,spike,warning,iforest_ctx,2017-06-17 10:00:00,2017-06-17 10:00:00,2017-06-17 10:00:00,1,481.246,201.832,138.44,,279.4,month cross-fit (other 11 months of 2017),0.6839,1,false_positive,
IC-00008,A_consumption,M2_cooling,Bull_office_Efren,cooling_kw,spike,warning,iforest_ctx,2017-06-18 10:00:00,2017-06-18 10:00:00,2017-06-18 10:00:00,1,483.426,201.832,139.52,,281.6,month cross-fit (other 11 months of 2017),0.6884,1,false_positive,
IC-00009,A_consumption,M2_cooling,Bull_office_Efren,cooling_kw,off_hours_run,warning,iforest_ctx,2017-06-24 00:00:00,2017-06-24 03:00:00,2017-06-24 02:00:00,4,297.376,42.193,604.8,,1020.7,month cross-fit (other 11 months of 2017),0.7296,1,false_positive,
IC-00010,A_consumption,M2_cooling,Bull_office_Efren,cooling_kw,spike,warning,iforest_ctx,2017-06-25 10:00:00,2017-06-25 10:00:00,2017-06-25 10:00:00,1,461.164,201.832,128.49,,259.3,month cross-fit (other 11 months of 2017),0.6811,1,false_positive,
IC-00011,A_consumption,M2_cooling,Bull_office_Efren,cooling_kw,spike,warning,iforest_ctx,2017-07-01 10:00:00,2017-07-01 10:00:00,2017-07-01 10:00:00,1,508.818,200.232,154.11,,308.6,month cross-fit (other 11 months of 2017),0.7089,1,false_positive,
IC-00012,A_consumption,M2_cooling,Bull_office_Efren,cooling_kw,spike,warning,iforest_ctx,2017-07-02 10:00:00,2017-07-02 10:00:00,2017-07-02 10:00:00,1,525.699,200.232,162.54,,325.5,month cross-fit (other 11 months of 2017),0.7136,1,false_positive,
IC-00013,A_consumption,M2_cooling,Bull_office_Efren,cooling_kw,high_consumption,warning,iforest_ctx,2017-07-04 06:00:00,2017-07-04 08:00:00,2017-07-04 08:00:00,3,388.624,142.339,173.03,,738.9,month cross-fit (other 11 months of 2017),0.6557,1,false_positive,
IC-00014,A_consumption,M2_cooling,Bull_office_Efren,cooling_kw,spike,warning,iforest_ctx,2017-07-08 07:00:00,2017-07-08 08:00:00,2017-07-08 07:00:00,2,364.099,41.209,783.54,,645.8,month cross-fit (other 11 months of 2017),0.7022,1,false_positive,
IC-00015,A_consumption,M2_cooling,Bull_office_Efren,cooling_kw,spike,warning,iforest_ctx,2017-07-09 10:00:00,2017-07-09 10:00:00,2017-07-09 10:00:00,1,475.759,200.232,137.6,,275.5,month cross-fit (other 11 months of 2017),0.6839,1,false_positive,
IC-00016,A_consumption,M2_cooling,Bull_office_Efren,cooling_kw,spike,warning,iforest_ctx,2017-07-15 10:00:00,2017-07-15 10:00:00,2017-07-15 10:00:00,1,485.009,200.232,142.22,,284.8,month cross-fit (other 11 months of 2017),0.6864,1,false_positive,
IC-00017,A_consumption,M2_cooling,Bull_office_Efren,cooling_kw,spike,warning,iforest_ctx,2017-07-16 10:00:00,2017-07-16 10:00:00,2017-07-16 10:00:00,1,480.366,200.232,139.9,,280.1,month cross-fit (other 11 months of 2017),0.6832,1,false_positive,
IC-00018,A_consumption,M2_cooling,Bull_office_Efren,cooling_kw,high_consumption,warning,iforest_ctx,2017-07-17 06:00:00,2017-07-17 08:00:00,2017-07-17 08:00:00,3,388.858,142.339,173.19,,739.6,month cross-fit (other 11 months of 2017),0.6692,1,true_positive,SYN-M2-01-06
IC-00019,A_consumption,M2_cooling,Bull_office_Efren,cooling_kw,spike,warning,iforest_ctx,2017-07-17 23:00:00,2017-07-17 23:00:00,2017-07-17 23:00:00,1,88.449,55.373,59.73,,33.1,month cross-fit (other 11 months of 2017),0.6696,1,true_positive,SYN-M2-01-06
IC-00020,A_consumption,M2_cooling,Bull_office_Efren,cooling_kw,high_consumption,warning,iforest_ctx,2017-07-20 06:00:00,2017-07-20 08:00:00,2017-07-20 08:00:00,3,389.538,142.339,173.67,,741.6,month cross-fit (other 11 months of 2017),0.6744,1,false_positive,
IC-00021,A_consumption,M2_cooling,Bull_office_Efren,cooling_kw,spike,warning,iforest_ctx,2017-07-22 10:00:00,2017-07-22 10:00:00,2017-07-22 10:00:00,1,513.741,200.232,156.57,,313.5,month cross-fit (other 11 months of 2017),0.7072,1,false_positive,
IC-00022,A_consumption,M2_cooling,Bull_office_Efren,cooling_kw,spike,warning,iforest_ctx,2017-07-23 10:00:00,2017-07-23 11:00:00,2017-07-23 10:00:00,2,507.798,199.291,154.8,,617.0,month cross-fit (other 11 months of 2017),0.7176,1,false_positive,
IC-00023,A_consumption,M2_cooling,Bull_office_Efren,cooling_kw,high_consumption,warning,iforest_ctx,2017-07-26 06:00:00,2017-07-26 08:00:00,2017-07-26 08:00:00,3,393.629,142.339,176.54,,753.9,month cross-fit (other 11 months of 2017),0.6686,1,false_positive,
IC-00024,A_consumption,M2_cooling,Bull_office_Efren,cooling_kw,spike,warning,iforest_ctx,2017-07-29 10:00:00,2017-07-29 10:00:00,2017-07-29 10:00:00,1,490.214,200.232,144.82,,290.0,month cross-fit (other 11 months of 2017),0.691,1,false_positive,
IC-00025,A_consumption,M2_cooling,Bull_office_Efren,cooling_kw,spike,warning,iforest_ctx,2017-07-30 10:00:00,2017-07-30 10:00:00,2017-07-30 10:00:00,1,509.275,200.232,154.34,,309.0,month cross-fit (other 11 months of 2017),0.7057,1,false_positive,
IC-00026,A_consumption,M2_cooling,Bull_office_Efren,cooling_kw,spike,warning,iforest_ctx,2017-08-02 06:00:00,2017-08-02 07:00:00,2017-08-02 07:00:00,2,367.388,136.383,169.38,,462.0,month cross-fit (other 11 months of 2017),0.6798,1,false_positive,
IC-00027,A_consumption,M2_cooling,Bull_office_Efren,cooling_kw,spike,warning,iforest_ctx,2017-08-05 10:00:00,2017-08-05 11:00:00,2017-08-05 10:00:00,2,487.295,200.372,143.2,,573.8,month cross-fit (other 11 months of 2017),0.7203,1,false_positive,
IC-00028,A_consumption,M2_cooling,Bull_office_Efren,cooling_kw,spike,warning,iforest_ctx,2017-08-06 10:00:00,2017-08-06 11:00:00,2017-08-06 10:00:00,2,501.169,200.372,150.12,,601.6,month cross-fit (other 11 months of 2017),0.7211,1,false_positive,
IC-00029,A_consumption,M2_cooling,Bull_office_Efren,cooling_kw,spike,warning,iforest_ctx,2017-08-08 13:00:00,2017-08-08 14:00:00,2017-08-08 13:00:00,2,646.485,240.113,169.24,,812.7,month cross-fit (other 11 months of 2017),0.7438,1,false_positive,
IC-00030,A_consumption,M2_cooling,Bull_office_Efren,cooling_kw,spike,warning,iforest_ctx,2017-08-12 10:00:00,2017-08-12 11:00:00,2017-08-12 10:00:00,2,541.12,200.372,170.06,,681.5,month cross-fit (other 11 months of 2017),0.7214,1,false_positive,
IC-00031,A_consumption,M2_cooling,Bull_office_Efren,cooling_kw,spike,warning,iforest_ctx,2017-08-13 10:00:00,2017-08-13 11:00:00,2017-08-13 10:00:00,2,536.671,200.372,167.84,,672.6,month cross-fit (other 11 months of 2017),0.7237,1,false_positive,
IC-00032,A_consumption,M2_cooling,Bull_office_Efren,cooling_kw,high_consumption,warning,iforest_ctx,2017-08-14 06:00:00,2017-08-14 08:00:00,2017-08-14 08:00:00,3,419.654,140.264,199.19,,838.2,month cross-fit (other 11 months of 2017),0.6781,1,false_positive,
IC-00033,A_consumption,M2_cooling,Bull_office_Efren,cooling_kw,high_consumption,warning,iforest_ctx,2017-08-16 06:00:00,2017-08-16 08:00:00,2017-08-16 08:00:00,3,420.299,140.264,199.65,,840.1,month cross-fit (other 11 months of 2017),0.6813,1,false_positive,
IC-00034,A_consumption,M2_cooling,Bull_office_Efren,cooling_kw,high_consumption,warning,iforest_ctx,2017-08-17 06:00:00,2017-08-17 08:00:00,2017-08-17 08:00:00,3,402.128,140.264,186.69,,785.6,month cross-fit (other 11 months of 2017),0.6604,1,false_positive,
IC-00035,A_consumption,M2_cooling,Bull_office_Efren,cooling_kw,spike,warning,iforest_ctx,2017-08-19 10:00:00,2017-08-19 10:00:00,2017-08-19 10:00:00,1,509.521,201.832,152.45,,307.7,month cross-fit (other 11 months of 2017),0.7123,1,false_positive,
IC-00036,A_consumption,M2_cooling,Bull_office_Efren,cooling_kw,spike,warning,iforest_ctx,2017-08-20 10:00:00,2017-08-20 10:00:00,2017-08-20 10:00:00,1,511.174,201.832,153.27,,309.3,month cross-fit (other 11 months of 2017),0.7109,1,false_positive,
IC-00037,A_consumption,M2_cooling,Bull_office_Efren,cooling_kw,high_consumption,warning,iforest_ctx,2017-08-21 06:00:00,2017-08-21 08:00:00,2017-08-21 08:00:00,3,429.384,140.264,206.13,,867.4,month cross-fit (other 11 months of 2017),0.6779,1,false_positive,
IC-00038,A_consumption,M2_cooling,Bull_office_Efren,cooling_kw,spike,warning,iforest_ctx,2017-08-26 10:00:00,2017-08-26 10:00:00,2017-08-26 10:00:00,1,421.284,201.832,108.73,,219.5,month cross-fit (other 11 months of 2017),0.6696,1,false_positive,
IC-00039,A_consumption,M2_cooling,Bull_office_Efren,cooling_kw,spike,warning,iforest_ctx,2017-09-15 12:00:00,2017-09-15 12:00:00,2017-09-15 12:00:00,1,472.7,238.741,98.0,,234.0,month cross-fit (other 11 months of 2017),0.6962,1,false_positive,
IC-00040,A_consumption,M2_cooling,Bull_office_Efren,cooling_kw,off_hours_run,warning,iforest_ctx,2017-09-16 07:00:00,2017-09-17 11:00:00,2017-09-16 09:00:00,29,346.486,96.947,257.4,,7236.6,month cross-fit (other 11 months of 2017),0.675,1,false_positive,
IC-00041,A_consumption,M2_cooling,Bull_office_Efren,cooling_kw,off_hours_run,warning,iforest_ctx,2017-09-17 17:00:00,2017-09-17 23:00:00,2017-09-17 19:00:00,7,258.368,52.858,388.8,,1438.6,month cross-fit (other 11 months of 2017),0.6639,1,false_positive,
IC-00042,A_consumption,M2_cooling,Bull_office_Efren,cooling_kw,off_hours_run,warning,iforest_ctx,2017-09-18 03:00:00,2017-09-28 07:00:00,2017-09-18 05:00:00,245,387.208,150.379,157.49,,57549.4,month cross-fit (other 11 months of 2017),0.6898,2,false_positive,
IC-00043,A_consumption,M2_cooling,Bull_office_Efren,cooling_kw,high_consumption,warning,iforest_ctx,2017-09-28 10:00:00,2017-09-29 00:00:00,2017-09-28 12:00:00,15,430.315,208.139,106.74,,3332.6,month cross-fit (other 11 months of 2017),0.6739,1,false_positive,
IC-00044,A_consumption,M2_cooling,Bull_office_Efren,cooling_kw,off_hours_run,warning,iforest_ctx,2017-10-02 21:00:00,2017-10-02 23:00:00,2017-10-02 23:00:00,3,409.174,122.07,235.2,,861.3,month cross-fit (other 11 months of 2017),0.6272,1,false_positive,
IC-00045,A_consumption,M2_cooling,Bull_office_Efren,cooling_kw,off_hours_run,warning,iforest_ctx,2017-10-03 20:00:00,2017-10-03 23:00:00,2017-10-03 22:00:00,4,426.779,139.338,206.29,,1149.8,month cross-fit (other 11 months of 2017),0.6446,1,false_positive,
IC-00046,A_consumption,M2_cooling,Bull_office_Efren,cooling_kw,off_hours_run,warning,iforest_ctx,2017-10-09 20:00:00,2017-10-09 23:00:00,2017-10-09 22:00:00,4,441.338,139.338,216.74,,1208.0,month cross-fit (other 11 months of 2017),0.6455,1,false_positive,
IC-00047,A_consumption,M2_cooling,Bull_office_Efren,cooling_kw,off_hours_run,warning,iforest_ctx,2017-10-10 04:00:00,2017-10-10 06:00:00,2017-10-10 06:00:00,3,147.544,76.175,93.69,,214.1,month cross-fit (other 11 months of 2017),0.6271,1,false_positive,
IC-00048,A_consumption,M2_cooling,Bull_office_Efren,cooling_kw,spike,warning,iforest_ctx,2017-10-21 10:00:00,2017-10-21 10:00:00,2017-10-21 10:00:00,1,439.677,217.482,102.17,,222.2,month cross-fit (other 11 months of 2017),0.6806,1,false_positive,
IC-00049,A_consumption,M2_cooling,Bull_office_Efren,cooling_kw,spike,warning,iforest_ctx,2017-11-26 17:00:00,2017-11-26 17:00:00,2017-11-26 17:00:00,1,578.979,67.172,761.94,,511.8,month cross-fit (other 11 months of 2017),0.738,1,false_positive,
IC-00050,A_consumption,M2_cooling,Bull_office_Efren,cooling_kw,spike,warning,iforest_ctx,2017-11-27 01:00:00,2017-11-27 01:00:00,2017-11-27 01:00:00,1,787.001,56.27,1298.62,,730.7,month cross-fit (other 11 months of 2017),0.7394,1,false_positive,
IC-00051,A_consumption,M2_cooling,Bull_office_Efren,cooling_kw,spike,warning,iforest_ctx,2017-11-27 07:00:00,2017-11-27 07:00:00,2017-11-27 07:00:00,1,713.323,187.87,279.69,,525.5,month cross-fit (other 11 months of 2017),0.7379,1,false_positive,
IC-00052,A_consumption,M1_power,Eagle_office_Norbert,power_active_kw,spike,warning,iforest_ctx,2017-01-27 16:00:00,2017-01-27 17:00:00,2017-01-27 16:00:00,2,161.673,79.158,104.24,,165.0,month cross-fit (other 11 months of 2017),0.7099,1,false_positive,
IC-00053,A_consumption,M1_power,Eagle_office_Norbert,power_active_kw,off_hours_run,warning,iforest_ctx,2017-01-30 14:00:00,2017-01-30 19:00:00,2017-01-30 16:00:00,6,144.73,80.033,80.84,,388.2,month cross-fit (other 11 months of 2017),0.6924,1,false_positive,
IC-00054,A_consumption,M1_power,Eagle_office_Norbert,power_active_kw,off_hours_run,warning,iforest_ctx,2017-01-31 13:00:00,2017-01-31 19:00:00,2017-01-31 15:00:00,7,144.522,79.825,81.05,,452.9,month cross-fit (other 11 months of 2017),0.6997,1,false_positive,
IC-00055,A_consumption,M1_power,Eagle_office_Norbert,power_active_kw,spike,warning,iforest_ctx,2017-02-07 11:00:00,2017-02-07 11:00:00,2017-02-07 11:00:00,1,176.201,116.146,51.71,,60.1,month cross-fit (other 11 months of 2017),0.6933,1,false_positive,
IC-00056,A_consumption,M1_power,Eagle_office_Norbert,power_active_kw,high_consumption,warning,iforest_ctx,2017-02-17 11:00:00,2017-02-17 13:00:00,2017-02-17 13:00:00,3,103.232,130.993,-21.19,,51.9,month cross-fit (other 11 months of 2017),0.7185,1,false_positive,
IC-00057,A_consumption,M1_power,Eagle_office_Norbert,power_active_kw,spike,warning,iforest_ctx,2017-02-24 11:00:00,2017-02-24 11:00:00,2017-02-24 11:00:00,1,194.011,116.146,67.04,,77.9,month cross-fit (other 11 months of 2017),0.699,1,false_positive,
IC-00058,A_consumption,M1_power,Eagle_office_Norbert,power_active_kw,high_consumption,warning,iforest_ctx,2017-03-15 10:00:00,2017-03-15 12:00:00,2017-03-15 12:00:00,3,136.255,119.629,13.9,,68.5,month cross-fit (other 11 months of 2017),0.6158,1,false_positive,
IC-00059,A_consumption,M1_power,Eagle_office_Norbert,power_active_kw,spike,warning,iforest_ctx,2017-03-29 10:00:00,2017-03-29 10:00:00,2017-03-29 10:00:00,1,183.813,108.34,69.66,,75.5,month cross-fit (other 11 months of 2017),0.7247,1,false_positive,
IC-00060,A_consumption,M1_power,Eagle_office_Norbert,power_active_kw,spike,warning,iforest_ctx,2017-03-30 09:00:00,2017-03-30 10:00:00,2017-03-30 09:00:00,2,367.088,95.061,286.16,,544.1,month cross-fit (other 11 months of 2017),0.7528,1,true_positive,SYN-M1-01-01
IC-00061,A_consumption,M1_power,Eagle_office_Norbert,power_active_kw,off_hours_run,warning,iforest_ctx,2017-04-06 15:00:00,2017-04-06 19:00:00,2017-04-06 17:00:00,5,115.602,79.989,44.52,,259.4,month cross-fit (other 11 months of 2017),0.7199,1,false_positive,
IC-00062,A_consumption,M1_power,Eagle_office_Norbert,power_active_kw,spike,warning,iforest_ctx,2017-04-13 10:00:00,2017-04-13 10:00:00,2017-04-13 10:00:00,1,177.896,106.09,67.68,,71.8,month cross-fit (other 11 months of 2017),0.6929,1,false_positive,
IC-00063,DQ_quality,M1_power,Eagle_office_Norbert,power_active_kw,stuck_sensor,warning,dq_flatline>=4h,2017-04-20 02:00:00,2017-04-20 11:00:00,2017-04-20 05:00:00,10,76.952,,,,,,,1,natural,
IC-00064,A_consumption,M1_power,Eagle_office_Norbert,power_active_kw,spike,warning,iforest_ctx,2017-04-20 15:00:00,2017-04-20 15:00:00,2017-04-20 15:00:00,1,174.314,142.749,22.11,,31.6,month cross-fit (other 11 months of 2017),0.7058,1,natural,
IC-00065,A_consumption,M1_power,Eagle_office_Norbert,power_active_kw,baseload_rise,warning,iforest_ctx,2017-05-01 10:00:00,2017-05-02 12:00:00,2017-05-01 12:00:00,27,138.456,84.469,63.91,,1462.1,month cross-fit (other 11 months of 2017),0.7149,1,true_positive,SYN-M1-01-03
IC-00066,A_consumption,M1_power,Eagle_office_Norbert,power_active_kw,spike,warning,iforest_ctx,2017-05-04 09:00:00,2017-05-04 09:00:00,2017-05-04 09:00:00,1,171.865,81.654,110.48,,90.2,month cross-fit (other 11 months of 2017),0.6983,1,false_positive,
IC-00067,DQ_quality,M1_power,Eagle_office_Norbert,power_active_kw,data_loss,warning,dq_gap>=3h,2017-05-18 07:00:00,2017-05-19 20:00:00,2017-05-18 09:00:00,38,,,,,,,,1,true_positive,SYN-M1-01-04
IC-00068,DQ_quality,M1_power,Eagle_office_Norbert,power_active_kw,stuck_sensor,warning,dq_flatline>=4h,2017-06-15 21:00:00,2017-06-16 20:00:00,2017-06-16 00:00:00,24,104.218,,,,,,,1,true_positive,SYN-M1-01-05
IC-00069,A_consumption,M1_power,Eagle_office_Norbert,power_active_kw,off_hours_run,warning,iforest_ctx,2017-07-12 04:00:00,2017-07-12 06:00:00,2017-07-12 06:00:00,3,211.61,80.173,163.94,,394.3,month cross-fit (other 11 months of 2017),0.7383,1,true_positive,SYN-M1-01-06
IC-00070,A_consumption,M1_power,Eagle_office_Norbert,power_active_kw,baseload_rise,warning,iforest_ctx,2017-08-23 06:00:00,2017-08-26 16:00:00,2017-08-23 08:00:00,83,147.084,100.851,45.84,,3837.3,month cross-fit (other 11 months of 2017),0.6721,1,true_positive,SYN-M1-01-08
IC-00071,A_consumption,M1_power,Eagle_office_Norbert,power_active_kw,spike,warning,iforest_ctx,2017-09-19 10:00:00,2017-09-19 10:00:00,2017-09-19 10:00:00,1,192.741,107.915,78.6,,84.8,month cross-fit (other 11 months of 2017),0.7066,1,false_positive,
IC-00072,A_consumption,M1_power,Eagle_office_Norbert,power_active_kw,spike,warning,iforest_ctx,2017-12-31 17:00:00,2017-12-31 17:00:00,2017-12-31 17:00:00,1,98.052,80.01,22.55,,18.0,month cross-fit (other 11 months of 2017),0.7004,1,false_positive,
IC-00073,A_consumption,M1_power,Eagle_office_Norbert,power_active_kw,off_hours_run,warning,iforest_ctx,2017-12-31 20:00:00,2017-12-31 22:00:00,2017-12-31 22:00:00,3,91.906,80.546,14.1,,34.1,month cross-fit (other 11 months of 2017),0.6033,1,false_positive,
IC-00074,A_consumption,M2_cooling,Fox_office_Carson,cooling_kw,spike,warning,iforest_ctx,2017-03-19 21:00:00,2017-03-19 22:00:00,2017-03-19 21:00:00,2,366.935,113.506,223.27,,506.9,month cross-fit (other 11 months of 2017),0.7207,1,true_positive,SYN-M2-02-01
IC-00075,DQ_quality,M2_cooling,Fox_office_Carson,cooling_kw,data_loss,warning,dq_gap>=3h,2017-04-16 18:00:00,2017-04-18 07:00:00,2017-04-16 20:00:00,38,,,,,,,,1,true_positive,SYN-M2-02-02
IC-00076,DQ_quality,M2_cooling,Fox_office_Carson,cooling_kw,stuck_sensor,warning,dq_flatline>=4h,2017-05-18 08:00:00,2017-05-19 05:00:00,2017-05-18 11:00:00,22,149.396,,,,,,,1,true_positive,SYN-M2-02-04
IC-00077,A_consumption,M2_cooling,Fox_office_Carson,cooling_kw,off_hours_run,warning,iforest_ctx,2017-05-30 05:00:00,2017-05-30 07:00:00,2017-05-30 07:00:00,3,183.603,102.141,79.75,,244.4,month cross-fit (other 11 months of 2017),0.6345,1,false_positive,
IC-00078,A_consumption,M2_cooling,Fox_office_Carson,cooling_kw,spike,warning,iforest_ctx,2017-06-19 11:00:00,2017-06-19 12:00:00,2017-06-19 11:00:00,2,520.369,184.599,181.89,,671.5,month cross-fit (other 11 months of 2017),0.7189,1,true_positive,SYN-M2-02-05
IC-00079,A_consumption,M2_cooling,Fox_office_Carson,cooling_kw,off_hours_run,warning,iforest_ctx,2017-06-21 05:00:00,2017-06-21 07:00:00,2017-06-21 07:00:00,3,188.749,94.597,99.53,,282.5,month cross-fit (other 11 months of 2017),0.5931,1,false_positive,
IC-00080,A_consumption,M2_cooling,Fox_office_Carson,cooling_kw,off_hours_run,warning,iforest_ctx,2017-06-22 05:00:00,2017-06-22 07:00:00,2017-06-22 07:00:00,3,191.985,94.597,102.95,,292.2,month cross-fit (other 11 months of 2017),0.5958,1,false_positive,
IC-00081,A_consumption,M2_cooling,Fox_office_Carson,cooling_kw,off_hours_run,warning,iforest_ctx,2017-06-25 05:00:00,2017-06-25 07:00:00,2017-06-25 07:00:00,3,208.115,93.912,121.61,,342.6,month cross-fit (other 11 months of 2017),0.6188,1,false_positive,
IC-00082,A_consumption,M2_cooling,Fox_office_Carson,cooling_kw,off_hours_run,warning,iforest_ctx,2017-06-26 05:00:00,2017-06-26 07:00:00,2017-06-26 07:00:00,3,203.731,94.597,115.37,,327.4,month cross-fit (other 11 months of 2017),0.6205,1,false_positive,
IC-00083,A_consumption,M2_cooling,Fox_office_Carson,cooling_kw,high_consumption,warning,iforest_ctx,2017-07-05 05:00:00,2017-07-05 11:00:00,2017-07-05 07:00:00,7,302.374,133.113,127.16,,1184.8,month cross-fit (other 11 months of 2017),0.7191,1,false_positive,
IC-00084,A_consumption,M2_cooling,Fox_office_Carson,cooling_kw,off_hours_run,warning,iforest_ctx,2017-07-06 05:00:00,2017-07-06 07:00:00,2017-07-06 07:00:00,3,215.337,95.752,124.89,,358.8,month cross-fit (other 11 months of 2017),0.6764,1,false_positive,
IC-00085,A_consumption,M2_cooling,Fox_office_Carson,cooling_kw,off_hours_run,warning,iforest_ctx,2017-07-07 05:00:00,2017-07-07 07:00:00,2017-07-07 07:00:00,3,213.625,95.752,123.1,,353.6,month cross-fit (other 11 months of 2017),0.6754,1,false_positive,
IC-00086,A_consumption,M2_cooling,Fox_office_Carson,cooling_kw,off_hours_run,warning,iforest_ctx,2017-07-08 05:00:00,2017-07-08 07:00:00,2017-07-08 07:00:00,3,223.871,94.58,136.7,,387.9,month cross-fit (other 11 months of 2017),0.6614,1,false_positive,
IC-00087,A_consumption,M2_cooling,Fox_office_Carson,cooling_kw,off_hours_run,warning,iforest_ctx,2017-07-09 05:00:00,2017-07-09 07:00:00,2017-07-09 07:00:00,3,219.053,94.58,131.61,,373.4,month cross-fit (other 11 months of 2017),0.6718,1,false_positive,
IC-00088,A_consumption,M2_cooling,Fox_office_Carson,cooling_kw,off_hours_run,warning,iforest_ctx,2017-07-10 05:00:00,2017-07-10 08:00:00,2017-07-10 07:00:00,4,216.629,106.429,103.54,,440.8,month cross-fit (other 11 months of 2017),0.6226,1,false_positive,
IC-00089,A_consumption,M2_cooling,Fox_office_Carson,cooling_kw,off_hours_run,warning,iforest_ctx,2017-07-11 05:00:00,2017-07-11 08:00:00,2017-07-11 07:00:00,4,240.614,106.429,126.08,,536.7,month cross-fit (other 11 months of 2017),0.6884,1,false_positive,
IC-00090,A_consumption,M2_cooling,Fox_office_Carson,cooling_kw,off_hours_run,warning,iforest_ctx,2017-07-11 14:00:00,2017-07-11 23:00:00,2017-07-11 16:00:00,10,334.811,156.771,113.57,,1780.4,month cross-fit (other 11 months of 2017),0.6397,1,false_positive,
IC-00091,A_consumption,M2_cooling,Fox_office_Carson,cooling_kw,high_consumption,warning,iforest_ctx,2017-07-12 04:00:00,2017-07-14 18:00:00,2017-07-12 06:00:00,63,289.048,135.107,113.94,,9698.3,month cross-fit (other 11 months of 2017),0.7229,1,false_positive,
IC-00092,A_consumption,M2_cooling,Fox_office_Carson,cooling_kw,off_hours_run,warning,iforest_ctx,2017-07-15 05:00:00,2017-07-15 07:00:00,2017-07-15 07:00:00,3,227.364,94.58,140.39,,398.4,month cross-fit (other 11 months of 2017),0.6486,1,false_positive,
IC-00093,A_consumption,M2_cooling,Fox_office_Carson,cooling_kw,high_consumption,warning,iforest_ctx,2017-07-17 10:00:00,2017-07-17 23:00:00,2017-07-17 12:00:00,14,340.863,165.094,106.47,,2460.8,month cross-fit (other 11 months of 2017),0.686,1,false_positive,
IC-00094,A_consumption,M2_cooling,Fox_office_Carson,cooling_kw,off_hours_run,warning,iforest_ctx,2017-07-18 05:00:00,2017-07-20 08:00:00,2017-07-18 07:00:00,52,266.249,126.653,110.22,,7259.0,month cross-fit (other 11 months of 2017),0.7221,1,false_positive,
IC-00095,A_consumption,M2_cooling,Fox_office_Carson,cooling_kw,high_consumption,warning,iforest_ctx,2017-07-21 05:00:00,2017-07-21 23:00:00,2017-07-21 07:00:00,19,312.296,152.207,105.18,,3041.7,month cross-fit (other 11 months of 2017),0.6865,1,false_positive,
IC-00096,A_consumption,M2_cooling,Fox_office_Carson,cooling_kw,off_hours_run,warning,iforest_ctx,2017-07-22 05:00:00,2017-07-22 17:00:00,2017-07-22 07:00:00,13,329.061,158.288,107.89,,2220.0,month cross-fit (other 11 months of 2017),0.7228,1,false_positive,
IC-00097,A_consumption,M2_cooling,Fox_office_Carson,cooling_kw,off_hours_run,warning,iforest_ctx,2017-07-23 05:00:00,2017-07-23 12:00:00,2017-07-23 07:00:00,8,320.262,137.788,132.43,,1459.8,month cross-fit (other 11 months of 2017),0.7098,1,false_positive,
IC-00098,A_consumption,M2_cooling,Fox_office_Carson,cooling_kw,spike,warning,iforest_ctx,2017-07-23 22:00:00,2017-07-23 22:00:00,2017-07-23 22:00:00,1,109.972,72.588,51.5,,37.4,month cross-fit (other 11 months of 2017),0.6572,1,false_positive,
IC-00099,A_consumption,M2_cooling,Fox_office_Carson,cooling_kw,off_hours_run,warning,iforest_ctx,2017-07-24 05:00:00,2017-07-24 07:00:00,2017-07-24 07:00:00,3,239.978,95.752,150.62,,432.7,month cross-fit (other 11 months of 2017),0.6292,1,false_positive,
IC-00100,A_consumption,M2_cooling,Fox_office_Carson,cooling_kw,high_consumption,warning,iforest_ctx,2017-07-25 05:00:00,2017-07-25 12:00:00,2017-07-25 07:00:00,8,324.64,140.626,130.85,,1472.1,month cross-fit (other 11 months of 2017),0.6547,1,false_positive,
IC-00101,A_consumption,M2_cooling,Fox_office_Carson,cooling_kw,high_consumption,warning,iforest_ctx,2017-07-26 05:00:00,2017-07-26 11:00:00,2017-07-26 07:00:00,7,310.764,133.113,133.46,,1243.6,month cross-fit (other 11 months of 2017),0.662,1,false_positive,
IC-00102,A_consumption,M2_cooling,Fox_office_Carson,cooling_kw,high_consumption,warning,iforest_ctx,2017-07-27 05:00:00,2017-07-27 11:00:00,2017-07-27 07:00:00,7,302.424,133.113,127.19,,1185.2,month cross-fit (other 11 months of 2017),0.6452,1,false_positive,
IC-00103,A_consumption,M2_cooling,Fox_office_Carson,cooling_kw,spike,warning,iforest_ctx,2017-07-27 22:00:00,2017-07-27 23:00:00,2017-07-27 22:00:00,2,117.533,54.08,117.33,,126.9,month cross-fit (other 11 months of 2017),0.665,1,false_positive,
IC-00104,A_consumption,M2_cooling,Fox_office_Carson,cooling_kw,high_consumption,warning,iforest_ctx,2017-07-28 05:00:00,2017-07-28 17:00:00,2017-07-28 07:00:00,13,331.336,164.318,101.64,,2171.2,month cross-fit (other 11 months of 2017),0.705,1,false_positive,
IC-00105,A_consumption,M2_cooling,Fox_office_Carson,cooling_kw,off_hours_run,warning,iforest_ctx,2017-07-30 09:00:00,2017-07-30 11:00:00,2017-07-30 11:00:00,3,355.811,167.173,112.84,,565.9,month cross-fit (other 11 months of 2017),0.6796,1,false_positive,
IC-00106,A_consumption,M2_cooling,Fox_office_Carson,cooling_kw,high_consumption,warning,iforest_ctx,2017-07-31 05:00:00,2017-08-01 01:00:00,2017-07-31 07:00:00,21,305.289,141.536,115.7,,3438.8,month cross-fit (other 11 months of 2017),0.7127,1,false_positive,
IC-00107,A_consumption,M2_cooling,Fox_office_Carson,cooling_kw,high_consumption,warning,iforest_ctx,2017-08-01 05:00:00,2017-08-01 11:00:00,2017-08-01 07:00:00,7,314.03,131.292,139.18,,1279.2,month cross-fit (other 11 months of 2017),0.7069,1,false_positive,
IC-00108,A_consumption,M2_cooling,Fox_office_Carson,cooling_kw,spike,warning,iforest_ctx,2017-08-01 22:00:00,2017-08-01 23:00:00,2017-08-01 22:00:00,2,101.778,56.05,81.58,,91.5,month cross-fit (other 11 months of 2017),0.6647,1,false_positive,
IC-00109,A_consumption,M2_cooling,Fox_office_Carson,cooling_kw,high_consumption,warning,iforest_ctx,2017-08-02 05:00:00,2017-08-02 09:00:00,2017-08-02 07:00:00,5,293.045,114.336,156.3,,893.5,month cross-fit (other 11 months of 2017),0.6842,1,false_positive,
IC-00110,A_consumption,M2_cooling,Fox_office_Carson,cooling_kw,high_consumption,warning,iforest_ctx,2017-08-03 05:00:00,2017-08-03 11:00:00,2017-08-03 07:00:00,7,320.576,131.292,144.17,,1325.0,month cross-fit (other 11 months of 2017),0.6503,1,false_positive,
IC-00111,A_consumption,M2_cooling,Fox_office_Carson,cooling_kw,high_consumption,warning,iforest_ctx,2017-08-04 05:00:00,2017-08-04 11:00:00,2017-08-04 07:00:00,7,275.44,131.292,109.79,,1061.4,month cross-fit (other 11 months of 2017),0.693,1,false_positive,
IC-00112,A_consumption,M2_cooling,Fox_office_Carson,cooling_kw,off_hours_run,warning,iforest_ctx,2017-08-05 05:00:00,2017-08-05 14:00:00,2017-08-05 07:00:00,10,301.767,147.403,104.72,,1543.6,month cross-fit (other 11 months of 2017),0.6796,1,false_positive,
IC-00113,A_consumption,M2_cooling,Fox_office_Carson,cooling_kw,off_hours_run,warning,iforest_ctx,2017-08-06 05:00:00,2017-08-06 07:00:00,2017-08-06 07:00:00,3,226.063,93.912,140.72,,396.5,month cross-fit (other 11 months of 2017),0.6226,1,false_positive,
IC-00114,A_consumption,M2_cooling,Fox_office_Carson,cooling_kw,off_hours_run,warning,iforest_ctx,2017-08-08 05:00:00,2017-08-08 07:00:00,2017-08-08 07:00:00,3,230.576,94.082,145.08,,409.5,month cross-fit (other 11 months of 2017),0.6007,1,false_positive,
IC-00115,A_consumption,M2_cooling,Fox_office_Carson,cooling_kw,off_hours_run,warning,iforest_ctx,2017-08-09 05:00:00,2017-08-09 07:00:00,2017-08-09 07:00:00,3,213.227,94.082,126.64,,357.4,month cross-fit (other 11 months of 2017),0.5861,1,false_positive,
IC-00116,A_consumption,M2_cooling,Fox_office_Carson,cooling_kw,off_hours_run,warning,iforest_ctx,2017-08-10 05:00:00,2017-08-10 08:00:00,2017-08-10 07:00:00,4,284.161,104.921,170.83,,717.0,month cross-fit (other 11 months of 2017),0.6717,1,false_positive,
IC-00117,A_consumption,M2_cooling,Fox_office_Carson,cooling_kw,high_consumption,warning,iforest_ctx,2017-08-11 05:00:00,2017-08-11 15:00:00,2017-08-11 07:00:00,11,351.074,155.517,125.75,,2151.1,month cross-fit (other 11 months of 2017),0.6727,1,false_positive,
IC-00118,A_consumption,M2_cooling,Fox_office_Carson,cooling_kw,spike,warning,iforest_ctx,2017-08-11 22:00:00,2017-08-11 23:00:00,2017-08-11 22:00:00,2,113.137,56.05,101.85,,114.2,month cross-fit (other 11 months of 2017),0.6746,1,false_positive,
IC-00119,A_consumption,M2_cooling,Fox_office_Carson,cooling_kw,off_hours_run,warning,iforest_ctx,2017-08-12 05:00:00,2017-08-12 14:00:00,2017-08-12 07:00:00,10,321.665,147.403,118.22,,1742.6,month cross-fit (other 11 months of 2017),0.6931,1,false_positive,
IC-00120,A_consumption,M2_cooling,Fox_office_Carson,cooling_kw,spike,warning,iforest_ctx,2017-08-12 22:00:00,2017-08-12 23:00:00,2017-08-12 22:00:00,2,105.4,55.566,89.68,,99.7,month cross-fit (other 11 months of 2017),0.6779,1,false_positive,
IC-00121,A_consumption,M2_cooling,Fox_office_Carson,cooling_kw,high_consumption,warning,iforest_ctx,2017-08-14 05:00:00,2017-08-14 09:00:00,2017-08-14 07:00:00,5,291.097,114.336,154.6,,883.8,month cross-fit (other 11 months of 2017),0.6536,1,false_positive,
IC-00122,A_consumption,M2_cooling,Fox_office_Carson,cooling_kw,off_hours_run,warning,iforest_ctx,2017-08-21 05:00:00,2017-08-21 07:00:00,2017-08-21 07:00:00,3,194.763,94.082,107.01,,302.0,month cross-fit (other 11 months of 2017),0.6084,1,false_positive,
IC-00123,A_consumption,M2_cooling,Fox_office_Carson,cooling_kw,off_hours_run,warning,iforest_ctx,2017-08-23 05:00:00,2017-08-23 07:00:00,2017-08-23 07:00:00,3,216.169,94.082,129.77,,366.3,month cross-fit (other 11 months of 2017),0.6328,1,false_positive,
IC-00124,A_consumption,M2_cooling,Fox_office_Carson,cooling_kw,high_consumption,warning,iforest_ctx,2017-08-25 05:00:00,2017-08-25 10:00:00,2017-08-25 07:00:00,6,282.133,123.515,128.42,,951.7,month cross-fit (other 11 months of 2017),0.6549,1,false_positive,
IC-00125,A_consumption,M2_cooling,Fox_office_Carson,cooling_kw,off_hours_run,warning,iforest_ctx,2017-08-27 05:00:00,2017-08-27 07:00:00,2017-08-27 07:00:00,3,223.261,93.912,137.73,,388.0,month cross-fit (other 11 months of 2017),0.6357,1,false_positive,
IC-00126,A_consumption,M2_cooling,Fox_office_Carson,cooling_kw,high_consumption,warning,iforest_ctx,2017-08-30 05:00:00,2017-08-30 18:00:00,2017-08-30 07:00:00,14,330.279,156.966,110.41,,2079.7,month cross-fit (other 11 months of 2017),0.6546,2,false_positive,
IC-00127,A_consumption,M2_cooling,Fox_office_Carson,cooling_kw,spike,warning,iforest_ctx,2017-08-30 22:00:00,2017-08-30 23:00:00,2017-08-30 22:00:00,2,101.022,56.05,80.24,,89.9,month cross-fit (other 11 months of 2017),0.6682,1,false_positive,
IC-00128,A_consumption,M2_cooling,Fox_office_Carson,cooling_kw,spike,warning,iforest_ctx,2017-08-31 10:00:00,2017-08-31 10:00:00,2017-08-31 10:00:00,1,365.471,169.407,115.74,,196.1,month cross-fit (other 11 months of 2017),0.6823,1,false_positive,
IC-00129,A_consumption,M2_cooling,Fox_office_Carson,cooling_kw,off_hours_run,warning,iforest_ctx,2017-09-01 05:00:00,2017-09-01 07:00:00,2017-09-01 07:00:00,3,205.185,98.9,107.47,,318.9,month cross-fit (other 11 months of 2017),0.5937,1,false_positive,
IC-00130,A_consumption,M2_cooling,Fox_office_Carson,cooling_kw,off_hours_run,warning,iforest_ctx,2017-09-02 05:00:00,2017-09-02 10:00:00,2017-09-02 07:00:00,6,322.894,125.285,157.73,,1185.7,month cross-fit (other 11 months of 2017),0.6803,1,false_positive,
IC-00131,A_consumption,M2_cooling,Fox_office_Carson,cooling_kw,off_hours_run,warning,iforest_ctx,2017-09-03 05:00:00,2017-09-03 07:00:00,2017-09-03 07:00:00,3,243.284,96.713,151.55,,439.7,month cross-fit (other 11 months of 2017),0.6254,1,false_positive,
IC-00132,A_consumption,M2_cooling,Fox_office_Carson,cooling_kw,spike,warning,iforest_ctx,2017-09-05 05:00:00,2017-09-05 06:00:00,2017-09-05 05:00:00,2,327.331,80.773,305.25,,493.1,month cross-fit (other 11 months of 2017),0.716,1,false_positive,
IC-00133,A_consumption,M2_cooling,Fox_office_Carson,cooling_kw,off_hours_run,warning,iforest_ctx,2017-09-05 18:00:00,2017-09-05 23:00:00,2017-09-05 20:00:00,6,229.263,125.61,82.52,,621.9,month cross-fit (other 11 months of 2017),0.6788,1,false_positive,
IC-00134,A_consumption,M2_cooling,Fox_office_Carson,cooling_kw,off_hours_run,warning,iforest_ctx,2017-09-10 05:00:00,2017-09-10 07:00:00,2017-09-10 07:00:00,3,216.462,96.713,123.82,,359.2,month cross-fit (other 11 months of 2017),0.5987,1,false_positive,
IC-00135,A_consumption,M2_cooling,Fox_office_Yong,cooling_kw,spike,warning,iforest_ctx,2017-03-18 19:00:00,2017-03-18 19:00:00,2017-03-18 19:00:00,1,766.245,100.617,661.55,,665.6,month cross-fit (other 11 months of 2017),0.7394,1,true_positive,SYN-M2-03-01
IC-00136,DQ_quality,M2_cooling,Fox_office_Yong,cooling_kw,data_loss,warning,dq_gap>=3h,2017-04-10 01:00:00,2017-04-10 15:00:00,2017-04-10 03:00:00,15,,,,,,,,1,true_positive,SYN-M2-03-02
IC-00137,DQ_quality,M2_cooling,Fox_office_Yong,cooling_kw,stuck_sensor,warning,dq_flatline>=4h,2017-06-02 09:00:00,2017-06-02 21:00:00,2017-06-02 12:00:00,13,366.034,,,,,,,1,true_positive,SYN-M2-03-04
IC-00138,A_consumption,M2_cooling,Fox_office_Yong,cooling_kw,off_hours_run,warning,iforest_ctx,2017-06-04 01:00:00,2017-06-04 03:00:00,2017-06-04 03:00:00,3,388.706,160.345,142.42,,685.1,month cross-fit (other 11 months of 2017),0.6955,1,false_positive,
IC-00139,A_consumption,M2_cooling,Fox_office_Yong,cooling_kw,off_hours_run,warning,iforest_ctx,2017-06-11 01:00:00,2017-06-11 03:00:00,2017-06-11 03:00:00,3,330.478,160.345,106.1,,510.4,month cross-fit (other 11 months of 2017),0.6485,1,false_positive,
IC-00140,A_consumption,M2_cooling,Fox_office_Yong,cooling_kw,off_hours_run,warning,iforest_ctx,2017-06-18 01:00:00,2017-06-18 03:00:00,2017-06-18 03:00:00,3,417.157,160.345,160.16,,770.4,month cross-fit (other 11 months of 2017),0.6926,1,false_positive,
IC-00141,A_consumption,M2_cooling,Fox_office_Yong,cooling_kw,high_consumption,warning,iforest_ctx,2017-06-20 14:00:00,2017-06-20 21:00:00,2017-06-20 16:00:00,8,677.2,335.598,101.79,,2732.8,month cross-fit (other 11 months of 2017),0.6562,1,false_positive,
IC-00142,A_consumption,M2_cooling,Fox_office_Yong,cooling_kw,high_consumption,warning,iforest_ctx,2017-06-21 07:00:00,2017-06-22 02:00:00,2017-06-21 09:00:00,20,586.043,283.608,106.64,,6048.7,month cross-fit (other 11 months of 2017),0.6823,1,false_positive,
IC-00143,A_consumption,M2_cooling,Fox_office_Yong,cooling_kw,high_consumption,warning,iforest_ctx,2017-06-22 07:00:00,2017-06-23 01:00:00,2017-06-22 09:00:00,19,588.88,290.573,102.66,,5667.8,month cross-fit (other 11 months of 2017),0.6639,1,false_positive,
IC-00144,A_consumption,M2_cooling,Fox_office_Yong,cooling_kw,off_hours_run,warning,iforest_ctx,2017-06-23 07:00:00,2017-06-24 07:00:00,2017-06-23 09:00:00,25,567.237,255.063,122.39,,7804.4,month cross-fit (other 11 months of 2017),0.7618,1,true_positive,SYN-M2-03-05
IC-00145,A_consumption,M2_cooling,Fox_office_Yong,cooling_kw,spike,warning,iforest_ctx,2017-06-24 17:00:00,2017-06-24 17:00:00,2017-06-24 17:00:00,1,250.751,190.332,31.74,,60.4,month cross-fit (other 11 months of 2017),0.6871,1,false_positive,
IC-00146,A_consumption,M2_cooling,Fox_office_Yong,cooling_kw,off_hours_run,warning,iforest_ctx,2017-06-25 01:00:00,2017-06-25 03:00:00,2017-06-25 03:00:00,3,537.152,160.345,235.0,,1130.4,month cross-fit (other 11 months of 2017),0.717,1,false_positive,
IC-00147,A_consumption,M2_cooling,Fox_office_Yong,cooling_kw,off_hours_run,warning,iforest_ctx,2017-06-25 17:00:00,2017-06-25 22:00:00,2017-06-25 19:00:00,6,471.563,120.657,290.83,,2105.4,month cross-fit (other 11 months of 2017),0.5924,1,false_positive,
IC-00148,A_consumption,M2_cooling,Fox_office_Yong,cooling_kw,high_consumption,warning,iforest_ctx,2017-06-26 07:00:00,2017-06-26 20:00:00,2017-06-26 09:00:00,14,637.773,329.025,93.84,,4322.5,month cross-fit (other 11 months of 2017),0.6814,1,false_positive,
IC-00149,A_consumption,M2_cooling,Fox_office_Yong,cooling_kw,off_hours_run,warning,iforest_ctx,2017-07-02 01:00:00,2017-07-02 03:00:00,2017-07-02 03:00:00,3,413.675,156.676,164.03,,771.0,month cross-fit (other 11 months of 2017),0.6768,1,false_positive,
IC-00150,A_consumption,M2_cooling,Fox_office_Yong,cooling_kw,high_consumption,warning,iforest_ctx,2017-07-06 09:00:00,2017-07-06 11:00:00,2017-07-06 11:00:00,3,554.924,319.459,73.71,,706.4,month cross-fit (other 11 months of 2017),0.6308,1,false_positive,
IC-00151,A_consumption,M2_cooling,Fox_office_Yong,cooling_kw,off_hours_run,warning,iforest_ctx,2017-07-08 07:00:00,2017-07-08 09:00:00,2017-07-08 09:00:00,3,449.805,172.947,160.08,,830.6,month cross-fit (other 11 months of 2017),0.5974,1,false_positive,
IC-00152,A_consumption,M2_cooling,Fox_office_Yong,cooling_kw,spike,warning,iforest_ctx,2017-07-08 17:00:00,2017-07-08 20:00:00,2017-07-08 17:00:00,4,296.577,139.883,112.02,,313.3,month cross-fit (other 11 months of 2017),0.6884,2,true_positive,SYN-M2-03-06
IC-00153,A_consumption,M2_cooling,Fox_office_Yong,cooling_kw,off_hours_run,warning,iforest_ctx,2017-07-09 01:00:00,2017-07-09 04:00:00,2017-07-09 03:00:00,4,578.205,154.249,274.85,,1695.8,month cross-fit (other 11 months of 2017),0.7221,1,true_positive,SYN-M2-03-06
IC-00154,A_consumption,M2_cooling,Fox_office_Yong,cooling_kw,off_hours_run,warning,iforest_ctx,2017-07-09 17:00:00,2017-07-10 01:00:00,2017-07-09 19:00:00,9,466.975,124.25,275.84,,3084.5,month cross-fit (other 11 months of 2017),0.6885,1,true_positive,SYN-M2-03-06
IC-00155,A_consumption,M2_cooling,Fox_office_Yong,cooling_kw,high_consumption,warning,iforest_ctx,2017-07-10 08:00:00,2017-07-10 20:00:00,2017-07-10 10:00:00,13,629.467,340.228,85.01,,3760.1,month cross-fit (other 11 months of 2017),0.6915,1,false_positive,
IC-00156,A_consumption,M2_cooling,Fox_office_Yong,cooling_kw,high_consumption,warning,iforest_ctx,2017-07-11 07:00:00,2017-07-11 19:00:00,2017-07-11 09:00:00,13,615.654,336.356,83.04,,3630.9,month cross-fit (other 11 months of 2017),0.6565,1,false_positive,
IC-00157,A_consumption,M2_cooling,Fox_office_Yong,cooling_kw,high_consumption,warning,iforest_ctx,2017-07-12 07:00:00,2017-07-12 10:00:00,2017-07-12 09:00:00,4,531.739,239.73,121.81,,1168.0,month cross-fit (other 11 months of 2017),0.6005,1,false_positive,
IC-00158,A_consumption,M2_cooling,Fox_office_Yong,cooling_kw,high_consumption,warning,iforest_ctx,2017-07-12 17:00:00,2017-07-12 19:00:00,2017-07-12 19:00:00,3,616.914,316.61,94.85,,900.9,month cross-fit (other 11 months of 2017),0.6234,1,false_positive,
IC-00159,A_consumption,M2_cooling,Fox_office_Yong,cooling_kw,high_consumption,warning,iforest_ctx,2017-07-13 07:00:00,2017-07-13 09:00:00,2017-07-13 09:00:00,3,481.152,211.421,127.58,,809.2,month cross-fit (other 11 months of 2017),0.6152,1,false_positive,
IC-00160,A_consumption,M2_cooling,Fox_office_Yong,cooling_kw,spike,warning,iforest_ctx,2017-07-15 17:00:00,2017-07-15 17:00:00,2017-07-15 17:00:00,1,218.08,176.089,23.85,,42.0,month cross-fit (other 11 months of 2017),0.6704,1,false_positive,
IC-00161,A_consumption,M2_cooling,Fox_office_Yong,cooling_kw,off_hours_run,warning,iforest_ctx,2017-07-16 01:00:00,2017-07-16 03:00:00,2017-07-16 03:00:00,3,527.774,156.676,236.86,,1113.3,month cross-fit (other 11 months of 2017),0.7041,1,false_positive,
IC-00162,A_consumption,M2_cooling,Fox_office_Yong,cooling_kw,high_consumption,warning,iforest_ctx,2017-07-18 07:00:00,2017-07-18 09:00:00,2017-07-18 09:00:00,3,472.969,211.421,123.71,,784.6,month cross-fit (other 11 months of 2017),0.6143,1,false_positive,
IC-00163,A_consumption,M2_cooling,Fox_office_Yong,cooling_kw,high_consumption,warning,iforest_ctx,2017-07-19 07:00:00,2017-07-19 10:00:00,2017-07-19 09:00:00,4,520.749,239.73,117.22,,1124.1,month cross-fit (other 11 months of 2017),0.629,1,false_positive,
IC-00164,A_consumption,M2_cooling,Fox_office_Yong,cooling_kw,off_hours_run,warning,iforest_ctx,2017-07-20 18:00:00,2017-07-20 20:00:00,2017-07-20 20:00:00,3,483.274,261.466,84.83,,665.4,month cross-fit (other 11 months of 2017),0.6076,1,false_positive,
IC-00165,A_consumption,M2_cooling,Fox_office_Yong,cooling_kw,high_consumption,warning,iforest_ctx,2017-07-21 05:00:00,2017-07-21 10:00:00,2017-07-21 07:00:00,6,552.292,205.199,169.15,,2082.6,month cross-fit (other 11 months of 2017),0.7139,1,false_positive,
IC-00166,A_consumption,M2_cooling,Fox_office_Yong,cooling_kw,spike,warning,iforest_ctx,2017-07-22 17:00:00,2017-07-22 17:00:00,2017-07-22 17:00:00,1,178.762,176.089,1.52,,2.7,month cross-fit (other 11 months of 2017),0.6845,1,false_positive,
IC-00167,A_consumption,M2_cooling,Fox_office_Yong,cooling_kw,off_hours_run,warning,iforest_ctx,2017-07-23 01:00:00,2017-07-23 03:00:00,2017-07-23 03:00:00,3,563.716,156.676,259.8,,1221.1,month cross-fit (other 11 months of 2017),0.7078,1,false_positive,
IC-00168,A_consumption,M2_cooling,Fox_office_Yong,cooling_kw,off_hours_run,warning,iforest_ctx,2017-07-23 17:00:00,2017-07-23 20:00:00,2017-07-23 19:00:00,4,504.897,125.398,302.64,,1518.0,month cross-fit (other 11 months of 2017),0.6315,1,false_positive,
IC-00169,A_consumption,M2_cooling,Fox_office_Yong,cooling_kw,high_consumption,warning,iforest_ctx,2017-07-25 09:00:00,2017-07-25 11:00:00,2017-07-25 11:00:00,3,622.611,319.459,94.9,,909.5,month cross-fit (other 11 months of 2017),0.6493,1,false_positive,
IC-00170,A_consumption,M2_cooling,Fox_office_Yong,cooling_kw,high_consumption,warning,iforest_ctx,2017-07-26 07:00:00,2017-07-26 11:00:00,2017-07-26 09:00:00,5,562.773,265.206,112.2,,1487.8,month cross-fit (other 11 months of 2017),0.6301,1,false_positive,
IC-00171,A_consumption,M2_cooling,Fox_office_Yong,cooling_kw,high_consumption,warning,iforest_ctx,2017-07-27 07:00:00,2017-07-27 09:00:00,2017-07-27 09:00:00,3,465.701,211.421,120.27,,762.8,month cross-fit (other 11 months of 2017),0.5843,1,false_positive,
IC-00172,A_consumption,M2_cooling,Fox_office_Yong,cooling_kw,spike,warning,iforest_ctx,2017-07-29 17:00:00,2017-07-29 17:00:00,2017-07-29 17:00:00,1,189.136,176.089,7.41,,13.0,month cross-fit (other 11 months of 2017),0.6651,1,false_positive,
IC-00173,A_consumption,M2_cooling,Fox_office_Yong,cooling_kw,off_hours_run,warning,iforest_ctx,2017-07-30 01:00:00,2017-07-30 03:00:00,2017-07-30 03:00:00,3,470.285,156.676,200.16,,940.8,month cross-fit (other 11 months of 2017),0.6922,1,false_positive,
IC-00174,A_consumption,M2_cooling,Fox_office_Yong,cooling_kw,high_consumption,warning,iforest_ctx,2017-07-31 07:00:00,2017-07-31 11:00:00,2017-07-31 09:00:00,5,570.384,265.206,115.07,,1525.9,month cross-fit (other 11 months of 2017),0.6458,1,false_positive,
IC-00175,A_consumption,M2_cooling,Fox_office_Yong,cooling_kw,high_consumption,warning,iforest_ctx,2017-07-31 17:00:00,2017-07-31 19:00:00,2017-07-31 19:00:00,3,598.638,316.61,89.08,,846.1,month cross-fit (other 11 months of 2017),0.6158,1,false_positive,
IC-00176,A_consumption,M2_cooling,Fox_office_Yong,cooling_kw,high_consumption,warning,iforest_ctx,2017-08-03 09:00:00,2017-08-03 11:00:00,2017-08-03 11:00:00,3,643.373,316.153,103.5,,981.7,month cross-fit (other 11 months of 2017),0.6314,1,false_positive,
IC-00177,A_consumption,M2_cooling,Fox_office_Yong,cooling_kw,off_hours_run,warning,iforest_ctx,2017-08-06 01:00:00,2017-08-06 03:00:00,2017-08-06 03:00:00,3,482.899,160.345,201.16,,967.7,month cross-fit (other 11 months of 2017),0.7189,1,false_positive,
IC-00178,A_consumption,M2_cooling,Fox_office_Yong,cooling_kw,high_consumption,warning,iforest_ctx,2017-08-11 07:00:00,2017-08-11 10:00:00,2017-08-11 09:00:00,4,547.424,237.357,130.63,,1240.3,month cross-fit (other 11 months of 2017),0.6363,1,false_positive,
IC-00179,A_consumption,M2_cooling,Fox_office_Yong,cooling_kw,spike,warning,iforest_ctx,2017-08-12 17:00:00,2017-08-12 17:00:00,2017-08-12 17:00:00,1,223.812,178.427,25.44,,45.4,month cross-fit (other 11 months of 2017),0.6781,1,false_positive,
IC-00180,A_consumption,M2_cooling,Fox_office_Yong,cooling_kw,off_hours_run,warning,iforest_ctx,2017-08-13 01:00:00,2017-08-13 03:00:00,2017-08-13 03:00:00,3,523.225,160.345,226.31,,1088.6,month cross-fit (other 11 months of 2017),0.7276,1,false_positive,
IC-00181,A_consumption,M2_cooling,Fox_office_Yong,cooling_kw,off_hours_run,warning,iforest_ctx,2017-08-13 17:00:00,2017-08-13 19:00:00,2017-08-13 19:00:00,3,471.516,133.418,253.41,,1014.3,month cross-fit (other 11 months of 2017),0.59,1,false_positive,
IC-00182,A_consumption,M2_cooling,Fox_office_Yong,cooling_kw,off_hours_run,warning,iforest_ctx,2017-08-20 01:00:00,2017-08-20 03:00:00,2017-08-20 03:00:00,3,465.42,160.345,190.26,,915.2,month cross-fit (other 11 months of 2017),0.7223,1,false_positive,
IC-00183,A_consumption,M2_cooling,Fox_office_Yong,cooling_kw,high_consumption,warning,iforest_ctx,2017-08-23 07:00:00,2017-08-23 09:00:00,2017-08-23 09:00:00,3,485.489,210.566,130.56,,824.8,month cross-fit (other 11 months of 2017),0.6241,1,false_positive,
IC-00184,A_consumption,M2_cooling,Fox_office_Yong,cooling_kw,off_hours_run,warning,iforest_ctx,2017-08-23 17:00:00,2017-08-23 21:00:00,2017-08-23 19:00:00,5,539.731,274.55,96.59,,1325.9,month cross-fit (other 11 months of 2017),0.574,1,false_positive,
IC-00185,A_consumption,M2_cooling,Fox_office_Yong,cooling_kw,high_consumption,warning,iforest_ctx,2017-08-24 07:00:00,2017-08-24 09:00:00,2017-08-24 09:00:00,3,443.147,210.566,110.46,,697.7,month cross-fit (other 11 months of 2017),0.579,1,false_positive,
IC-00186,A_consumption,M2_cooling,Fox_office_Yong,cooling_kw,spike,warning,iforest_ctx,2017-08-26 17:00:00,2017-08-26 17:00:00,2017-08-26 17:00:00,1,255.816,178.427,43.37,,77.4,month cross-fit (other 11 months of 2017),0.673,1,false_positive,
IC-00187,A_consumption,M2_cooling,Fox_office_Yong,cooling_kw,off_hours_run,warning,iforest_ctx,2017-08-27 01:00:00,2017-08-27 03:00:00,2017-08-27 03:00:00,3,496.638,160.345,209.73,,1008.9,month cross-fit (other 11 months of 2017),0.724,1,false_positive,
IC-00188,A_consumption,M2_cooling,Fox_office_Yong,cooling_kw,off_hours_run,warning,iforest_ctx,2017-08-27 17:00:00,2017-08-27 19:00:00,2017-08-27 19:00:00,3,485.794,133.418,264.11,,1057.1,month cross-fit (other 11 months of 2017),0.6065,1,false_positive,
IC-00189,A_consumption,M2_cooling,Fox_office_Yong,cooling_kw,off_hours_run,warning,iforest_ctx,2017-09-03 01:00:00,2017-09-03 03:00:00,2017-09-03 03:00:00,3,474.493,158.51,199.35,,947.9,month cross-fit (other 11 months of 2017),0.7052,1,false_positive,
IC-00190,A_consumption,M2_cooling,Fox_office_Yong,cooling_kw,high_consumption,warning,iforest_ctx,2017-09-07 08:00:00,2017-09-07 10:00:00,2017-09-07 10:00:00,3,566.166,263.629,114.76,,907.6,month cross-fit (other 11 months of 2017),0.625,1,false_positive,
IC-00191,A_consumption,M2_cooling,Fox_office_Yong,cooling_kw,high_consumption,warning,iforest_ctx,2017-09-07 17:00:00,2017-09-07 19:00:00,2017-09-07 19:00:00,3,523.085,318.14,64.42,,614.8,month cross-fit (other 11 months of 2017),0.5815,1,false_positive,
IC-00192,A_consumption,M2_cooling,Fox_office_Yong,cooling_kw,off_hours_run,warning,iforest_ctx,2017-09-10 01:00:00,2017-09-10 03:00:00,2017-09-10 03:00:00,3,467.366,158.51,194.85,,926.6,month cross-fit (other 11 months of 2017),0.7,1,false_positive,
IC-00193,A_consumption,M2_cooling,Fox_office_Yong,cooling_kw,high_consumption,warning,iforest_ctx,2017-09-11 09:00:00,2017-09-11 11:00:00,2017-09-11 11:00:00,3,620.325,320.268,93.69,,900.2,month cross-fit (other 11 months of 2017),0.5747,1,false_positive,
IC-00194,A_consumption,M2_cooling,Fox_office_Yong,cooling_kw,high_consumption,warning,iforest_ctx,2017-09-12 07:00:00,2017-09-12 19:00:00,2017-09-12 09:00:00,13,614.471,326.156,88.4,,3171.5,month cross-fit (other 11 months of 2017),0.6016,2,false_positive,
IC-00195,A_consumption,M2_cooling,Fox_office_Yong,cooling_kw,off_hours_run,warning,iforest_ctx,2017-09-17 01:00:00,2017-09-17 03:00:00,2017-09-17 03:00:00,3,327.102,158.51,106.36,,505.8,month cross-fit (other 11 months of 2017),0.62,1,false_positive,
IC-00196,A_consumption,M1_power,Hog_office_Emmanuel,power_active_kw,high_consumption,warning,iforest_ctx,2017-01-04 09:00:00,2017-01-04 11:00:00,2017-01-04 11:00:00,3,43.131,35.117,22.82,,24.0,month cross-fit (other 11 months of 2017),0.6258,1,false_positive,
IC-00197,A_consumption,M1_power,Hog_office_Emmanuel,power_active_kw,high_consumption,warning,iforest_ctx,2017-01-23 08:00:00,2017-01-23 10:00:00,2017-01-23 10:00:00,3,38.662,31.896,21.21,,20.3,month cross-fit (other 11 months of 2017),0.67,1,false_positive,
IC-00198,A_consumption,M1_power,Hog_office_Emmanuel,power_active_kw,off_hours_run,warning,iforest_ctx,2017-01-31 08:00:00,2017-01-31 12:00:00,2017-01-31 10:00:00,5,37.758,29.586,27.62,,40.9,month cross-fit (other 11 months of 2017),0.6488,1,false_positive,
IC-00199,A_consumption,M1_power,Hog_office_Emmanuel,power_active_kw,high_consumption,warning,iforest_ctx,2017-02-01 08:00:00,2017-02-01 10:00:00,2017-02-01 10:00:00,3,37.173,31.976,16.25,,15.6,month cross-fit (other 11 months of 2017),0.6447,1,false_positive,
IC-00200,A_consumption,M1_power,Hog_office_Emmanuel,power_active_kw,off_hours_run,warning,iforest_ctx,2017-02-09 23:00:00,2017-02-10 01:00:00,2017-02-10 01:00:00,3,29.988,21.631,38.63,,25.1,month cross-fit (other 11 months of 2017),0.602,1,false_positive,
IC-00201,A_consumption,M1_power,Hog_office_Emmanuel,power_active_kw,high_consumption,warning,iforest_ctx,2017-02-10 08:00:00,2017-02-10 10:00:00,2017-02-10 10:00:00,3,37.012,31.976,15.75,,15.1,month cross-fit (other 11 months of 2017),0.5797,1,false_positive,
IC-00202,A_consumption,M1_power,Hog_office_Emmanuel,power_active_kw,spike,warning,iforest_ctx,2017-03-31 08:00:00,2017-03-31 09:00:00,2017-03-31 08:00:00,2,63.032,30.292,108.08,,65.5,month cross-fit (other 11 months of 2017),0.723,1,true_positive,SYN-M1-02-01
IC-00203,A_consumption,M1_power,Hog_office_Emmanuel,power_active_kw,high_consumption,warning,iforest_ctx,2017-04-27 08:00:00,2017-04-27 11:00:00,2017-04-27 10:00:00,4,41.166,33.373,23.35,,31.2,month cross-fit (other 11 months of 2017),0.6211,1,true_positive,SYN-M1-02-03
IC-00204,A_consumption,M1_power,Hog_office_Emmanuel,power_active_kw,baseload_rise,warning,iforest_ctx,2017-04-27 17:00:00,2017-05-03 10:00:00,2017-04-27 19:00:00,138,35.097,26.846,30.73,,1138.7,month cross-fit (other 11 months of 2017),0.7529,1,true_positive,SYN-M1-02-03
IC-00205,DQ_quality,M1_power,Hog_office_Emmanuel,power_active_kw,data_loss,warning,dq_gap>=3h,2017-05-28 21:00:00,2017-05-30 02:00:00,2017-05-28 23:00:00,30,,,,,,,,1,true_positive,SYN-M1-02-04
IC-00206,DQ_quality,M1_power,Hog_office_Emmanuel,power_active_kw,stuck_sensor,warning,dq_flatline>=4h,2017-06-14 04:00:00,2017-06-14 11:00:00,2017-06-14 07:00:00,8,19.882,,,,,,,1,true_positive,SYN-M1-02-05
IC-00207,A_consumption,M1_power,Hog_office_Emmanuel,power_active_kw,spike,warning,iforest_ctx,2017-07-18 14:00:00,2017-07-18 15:00:00,2017-07-18 14:00:00,2,65.498,35.553,84.23,,59.9,month cross-fit (other 11 months of 2017),0.7367,1,true_positive,SYN-M1-02-06
IC-00208,A_consumption,M1_power,Hog_office_Emmanuel,power_active_kw,spike,warning,iforest_ctx,2017-07-31 06:00:00,2017-07-31 06:00:00,2017-07-31 06:00:00,1,70.519,20.764,239.62,,49.8,month cross-fit (other 11 months of 2017),0.7058,1,false_positive,
IC-00209,A_consumption,M1_power,Hog_office_Emmanuel,power_active_kw,off_hours_run,warning,iforest_ctx,2017-08-15 17:00:00,2017-08-15 21:00:00,2017-08-15 19:00:00,5,35.756,29.129,22.75,,33.1,month cross-fit (other 11 months of 2017),0.6387,1,true_positive,SYN-M1-02-08
IC-00210,A_consumption,M1_power,Hog_office_Emmanuel,power_active_kw,baseload_rise,warning,iforest_ctx,2017-08-16 00:00:00,2017-08-17 09:00:00,2017-08-16 02:00:00,34,32.788,26.717,22.72,,206.4,month cross-fit (other 11 months of 2017),0.6686,1,true_positive,SYN-M1-02-08
IC-00211,A_consumption,M1_power,Hog_office_Emmanuel,power_active_kw,off_hours_run,warning,iforest_ctx,2017-08-17 12:00:00,2017-08-18 01:00:00,2017-08-17 14:00:00,14,35.467,29.882,18.69,,78.2,month cross-fit (other 11 months of 2017),0.6389,1,true_positive,SYN-M1-02-08
IC-00212,A_consumption,M1_power,Hog_office_Emmanuel,power_active_kw,high_consumption,warning,iforest_ctx,2017-08-18 07:00:00,2017-08-18 12:00:00,2017-08-18 09:00:00,6,37.023,32.369,14.38,,27.9,month cross-fit (other 11 months of 2017),0.6327,1,true_positive,SYN-M1-02-08
IC-00213,A_consumption,M1_power,Hog_office_Emmanuel,power_active_kw,off_hours_run,warning,iforest_ctx,2017-08-18 15:00:00,2017-08-19 00:00:00,2017-08-18 17:00:00,10,34.682,28.64,21.1,,60.4,month cross-fit (other 11 months of 2017),0.6618,1,true_positive,SYN-M1-02-08
IC-00214,A_consumption,M1_power,Hog_office_Emmanuel,power_active_kw,baseload_rise,warning,iforest_ctx,2017-08-19 07:00:00,2017-08-21 11:00:00,2017-08-19 09:00:00,53,32.85,26.551,23.72,,333.9,month cross-fit (other 11 months of 2017),0.7193,1,true_positive,SYN-M1-02-08
IC-00215,A_consumption,M1_power,Hog_office_Emmanuel,power_active_kw,spike,warning,iforest_ctx,2017-11-05 02:00:00,2017-11-05 03:00:00,2017-11-05 02:00:00,2,34.122,20.53,66.21,,27.2,month cross-fit (other 11 months of 2017),0.6888,1,false_positive,
IC-00216,A_consumption,M1_power,Hog_office_Shon,power_active_kw,high_consumption,warning,iforest_ctx,2017-01-17 07:00:00,2017-01-17 13:00:00,2017-01-17 09:00:00,7,126.24,89.576,40.93,,256.7,month cross-fit (other 11 months of 2017),0.7118,1,false_positive,
IC-00217,A_consumption,M1_power,Hog_office_Shon,power_active_kw,high_consumption,warning,iforest_ctx,2017-01-18 07:00:00,2017-01-18 11:00:00,2017-01-18 09:00:00,5,107.444,83.443,28.76,,120.0,month cross-fit (other 11 months of 2017),0.6703,1,false_positive,
IC-00218,A_consumption,M1_power,Hog_office_Shon,power_active_kw,high_consumption,warning,iforest_ctx,2017-01-23 09:00:00,2017-01-23 11:00:00,2017-01-23 11:00:00,3,127.667,92.239,38.41,,106.3,month cross-fit (other 11 months of 2017),0.6445,1,false_positive,
IC-00219,A_consumption,M1_power,Hog_office_Shon,power_active_kw,spike,warning,iforest_ctx,2017-01-24 09:00:00,2017-01-24 10:00:00,2017-01-24 09:00:00,2,118.783,87.698,35.45,,62.2,month cross-fit (other 11 months of 2017),0.6665,1,false_positive,
IC-00220,A_consumption,M1_power,Hog_office_Shon,power_active_kw,high_consumption,warning,iforest_ctx,2017-01-25 09:00:00,2017-01-25 11:00:00,2017-01-25 11:00:00,3,118.057,92.239,27.99,,77.5,month cross-fit (other 11 months of 2017),0.6126,1,false_positive,
IC-00221,A_consumption,M1_power,Hog_office_Shon,power_active_kw,off_hours_run,warning,iforest_ctx,2017-01-27 09:00:00,2017-01-27 20:00:00,2017-01-27 11:00:00,12,100.365,54.714,83.44,,547.8,month cross-fit (other 11 months of 2017),0.676,1,false_positive,
IC-00222,A_consumption,M1_power,Hog_office_Shon,power_active_kw,off_hours_run,warning,iforest_ctx,2017-01-30 07:00:00,2017-01-31 01:00:00,2017-01-30 09:00:00,19,102.289,55.038,85.85,,897.8,month cross-fit (other 11 months of 2017),0.7147,1,false_positive,
IC-00223,A_consumption,M1_power,Hog_office_Shon,power_active_kw,off_hours_run,warning,iforest_ctx,2017-01-31 07:00:00,2017-01-31 23:00:00,2017-01-31 09:00:00,17,110.439,54.905,101.15,,944.1,month cross-fit (other 11 months of 2017),0.7585,1,false_positive,
IC-00224,A_consumption,M1_power,Hog_office_Shon,power_active_kw,high_consumption,warning,iforest_ctx,2017-02-01 08:00:00,2017-02-01 14:00:00,2017-02-01 10:00:00,7,116.964,93.214,25.48,,166.3,month cross-fit (other 11 months of 2017),0.6852,1,false_positive,
IC-00225,A_consumption,M1_power,Hog_office_Shon,power_active_kw,high_consumption,warning,iforest_ctx,2017-02-02 07:00:00,2017-02-02 11:00:00,2017-02-02 09:00:00,5,105.415,82.651,27.54,,113.8,month cross-fit (other 11 months of 2017),0.6487,1,false_positive,
IC-00226,A_consumption,M1_power,Hog_office_Shon,power_active_kw,high_consumption,warning,iforest_ctx,2017-02-06 16:00:00,2017-02-06 18:00:00,2017-02-06 18:00:00,3,128.466,95.292,34.81,,99.5,month cross-fit (other 11 months of 2017),0.6143,1,false_positive,
IC-00227,A_consumption,M1_power,Hog_office_Shon,power_active_kw,high_consumption,warning,iforest_ctx,2017-02-07 09:00:00,2017-02-07 11:00:00,2017-02-07 11:00:00,3,124.77,90.943,37.2,,101.5,month cross-fit (other 11 months of 2017),0.6593,1,false_positive,
IC-00228,A_consumption,M1_power,Hog_office_Shon,power_active_kw,high_consumption,warning,iforest_ctx,2017-02-09 09:00:00,2017-02-09 11:00:00,2017-02-09 11:00:00,3,120.777,90.943,32.81,,89.5,month cross-fit (other 11 months of 2017),0.6532,1,false_positive,
IC-00229,A_consumption,M1_power,Hog_office_Shon,power_active_kw,high_consumption,warning,iforest_ctx,2017-03-01 09:00:00,2017-03-01 11:00:00,2017-03-01 11:00:00,3,117.17,91.542,28.0,,76.9,month cross-fit (other 11 months of 2017),0.6549,1,false_positive,
IC-00230,A_consumption,M1_power,Hog_office_Shon,power_active_kw,high_consumption,warning,iforest_ctx,2017-03-02 09:00:00,2017-03-02 11:00:00,2017-03-02 11:00:00,3,118.255,91.542,29.18,,80.1,month cross-fit (other 11 months of 2017),0.6328,1,false_positive,
IC-00231,A_consumption,M1_power,Hog_office_Shon,power_active_kw,high_consumption,warning,iforest_ctx,2017-03-06 09:00:00,2017-03-06 11:00:00,2017-03-06 11:00:00,3,121.516,91.542,32.74,,89.9,month cross-fit (other 11 months of 2017),0.6198,1,false_positive,
IC-00232,A_consumption,M1_power,Hog_office_Shon,power_active_kw,high_consumption,warning,iforest_ctx,2017-03-07 09:00:00,2017-03-07 11:00:00,2017-03-07 11:00:00,3,117.251,91.542,28.08,,77.1,month cross-fit (other 11 months of 2017),0.6217,1,false_positive,
IC-00233,A_consumption,M1_power,Hog_office_Shon,power_active_kw,high_consumption,warning,iforest_ctx,2017-03-08 09:00:00,2017-03-08 11:00:00,2017-03-08 11:00:00,3,122.229,91.542,33.52,,92.1,month cross-fit (other 11 months of 2017),0.6515,1,false_positive,
IC-00234,A_consumption,M1_power,Hog_office_Shon,power_active_kw,high_consumption,warning,iforest_ctx,2017-03-09 09:00:00,2017-03-09 20:00:00,2017-03-09 11:00:00,12,130.742,95.686,36.64,,420.7,month cross-fit (other 11 months of 2017),0.6381,1,false_positive,
IC-00235,A_consumption,M1_power,Hog_office_Shon,power_active_kw,high_consumption,warning,iforest_ctx,2017-03-10 07:00:00,2017-03-10 09:00:00,2017-03-10 09:00:00,3,80.228,74.189,8.14,,18.1,month cross-fit (other 11 months of 2017),0.5932,1,false_positive,
IC-00236,A_consumption,M1_power,Hog_office_Shon,power_active_kw,spike,warning,iforest_ctx,2017-03-21 23:00:00,2017-03-22 00:00:00,2017-03-21 23:00:00,2,193.863,60.145,222.33,,267.4,month cross-fit (other 11 months of 2017),0.7613,1,true_positive,SYN-M1-03-01
IC-00237,A_consumption,M1_power,Hog_office_Shon,power_active_kw,high_consumption,warning,iforest_ctx,2017-03-22 08:00:00,2017-03-22 18:00:00,2017-03-22 10:00:00,11,121.724,95.513,27.44,,288.3,month cross-fit (other 11 months of 2017),0.6587,1,true_positive,SYN-M1-03-01
IC-00238,A_consumption,M1_power,Hog_office_Shon,power_active_kw,off_hours_run,warning,iforest_ctx,2017-03-22 21:00:00,2017-03-22 23:00:00,2017-03-22 23:00:00,3,85.422,71.494,19.48,,41.8,month cross-fit (other 11 months of 2017),0.5905,1,true_positive,SYN-M1-03-01
IC-00239,A_consumption,M1_power,Hog_office_Shon,power_active_kw,high_consumption,warning,iforest_ctx,2017-03-23 09:00:00,2017-03-23 11:00:00,2017-03-23 11:00:00,3,121.668,91.542,32.91,,90.4,month cross-fit (other 11 months of 2017),0.6458,1,false_positive,
IC-00240,A_consumption,M1_power,Hog_office_Shon,power_active_kw,high_consumption,warning,iforest_ctx,2017-03-27 09:00:00,2017-03-27 14:00:00,2017-03-27 11:00:00,6,133.379,97.625,36.62,,214.5,month cross-fit (other 11 months of 2017),0.6415,1,false_positive,
IC-00241,A_consumption,M1_power,Hog_office_Shon,power_active_kw,high_consumption,warning,iforest_ctx,2017-03-28 09:00:00,2017-03-28 11:00:00,2017-03-28 11:00:00,3,120.284,91.542,31.4,,86.2,month cross-fit (other 11 months of 2017),0.6371,1,false_positive,
IC-00242,A_consumption,M1_power,Hog_office_Shon,power_active_kw,off_hours_run,warning,iforest_ctx,2017-04-06 09:00:00,2017-04-07 01:00:00,2017-04-06 11:00:00,17,105.308,55.274,90.52,,850.6,month cross-fit (other 11 months of 2017),0.7271,1,false_positive,
IC-00243,A_consumption,M1_power,Hog_office_Shon,power_active_kw,high_consumption,warning,iforest_ctx,2017-04-27 09:00:00,2017-04-27 11:00:00,2017-04-27 11:00:00,3,117.566,91.139,29.0,,79.3,month cross-fit (other 11 months of 2017),0.6179,1,false_positive,
IC-00244,A_consumption,M1_power,Hog_office_Shon,power_active_kw,off_hours_run,warning,iforest_ctx,2017-05-01 09:00:00,2017-05-02 00:00:00,2017-05-01 11:00:00,16,106.063,55.54,90.97,,808.4,month cross-fit (other 11 months of 2017),0.7072,1,false_positive,
IC-00245,A_consumption,M1_power,Hog_office_Shon,power_active_kw,high_consumption,warning,iforest_ctx,2017-05-02 08:00:00,2017-05-02 11:00:00,2017-05-02 10:00:00,4,105.64,87.575,20.63,,72.3,month cross-fit (other 11 months of 2017),0.6935,1,false_positive,
IC-00246,A_consumption,M1_power,Hog_office_Shon,power_active_kw,high_consumption,warning,iforest_ctx,2017-05-08 07:00:00,2017-05-08 09:00:00,2017-05-08 09:00:00,3,95.073,74.763,27.17,,60.9,month cross-fit (other 11 months of 2017),0.5839,1,true_positive,SYN-M1-03-03
IC-00247,A_consumption,M1_power,Hog_office_Shon,power_active_kw,off_hours_run,warning,iforest_ctx,2017-05-08 21:00:00,2017-05-08 23:00:00,2017-05-08 23:00:00,3,103.206,72.036,43.27,,93.5,month cross-fit (other 11 months of 2017),0.6166,1,true_positive,SYN-M1-03-03
IC-00248,A_consumption,M1_power,Hog_office_Shon,power_active_kw,high_consumption,warning,iforest_ctx,2017-05-10 09:00:00,2017-05-10 11:00:00,2017-05-10 11:00:00,3,114.986,92.918,23.75,,66.2,month cross-fit (other 11 months of 2017),0.5895,1,true_positive,SYN-M1-03-03
IC-00249,A_consumption,M1_power,Hog_office_Shon,power_active_kw,off_hours_run,warning,iforest_ctx,2017-05-10 23:00:00,2017-05-11 01:00:00,2017-05-11 01:00:00,3,73.617,59.203,24.35,,43.2,month cross-fit (other 11 months of 2017),0.5979,1,true_positive,SYN-M1-03-03
IC-00250,DQ_quality,M1_power,Hog_office_Shon,power_active_kw,data_loss,warning,dq_gap>=3h,2017-05-23 21:00:00,2017-05-24 17:00:00,2017-05-23 23:00:00,21,,,,,,,,1,true_positive,SYN-M1-03-04
IC-00251,DQ_quality,M1_power,Hog_office_Shon,power_active_kw,stuck_sensor,warning,dq_flatline>=4h,2017-06-13 23:00:00,2017-06-14 08:00:00,2017-06-14 02:00:00,10,68.088,,,,,,,1,true_positive,SYN-M1-03-05
IC-00252,A_consumption,M1_power,Hog_office_Shon,power_active_kw,spike,warning,iforest_ctx,2017-07-05 15:00:00,2017-07-05 16:00:00,2017-07-05 15:00:00,2,295.958,107.441,175.46,,377.0,month cross-fit (other 11 months of 2017),0.7391,1,true_positive,SYN-M1-03-06
IC-00253,A_consumption,M1_power,Hog_office_Shon,power_active_kw,spike,warning,iforest_ctx,2017-07-10 07:00:00,2017-07-10 08:00:00,2017-07-10 07:00:00,2,99.505,70.444,41.25,,58.1,month cross-fit (other 11 months of 2017),0.692,1,false_positive,
IC-00254,A_consumption,M1_power,Hog_office_Shon,power_active_kw,baseload_rise,warning,iforest_ctx,2017-08-19 21:00:00,2017-08-21 11:00:00,2017-08-19 23:00:00,39,86.287,58.911,46.47,,1067.7,month cross-fit (other 11 months of 2017),0.6831,1,true_positive,SYN-M1-03-08
IC-00255,A_consumption,M1_power,Hog_office_Shon,power_active_kw,high_consumption,warning,iforest_ctx,2017-09-05 07:00:00,2017-09-05 10:00:00,2017-09-05 09:00:00,4,88.528,78.865,12.25,,38.7,month cross-fit (other 11 months of 2017),0.6542,1,false_positive,
IC-00256,A_consumption,M1_power,Hog_office_Shon,power_active_kw,spike,warning,iforest_ctx,2017-11-05 02:00:00,2017-11-05 03:00:00,2017-11-05 02:00:00,2,84.246,54.764,53.83,,59.0,month cross-fit (other 11 months of 2017),0.7155,1,false_positive,
IC-00257,A_consumption,M1_power,Hog_office_Shon,power_active_kw,spike,warning,iforest_ctx,2017-12-26 07:00:00,2017-12-26 08:00:00,2017-12-26 07:00:00,2,89.376,70.122,27.46,,38.5,month cross-fit (other 11 months of 2017),0.7075,1,false_positive,
IC-00258,A_consumption,M1_power,Panther_office_Shauna,power_active_kw,spike,warning,iforest_ctx,2017-01-02 07:00:00,2017-01-02 08:00:00,2017-01-02 07:00:00,2,207.14,146.428,41.46,,121.4,month cross-fit (other 11 months of 2017),0.7346,1,false_positive,
IC-00259,A_consumption,M1_power,Panther_office_Shauna,power_active_kw,high_consumption,warning,iforest_ctx,2017-01-09 07:00:00,2017-01-09 10:00:00,2017-01-09 09:00:00,4,260.2,138.527,87.83,,486.7,month cross-fit (other 11 months of 2017),0.736,1,false_positive,
IC-00260,A_consumption,M1_power,Panther_office_Shauna,power_active_kw,high_consumption,warning,iforest_ctx,2017-01-10 07:00:00,2017-01-10 09:00:00,2017-01-10 09:00:00,3,213.308,141.361,50.9,,215.8,month cross-fit (other 11 months of 2017),0.7358,1,false_positive,
IC-00261,A_consumption,M1_power,Panther_office_Shauna,power_active_kw,spike,warning,iforest_ctx,2017-01-11 07:00:00,2017-01-11 07:00:00,2017-01-11 07:00:00,1,213.241,146.128,45.93,,67.1,month cross-fit (other 11 months of 2017),0.71,1,false_positive,
IC-00262,A_consumption,M1_power,Panther_office_Shauna,power_active_kw,off_hours_run,warning,iforest_ctx,2017-01-28 07:00:00,2017-01-28 09:00:00,2017-01-28 09:00:00,3,153.096,95.085,61.01,,174.0,month cross-fit (other 11 months of 2017),0.6756,1,false_positive,
IC-00263,A_consumption,M1_power,Panther_office_Shauna,power_active_kw,baseload_rise,warning,iforest_ctx,2017-01-30 06:00:00,2017-01-31 16:00:00,2017-01-30 08:00:00,35,144.742,83.476,73.39,,2144.3,month cross-fit (other 11 months of 2017),0.7546,1,false_positive,
IC-00264,A_consumption,M1_power,Panther_office_Shauna,power_active_kw,high_consumption,warning,iforest_ctx,2017-02-01 06:00:00,2017-02-01 09:00:00,2017-02-01 08:00:00,4,171.733,128.375,33.77,,173.4,month cross-fit (other 11 months of 2017),0.6947,1,false_positive,
IC-00265,DQ_quality,M1_power,Panther_office_Shauna,power_active_kw,data_loss,warning,dq_gap>=3h,2017-02-14 19:00:00,2017-02-14 23:00:00,2017-02-14 21:00:00,5,,,,,,,,1,natural,
IC-00266,A_consumption,M1_power,Panther_office_Shauna,power_active_kw,off_hours_run,warning,iforest_ctx,2017-02-24 21:00:00,2017-02-25 03:00:00,2017-02-24 23:00:00,7,137.741,56.039,145.79,,571.9,month cross-fit (other 11 months of 2017),0.5875,1,false_positive,
IC-00267,A_consumption,M1_power,Panther_office_Shauna,power_active_kw,off_hours_run,warning,iforest_ctx,2017-02-25 20:00:00,2017-02-26 06:00:00,2017-02-25 22:00:00,11,121.369,58.12,108.82,,695.7,month cross-fit (other 11 months of 2017),0.6233,1,false_positive,
IC-00268,A_consumption,M1_power,Panther_office_Shauna,power_active_kw,off_hours_run,warning,iforest_ctx,2017-02-26 22:00:00,2017-02-27 06:00:00,2017-02-27 00:00:00,9,128.425,61.112,110.15,,605.8,month cross-fit (other 11 months of 2017),0.6351,1,false_positive,
IC-00269,A_consumption,M1_power,Panther_office_Shauna,power_active_kw,high_consumption,warning,iforest_ctx,2017-03-06 07:00:00,2017-03-06 09:00:00,2017-03-06 09:00:00,3,185.836,140.37,32.39,,136.4,month cross-fit (other 11 months of 2017),0.6706,1,false_positive,
IC-00270,A_consumption,M1_power,Panther_office_Shauna,power_active_kw,high_consumption,warning,iforest_ctx,2017-03-13 08:00:00,2017-03-13 10:00:00,2017-03-13 10:00:00,3,167.166,135.403,23.46,,95.3,month cross-fit (other 11 months of 2017),0.6671,1,false_positive,
IC-00271,A_consumption,M1_power,Panther_office_Shauna,power_active_kw,high_consumption,warning,iforest_ctx,2017-03-15 07:00:00,2017-03-15 10:00:00,2017-03-15 09:00:00,4,260.156,137.834,88.75,,489.3,month cross-fit (other 11 months of 2017),0.7623,1,true_positive,SYN-M1-04-01
IC-00272,A_consumption,M1_power,Panther_office_Shauna,power_active_kw,high_consumption,warning,iforest_ctx,2017-03-16 06:00:00,2017-03-16 09:00:00,2017-03-16 08:00:00,4,191.037,128.707,48.43,,249.3,month cross-fit (other 11 months of 2017),0.7087,1,true_positive,SYN-M1-04-01
IC-00273,A_consumption,M1_power,Panther_office_Shauna,power_active_kw,high_consumption,warning,iforest_ctx,2017-03-17 07:00:00,2017-03-17 09:00:00,2017-03-17 09:00:00,3,211.241,140.37,50.49,,212.6,month cross-fit (other 11 months of 2017),0.7137,1,false_positive,
IC-00274,A_consumption,M1_power,Panther_office_Shauna,power_active_kw,off_hours_run,warning,iforest_ctx,2017-03-18 07:00:00,2017-03-18 09:00:00,2017-03-18 09:00:00,3,160.498,96.485,66.35,,192.0,month cross-fit (other 11 months of 2017),0.7007,1,false_positive,
IC-00275,A_consumption,M1_power,Panther_office_Shauna,power_active_kw,high_consumption,warning,iforest_ctx,2017-03-20 07:00:00,2017-03-20 09:00:00,2017-03-20 09:00:00,3,191.17,140.37,36.19,,152.4,month cross-fit (other 11 months of 2017),0.6928,1,false_positive,
IC-00276,A_consumption,M1_power,Panther_office_Shauna,power_active_kw,high_consumption,warning,iforest_ctx,2017-03-27 07:00:00,2017-03-27 09:00:00,2017-03-27 09:00:00,3,168.499,140.37,20.04,,84.4,month cross-fit (other 11 months of 2017),0.6639,1,false_positive,
IC-00277,A_consumption,M1_power,Panther_office_Shauna,power_active_kw,off_hours_run,warning,iforest_ctx,2017-04-08 07:00:00,2017-04-08 09:00:00,2017-04-08 09:00:00,3,157.564,96.152,63.87,,184.2,month cross-fit (other 11 months of 2017),0.6612,1,false_positive,
IC-00278,A_consumption,M1_power,Panther_office_Shauna,power_active_kw,high_consumption,warning,iforest_ctx,2017-05-09 07:00:00,2017-05-09 09:00:00,2017-05-09 09:00:00,3,206.764,142.227,45.38,,193.6,month cross-fit (other 11 months of 2017),0.7015,1,true_positive,SYN-M1-04-03
IC-00279,A_consumption,M1_power,Panther_office_Shauna,power_active_kw,off_hours_run,warning,iforest_ctx,2017-05-09 17:00:00,2017-05-09 22:00:00,2017-05-09 19:00:00,6,135.684,90.384,50.12,,271.8,month cross-fit (other 11 months of 2017),0.6507,1,true_positive,SYN-M1-04-03
IC-00280,A_consumption,M1_power,Panther_office_Shauna,power_active_kw,high_consumption,warning,iforest_ctx,2017-05-10 04:00:00,2017-05-10 21:00:00,2017-05-10 06:00:00,18,161.455,113.6,42.13,,861.4,month cross-fit (other 11 months of 2017),0.6992,1,true_positive,SYN-M1-04-03
IC-00281,A_consumption,M1_power,Panther_office_Shauna,power_active_kw,high_consumption,warning,iforest_ctx,2017-05-11 04:00:00,2017-05-11 12:00:00,2017-05-11 06:00:00,9,169.424,114.711,47.7,,492.4,month cross-fit (other 11 months of 2017),0.7076,1,true_positive,SYN-M1-04-03
IC-00282,A_consumption,M1_power,Panther_office_Shauna,power_active_kw,off_hours_run,warning,iforest_ctx,2017-05-11 16:00:00,2017-05-11 22:00:00,2017-05-11 18:00:00,7,139.885,95.79,46.03,,308.7,month cross-fit (other 11 months of 2017),0.6559,1,true_positive,SYN-M1-04-03
IC-00283,A_consumption,M1_power,Panther_office_Shauna,power_active_kw,high_consumption,warning,iforest_ctx,2017-05-12 04:00:00,2017-05-12 21:00:00,2017-05-12 06:00:00,18,161.011,113.6,41.74,,853.4,month cross-fit (other 11 months of 2017),0.7046,1,true_positive,SYN-M1-04-03
IC-00284,A_consumption,M1_power,Panther_office_Shauna,power_active_kw,off_hours_run,warning,iforest_ctx,2017-05-13 06:00:00,2017-05-13 21:00:00,2017-05-13 08:00:00,16,149.436,91.48,63.35,,927.3,month cross-fit (other 11 months of 2017),0.7453,1,true_positive,SYN-M1-04-03
IC-00285,A_consumption,M1_power,Panther_office_Shauna,power_active_kw,spike,warning,iforest_ctx,2017-05-15 07:00:00,2017-05-15 07:00:00,2017-05-15 07:00:00,1,215.842,146.228,47.61,,69.6,month cross-fit (other 11 months of 2017),0.6944,1,false_positive,
IC-00286,DQ_quality,M1_power,Panther_office_Shauna,power_active_kw,data_loss,warning,dq_gap>=3h,2017-06-06 05:00:00,2017-06-06 17:00:00,2017-06-06 07:00:00,13,,,,,,,,1,true_positive,SYN-M1-04-04
IC-00287,A_consumption,M1_power,Panther_office_Shauna,power_active_kw,spike,warning,iforest_ctx,2017-06-07 07:00:00,2017-06-07 07:00:00,2017-06-07 07:00:00,1,196.638,146.028,34.66,,50.6,month cross-fit (other 11 months of 2017),0.6882,1,true_positive,SYN-M1-04-04
IC-00288,A_consumption,M1_power,Panther_office_Shauna,power_active_kw,high_consumption,warning,iforest_ctx,2017-06-12 06:00:00,2017-06-12 08:00:00,2017-06-12 08:00:00,3,174.1,127.291,36.77,,140.4,month cross-fit (other 11 months of 2017),0.6895,1,false_positive,
IC-00289,DQ_quality,M1_power,Panther_office_Shauna,power_active_kw,stuck_sensor,warning,dq_flatline>=4h,2017-06-16 01:00:00,2017-06-16 17:00:00,2017-06-16 04:00:00,17,56.411,,,,,,,1,true_positive,SYN-M1-04-05
IC-00290,A_consumption,M1_power,Panther_office_Shauna,power_active_kw,off_hours_run,warning,iforest_ctx,2017-06-16 18:00:00,2017-06-16 20:00:00,2017-06-16 20:00:00,3,109.554,103.553,5.8,,18.0,month cross-fit (other 11 months of 2017),0.6631,1,true_positive,SYN-M1-04-05
IC-00291,DQ_quality,M1_power,Panther_office_Shauna,power_active_kw,data_loss,warning,dq_gap>=3h,2017-06-19 19:00:00,2017-06-20 00:00:00,2017-06-19 21:00:00,6,,,,,,,,1,natural,
IC-00292,A_consumption,M1_power,Panther_office_Shauna,power_active_kw,spike,warning,iforest_ctx,2017-06-26 06:00:00,2017-06-26 06:00:00,2017-06-26 06:00:00,1,173.233,90.217,92.02,,83.0,month cross-fit (other 11 months of 2017),0.7287,1,false_positive,
IC-00293,A_consumption,M1_power,Panther_office_Shauna,power_active_kw,spike,warning,iforest_ctx,2017-07-10 20:00:00,2017-07-10 20:00:00,2017-07-10 20:00:00,1,223.974,80.215,179.22,,143.8,month cross-fit (other 11 months of 2017),0.7397,1,true_positive,SYN-M1-04-06
IC-00294,A_consumption,M1_power,Panther_office_Shauna,power_active_kw,off_hours_run,warning,iforest_ctx,2017-08-27 02:00:00,2017-08-27 05:00:00,2017-08-27 04:00:00,4,124.924,56.061,122.84,,275.5,month cross-fit (other 11 months of 2017),0.6062,1,false_positive,
IC-00295,A_consumption,M1_power,Panther_office_Shauna,power_active_kw,off_hours_run,warning,iforest_ctx,2017-08-27 21:00:00,2017-08-28 05:00:00,2017-08-27 23:00:00,9,124.446,57.111,117.9,,606.0,month cross-fit (other 11 months of 2017),0.6125,1,false_positive,
IC-00296,A_consumption,M1_power,Panther_office_Shauna,power_active_kw,spike,warning,iforest_ctx,2017-10-14 07:00:00,2017-10-14 07:00:00,2017-10-14 07:00:00,1,162.431,97.319,66.91,,65.1,month cross-fit (other 11 months of 2017),0.6884,1,false_positive,
IC-00297,A_consumption,M1_power,Panther_office_Shauna,power_active_kw,spike,warning,iforest_ctx,2017-10-23 06:00:00,2017-10-23 06:00:00,2017-10-23 06:00:00,1,146.228,92.418,58.22,,53.8,month cross-fit (other 11 months of 2017),0.6942,1,false_positive,
IC-00298,A_consumption,M1_power,Panther_office_Shauna,power_active_kw,spike,warning,iforest_ctx,2017-10-28 07:00:00,2017-10-28 07:00:00,2017-10-28 07:00:00,1,172.433,97.319,77.18,,75.1,month cross-fit (other 11 months of 2017),0.7077,1,false_positive,
IC-00299,A_consumption,M1_power,Panther_office_Shauna,power_active_kw,high_consumption,warning,iforest_ctx,2017-10-30 07:00:00,2017-10-30 09:00:00,2017-10-30 09:00:00,3,214.575,142.094,51.01,,217.4,month cross-fit (other 11 months of 2017),0.7306,1,false_positive,
IC-00300,A_consumption,M1_power,Panther_office_Shauna,power_active_kw,spike,warning,iforest_ctx,2017-10-31 07:00:00,2017-10-31 07:00:00,2017-10-31 07:00:00,1,200.039,145.028,37.93,,55.0,month cross-fit (other 11 months of 2017),0.6932,1,false_positive,
IC-00301,A_consumption,M1_power,Panther_office_Shauna,power_active_kw,off_hours_run,warning,iforest_ctx,2017-11-01 02:00:00,2017-11-01 06:00:00,2017-11-01 04:00:00,5,126.424,65.333,93.51,,305.5,month cross-fit (other 11 months of 2017),0.6117,1,false_positive,
IC-00302,A_consumption,M1_power,Panther_office_Shauna,power_active_kw,spike,warning,iforest_ctx,2017-11-04 07:00:00,2017-11-04 07:00:00,2017-11-04 07:00:00,1,180.835,97.019,86.39,,83.8,month cross-fit (other 11 months of 2017),0.7161,1,false_positive,
IC-00303,A_consumption,M1_power,Panther_office_Shauna,power_active_kw,spike,warning,iforest_ctx,2017-11-13 06:00:00,2017-11-13 07:00:00,2017-11-13 06:00:00,2,182.235,117.923,54.54,,128.6,month cross-fit (other 11 months of 2017),0.7023,1,false_positive,
IC-00304,A_consumption,M1_power,Panther_office_Shauna,power_active_kw,off_hours_run,warning,iforest_ctx,2017-11-24 00:00:00,2017-11-24 02:00:00,2017-11-24 02:00:00,3,141.627,55.877,153.46,,257.2,month cross-fit (other 11 months of 2017),0.6976,1,false_positive,
IC-00305,A_consumption,M1_power,Panther_office_Shauna,power_active_kw,off_hours_run,warning,iforest_ctx,2017-11-24 22:00:00,2017-11-25 05:00:00,2017-11-25 00:00:00,8,138.352,55.623,148.73,,661.8,month cross-fit (other 11 months of 2017),0.5971,1,false_positive,
IC-00306,A_consumption,M1_power,Panther_office_Shauna,power_active_kw,off_hours_run,warning,iforest_ctx,2017-11-25 15:00:00,2017-11-26 06:00:00,2017-11-25 17:00:00,16,128.454,66.492,93.19,,867.5,month cross-fit (other 11 months of 2017),0.6684,2,false_positive,
IC-00307,A_consumption,M1_power,Panther_office_Shauna,power_active_kw,off_hours_run,warning,iforest_ctx,2017-11-26 20:00:00,2017-11-27 00:00:00,2017-11-26 22:00:00,5,118.703,58.031,104.55,,303.4,month cross-fit (other 11 months of 2017),0.6452,1,false_positive,
IC-00308,A_consumption,M1_power,Panther_office_Shauna,power_active_kw,spike,warning,iforest_ctx,2017-12-04 06:00:00,2017-12-04 07:00:00,2017-12-04 06:00:00,2,171.433,117.473,45.93,,107.9,month cross-fit (other 11 months of 2017),0.6952,1,false_positive,
IC-00309,A_consumption,M1_power,Panther_office_Shauna,power_active_kw,off_hours_run,warning,iforest_ctx,2017-12-09 20:00:00,2017-12-09 22:00:00,2017-12-09 22:00:00,3,133.626,59.378,125.04,,222.7,month cross-fit (other 11 months of 2017),0.5963,1,false_positive,
IC-00310,A_consumption,M1_power,Panther_office_Shauna,power_active_kw,high_consumption,warning,iforest_ctx,2017-12-11 05:00:00,2017-12-11 09:00:00,2017-12-11 07:00:00,5,181.835,115.702,57.16,,330.7,month cross-fit (other 11 months of 2017),0.7036,1,false_positive,
IC-00311,A_consumption,M1_power,Panther_office_Shauna,power_active_kw,off_hours_run,warning,iforest_ctx,2017-12-11 20:00:00,2017-12-11 23:00:00,2017-12-11 22:00:00,4,125.524,61.762,103.24,,255.0,month cross-fit (other 11 months of 2017),0.6599,1,false_positive,
IC-00312,A_consumption,M1_power,Panther_office_Shauna,power_active_kw,high_consumption,warning,iforest_ctx,2017-12-12 06:00:00,2017-12-12 09:00:00,2017-12-12 08:00:00,4,175.584,128.425,36.72,,188.6,month cross-fit (other 11 months of 2017),0.7401,1,false_positive,
IC-00313,A_consumption,M1_power,Panther_office_Shauna,power_active_kw,off_hours_run,warning,iforest_ctx,2017-12-12 21:00:00,2017-12-12 23:00:00,2017-12-12 23:00:00,3,109.221,56.011,95.0,,159.6,month cross-fit (other 11 months of 2017),0.6051,1,false_positive,
IC-00314,A_consumption,M1_power,Panther_office_Shauna,power_active_kw,spike,warning,iforest_ctx,2017-12-13 06:00:00,2017-12-13 07:00:00,2017-12-13 07:00:00,2,168.933,117.473,43.81,,102.9,month cross-fit (other 11 months of 2017),0.6907,1,false_positive,
IC-00315,A_consumption,M1_power,Panther_office_Shauna,power_active_kw,off_hours_run,warning,iforest_ctx,2017-12-13 20:00:00,2017-12-13 23:00:00,2017-12-13 22:00:00,4,124.724,61.762,101.94,,251.8,month cross-fit (other 11 months of 2017),0.6351,1,false_positive,
IC-00316,A_consumption,M1_power,Panther_office_Shauna,power_active_kw,high_consumption,warning,iforest_ctx,2017-12-14 06:00:00,2017-12-14 09:00:00,2017-12-14 08:00:00,4,168.433,128.425,31.15,,160.0,month cross-fit (other 11 months of 2017),0.6629,1,false_positive,
IC-00317,A_consumption,M1_power,Panther_office_Shauna,power_active_kw,spike,warning,iforest_ctx,2017-12-18 06:00:00,2017-12-18 07:00:00,2017-12-18 06:00:00,2,172.733,117.473,47.04,,110.5,month cross-fit (other 11 months of 2017),0.6943,1,false_positive,
IC-00318,A_consumption,M1_power,Panther_office_Shauna,power_active_kw,off_hours_run,warning,iforest_ctx,2017-12-29 03:00:00,2017-12-29 06:00:00,2017-12-29 05:00:00,4,137.226,67.563,103.11,,278.7,month cross-fit (other 11 months of 2017),0.6089,1,false_positive,
IC-00319,A_consumption,M1_power,Panther_office_Shauna,power_active_kw,off_hours_run,warning,iforest_ctx,2017-12-29 21:00:00,2017-12-30 06:00:00,2017-12-29 23:00:00,10,143.888,57.451,150.45,,864.4,month cross-fit (other 11 months of 2017),0.6607,1,false_positive,
IC-00320,A_consumption,M1_power,Panther_office_Shauna,power_active_kw,baseload_rise,warning,iforest_ctx,2017-12-30 09:00:00,2017-12-31 23:00:00,2017-12-30 11:00:00,39,133.446,81.257,64.23,,2035.4,month cross-fit (other 11 months of 2017),0.7065,1,false_positive,
IC-00321,DQ_quality,M2_cooling,Peacock_office_Julian,cooling_kw,data_loss,warning,dq_gap>=3h,2017-01-05 05:00:00,2017-01-05 19:00:00,2017-01-05 07:00:00,15,,,,,,,,1,natural,
IC-00322,DQ_quality,M2_cooling,Peacock_office_Julian,cooling_kw,data_loss,warning,dq_gap>=3h,2017-01-18 04:00:00,2017-01-18 06:00:00,2017-01-18 06:00:00,3,,,,,,,,1,natural,
IC-00323,DQ_quality,M2_cooling,Peacock_office_Julian,cooling_kw,data_loss,warning,dq_gap>=3h,2017-01-31 04:00:00,2017-01-31 06:00:00,2017-01-31 06:00:00,3,,,,,,,,1,natural,
IC-00324,DQ_quality,M2_cooling,Peacock_office_Julian,cooling_kw,data_loss,warning,dq_gap>=3h,2017-02-09 01:00:00,2017-02-09 06:00:00,2017-02-09 03:00:00,6,,,,,,,,1,natural,
IC-00325,DQ_quality,M2_cooling,Peacock_office_Julian,cooling_kw,data_loss,warning,dq_gap>=3h,2017-02-12 02:00:00,2017-02-12 09:00:00,2017-02-12 04:00:00,8,,,,,0.0,,,2,natural,
IC-00326,DQ_quality,M2_cooling,Peacock_office_Julian,cooling_kw,data_loss,warning,dq_gap>=3h,2017-02-12 14:00:00,2017-02-13 06:00:00,2017-02-12 16:00:00,17,,,,,0.0,,,2,natural,
IC-00327,DQ_quality,M2_cooling,Peacock_office_Julian,cooling_kw,data_loss,warning,dq_gap>=3h,2017-02-16 01:00:00,2017-02-16 06:00:00,2017-02-16 03:00:00,6,,,,,,,,1,natural,
IC-00328,DQ_quality,M2_cooling,Peacock_office_Julian,cooling_kw,data_loss,warning,dq_gap>=3h,2017-02-17 03:00:00,2017-02-17 06:00:00,2017-02-17 05:00:00,4,,,,,,,,1,natural,
IC-00329,DQ_quality,M2_cooling,Peacock_office_Julian,cooling_kw,data_loss,warning,dq_gap>=3h,2017-02-18 20:00:00,2017-02-19 10:00:00,2017-02-18 22:00:00,15,,,,,,,,1,natural,
IC-00330,DQ_quality,M2_cooling,Peacock_office_Julian,cooling_kw,data_loss,warning,dq_gap>=3h,2017-03-04 10:00:00,2017-03-04 12:00:00,2017-03-04 12:00:00,3,,,,,,,,1,natural,
IC-00331,A_consumption,M2_cooling,Peacock_office_Julian,cooling_kw,spike,warning,iforest_ctx,2017-03-12 03:00:00,2017-03-12 03:00:00,2017-03-12 03:00:00,1,2110.11,0.056,3767953.57,,2110.1,month cross-fit (other 11 months of 2017),0.7003,1,false_positive,
IC-00332,A_consumption,M2_cooling,Peacock_office_Julian,cooling_kw,spike,warning,iforest_ctx,2017-03-28 07:00:00,2017-03-28 07:00:00,2017-03-28 07:00:00,1,142.718,36.005,296.38,,106.7,month cross-fit (other 11 months of 2017),0.7146,1,true_positive,SYN-M2-04-01
IC-00333,DQ_quality,M2_cooling,Peacock_office_Julian,cooling_kw,data_loss,warning,dq_gap>=3h,2017-04-16 17:00:00,2017-04-17 18:00:00,2017-04-16 19:00:00,26,,,,,,,,1,true_positive,SYN-M2-04-02
IC-00334,A_consumption,M2_cooling,Peacock_office_Julian,cooling_kw,high_consumption,warning,iforest_ctx,2017-05-18 10:00:00,2017-05-18 18:00:00,2017-05-18 12:00:00,9,130.923,21.78,501.12,,982.3,month cross-fit (other 11 months of 2017),0.6496,1,false_positive,
IC-00335,DQ_quality,M2_cooling,Peacock_office_Julian,cooling_kw,stuck_sensor,warning,dq_flatline>=4h,2017-05-19 05:00:00,2017-05-19 21:00:00,2017-05-19 08:00:00,17,0.007,,,,,,,1,true_positive,SYN-M2-04-04
IC-00336,A_consumption,M2_cooling,Peacock_office_Julian,cooling_kw,high_consumption,warning,iforest_ctx,2017-06-12 07:00:00,2017-06-12 18:00:00,2017-06-12 09:00:00,12,176.943,16.993,941.27,,1919.4,month cross-fit (other 11 months of 2017),0.7579,1,false_positive,
IC-00337,A_consumption,M2_cooling,Peacock_office_Julian,cooling_kw,high_consumption,warning,iforest_ctx,2017-06-13 07:00:00,2017-06-13 18:00:00,2017-06-13 09:00:00,12,160.919,16.993,846.97,,1727.1,month cross-fit (other 11 months of 2017),0.7647,1,false_positive,
IC-00338,A_consumption,M2_cooling,Peacock_office_Julian,cooling_kw,high_consumption,warning,iforest_ctx,2017-06-14 07:00:00,2017-06-14 18:00:00,2017-06-14 09:00:00,12,155.809,16.993,816.9,,1665.8,month cross-fit (other 11 months of 2017),0.7547,1,false_positive,
IC-00339,A_consumption,M2_cooling,Peacock_office_Julian,cooling_kw,high_consumption,warning,iforest_ctx,2017-06-19 07:00:00,2017-06-19 21:00:00,2017-06-19 09:00:00,15,154.427,14.563,960.41,,2098.0,month cross-fit (other 11 months of 2017),0.7667,1,false_positive,
IC-00340,A_consumption,M2_cooling,Peacock_office_Julian,cooling_kw,high_consumption,warning,iforest_ctx,2017-06-20 04:00:00,2017-06-20 10:00:00,2017-06-20 06:00:00,7,88.797,9.107,875.04,,557.8,month cross-fit (other 11 months of 2017),0.7508,1,false_positive,
IC-00341,A_consumption,M2_cooling,Peacock_office_Julian,cooling_kw,high_consumption,warning,iforest_ctx,2017-06-23 07:00:00,2017-06-23 18:00:00,2017-06-23 09:00:00,12,157.093,16.993,824.46,,1681.2,month cross-fit (other 11 months of 2017),0.7439,1,false_positive,
IC-00342,A_consumption,M2_cooling,Peacock_office_Julian,cooling_kw,high_consumption,warning,iforest_ctx,2017-06-26 07:00:00,2017-06-26 11:00:00,2017-06-26 09:00:00,5,143.927,15.718,815.68,,641.0,month cross-fit (other 11 months of 2017),0.7194,1,false_positive,
IC-00343,A_consumption,M2_cooling,Peacock_office_Julian,cooling_kw,spike,warning,iforest_ctx,2017-06-27 21:00:00,2017-06-27 22:00:00,2017-06-27 21:00:00,2,118.564,0.981,11986.03,,235.2,month cross-fit (other 11 months of 2017),0.7724,1,true_positive,SYN-M2-04-05
IC-00344,A_consumption,M2_cooling,Peacock_office_Julian,cooling_kw,high_consumption,warning,iforest_ctx,2017-06-30 14:00:00,2017-06-30 18:00:00,2017-06-30 16:00:00,5,133.34,17.394,666.59,,579.7,month cross-fit (other 11 months of 2017),0.6692,1,false_positive,
IC-00345,A_consumption,M2_cooling,Peacock_office_Julian,cooling_kw,off_hours_run,warning,iforest_ctx,2017-07-03 07:00:00,2017-07-04 06:00:00,2017-07-03 09:00:00,24,100.159,8.828,1034.56,,2192.0,month cross-fit (other 11 months of 2017),0.761,1,true_positive,SYN-M2-04-06
IC-00346,A_consumption,M2_cooling,Peacock_office_Julian,cooling_kw,high_consumption,warning,iforest_ctx,2017-07-05 07:00:00,2017-07-05 13:00:00,2017-07-05 09:00:00,7,177.863,16.099,1004.81,,1132.4,month cross-fit (other 11 months of 2017),0.7536,1,false_positive,
IC-00347,A_consumption,M2_cooling,Peacock_office_Julian,cooling_kw,high_consumption,warning,iforest_ctx,2017-07-06 07:00:00,2017-07-06 11:00:00,2017-07-06 09:00:00,5,148.3,15.23,873.74,,665.3,month cross-fit (other 11 months of 2017),0.7337,1,false_positive,
IC-00348,A_consumption,M2_cooling,Peacock_office_Julian,cooling_kw,high_consumption,warning,iforest_ctx,2017-07-07 07:00:00,2017-07-07 10:00:00,2017-07-07 09:00:00,4,142.815,15.35,830.39,,509.9,month cross-fit (other 11 months of 2017),0.7238,1,false_positive,
IC-00349,A_consumption,M2_cooling,Peacock_office_Julian,cooling_kw,high_consumption,warning,iforest_ctx,2017-07-10 07:00:00,2017-07-10 11:00:00,2017-07-10 09:00:00,5,154.847,15.23,916.72,,698.1,month cross-fit (other 11 months of 2017),0.7306,1,false_positive,
IC-00350,A_consumption,M2_cooling,Peacock_office_Julian,cooling_kw,high_consumption,warning,iforest_ctx,2017-07-11 07:00:00,2017-07-11 18:00:00,2017-07-11 09:00:00,12,158.34,16.427,863.9,,1703.0,month cross-fit (other 11 months of 2017),0.7577,1,false_positive,
IC-00351,A_consumption,M2_cooling,Peacock_office_Julian,cooling_kw,high_consumption,warning,iforest_ctx,2017-07-12 07:00:00,2017-07-12 18:00:00,2017-07-12 09:00:00,12,153.667,16.427,835.45,,1646.9,month cross-fit (other 11 months of 2017),0.759,1,false_positive,
IC-00352,A_consumption,M2_cooling,Peacock_office_Julian,cooling_kw,high_consumption,warning,iforest_ctx,2017-07-13 07:00:00,2017-07-13 21:00:00,2017-07-13 09:00:00,15,140.998,14.102,899.84,,1903.4,month cross-fit (other 11 months of 2017),0.7743,1,false_positive,
IC-00353,A_consumption,M2_cooling,Peacock_office_Julian,cooling_kw,high_consumption,warning,iforest_ctx,2017-07-14 07:00:00,2017-07-14 10:00:00,2017-07-14 09:00:00,4,151.43,15.35,886.51,,544.3,month cross-fit (other 11 months of 2017),0.7478,1,false_positive,
IC-00354,A_consumption,M2_cooling,Peacock_office_Julian,cooling_kw,high_consumption,warning,iforest_ctx,2017-07-17 07:00:00,2017-07-17 21:00:00,2017-07-17 09:00:00,15,144.389,14.102,923.89,,1954.3,month cross-fit (other 11 months of 2017),0.7554,1,false_positive,
IC-00355,A_consumption,M2_cooling,Peacock_office_Julian,cooling_kw,high_consumption,warning,iforest_ctx,2017-07-18 07:00:00,2017-07-18 21:00:00,2017-07-18 09:00:00,15,139.412,14.102,888.6,,1879.6,month cross-fit (other 11 months of 2017),0.761,1,false_positive,
IC-00356,A_consumption,M2_cooling,Peacock_office_Julian,cooling_kw,high_consumption,warning,iforest_ctx,2017-07-19 07:00:00,2017-07-19 18:00:00,2017-07-19 09:00:00,12,157.32,16.427,857.69,,1690.7,month cross-fit (other 11 months of 2017),0.7727,1,false_positive,
IC-00357,A_consumption,M2_cooling,Peacock_office_Julian,cooling_kw,high_consumption,warning,iforest_ctx,2017-07-20 07:00:00,2017-07-20 22:00:00,2017-07-20 09:00:00,16,138.069,13.224,944.08,,1997.5,month cross-fit (other 11 months of 2017),0.7693,1,false_positive,
IC-00358,A_consumption,M2_cooling,Peacock_office_Julian,cooling_kw,high_consumption,warning,iforest_ctx,2017-07-21 07:00:00,2017-07-21 18:00:00,2017-07-21 09:00:00,12,152.085,16.427,825.82,,1627.9,month cross-fit (other 11 months of 2017),0.7759,1,false_positive,
IC-00359,A_consumption,M2_cooling,Peacock_office_Julian,cooling_kw,high_consumption,warning,iforest_ctx,2017-07-24 07:00:00,2017-07-24 18:00:00,2017-07-24 09:00:00,12,155.677,16.427,847.69,,1671.0,month cross-fit (other 11 months of 2017),0.7562,1,false_positive,
IC-00360,A_consumption,M2_cooling,Peacock_office_Julian,cooling_kw,spike,warning,iforest_ctx,2017-07-25 07:00:00,2017-07-25 08:00:00,2017-07-25 07:00:00,2,123.437,17.711,596.95,,211.5,month cross-fit (other 11 months of 2017),0.7226,1,false_positive,
IC-00361,DQ_quality,M2_cooling,Peacock_office_Julian,cooling_kw,stuck_sensor,warning,dq_flatline>=4h,2017-08-01 08:00:00,2017-08-01 11:00:00,2017-08-01 11:00:00,4,129.755,,,,,,,1,natural,
IC-00362,A_consumption,M2_cooling,Peacock_office_Julian,cooling_kw,high_consumption,warning,iforest_ctx,2017-08-02 07:00:00,2017-08-02 09:00:00,2017-08-02 09:00:00,3,157.082,15.479,914.81,,424.8,month cross-fit (other 11 months of 2017),0.7083,1,natural,
IC-00363,A_consumption,M2_cooling,Peacock_office_Julian,cooling_kw,high_consumption,warning,iforest_ctx,2017-08-02 13:00:00,2017-08-02 18:00:00,2017-08-02 15:00:00,6,111.546,15.809,605.59,,574.4,month cross-fit (other 11 months of 2017),0.6493,1,false_positive,
IC-00364,A_consumption,M2_cooling,Peacock_office_Julian,cooling_kw,high_consumption,warning,iforest_ctx,2017-08-10 10:00:00,2017-08-10 12:00:00,2017-08-10 12:00:00,3,104.364,14.381,625.71,,269.9,month cross-fit (other 11 months of 2017),0.6099,1,false_positive,
IC-00365,A_consumption,M2_cooling,Peacock_office_Julian,cooling_kw,spike,warning,iforest_ctx,2017-08-18 07:00:00,2017-08-18 08:00:00,2017-08-18 07:00:00,2,157.356,16.765,838.6,,281.2,month cross-fit (other 11 months of 2017),0.7228,1,false_positive,
IC-00366,A_consumption,M2_cooling,Peacock_office_Julian,cooling_kw,high_consumption,warning,iforest_ctx,2017-08-21 07:00:00,2017-08-21 10:00:00,2017-08-21 09:00:00,4,152.996,14.777,935.37,,552.9,month cross-fit (other 11 months of 2017),0.7084,1,false_positive,
IC-00367,A_consumption,M2_cooling,Peacock_office_Julian,cooling_kw,high_consumption,warning,iforest_ctx,2017-08-22 07:00:00,2017-08-22 18:00:00,2017-08-22 09:00:00,12,171.202,15.369,1013.94,,1870.0,month cross-fit (other 11 months of 2017),0.7358,1,false_positive,
IC-00368,A_consumption,M2_cooling,Peacock_office_Julian,cooling_kw,high_consumption,warning,iforest_ctx,2017-08-23 07:00:00,2017-08-23 12:00:00,2017-08-23 09:00:00,6,156.33,14.93,947.09,,848.4,month cross-fit (other 11 months of 2017),0.7463,1,false_positive,
IC-00369,A_consumption,M2_cooling,Peacock_office_Julian,cooling_kw,high_consumption,warning,iforest_ctx,2017-09-12 10:00:00,2017-09-12 12:00:00,2017-09-12 12:00:00,3,73.758,14.915,394.52,,176.5,month cross-fit (other 11 months of 2017),0.6224,1,false_positive,
IC-00370,A_consumption,M2_cooling,Peacock_office_Julian,cooling_kw,high_consumption,warning,iforest_ctx,2017-09-20 14:00:00,2017-09-20 16:00:00,2017-09-20 16:00:00,3,124.584,20.254,515.11,,313.0,month cross-fit (other 11 months of 2017),0.6323,1,false_positive,
IC-00371,A_consumption,M2_cooling,Peacock_office_Julian,cooling_kw,high_consumption,warning,iforest_ctx,2017-09-25 07:00:00,2017-09-25 18:00:00,2017-09-25 09:00:00,12,173.167,16.434,953.71,,1880.8,month cross-fit (other 11 months of 2017),0.7376,1,false_positive,
IC-00372,A_consumption,M2_cooling,Peacock_office_Julian,cooling_kw,high_consumption,warning,iforest_ctx,2017-09-26 07:00:00,2017-09-26 18:00:00,2017-09-26 09:00:00,12,146.484,16.434,791.35,,1560.6,month cross-fit (other 11 months of 2017),0.7299,1,false_positive,
IC-00373,A_consumption,M2_cooling,Peacock_office_Julian,cooling_kw,high_consumption,warning,iforest_ctx,2017-09-27 07:00:00,2017-09-27 18:00:00,2017-09-27 09:00:00,12,154.681,16.434,841.23,,1659.0,month cross-fit (other 11 months of 2017),0.7276,1,false_positive,
IC-00374,A_consumption,M2_cooling,Peacock_office_Julian,cooling_kw,off_hours_run,warning,iforest_ctx,2017-10-04 18:00:00,2017-10-04 21:00:00,2017-10-04 20:00:00,4,46.204,6.222,642.59,,159.9,month cross-fit (other 11 months of 2017),0.6128,1,false_positive,
IC-00375,A_consumption,M2_cooling,Peacock_office_Julian,cooling_kw,high_consumption,warning,iforest_ctx,2017-10-05 10:00:00,2017-10-05 12:00:00,2017-10-05 12:00:00,3,95.073,20.238,369.77,,224.5,month cross-fit (other 11 months of 2017),0.6485,1,false_positive,
IC-00376,A_consumption,M2_cooling,Peacock_office_Julian,cooling_kw,off_hours_run,warning,iforest_ctx,2017-10-08 19:00:00,2017-10-08 22:00:00,2017-10-08 21:00:00,4,102.852,0.053,193960.38,,411.2,month cross-fit (other 11 months of 2017),0.7139,1,false_positive,
IC-00377,A_consumption,M2_cooling,Peacock_office_Julian,cooling_kw,spike,warning,iforest_ctx,2017-10-09 07:00:00,2017-10-09 07:00:00,2017-10-09 07:00:00,1,141.979,22.198,539.6,,119.8,month cross-fit (other 11 months of 2017),0.7195,1,false_positive,
IC-00378,DQ_quality,M2_cooling,Peacock_office_Julian,cooling_kw,data_loss,warning,dq_gap>=3h,2017-12-12 02:00:00,2017-12-12 06:00:00,2017-12-12 04:00:00,5,,,,,,,,1,natural,
IC-00379,DQ_quality,M2_cooling,Peacock_office_Julian,cooling_kw,data_loss,warning,dq_gap>=3h,2017-12-13 02:00:00,2017-12-13 06:00:00,2017-12-13 04:00:00,5,,,,,,,,1,natural,
IC-00380,DQ_quality,M2_cooling,Peacock_office_Julian,cooling_kw,data_loss,warning,dq_gap>=3h,2017-12-19 03:00:00,2017-12-19 06:00:00,2017-12-19 05:00:00,4,,,,,,,,1,natural,
IC-00381,A_consumption,M1_power,Rat_office_Loyd,power_active_kw,high_consumption,warning,iforest_ctx,2017-01-10 08:00:00,2017-01-10 10:00:00,2017-01-10 10:00:00,3,84.527,77.06,9.69,,22.4,month cross-fit (other 11 months of 2017),0.5933,1,false_positive,
IC-00382,A_consumption,M1_power,Rat_office_Loyd,power_active_kw,high_consumption,warning,iforest_ctx,2017-01-10 17:00:00,2017-01-10 19:00:00,2017-01-10 19:00:00,3,81.547,58.13,40.28,,70.2,month cross-fit (other 11 months of 2017),0.6166,1,false_positive,
IC-00383,A_consumption,M1_power,Rat_office_Loyd,power_active_kw,off_hours_run,warning,iforest_ctx,2017-01-27 09:00:00,2017-01-27 12:00:00,2017-01-27 11:00:00,4,77.482,41.945,84.72,,142.1,month cross-fit (other 11 months of 2017),0.6147,1,false_positive,
IC-00384,A_consumption,M1_power,Rat_office_Loyd,power_active_kw,off_hours_run,warning,iforest_ctx,2017-01-30 09:00:00,2017-01-30 17:00:00,2017-01-30 11:00:00,9,80.432,42.388,89.75,,342.4,month cross-fit (other 11 months of 2017),0.6253,1,false_positive,
IC-00385,A_consumption,M1_power,Rat_office_Loyd,power_active_kw,off_hours_run,warning,iforest_ctx,2017-01-31 09:00:00,2017-01-31 17:00:00,2017-01-31 11:00:00,9,79.121,42.388,86.66,,330.6,month cross-fit (other 11 months of 2017),0.6711,1,false_positive,
IC-00386,A_consumption,M1_power,Rat_office_Loyd,power_active_kw,off_hours_run,warning,iforest_ctx,2017-03-20 22:00:00,2017-03-21 00:00:00,2017-03-21 00:00:00,3,165.116,39.972,313.08,,375.4,month cross-fit (other 11 months of 2017),0.725,1,true_positive,SYN-M1-05-01
IC-00387,A_consumption,M1_power,Rat_office_Loyd,power_active_kw,off_hours_run,warning,iforest_ctx,2017-05-01 12:00:00,2017-05-01 19:00:00,2017-05-01 14:00:00,8,79.521,43.27,83.78,,290.0,month cross-fit (other 11 months of 2017),0.7186,1,false_positive,
IC-00388,DQ_quality,M1_power,Rat_office_Loyd,power_active_kw,data_loss,warning,dq_gap>=3h,2017-05-19 21:00:00,2017-05-20 11:00:00,2017-05-19 23:00:00,15,,,,,,,,1,true_positive,SYN-M1-05-04
IC-00389,A_consumption,M1_power,Rat_office_Loyd,power_active_kw,high_consumption,warning,iforest_ctx,2017-06-13 06:00:00,2017-06-13 08:00:00,2017-06-13 08:00:00,3,74.71,53.563,39.48,,63.4,month cross-fit (other 11 months of 2017),0.6179,1,false_positive,
IC-00390,DQ_quality,M1_power,Rat_office_Loyd,power_active_kw,stuck_sensor,warning,dq_flatline>=4h,2017-06-18 02:00:00,2017-06-18 18:00:00,2017-06-18 05:00:00,17,42.68,,,,,,,1,true_positive,SYN-M1-05-05
IC-00391,DQ_quality,M1_power,Rat_office_Loyd,power_active_kw,data_loss,warning,dq_gap>=3h,2017-06-27 00:00:00,2017-06-27 23:00:00,2017-06-27 02:00:00,24,,,,,,,,1,natural,
IC-00392,A_consumption,M1_power,Rat_office_Loyd,power_active_kw,spike,warning,iforest_ctx,2017-07-04 11:00:00,2017-07-04 11:00:00,2017-07-04 11:00:00,1,223.74,82.12,172.45,,141.6,month cross-fit (other 11 months of 2017),0.704,1,true_positive,SYN-M1-05-06
IC-00393,A_consumption,M1_power,Rat_office_Loyd,power_active_kw,high_consumption,warning,iforest_ctx,2017-07-20 06:00:00,2017-07-20 08:00:00,2017-07-20 08:00:00,3,69.503,53.655,29.54,,47.5,month cross-fit (other 11 months of 2017),0.6155,1,false_positive,
IC-00394,A_consumption,M1_power,Rat_office_Loyd,power_active_kw,spike,warning,iforest_ctx,2017-07-24 07:00:00,2017-07-24 08:00:00,2017-07-24 08:00:00,2,93.19,59.295,57.16,,67.8,month cross-fit (other 11 months of 2017),0.6856,1,false_positive,
IC-00395,A_consumption,M1_power,Rat_office_Loyd,power_active_kw,high_consumption,warning,iforest_ctx,2017-08-03 14:00:00,2017-08-03 17:00:00,2017-08-03 16:00:00,4,100.278,74.632,34.36,,102.6,month cross-fit (other 11 months of 2017),0.6135,1,false_positive,
IC-00396,A_consumption,M1_power,Rat_office_Loyd,power_active_kw,spike,warning,iforest_ctx,2017-08-06 20:00:00,2017-08-06 20:00:00,2017-08-06 20:00:00,1,74.271,42.56,74.51,,31.7,month cross-fit (other 11 months of 2017),0.6598,1,true_positive,SYN-M1-05-07
IC-00397,A_consumption,M1_power,Rat_office_Loyd,power_active_kw,off_hours_run,warning,iforest_ctx,2017-08-07 00:00:00,2017-08-07 09:00:00,2017-08-07 02:00:00,10,70.258,45.924,52.99,,244.4,month cross-fit (other 11 months of 2017),0.6824,1,true_positive,SYN-M1-05-07
IC-00398,A_consumption,M1_power,Rat_office_Loyd,power_active_kw,high_consumption,warning,iforest_ctx,2017-08-16 15:00:00,2017-08-16 21:00:00,2017-08-16 17:00:00,7,87.433,59.752,46.33,,193.8,month cross-fit (other 11 months of 2017),0.6333,1,false_positive,
IC-00399,A_consumption,M1_power,Rat_office_Loyd,power_active_kw,high_consumption,warning,iforest_ctx,2017-08-17 07:00:00,2017-08-17 20:00:00,2017-08-17 09:00:00,14,94.102,67.669,39.06,,317.3,month cross-fit (other 11 months of 2017),0.7093,2,false_positive,
IC-00400,A_consumption,M1_power,Rat_office_Loyd,power_active_kw,high_consumption,warning,iforest_ctx,2017-08-18 07:00:00,2017-08-18 20:00:00,2017-08-18 09:00:00,14,95.156,69.529,36.86,,358.8,month cross-fit (other 11 months of 2017),0.6987,1,false_positive,
IC-00401,A_consumption,M1_power,Rat_office_Loyd,power_active_kw,high_consumption,warning,iforest_ctx,2017-08-22 07:00:00,2017-08-22 21:00:00,2017-08-22 09:00:00,15,92.905,65.813,41.16,,352.2,month cross-fit (other 11 months of 2017),0.7113,2,false_positive,
IC-00402,A_consumption,M1_power,Rat_office_Loyd,power_active_kw,baseload_rise,warning,iforest_ctx,2017-08-23 03:00:00,2017-08-27 09:00:00,2017-08-23 05:00:00,103,83.755,52.127,60.67,,3257.7,month cross-fit (other 11 months of 2017),0.7231,1,true_positive,SYN-M1-05-08
IC-00403,A_consumption,M1_power,Rat_office_Loyd,power_active_kw,high_consumption,warning,iforest_ctx,2017-09-14 08:00:00,2017-09-14 17:00:00,2017-09-14 10:00:00,10,104.934,76.881,36.49,,280.5,month cross-fit (other 11 months of 2017),0.6496,1,false_positive,
IC-00404,A_consumption,M1_power,Rat_office_Loyd,power_active_kw,high_consumption,warning,iforest_ctx,2017-09-21 15:00:00,2017-09-21 18:00:00,2017-09-21 17:00:00,4,98.905,68.908,43.53,,120.0,month cross-fit (other 11 months of 2017),0.6464,1,false_positive,
IC-00405,A_consumption,M1_power,Rat_office_Loyd,power_active_kw,high_consumption,warning,iforest_ctx,2017-09-25 08:00:00,2017-09-25 12:00:00,2017-09-25 10:00:00,5,100.294,77.267,29.8,,115.1,month cross-fit (other 11 months of 2017),0.6339,1,false_positive,
IC-00406,A_consumption,M1_power,Rat_office_Loyd,power_active_kw,high_consumption,warning,iforest_ctx,2017-09-26 15:00:00,2017-09-26 18:00:00,2017-09-26 17:00:00,4,99.192,68.908,43.95,,121.1,month cross-fit (other 11 months of 2017),0.6377,1,false_positive,
IC-00407,A_consumption,M1_power,Rat_office_Loyd,power_active_kw,off_hours_run,warning,iforest_ctx,2017-09-27 21:00:00,2017-09-27 23:00:00,2017-09-27 23:00:00,3,66.89,41.058,62.92,,77.5,month cross-fit (other 11 months of 2017),0.6292,1,false_positive,
IC-00408,A_consumption,M1_power,Wolf_office_Nadia,power_active_kw,off_hours_run,warning,iforest_ctx,2017-01-08 12:00:00,2017-01-08 17:00:00,2017-01-08 14:00:00,6,121.073,65.69,84.31,,332.3,month cross-fit (other 11 months of 2017),0.6901,1,false_positive,
IC-00409,A_consumption,M1_power,Wolf_office_Nadia,power_active_kw,spike,warning,iforest_ctx,2017-01-09 07:00:00,2017-01-09 07:00:00,2017-01-09 07:00:00,1,110.05,84.819,29.75,,25.2,month cross-fit (other 11 months of 2017),0.6581,1,false_positive,
IC-00410,A_consumption,M1_power,Wolf_office_Nadia,power_active_kw,high_consumption,warning,iforest_ctx,2017-01-12 10:00:00,2017-01-12 12:00:00,2017-01-12 12:00:00,3,148.325,107.707,37.71,,121.9,month cross-fit (other 11 months of 2017),0.6563,1,false_positive,
IC-00411,A_consumption,M1_power,Wolf_office_Nadia,power_active_kw,off_hours_run,warning,iforest_ctx,2017-01-31 09:00:00,2017-01-31 18:00:00,2017-01-31 11:00:00,10,109.257,64.451,69.52,,358.5,month cross-fit (other 11 months of 2017),0.7156,2,false_positive,
IC-00412,A_consumption,M1_power,Wolf_office_Nadia,power_active_kw,spike,warning,iforest_ctx,2017-02-02 10:00:00,2017-02-02 10:00:00,2017-02-02 10:00:00,1,130.865,106.945,22.37,,23.9,month cross-fit (other 11 months of 2017),0.6605,1,false_positive,
IC-00413,A_consumption,M1_power,Wolf_office_Nadia,power_active_kw,spike,warning,iforest_ctx,2017-03-01 10:00:00,2017-03-01 10:00:00,2017-03-01 10:00:00,1,138.533,107.076,29.38,,31.5,month cross-fit (other 11 months of 2017),0.6537,1,false_positive,
IC-00414,A_consumption,M1_power,Wolf_office_Nadia,power_active_kw,off_hours_run,warning,iforest_ctx,2017-03-05 14:00:00,2017-03-05 17:00:00,2017-03-05 16:00:00,4,100.907,65.191,54.79,,142.9,month cross-fit (other 11 months of 2017),0.6001,1,false_positive,
IC-00415,A_consumption,M1_power,Wolf_office_Nadia,power_active_kw,off_hours_run,warning,iforest_ctx,2017-03-11 16:00:00,2017-03-11 18:00:00,2017-03-11 18:00:00,3,96.183,62.801,53.16,,100.1,month cross-fit (other 11 months of 2017),0.6179,1,false_positive,
IC-00416,A_consumption,M1_power,Wolf_office_Nadia,power_active_kw,spike,warning,iforest_ctx,2017-03-17 10:00:00,2017-03-17 11:00:00,2017-03-17 10:00:00,2,212.094,107.932,96.51,,208.3,month cross-fit (other 11 months of 2017),0.7402,1,true_positive,SYN-M1-06-01
IC-00417,A_consumption,M1_power,Wolf_office_Nadia,power_active_kw,spike,warning,iforest_ctx,2017-03-21 11:00:00,2017-03-21 11:00:00,2017-03-21 11:00:00,1,138.533,108.787,27.34,,29.7,month cross-fit (other 11 months of 2017),0.6547,1,false_positive,
IC-00418,A_consumption,M1_power,Wolf_office_Nadia,power_active_kw,high_consumption,warning,iforest_ctx,2017-04-04 12:00:00,2017-04-04 14:00:00,2017-04-04 14:00:00,3,126.238,109.156,15.65,,51.2,month cross-fit (other 11 months of 2017),0.615,1,false_positive,
IC-00419,A_consumption,M1_power,Wolf_office_Nadia,power_active_kw,spike,warning,iforest_ctx,2017-04-09 07:00:00,2017-04-09 08:00:00,2017-04-09 07:00:00,2,107.032,63.322,69.03,,87.4,month cross-fit (other 11 months of 2017),0.6915,1,false_positive,
IC-00420,A_consumption,M1_power,Wolf_office_Nadia,power_active_kw,off_hours_run,warning,iforest_ctx,2017-04-09 11:00:00,2017-04-09 17:00:00,2017-04-09 13:00:00,7,114.975,65.958,74.32,,343.1,month cross-fit (other 11 months of 2017),0.7212,1,false_positive,
IC-00421,A_consumption,M1_power,Wolf_office_Nadia,power_active_kw,off_hours_run,warning,iforest_ctx,2017-05-01 10:00:00,2017-05-01 19:00:00,2017-05-01 12:00:00,10,110.701,64.979,70.36,,457.2,month cross-fit (other 11 months of 2017),0.7063,1,false_positive,
IC-00422,A_consumption,M1_power,Wolf_office_Nadia,power_active_kw,spike,warning,iforest_ctx,2017-05-07 03:00:00,2017-05-07 03:00:00,2017-05-07 03:00:00,1,103.249,58.371,76.88,,44.9,month cross-fit (other 11 months of 2017),0.6715,1,true_positive,SYN-M1-06-03
IC-00423,A_consumption,M1_power,Wolf_office_Nadia,power_active_kw,off_hours_run,warning,iforest_ctx,2017-05-07 07:00:00,2017-05-08 03:00:00,2017-05-07 09:00:00,21,111.493,62.736,77.72,,1023.9,month cross-fit (other 11 months of 2017),0.7267,1,true_positive,SYN-M1-06-03
IC-00424,A_consumption,M1_power,Wolf_office_Nadia,power_active_kw,high_consumption,warning,iforest_ctx,2017-05-09 07:00:00,2017-05-09 09:00:00,2017-05-09 09:00:00,3,134.038,92.937,44.22,,123.3,month cross-fit (other 11 months of 2017),0.6252,1,true_positive,SYN-M1-06-03
IC-00425,A_consumption,M1_power,Wolf_office_Nadia,power_active_kw,off_hours_run,warning,iforest_ctx,2017-05-09 14:00:00,2017-05-10 12:00:00,2017-05-09 16:00:00,23,108.773,79.154,37.42,,681.2,month cross-fit (other 11 months of 2017),0.6471,1,true_positive,SYN-M1-06-03
IC-00426,A_consumption,M1_power,Wolf_office_Nadia,power_active_kw,high_consumption,warning,iforest_ctx,2017-05-10 16:00:00,2017-05-10 19:00:00,2017-05-10 18:00:00,4,105.593,80.591,31.02,,100.0,month cross-fit (other 11 months of 2017),0.628,1,true_positive,SYN-M1-06-03
IC-00427,A_consumption,M1_power,Wolf_office_Nadia,power_active_kw,off_hours_run,warning,iforest_ctx,2017-05-12 18:00:00,2017-05-12 20:00:00,2017-05-12 20:00:00,3,98.208,67.306,45.91,,92.7,month cross-fit (other 11 months of 2017),0.6184,1,true_positive,SYN-M1-06-03
IC-00428,DQ_quality,M1_power,Wolf_office_Nadia,power_active_kw,data_loss,warning,dq_gap>=3h,2017-05-31 17:00:00,2017-06-01 05:00:00,2017-05-31 19:00:00,13,,,,,,,,1,true_positive,SYN-M1-06-04
IC-00429,A_consumption,M1_power,Wolf_office_Nadia,power_active_kw,off_hours_run,warning,iforest_ctx,2017-06-03 13:00:00,2017-06-03 18:00:00,2017-06-03 15:00:00,6,111.488,63.38,75.9,,288.6,month cross-fit (other 11 months of 2017),0.6871,1,false_positive,
IC-00430,A_consumption,M1_power,Wolf_office_Nadia,power_active_kw,off_hours_run,warning,iforest_ctx,2017-06-04 07:00:00,2017-06-04 18:00:00,2017-06-04 09:00:00,12,108.837,63.392,71.69,,545.3,month cross-fit (other 11 months of 2017),0.7005,1,false_positive,
IC-00431,DQ_quality,M1_power,Wolf_office_Nadia,power_active_kw,stuck_sensor,warning,dq_flatline>=4h,2017-06-07 21:00:00,2017-06-08 18:00:00,2017-06-08 00:00:00,22,63.868,,,,,,,1,true_positive,SYN-M1-06-05
IC-00432,A_consumption,M1_power,Wolf_office_Nadia,power_active_kw,off_hours_run,warning,iforest_ctx,2017-06-10 09:00:00,2017-06-10 13:00:00,2017-06-10 11:00:00,5,118.028,64.261,83.67,,268.8,month cross-fit (other 11 months of 2017),0.627,1,false_positive,
IC-00433,A_consumption,M1_power,Wolf_office_Nadia,power_active_kw,spike,warning,iforest_ctx,2017-07-03 21:00:00,2017-07-03 22:00:00,2017-07-03 21:00:00,2,166.57,62.201,167.79,,208.7,month cross-fit (other 11 months of 2017),0.7312,1,true_positive,SYN-M1-06-06
IC-00434,A_consumption,M1_power,Wolf_office_Nadia,power_active_kw,high_consumption,warning,iforest_ctx,2017-07-04 07:00:00,2017-07-04 09:00:00,2017-07-04 09:00:00,3,111.353,93.412,19.21,,53.8,month cross-fit (other 11 months of 2017),0.6219,1,true_positive,SYN-M1-06-06
IC-00435,A_consumption,M1_power,Wolf_office_Nadia,power_active_kw,off_hours_run,warning,iforest_ctx,2017-07-09 07:00:00,2017-07-09 09:00:00,2017-07-09 09:00:00,3,104.534,62.388,67.55,,126.4,month cross-fit (other 11 months of 2017),0.5911,1,false_positive,
IC-00436,A_consumption,M1_power,Wolf_office_Nadia,power_active_kw,off_hours_run,warning,iforest_ctx,2017-08-05 07:00:00,2017-08-05 10:00:00,2017-08-05 09:00:00,4,104.056,63.127,64.84,,163.7,month cross-fit (other 11 months of 2017),0.6195,1,false_positive,
IC-00437,A_consumption,M1_power,Wolf_office_Nadia,power_active_kw,off_hours_run,warning,iforest_ctx,2017-08-06 07:00:00,2017-08-06 17:00:00,2017-08-06 09:00:00,11,109.166,63.955,70.69,,497.3,month cross-fit (other 11 months of 2017),0.696,1,false_positive,
IC-00438,A_consumption,M1_power,Wolf_office_Nadia,power_active_kw,high_consumption,warning,iforest_ctx,2017-08-22 07:00:00,2017-08-22 11:00:00,2017-08-22 09:00:00,5,130.903,99.475,31.59,,157.1,month cross-fit (other 11 months of 2017),0.6383,1,true_positive,SYN-M1-06-08
IC-00439,A_consumption,M1_power,Wolf_office_Nadia,power_active_kw,high_consumption,warning,iforest_ctx,2017-08-24 17:00:00,2017-08-24 19:00:00,2017-08-24 19:00:00,3,99.133,74.101,33.78,,75.1,month cross-fit (other 11 months of 2017),0.6213,1,true_positive,SYN-M1-06-08
IC-00440,A_consumption,M1_power,Wolf_office_Nadia,power_active_kw,high_consumption,warning,iforest_ctx,2017-08-25 07:00:00,2017-08-25 09:00:00,2017-08-25 09:00:00,3,124.715,93.534,33.34,,93.5,month cross-fit (other 11 months of 2017),0.6222,1,true_positive,SYN-M1-06-08
IC-00441,A_consumption,M1_power,Wolf_office_Nadia,power_active_kw,off_hours_run,warning,iforest_ctx,2017-09-02 09:00:00,2017-09-02 16:00:00,2017-09-02 11:00:00,8,114.489,65.026,76.07,,395.7,month cross-fit (other 11 months of 2017),0.667,1,false_positive,
IC-00442,A_consumption,M1_power,Wolf_office_Nadia,power_active_kw,off_hours_run,warning,iforest_ctx,2017-09-10 07:00:00,2017-09-10 14:00:00,2017-09-10 09:00:00,8,114.042,64.442,76.97,,396.8,month cross-fit (other 11 months of 2017),0.6927,1,false_positive,
IC-00443,A_consumption,M1_power,Wolf_office_Nadia,power_active_kw,off_hours_run,warning,iforest_ctx,2017-10-01 09:00:00,2017-10-01 18:00:00,2017-10-01 11:00:00,10,108.527,64.574,68.07,,439.5,month cross-fit (other 11 months of 2017),0.6608,1,false_positive,
IC-00444,A_consumption,M1_power,Wolf_office_Nadia,power_active_kw,spike,warning,iforest_ctx,2017-10-07 11:00:00,2017-10-07 12:00:00,2017-10-07 11:00:00,2,118.63,65.493,81.13,,106.3,month cross-fit (other 11 months of 2017),0.6758,1,false_positive,
IC-00445,A_consumption,M1_power,Wolf_office_Nadia,power_active_kw,off_hours_run,warning,iforest_ctx,2017-10-07 15:00:00,2017-10-07 17:00:00,2017-10-07 17:00:00,3,106.945,64.512,65.78,,127.3,month cross-fit (other 11 months of 2017),0.6394,1,false_positive,
IC-00446,A_consumption,M1_power,Wolf_office_Nadia,power_active_kw,spike,warning,iforest_ctx,2017-10-31 08:00:00,2017-10-31 08:00:00,2017-10-31 08:00:00,1,106.022,93.683,13.17,,12.3,month cross-fit (other 11 months of 2017),0.6766,1,false_positive,
IC-00447,A_consumption,M1_power,Wolf_office_Nadia,power_active_kw,off_hours_run,warning,iforest_ctx,2017-11-04 07:00:00,2017-11-04 13:00:00,2017-11-04 09:00:00,7,112.679,64.746,74.03,,335.5,month cross-fit (other 11 months of 2017),0.6641,1,false_positive,
IC-00448,A_consumption,M1_power,Wolf_office_Nadia,power_active_kw,off_hours_run,warning,iforest_ctx,2017-11-05 07:00:00,2017-11-05 09:00:00,2017-11-05 09:00:00,3,97.142,63.44,53.12,,101.1,month cross-fit (other 11 months of 2017),0.635,1,false_positive,
IC-00449,A_consumption,M1_power,Wolf_office_Nadia,power_active_kw,off_hours_run,warning,iforest_ctx,2017-11-12 09:00:00,2017-11-12 18:00:00,2017-11-12 11:00:00,10,111.091,64.773,71.51,,463.2,month cross-fit (other 11 months of 2017),0.6196,1,false_positive,
IC-00450,A_consumption,M1_power,Wolf_office_Nadia,power_active_kw,spike,warning,iforest_ctx,2017-11-20 12:00:00,2017-11-20 13:00:00,2017-11-20 12:00:00,2,129.889,109.116,19.04,,41.5,month cross-fit (other 11 months of 2017),0.6687,1,false_positive,
IC-00451,A_consumption,M1_power,Wolf_office_Nadia,power_active_kw,off_hours_run,warning,iforest_ctx,2017-12-09 07:00:00,2017-12-09 09:00:00,2017-12-09 09:00:00,3,96.446,63.804,51.16,,97.9,month cross-fit (other 11 months of 2017),0.6169,1,false_positive,
IC-00452,A_consumption,M1_power,Wolf_office_Nadia,power_active_kw,high_consumption,warning,iforest_ctx,2017-12-12 16:00:00,2017-12-12 18:00:00,2017-12-12 18:00:00,3,118.24,85.341,38.55,,98.7,month cross-fit (other 11 months of 2017),0.6106,1,false_positive,
IC-00453,A_consumption,M1_power,Wolf_office_Nadia,power_active_kw,baseload_rise,warning,iforest_ctx,2017-12-20 06:00:00,2017-12-21 05:00:00,2017-12-20 08:00:00,24,110.356,81.011,36.22,,704.3,month cross-fit (other 11 months of 2017),0.6412,1,false_positive,
IC-00454,A_consumption,M1_power,Wolf_office_Nadia,power_active_kw,high_consumption,warning,iforest_ctx,2017-12-21 08:00:00,2017-12-21 11:00:00,2017-12-21 10:00:00,4,125.326,103.343,21.27,,87.9,month cross-fit (other 11 months of 2017),0.6505,1,false_positive,
