event_id,group,module,entity_id,key,type,severity,rule_or_model,start,end,detected_at,duration_h,actual_mean,expected_mean,deviation_pct,peak_z,excess_kwh,reference_window,score,n_merged,match,matched_case_id
LG-00001,A_consumption,M2_cooling,Bull_office_Efren,cooling_kw,spike,warning,lgbm_quantile_band,2017-01-01 19:00:00,2017-01-01 20:00:00,2017-01-01 19:00:00,2,104.925,40.22,160.88,6.19,129.4,month cross-fit (other 11 months of 2017),,1,false_positive,
LG-00002,A_consumption,M2_cooling,Bull_office_Efren,cooling_kw,spike,warning,lgbm_quantile_band,2017-01-07 13:00:00,2017-01-07 13:00:00,2017-01-07 13:00:00,1,26.658,-0.171,-15689.47,6.28,26.8,month cross-fit (other 11 months of 2017),,1,false_positive,
LG-00003,A_consumption,M2_cooling,Bull_office_Efren,cooling_kw,off_hours_run,warning,lgbm_quantile_band,2017-01-07 18:00:00,2017-01-07 21:00:00,2017-01-07 20:00:00,4,18.648,-0.007,-266500.0,4.98,74.6,month cross-fit (other 11 months of 2017),,1,false_positive,
LG-00004,A_consumption,M2_cooling,Bull_office_Efren,cooling_kw,off_hours_run,warning,lgbm_quantile_band,2017-01-26 23:00:00,2017-01-27 01:00:00,2017-01-27 01:00:00,3,27.924,2.861,876.02,8.38,75.2,month cross-fit (other 11 months of 2017),,1,false_positive,
LG-00005,A_consumption,M2_cooling,Bull_office_Efren,cooling_kw,spike,warning,lgbm_quantile_band,2017-03-17 17:00:00,2017-03-17 18:00:00,2017-03-17 17:00:00,2,713.293,203.482,250.54,5.86,1019.6,month cross-fit (other 11 months of 2017),,1,true_positive,SYN-M2-01-01
LG-00006,A_consumption,M2_cooling,Bull_office_Efren,cooling_kw,spike,warning,lgbm_quantile_band,2017-04-07 04:00:00,2017-04-07 05:00:00,2017-04-07 05:00:00,2,34.676,8.228,321.44,5.27,52.9,month cross-fit (other 11 months of 2017),,1,false_positive,
LG-00007,DQ_quality,M2_cooling,Bull_office_Efren,cooling_kw,data_loss,warning,dq_gap>=3h,2017-04-23 07:00:00,2017-04-24 12:00:00,2017-04-23 09:00:00,30,,,,,,,,1,true_positive,SYN-M2-01-02
LG-00008,A_consumption,M2_cooling,Bull_office_Efren,cooling_kw,spike,warning,lgbm_quantile_band,2017-05-01 18:00:00,2017-05-01 19:00:00,2017-05-01 18:00:00,2,245.898,192.304,27.87,6.58,107.2,month cross-fit (other 11 months of 2017),,1,false_positive,
LG-00009,A_consumption,M2_cooling,Bull_office_Efren,cooling_kw,off_hours_run,warning,lgbm_quantile_band,2017-05-04 00:00:00,2017-05-04 03:00:00,2017-05-04 02:00:00,4,204.025,59.957,240.29,4.8,576.3,month cross-fit (other 11 months of 2017),,1,true_positive,SYN-M2-01-03
LG-00010,DQ_quality,M2_cooling,Bull_office_Efren,cooling_kw,stuck_sensor,warning,dq_flatline>=4h,2017-05-19 03:00:00,2017-05-20 00:00:00,2017-05-19 06:00:00,22,69.387,,,,,,,1,true_positive,SYN-M2-01-04
LG-00011,A_consumption,M2_cooling,Bull_office_Efren,cooling_kw,spike,warning,lgbm_quantile_band,2017-06-09 22:00:00,2017-06-09 23:00:00,2017-06-09 22:00:00,2,678.819,148.956,355.72,7.7,1059.7,month cross-fit (other 11 months of 2017),,1,true_positive,SYN-M2-01-05
LG-00012,A_consumption,M2_cooling,Bull_office_Efren,cooling_kw,high_consumption,warning,lgbm_quantile_band,2017-06-23 14:00:00,2017-06-23 16:00:00,2017-06-23 16:00:00,3,476.908,400.85,18.97,3.85,228.2,month cross-fit (other 11 months of 2017),,1,false_positive,
LG-00013,A_consumption,M2_cooling,Bull_office_Efren,cooling_kw,off_hours_run,warning,lgbm_quantile_band,2017-06-24 00:00:00,2017-06-24 02:00:00,2017-06-24 02:00:00,3,370.231,82.71,347.63,95.8,862.6,month cross-fit (other 11 months of 2017),,1,false_positive,
LG-00014,A_consumption,M2_cooling,Bull_office_Efren,cooling_kw,spike,warning,lgbm_quantile_band,2017-07-08 07:00:00,2017-07-08 07:00:00,2017-07-08 07:00:00,1,406.267,90.357,349.62,5.6,315.9,month cross-fit (other 11 months of 2017),,1,false_positive,
LG-00015,A_consumption,M2_cooling,Bull_office_Efren,cooling_kw,spike,warning,lgbm_quantile_band,2017-08-07 06:00:00,2017-08-07 06:00:00,2017-08-07 06:00:00,1,249.274,175.753,41.83,8.37,73.5,month cross-fit (other 11 months of 2017),,1,false_positive,
LG-00016,A_consumption,M2_cooling,Bull_office_Efren,cooling_kw,spike,warning,lgbm_quantile_band,2017-08-08 13:00:00,2017-08-08 13:00:00,2017-08-08 13:00:00,1,894.054,344.538,159.49,14.2,549.5,month cross-fit (other 11 months of 2017),,1,false_positive,
LG-00017,A_consumption,M2_cooling,Bull_office_Efren,cooling_kw,off_hours_run,warning,lgbm_quantile_band,2017-08-12 12:00:00,2017-08-12 17:00:00,2017-08-12 14:00:00,6,464.242,341.217,36.05,7.99,738.1,month cross-fit (other 11 months of 2017),,1,false_positive,
LG-00018,A_consumption,M2_cooling,Bull_office_Efren,cooling_kw,off_hours_run,warning,lgbm_quantile_band,2017-09-15 23:00:00,2017-09-16 09:00:00,2017-09-16 01:00:00,11,343.884,79.991,329.9,7.38,2902.8,month cross-fit (other 11 months of 2017),,1,false_positive,
LG-00019,A_consumption,M2_cooling,Bull_office_Efren,cooling_kw,off_hours_run,warning,lgbm_quantile_band,2017-09-16 19:00:00,2017-09-17 09:00:00,2017-09-16 21:00:00,15,312.648,78.247,299.57,14.76,3516.0,month cross-fit (other 11 months of 2017),,1,false_positive,
LG-00020,A_consumption,M2_cooling,Bull_office_Efren,cooling_kw,off_hours_run,warning,lgbm_quantile_band,2017-09-18 21:00:00,2017-09-19 06:00:00,2017-09-18 23:00:00,10,329.328,148.328,122.03,50.85,1810.0,month cross-fit (other 11 months of 2017),,1,false_positive,
LG-00021,A_consumption,M2_cooling,Bull_office_Efren,cooling_kw,off_hours_run,warning,lgbm_quantile_band,2017-09-19 21:00:00,2017-09-20 06:00:00,2017-09-19 23:00:00,10,361.173,142.98,152.6,64.72,2181.9,month cross-fit (other 11 months of 2017),,1,false_positive,
LG-00022,A_consumption,M2_cooling,Bull_office_Efren,cooling_kw,high_consumption,warning,lgbm_quantile_band,2017-09-20 12:00:00,2017-09-20 16:00:00,2017-09-20 14:00:00,5,522.512,408.429,27.93,5.04,570.4,month cross-fit (other 11 months of 2017),,1,false_positive,
LG-00023,A_consumption,M2_cooling,Bull_office_Efren,cooling_kw,off_hours_run,warning,lgbm_quantile_band,2017-09-20 21:00:00,2017-09-21 06:00:00,2017-09-20 23:00:00,10,381.905,152.442,150.52,64.09,2294.6,month cross-fit (other 11 months of 2017),,1,false_positive,
LG-00024,A_consumption,M2_cooling,Bull_office_Efren,cooling_kw,off_hours_run,warning,lgbm_quantile_band,2017-09-21 23:00:00,2017-09-22 05:00:00,2017-09-22 01:00:00,7,302.022,72.031,319.29,31.75,1609.9,month cross-fit (other 11 months of 2017),,1,false_positive,
LG-00025,A_consumption,M2_cooling,Bull_office_Efren,cooling_kw,off_hours_run,warning,lgbm_quantile_band,2017-09-26 19:00:00,2017-09-27 06:00:00,2017-09-26 21:00:00,12,311.054,122.613,153.69,9.88,2261.3,month cross-fit (other 11 months of 2017),,1,false_positive,
LG-00026,A_consumption,M2_cooling,Bull_office_Efren,cooling_kw,off_hours_run,warning,lgbm_quantile_band,2017-09-27 19:00:00,2017-09-27 23:00:00,2017-09-27 21:00:00,5,447.006,218.463,104.61,7.64,1142.7,month cross-fit (other 11 months of 2017),,1,false_positive,
LG-00027,A_consumption,M2_cooling,Bull_office_Efren,cooling_kw,off_hours_run,warning,lgbm_quantile_band,2017-09-28 03:00:00,2017-09-28 05:00:00,2017-09-28 05:00:00,3,237.762,69.691,241.17,4.2,504.2,month cross-fit (other 11 months of 2017),,1,false_positive,
LG-00028,A_consumption,M2_cooling,Bull_office_Efren,cooling_kw,off_hours_run,warning,lgbm_quantile_band,2017-09-29 23:00:00,2017-09-30 09:00:00,2017-09-30 01:00:00,11,209.943,45.14,365.09,26.66,1812.8,month cross-fit (other 11 months of 2017),,1,false_positive,
LG-00029,A_consumption,M2_cooling,Bull_office_Efren,cooling_kw,off_hours_run,warning,lgbm_quantile_band,2017-09-30 23:00:00,2017-10-01 08:00:00,2017-10-01 01:00:00,10,167.824,49.612,238.27,32.21,1182.1,month cross-fit (other 11 months of 2017),,1,false_positive,
LG-00030,A_consumption,M2_cooling,Bull_office_Efren,cooling_kw,off_hours_run,warning,lgbm_quantile_band,2017-10-01 23:00:00,2017-10-02 06:00:00,2017-10-02 01:00:00,8,223.311,76.053,193.63,8.78,1178.1,month cross-fit (other 11 months of 2017),,1,false_positive,
LG-00031,A_consumption,M2_cooling,Bull_office_Efren,cooling_kw,off_hours_run,warning,lgbm_quantile_band,2017-10-02 19:00:00,2017-10-03 01:00:00,2017-10-02 21:00:00,7,371.686,195.883,89.75,4.46,1230.6,month cross-fit (other 11 months of 2017),,1,false_positive,
LG-00032,A_consumption,M2_cooling,Bull_office_Efren,cooling_kw,off_hours_run,warning,lgbm_quantile_band,2017-10-03 21:00:00,2017-10-04 05:00:00,2017-10-03 23:00:00,9,293.196,107.248,173.38,5.97,1673.5,month cross-fit (other 11 months of 2017),,1,false_positive,
LG-00033,A_consumption,M2_cooling,Bull_office_Efren,cooling_kw,off_hours_run,warning,lgbm_quantile_band,2017-10-06 00:00:00,2017-10-06 05:00:00,2017-10-06 02:00:00,6,206.591,64.833,218.65,4.15,850.6,month cross-fit (other 11 months of 2017),,1,false_positive,
LG-00034,A_consumption,M2_cooling,Bull_office_Efren,cooling_kw,off_hours_run,warning,lgbm_quantile_band,2017-10-07 21:00:00,2017-10-08 06:00:00,2017-10-07 23:00:00,10,233.688,70.747,230.32,5.18,1629.4,month cross-fit (other 11 months of 2017),,1,false_positive,
LG-00035,A_consumption,M2_cooling,Bull_office_Efren,cooling_kw,off_hours_run,warning,lgbm_quantile_band,2017-10-09 20:00:00,2017-10-09 22:00:00,2017-10-09 22:00:00,3,489.604,288.187,69.89,4.68,604.3,month cross-fit (other 11 months of 2017),,1,false_positive,
LG-00036,A_consumption,M2_cooling,Bull_office_Efren,cooling_kw,off_hours_run,warning,lgbm_quantile_band,2017-10-10 03:00:00,2017-10-10 05:00:00,2017-10-10 05:00:00,3,167.39,65.103,157.12,7.37,311.9,month cross-fit (other 11 months of 2017),,1,false_positive,
LG-00037,A_consumption,M2_cooling,Bull_office_Efren,cooling_kw,off_hours_run,warning,lgbm_quantile_band,2017-10-10 22:00:00,2017-10-11 05:00:00,2017-10-11 00:00:00,8,157.66,40.842,286.02,17.81,934.5,month cross-fit (other 11 months of 2017),,1,false_positive,
LG-00038,A_consumption,M2_cooling,Bull_office_Efren,cooling_kw,off_hours_run,warning,lgbm_quantile_band,2017-10-11 21:00:00,2017-10-12 05:00:00,2017-10-11 23:00:00,9,207.08,54.583,279.39,23.57,1372.5,month cross-fit (other 11 months of 2017),,1,false_positive,
LG-00039,A_consumption,M2_cooling,Bull_office_Efren,cooling_kw,off_hours_run,warning,lgbm_quantile_band,2017-10-12 21:00:00,2017-10-13 05:00:00,2017-10-12 23:00:00,9,274.924,92.249,198.02,10.37,1644.1,month cross-fit (other 11 months of 2017),,1,false_positive,
LG-00040,A_consumption,M2_cooling,Bull_office_Efren,cooling_kw,off_hours_run,warning,lgbm_quantile_band,2017-10-15 19:00:00,2017-10-16 05:00:00,2017-10-15 21:00:00,11,158.044,42.866,268.69,32.54,1267.0,month cross-fit (other 11 months of 2017),,1,false_positive,
LG-00041,A_consumption,M2_cooling,Bull_office_Efren,cooling_kw,off_hours_run,warning,lgbm_quantile_band,2017-10-16 19:00:00,2017-10-17 06:00:00,2017-10-16 21:00:00,12,159.639,44.104,261.96,11.85,1386.4,month cross-fit (other 11 months of 2017),,1,false_positive,
LG-00042,A_consumption,M2_cooling,Bull_office_Efren,cooling_kw,spike,warning,lgbm_quantile_band,2017-10-30 06:00:00,2017-10-30 07:00:00,2017-10-30 06:00:00,2,57.711,5.985,864.26,12.07,103.5,month cross-fit (other 11 months of 2017),,1,false_positive,
LG-00043,A_consumption,M2_cooling,Bull_office_Efren,cooling_kw,high_consumption,warning,lgbm_quantile_band,2017-11-01 07:00:00,2017-11-01 22:00:00,2017-11-01 09:00:00,16,209.888,102.768,104.23,7.1,1499.7,month cross-fit (other 11 months of 2017),,2,false_positive,
LG-00044,A_consumption,M2_cooling,Bull_office_Efren,cooling_kw,off_hours_run,warning,lgbm_quantile_band,2017-11-05 10:00:00,2017-11-05 16:00:00,2017-11-05 12:00:00,7,350.524,200.012,75.25,4.83,1053.6,month cross-fit (other 11 months of 2017),,1,false_positive,
LG-00045,A_consumption,M2_cooling,Bull_office_Efren,cooling_kw,high_consumption,warning,lgbm_quantile_band,2017-11-10 08:00:00,2017-11-10 11:00:00,2017-11-10 10:00:00,4,70.601,34.988,101.79,3.92,142.4,month cross-fit (other 11 months of 2017),,1,false_positive,
LG-00046,A_consumption,M2_cooling,Bull_office_Efren,cooling_kw,spike,warning,lgbm_quantile_band,2017-11-20 11:00:00,2017-11-20 11:00:00,2017-11-20 11:00:00,1,185.795,41.628,346.32,8.02,144.2,month cross-fit (other 11 months of 2017),,1,false_positive,
LG-00047,A_consumption,M2_cooling,Bull_office_Efren,cooling_kw,off_hours_run,warning,lgbm_quantile_band,2017-11-20 19:00:00,2017-11-20 21:00:00,2017-11-20 21:00:00,3,152.385,50.814,199.89,8.32,304.7,month cross-fit (other 11 months of 2017),,1,false_positive,
LG-00048,A_consumption,M2_cooling,Bull_office_Efren,cooling_kw,high_consumption,warning,lgbm_quantile_band,2017-11-21 07:00:00,2017-11-21 09:00:00,2017-11-21 09:00:00,3,69.622,30.419,128.88,4.63,117.6,month cross-fit (other 11 months of 2017),,1,false_positive,
LG-00049,A_consumption,M2_cooling,Bull_office_Efren,cooling_kw,high_consumption,warning,lgbm_quantile_band,2017-11-21 14:00:00,2017-11-21 17:00:00,2017-11-21 16:00:00,4,238.689,145.726,63.79,3.94,371.8,month cross-fit (other 11 months of 2017),,1,false_positive,
LG-00050,A_consumption,M2_cooling,Bull_office_Efren,cooling_kw,off_hours_run,warning,lgbm_quantile_band,2017-11-22 18:00:00,2017-11-22 20:00:00,2017-11-22 20:00:00,3,81.778,45.667,79.07,4.86,108.3,month cross-fit (other 11 months of 2017),,1,false_positive,
LG-00051,A_consumption,M2_cooling,Bull_office_Efren,cooling_kw,spike,warning,lgbm_quantile_band,2017-11-25 01:00:00,2017-11-25 01:00:00,2017-11-25 01:00:00,1,178.586,21.012,749.92,34.48,157.6,month cross-fit (other 11 months of 2017),,1,false_positive,
LG-00052,A_consumption,M2_cooling,Bull_office_Efren,cooling_kw,spike,warning,lgbm_quantile_band,2017-11-26 01:00:00,2017-11-26 01:00:00,2017-11-26 01:00:00,1,178.586,28.915,517.62,8.11,149.7,month cross-fit (other 11 months of 2017),,1,false_positive,
LG-00053,A_consumption,M2_cooling,Bull_office_Efren,cooling_kw,spike,warning,lgbm_quantile_band,2017-11-26 17:00:00,2017-11-26 17:00:00,2017-11-26 17:00:00,1,578.979,46.501,1145.09,13.24,532.5,month cross-fit (other 11 months of 2017),,1,false_positive,
LG-00054,A_consumption,M2_cooling,Bull_office_Efren,cooling_kw,spike,warning,lgbm_quantile_band,2017-11-27 01:00:00,2017-11-27 01:00:00,2017-11-27 01:00:00,1,787.001,33.342,2260.39,20.13,753.7,month cross-fit (other 11 months of 2017),,1,false_positive,
LG-00055,A_consumption,M2_cooling,Bull_office_Efren,cooling_kw,spike,warning,lgbm_quantile_band,2017-11-27 07:00:00,2017-11-27 07:00:00,2017-11-27 07:00:00,1,713.323,46.134,1446.2,23.73,667.2,month cross-fit (other 11 months of 2017),,1,false_positive,
LG-00056,A_consumption,M2_cooling,Bull_office_Efren,cooling_kw,spike,warning,lgbm_quantile_band,2017-11-28 13:00:00,2017-11-28 13:00:00,2017-11-28 13:00:00,1,379.363,178.982,111.96,5.34,200.4,month cross-fit (other 11 months of 2017),,1,false_positive,
LG-00057,A_consumption,M2_cooling,Bull_office_Efren,cooling_kw,spike,warning,lgbm_quantile_band,2017-11-30 07:00:00,2017-11-30 08:00:00,2017-11-30 07:00:00,2,46.985,3.848,1121.02,10.27,86.3,month cross-fit (other 11 months of 2017),,1,false_positive,
LG-00058,A_consumption,M2_cooling,Bull_office_Efren,cooling_kw,high_consumption,warning,lgbm_quantile_band,2017-11-30 11:00:00,2017-11-30 14:00:00,2017-11-30 13:00:00,4,214.088,124.995,71.28,4.31,356.4,month cross-fit (other 11 months of 2017),,1,false_positive,
LG-00059,A_consumption,M2_cooling,Bull_office_Efren,cooling_kw,off_hours_run,warning,lgbm_quantile_band,2017-12-03 10:00:00,2017-12-03 13:00:00,2017-12-03 12:00:00,4,278.429,66.109,321.17,4.83,849.3,month cross-fit (other 11 months of 2017),,1,false_positive,
LG-00060,A_consumption,M2_cooling,Bull_office_Efren,cooling_kw,high_consumption,warning,lgbm_quantile_band,2017-12-06 10:00:00,2017-12-06 15:00:00,2017-12-06 12:00:00,6,16.389,-0.962,-1803.64,4.58,104.1,month cross-fit (other 11 months of 2017),,1,false_positive,
LG-00061,A_consumption,M2_cooling,Bull_office_Efren,cooling_kw,spike,warning,lgbm_quantile_band,2017-12-08 01:00:00,2017-12-08 01:00:00,2017-12-08 01:00:00,1,83.279,3.782,2101.98,18.61,79.5,month cross-fit (other 11 months of 2017),,1,false_positive,
LG-00062,A_consumption,M2_cooling,Bull_office_Efren,cooling_kw,off_hours_run,warning,lgbm_quantile_band,2017-12-10 02:00:00,2017-12-10 04:00:00,2017-12-10 04:00:00,3,18.276,1.934,844.98,4.59,49.0,month cross-fit (other 11 months of 2017),,1,false_positive,
LG-00063,A_consumption,M2_cooling,Bull_office_Efren,cooling_kw,spike,warning,lgbm_quantile_band,2017-12-12 19:00:00,2017-12-12 19:00:00,2017-12-12 19:00:00,1,47.231,17.355,172.15,5.31,29.9,month cross-fit (other 11 months of 2017),,1,false_positive,
LG-00064,A_consumption,M1_power,Eagle_office_Norbert,power_active_kw,off_hours_run,warning,lgbm_quantile_band,2017-01-02 04:00:00,2017-01-02 09:00:00,2017-01-02 06:00:00,6,81.98,66.629,23.04,5.58,92.1,month cross-fit (other 11 months of 2017),,1,false_positive,
LG-00065,A_consumption,M1_power,Eagle_office_Norbert,power_active_kw,spike,warning,lgbm_quantile_band,2017-01-06 22:00:00,2017-01-06 23:00:00,2017-01-06 23:00:00,2,93.738,64.529,45.26,7.71,58.4,month cross-fit (other 11 months of 2017),,1,false_positive,
LG-00066,A_consumption,M1_power,Eagle_office_Norbert,power_active_kw,baseload_rise,warning,lgbm_cusum_night_residual,2017-01-07 00:00:00,2017-01-10 23:00:00,2017-01-09 04:00:00,96,95.137,25.108,278.91,,,month cross-fit (other 11 months of 2017),,1,false_positive,
LG-00067,A_consumption,M1_power,Eagle_office_Norbert,power_active_kw,spike,warning,lgbm_quantile_band,2017-01-07 03:00:00,2017-01-07 03:00:00,2017-01-07 03:00:00,1,102.696,77.522,32.47,5.9,25.2,month cross-fit (other 11 months of 2017),,1,false_positive,
LG-00068,A_consumption,M1_power,Eagle_office_Norbert,power_active_kw,off_hours_run,warning,lgbm_quantile_band,2017-01-07 12:00:00,2017-01-07 17:00:00,2017-01-07 14:00:00,6,92.514,52.656,75.7,17.69,239.2,month cross-fit (other 11 months of 2017),,1,false_positive,
LG-00069,A_consumption,M1_power,Eagle_office_Norbert,power_active_kw,off_hours_run,warning,lgbm_quantile_band,2017-01-08 03:00:00,2017-01-08 21:00:00,2017-01-08 05:00:00,19,91.787,5.609,1536.42,7.92,1637.4,month cross-fit (other 11 months of 2017),,1,false_positive,
LG-00070,A_consumption,M1_power,Eagle_office_Norbert,power_active_kw,high_consumption,warning,lgbm_quantile_band,2017-01-09 00:00:00,2017-01-10 20:00:00,2017-01-09 02:00:00,45,119.803,10.487,1042.4,71.08,4919.3,month cross-fit (other 11 months of 2017),,1,false_positive,
LG-00071,A_consumption,M1_power,Eagle_office_Norbert,power_active_kw,off_hours_run,warning,lgbm_quantile_band,2017-01-17 02:00:00,2017-01-17 06:00:00,2017-01-17 04:00:00,5,96.043,75.428,27.33,6.05,103.1,month cross-fit (other 11 months of 2017),,1,false_positive,
LG-00072,A_consumption,M1_power,Eagle_office_Norbert,power_active_kw,off_hours_run,warning,lgbm_quantile_band,2017-02-09 21:00:00,2017-02-10 08:00:00,2017-02-09 23:00:00,12,91.81,20.294,352.4,7.83,715.2,month cross-fit (other 11 months of 2017),,2,false_positive,
LG-00073,A_consumption,M1_power,Eagle_office_Norbert,power_active_kw,spike,warning,lgbm_quantile_band,2017-02-24 11:00:00,2017-02-24 11:00:00,2017-02-24 11:00:00,1,194.011,117.952,64.48,6.16,76.1,month cross-fit (other 11 months of 2017),,1,false_positive,
LG-00074,A_consumption,M1_power,Eagle_office_Norbert,power_active_kw,spike,warning,lgbm_quantile_band,2017-03-04 11:00:00,2017-03-04 11:00:00,2017-03-04 11:00:00,1,98.794,76.071,29.87,5.97,22.7,month cross-fit (other 11 months of 2017),,1,false_positive,
LG-00075,A_consumption,M1_power,Eagle_office_Norbert,power_active_kw,baseload_rise,warning,lgbm_cusum_night_residual,2017-03-12 00:00:00,2017-03-15 23:00:00,2017-03-15 04:00:00,96,83.0,47.908,73.25,,,month cross-fit (other 11 months of 2017),,1,false_positive,
LG-00076,A_consumption,M1_power,Eagle_office_Norbert,power_active_kw,high_consumption,warning,lgbm_quantile_band,2017-03-15 01:00:00,2017-03-15 17:00:00,2017-03-15 03:00:00,17,114.624,-1.171,-9888.56,8.66,1968.5,month cross-fit (other 11 months of 2017),,1,false_positive,
LG-00077,A_consumption,M1_power,Eagle_office_Norbert,power_active_kw,off_hours_run,warning,lgbm_quantile_band,2017-03-16 01:00:00,2017-03-16 08:00:00,2017-03-16 03:00:00,8,87.291,2.802,3015.31,6.9,675.9,month cross-fit (other 11 months of 2017),,1,false_positive,
LG-00078,A_consumption,M1_power,Eagle_office_Norbert,power_active_kw,spike,warning,lgbm_quantile_band,2017-03-18 13:00:00,2017-03-18 13:00:00,2017-03-18 13:00:00,1,100.972,78.511,28.61,5.26,22.5,month cross-fit (other 11 months of 2017),,1,false_positive,
LG-00079,A_consumption,M1_power,Eagle_office_Norbert,power_active_kw,high_consumption,warning,lgbm_quantile_band,2017-03-23 04:00:00,2017-03-23 10:00:00,2017-03-23 06:00:00,7,85.952,35.988,138.84,18.12,349.7,month cross-fit (other 11 months of 2017),,1,false_positive,
LG-00080,A_consumption,M1_power,Eagle_office_Norbert,power_active_kw,spike,warning,lgbm_quantile_band,2017-03-30 09:00:00,2017-03-30 10:00:00,2017-03-30 09:00:00,2,367.088,78.221,369.3,70.74,577.7,month cross-fit (other 11 months of 2017),,1,true_positive,SYN-M1-01-01
LG-00081,A_consumption,M1_power,Eagle_office_Norbert,power_active_kw,off_hours_run,warning,lgbm_quantile_band,2017-04-14 22:00:00,2017-04-15 05:00:00,2017-04-15 00:00:00,8,108.32,79.789,35.76,6.8,228.2,month cross-fit (other 11 months of 2017),,1,true_positive,SYN-M1-01-02
LG-00082,A_consumption,M1_power,Eagle_office_Norbert,power_active_kw,off_hours_run,warning,lgbm_quantile_band,2017-04-15 21:00:00,2017-04-15 23:00:00,2017-04-15 23:00:00,3,89.174,76.429,16.68,4.96,38.2,month cross-fit (other 11 months of 2017),,1,true_positive,SYN-M1-01-02
LG-00083,DQ_quality,M1_power,Eagle_office_Norbert,power_active_kw,stuck_sensor,warning,dq_flatline>=4h,2017-04-20 02:00:00,2017-04-20 11:00:00,2017-04-20 05:00:00,10,76.952,,,,,,,1,natural,
LG-00084,A_consumption,M1_power,Eagle_office_Norbert,power_active_kw,off_hours_run,warning,lgbm_quantile_band,2017-04-28 22:00:00,2017-05-01 09:00:00,2017-04-29 00:00:00,60,115.213,82.106,40.32,11.21,1920.2,month cross-fit (other 11 months of 2017),,2,true_positive,SYN-M1-01-03
LG-00085,A_consumption,M1_power,Eagle_office_Norbert,power_active_kw,off_hours_run,warning,lgbm_quantile_band,2017-05-01 19:00:00,2017-05-02 08:00:00,2017-05-01 21:00:00,14,121.731,91.206,33.47,8.79,427.4,month cross-fit (other 11 months of 2017),,1,true_positive,SYN-M1-01-03
LG-00086,A_consumption,M1_power,Eagle_office_Norbert,power_active_kw,spike,warning,lgbm_quantile_band,2017-05-04 09:00:00,2017-05-04 09:00:00,2017-05-04 09:00:00,1,171.865,79.627,115.84,20.9,92.2,month cross-fit (other 11 months of 2017),,1,false_positive,
LG-00087,A_consumption,M1_power,Eagle_office_Norbert,power_active_kw,spike,warning,lgbm_quantile_band,2017-05-05 00:00:00,2017-05-05 00:00:00,2017-05-05 00:00:00,1,121.142,84.128,44.0,8.8,37.0,month cross-fit (other 11 months of 2017),,1,false_positive,
LG-00088,A_consumption,M1_power,Eagle_office_Norbert,power_active_kw,spike,warning,lgbm_quantile_band,2017-05-12 09:00:00,2017-05-12 09:00:00,2017-05-12 09:00:00,1,144.154,79.967,80.27,16.05,64.2,month cross-fit (other 11 months of 2017),,1,false_positive,
LG-00089,DQ_quality,M1_power,Eagle_office_Norbert,power_active_kw,data_loss,warning,dq_gap>=3h,2017-05-18 07:00:00,2017-05-19 20:00:00,2017-05-18 09:00:00,38,,,,,,,,1,true_positive,SYN-M1-01-04
LG-00090,DQ_quality,M1_power,Eagle_office_Norbert,power_active_kw,stuck_sensor,warning,dq_flatline>=4h,2017-06-15 21:00:00,2017-06-16 20:00:00,2017-06-16 00:00:00,24,104.218,,,,,,,1,true_positive,SYN-M1-01-05
LG-00091,A_consumption,M1_power,Eagle_office_Norbert,power_active_kw,spike,warning,lgbm_quantile_band,2017-07-12 04:00:00,2017-07-12 05:00:00,2017-07-12 04:00:00,2,272.288,92.343,194.87,9.66,359.9,month cross-fit (other 11 months of 2017),,1,true_positive,SYN-M1-01-06
LG-00092,A_consumption,M1_power,Eagle_office_Norbert,power_active_kw,off_hours_run,warning,lgbm_quantile_band,2017-07-25 21:00:00,2017-07-26 04:00:00,2017-07-25 23:00:00,8,117.373,87.387,34.31,8.45,239.9,month cross-fit (other 11 months of 2017),,1,true_positive,SYN-M1-01-07
LG-00093,A_consumption,M1_power,Eagle_office_Norbert,power_active_kw,spike,warning,lgbm_quantile_band,2017-08-04 21:00:00,2017-08-04 21:00:00,2017-08-04 21:00:00,1,135.427,98.033,38.14,6.9,37.4,month cross-fit (other 11 months of 2017),,1,false_positive,
LG-00094,A_consumption,M1_power,Eagle_office_Norbert,power_active_kw,off_hours_run,warning,lgbm_quantile_band,2017-08-22 19:00:00,2017-08-23 09:00:00,2017-08-22 21:00:00,15,139.234,92.391,50.7,13.24,702.6,month cross-fit (other 11 months of 2017),,1,true_positive,SYN-M1-01-08
LG-00095,A_consumption,M1_power,Eagle_office_Norbert,power_active_kw,baseload_rise,warning,lgbm_cusum_night_residual,2017-08-23 00:00:00,2017-08-25 23:00:00,2017-08-25 04:00:00,72,128.555,84.722,51.74,,,month cross-fit (other 11 months of 2017),,1,true_positive,SYN-M1-01-08
LG-00096,A_consumption,M1_power,Eagle_office_Norbert,power_active_kw,off_hours_run,warning,lgbm_quantile_band,2017-08-23 19:00:00,2017-08-24 09:00:00,2017-08-23 21:00:00,15,133.12,89.315,49.05,11.52,657.1,month cross-fit (other 11 months of 2017),,1,true_positive,SYN-M1-01-08
LG-00097,A_consumption,M1_power,Eagle_office_Norbert,power_active_kw,off_hours_run,warning,lgbm_quantile_band,2017-08-24 17:00:00,2017-08-25 09:00:00,2017-08-24 19:00:00,17,140.035,94.82,47.69,11.29,768.7,month cross-fit (other 11 months of 2017),,1,true_positive,SYN-M1-01-08
LG-00098,A_consumption,M1_power,Eagle_office_Norbert,power_active_kw,spike,warning,lgbm_quantile_band,2017-08-25 16:00:00,2017-08-25 16:00:00,2017-08-25 16:00:00,1,212.624,143.634,48.03,5.0,69.0,month cross-fit (other 11 months of 2017),,1,true_positive,SYN-M1-01-08
LG-00099,A_consumption,M1_power,Eagle_office_Norbert,power_active_kw,off_hours_run,warning,lgbm_quantile_band,2017-08-25 19:00:00,2017-08-26 15:00:00,2017-08-25 21:00:00,21,129.393,86.205,50.1,12.83,906.9,month cross-fit (other 11 months of 2017),,1,true_positive,SYN-M1-01-08
LG-00100,A_consumption,M1_power,Eagle_office_Norbert,power_active_kw,spike,warning,lgbm_quantile_band,2017-11-10 09:00:00,2017-11-10 09:00:00,2017-11-10 09:00:00,1,99.991,77.334,29.3,5.86,22.7,month cross-fit (other 11 months of 2017),,1,false_positive,
LG-00101,A_consumption,M1_power,Eagle_office_Norbert,power_active_kw,spike,warning,lgbm_quantile_band,2017-12-09 05:00:00,2017-12-09 05:00:00,2017-12-09 05:00:00,1,107.121,76.549,39.94,7.99,30.6,month cross-fit (other 11 months of 2017),,1,false_positive,
LG-00102,A_consumption,M2_cooling,Fox_office_Carson,cooling_kw,high_consumption,warning,lgbm_quantile_band,2017-03-03 07:00:00,2017-03-03 09:00:00,2017-03-03 09:00:00,3,128.154,60.003,113.58,4.49,204.5,month cross-fit (other 11 months of 2017),,1,false_positive,
LG-00103,A_consumption,M2_cooling,Fox_office_Carson,cooling_kw,high_consumption,warning,lgbm_quantile_band,2017-03-06 10:00:00,2017-03-06 13:00:00,2017-03-06 12:00:00,4,126.721,71.595,77.0,4.1,220.5,month cross-fit (other 11 months of 2017),,1,false_positive,
LG-00104,A_consumption,M2_cooling,Fox_office_Carson,cooling_kw,high_consumption,warning,lgbm_quantile_band,2017-03-07 06:00:00,2017-03-07 08:00:00,2017-03-07 08:00:00,3,78.015,43.025,81.32,13.07,105.0,month cross-fit (other 11 months of 2017),,1,false_positive,
LG-00105,A_consumption,M2_cooling,Fox_office_Carson,cooling_kw,off_hours_run,warning,lgbm_quantile_band,2017-03-16 00:00:00,2017-03-16 04:00:00,2017-03-16 02:00:00,5,104.352,41.269,152.86,5.85,315.4,month cross-fit (other 11 months of 2017),,1,false_positive,
LG-00106,A_consumption,M2_cooling,Fox_office_Carson,cooling_kw,off_hours_run,warning,lgbm_quantile_band,2017-03-17 00:00:00,2017-03-17 05:00:00,2017-03-17 02:00:00,6,101.197,40.259,151.36,14.76,365.6,month cross-fit (other 11 months of 2017),,1,false_positive,
LG-00107,A_consumption,M2_cooling,Fox_office_Carson,cooling_kw,off_hours_run,warning,lgbm_quantile_band,2017-03-18 00:00:00,2017-03-18 05:00:00,2017-03-18 02:00:00,6,116.935,42.337,176.2,31.02,447.6,month cross-fit (other 11 months of 2017),,1,false_positive,
LG-00108,A_consumption,M2_cooling,Fox_office_Carson,cooling_kw,off_hours_run,warning,lgbm_quantile_band,2017-03-19 00:00:00,2017-03-19 05:00:00,2017-03-19 02:00:00,6,118.131,42.637,177.06,28.66,453.0,month cross-fit (other 11 months of 2017),,1,false_positive,
LG-00109,A_consumption,M2_cooling,Fox_office_Carson,cooling_kw,spike,warning,lgbm_quantile_band,2017-03-19 21:00:00,2017-03-19 21:00:00,2017-03-19 21:00:00,1,655.621,159.404,311.3,32.09,496.2,month cross-fit (other 11 months of 2017),,1,true_positive,SYN-M2-02-01
LG-00110,A_consumption,M2_cooling,Fox_office_Carson,cooling_kw,off_hours_run,warning,lgbm_quantile_band,2017-03-20 00:00:00,2017-03-20 05:00:00,2017-03-20 02:00:00,6,125.991,43.87,187.19,19.65,492.7,month cross-fit (other 11 months of 2017),,1,true_positive,SYN-M2-02-01
LG-00111,A_consumption,M2_cooling,Fox_office_Carson,cooling_kw,off_hours_run,warning,lgbm_quantile_band,2017-03-21 00:00:00,2017-03-21 05:00:00,2017-03-21 02:00:00,6,141.711,46.371,205.6,32.01,572.0,month cross-fit (other 11 months of 2017),,1,false_positive,
LG-00112,A_consumption,M2_cooling,Fox_office_Carson,cooling_kw,off_hours_run,warning,lgbm_quantile_band,2017-03-22 00:00:00,2017-03-22 05:00:00,2017-03-22 02:00:00,6,102.2,41.527,146.1,14.81,364.0,month cross-fit (other 11 months of 2017),,1,false_positive,
LG-00113,A_consumption,M2_cooling,Fox_office_Carson,cooling_kw,off_hours_run,warning,lgbm_quantile_band,2017-03-23 01:00:00,2017-03-23 03:00:00,2017-03-23 03:00:00,3,94.592,36.458,159.45,12.26,174.4,month cross-fit (other 11 months of 2017),,1,false_positive,
LG-00114,A_consumption,M2_cooling,Fox_office_Carson,cooling_kw,off_hours_run,warning,lgbm_quantile_band,2017-03-24 00:00:00,2017-03-24 05:00:00,2017-03-24 02:00:00,6,92.27,26.911,242.87,7.28,392.2,month cross-fit (other 11 months of 2017),,1,false_positive,
LG-00115,A_consumption,M2_cooling,Fox_office_Carson,cooling_kw,off_hours_run,warning,lgbm_quantile_band,2017-03-25 00:00:00,2017-03-25 05:00:00,2017-03-25 02:00:00,6,103.589,17.814,481.5,7.41,514.6,month cross-fit (other 11 months of 2017),,1,false_positive,
LG-00116,A_consumption,M2_cooling,Fox_office_Carson,cooling_kw,off_hours_run,warning,lgbm_quantile_band,2017-03-28 00:00:00,2017-03-28 03:00:00,2017-03-28 02:00:00,4,114.192,47.173,142.07,4.36,268.1,month cross-fit (other 11 months of 2017),,1,false_positive,
LG-00117,A_consumption,M2_cooling,Fox_office_Carson,cooling_kw,off_hours_run,warning,lgbm_quantile_band,2017-03-29 03:00:00,2017-03-29 05:00:00,2017-03-29 05:00:00,3,86.925,28.622,203.7,10.13,174.9,month cross-fit (other 11 months of 2017),,1,false_positive,
LG-00118,A_consumption,M2_cooling,Fox_office_Carson,cooling_kw,off_hours_run,warning,lgbm_quantile_band,2017-03-31 00:00:00,2017-03-31 04:00:00,2017-03-31 02:00:00,5,85.431,40.179,112.63,5.04,226.3,month cross-fit (other 11 months of 2017),,1,false_positive,
LG-00119,A_consumption,M2_cooling,Fox_office_Carson,cooling_kw,off_hours_run,warning,lgbm_quantile_band,2017-04-01 00:00:00,2017-04-01 08:00:00,2017-04-01 02:00:00,9,93.497,28.619,226.7,23.39,583.9,month cross-fit (other 11 months of 2017),,1,false_positive,
LG-00120,A_consumption,M2_cooling,Fox_office_Carson,cooling_kw,off_hours_run,warning,lgbm_quantile_band,2017-04-01 12:00:00,2017-04-01 18:00:00,2017-04-01 14:00:00,7,150.978,87.306,72.93,3.7,445.7,month cross-fit (other 11 months of 2017),,1,false_positive,
LG-00121,A_consumption,M2_cooling,Fox_office_Carson,cooling_kw,off_hours_run,warning,lgbm_quantile_band,2017-04-04 00:00:00,2017-04-04 04:00:00,2017-04-04 02:00:00,5,123.167,43.803,181.18,8.57,396.8,month cross-fit (other 11 months of 2017),,1,false_positive,
LG-00122,A_consumption,M2_cooling,Fox_office_Carson,cooling_kw,high_consumption,warning,lgbm_quantile_band,2017-04-04 16:00:00,2017-04-04 18:00:00,2017-04-04 18:00:00,3,223.168,142.98,56.08,5.32,240.6,month cross-fit (other 11 months of 2017),,1,false_positive,
LG-00123,A_consumption,M2_cooling,Fox_office_Carson,cooling_kw,off_hours_run,warning,lgbm_quantile_band,2017-04-05 04:00:00,2017-04-05 06:00:00,2017-04-05 06:00:00,3,125.868,48.545,159.28,3.82,232.0,month cross-fit (other 11 months of 2017),,1,false_positive,
LG-00124,A_consumption,M2_cooling,Fox_office_Carson,cooling_kw,off_hours_run,warning,lgbm_quantile_band,2017-04-06 00:00:00,2017-04-06 06:00:00,2017-04-06 02:00:00,7,147.336,49.376,198.4,8.69,685.7,month cross-fit (other 11 months of 2017),,1,false_positive,
LG-00125,A_consumption,M2_cooling,Fox_office_Carson,cooling_kw,off_hours_run,warning,lgbm_quantile_band,2017-04-06 22:00:00,2017-04-07 04:00:00,2017-04-07 00:00:00,7,116.322,43.737,165.96,5.61,508.1,month cross-fit (other 11 months of 2017),,1,false_positive,
LG-00126,A_consumption,M2_cooling,Fox_office_Carson,cooling_kw,off_hours_run,warning,lgbm_quantile_band,2017-04-09 00:00:00,2017-04-09 04:00:00,2017-04-09 02:00:00,5,118.701,36.59,224.41,8.28,410.6,month cross-fit (other 11 months of 2017),,1,false_positive,
LG-00127,A_consumption,M2_cooling,Fox_office_Carson,cooling_kw,off_hours_run,warning,lgbm_quantile_band,2017-04-11 00:00:00,2017-04-11 04:00:00,2017-04-11 02:00:00,5,99.752,44.393,124.7,4.59,276.8,month cross-fit (other 11 months of 2017),,1,false_positive,
LG-00128,DQ_quality,M2_cooling,Fox_office_Carson,cooling_kw,data_loss,warning,dq_gap>=3h,2017-04-16 18:00:00,2017-04-18 07:00:00,2017-04-16 20:00:00,38,,,,,,,,1,true_positive,SYN-M2-02-02
LG-00129,A_consumption,M2_cooling,Fox_office_Carson,cooling_kw,off_hours_run,warning,lgbm_quantile_band,2017-05-12 22:00:00,2017-05-13 05:00:00,2017-05-13 00:00:00,8,167.159,57.684,189.78,22.64,875.8,month cross-fit (other 11 months of 2017),,1,true_positive,SYN-M2-02-03
LG-00130,DQ_quality,M2_cooling,Fox_office_Carson,cooling_kw,stuck_sensor,warning,dq_flatline>=4h,2017-05-18 08:00:00,2017-05-19 05:00:00,2017-05-18 11:00:00,22,149.396,,,,,,,1,true_positive,SYN-M2-02-04
LG-00131,A_consumption,M2_cooling,Fox_office_Carson,cooling_kw,spike,warning,lgbm_quantile_band,2017-06-19 11:00:00,2017-06-19 11:00:00,2017-06-19 11:00:00,1,700.728,320.132,118.89,21.95,380.6,month cross-fit (other 11 months of 2017),,1,true_positive,SYN-M2-02-05
LG-00132,A_consumption,M2_cooling,Fox_office_Carson,cooling_kw,spike,warning,lgbm_quantile_band,2017-06-20 00:00:00,2017-06-20 00:00:00,2017-06-20 00:00:00,1,82.963,8.07,928.04,5.2,74.9,month cross-fit (other 11 months of 2017),,1,true_positive,SYN-M2-02-05
LG-00133,A_consumption,M2_cooling,Fox_office_Carson,cooling_kw,off_hours_run,warning,lgbm_quantile_band,2017-07-11 18:00:00,2017-07-11 20:00:00,2017-07-11 20:00:00,3,375.189,242.25,54.88,4.58,398.8,month cross-fit (other 11 months of 2017),,1,false_positive,
LG-00134,A_consumption,M2_cooling,Fox_office_Carson,cooling_kw,off_hours_run,warning,lgbm_quantile_band,2017-07-12 18:00:00,2017-07-12 21:00:00,2017-07-12 20:00:00,4,339.341,272.717,24.43,4.58,266.5,month cross-fit (other 11 months of 2017),,1,false_positive,
LG-00135,A_consumption,M2_cooling,Fox_office_Carson,cooling_kw,high_consumption,warning,lgbm_quantile_band,2017-07-17 13:00:00,2017-07-17 21:00:00,2017-07-17 15:00:00,9,379.593,236.649,60.4,5.41,1286.5,month cross-fit (other 11 months of 2017),,1,false_positive,
LG-00136,A_consumption,M2_cooling,Fox_office_Carson,cooling_kw,off_hours_run,warning,lgbm_quantile_band,2017-07-18 03:00:00,2017-07-18 07:00:00,2017-07-18 05:00:00,5,204.906,118.44,73.0,7.84,432.3,month cross-fit (other 11 months of 2017),,1,false_positive,
LG-00137,A_consumption,M2_cooling,Fox_office_Carson,cooling_kw,high_consumption,warning,lgbm_quantile_band,2017-07-18 10:00:00,2017-07-18 19:00:00,2017-07-18 12:00:00,10,369.508,254.023,45.46,9.68,1154.9,month cross-fit (other 11 months of 2017),,1,false_positive,
LG-00138,A_consumption,M2_cooling,Fox_office_Carson,cooling_kw,high_consumption,warning,lgbm_quantile_band,2017-07-19 11:00:00,2017-07-19 18:00:00,2017-07-19 13:00:00,8,367.353,261.966,40.23,7.62,843.1,month cross-fit (other 11 months of 2017),,1,false_positive,
LG-00139,A_consumption,M2_cooling,Fox_office_Carson,cooling_kw,off_hours_run,warning,lgbm_quantile_band,2017-07-24 01:00:00,2017-07-24 05:00:00,2017-07-24 03:00:00,5,94.287,52.678,78.99,5.05,208.0,month cross-fit (other 11 months of 2017),,1,false_positive,
LG-00140,A_consumption,M2_cooling,Fox_office_Carson,cooling_kw,high_consumption,warning,lgbm_quantile_band,2017-07-24 10:00:00,2017-07-24 21:00:00,2017-07-24 12:00:00,12,300.052,196.939,52.36,9.91,1237.4,month cross-fit (other 11 months of 2017),,1,false_positive,
LG-00141,A_consumption,M2_cooling,Fox_office_Carson,cooling_kw,high_consumption,warning,lgbm_quantile_band,2017-07-25 05:00:00,2017-07-25 18:00:00,2017-07-25 07:00:00,14,333.655,228.681,45.9,12.07,1259.7,month cross-fit (other 11 months of 2017),,2,false_positive,
LG-00142,A_consumption,M2_cooling,Fox_office_Carson,cooling_kw,off_hours_run,warning,lgbm_quantile_band,2017-07-29 23:00:00,2017-07-30 01:00:00,2017-07-30 01:00:00,3,102.188,61.984,64.86,4.51,120.6,month cross-fit (other 11 months of 2017),,1,false_positive,
LG-00143,A_consumption,M2_cooling,Fox_office_Carson,cooling_kw,high_consumption,warning,lgbm_quantile_band,2017-07-31 09:00:00,2017-07-31 11:00:00,2017-07-31 11:00:00,3,374.931,269.157,39.3,6.86,317.3,month cross-fit (other 11 months of 2017),,1,false_positive,
LG-00144,A_consumption,M2_cooling,Fox_office_Carson,cooling_kw,high_consumption,warning,lgbm_quantile_band,2017-07-31 17:00:00,2017-07-31 19:00:00,2017-07-31 19:00:00,3,363.595,306.431,18.65,3.92,171.5,month cross-fit (other 11 months of 2017),,1,false_positive,
LG-00145,A_consumption,M2_cooling,Fox_office_Carson,cooling_kw,high_consumption,warning,lgbm_quantile_band,2017-08-03 10:00:00,2017-08-03 12:00:00,2017-08-03 12:00:00,3,375.201,262.203,43.1,4.08,339.0,month cross-fit (other 11 months of 2017),,1,false_positive,
LG-00146,A_consumption,M2_cooling,Fox_office_Carson,cooling_kw,high_consumption,warning,lgbm_quantile_band,2017-08-04 05:00:00,2017-08-04 17:00:00,2017-08-04 07:00:00,13,325.79,231.139,40.95,8.27,1368.9,month cross-fit (other 11 months of 2017),,1,false_positive,
LG-00147,A_consumption,M2_cooling,Fox_office_Carson,cooling_kw,off_hours_run,warning,lgbm_quantile_band,2017-08-12 17:00:00,2017-08-12 21:00:00,2017-08-12 19:00:00,5,326.371,271.239,20.33,4.04,275.7,month cross-fit (other 11 months of 2017),,1,false_positive,
LG-00148,A_consumption,M2_cooling,Fox_office_Carson,cooling_kw,off_hours_run,warning,lgbm_quantile_band,2017-09-04 23:00:00,2017-09-05 05:00:00,2017-09-05 01:00:00,7,188.001,65.846,185.52,4.66,855.1,month cross-fit (other 11 months of 2017),,1,false_positive,
LG-00149,A_consumption,M2_cooling,Fox_office_Carson,cooling_kw,off_hours_run,warning,lgbm_quantile_band,2017-11-09 18:00:00,2017-11-09 23:00:00,2017-11-09 20:00:00,6,153.288,103.536,48.05,5.67,298.5,month cross-fit (other 11 months of 2017),,1,false_positive,
LG-00150,A_consumption,M2_cooling,Fox_office_Carson,cooling_kw,spike,warning,lgbm_quantile_band,2017-11-10 23:00:00,2017-11-10 23:00:00,2017-11-10 23:00:00,1,67.91,23.19,192.84,5.02,44.7,month cross-fit (other 11 months of 2017),,1,false_positive,
LG-00151,A_consumption,M2_cooling,Fox_office_Carson,cooling_kw,high_consumption,warning,lgbm_quantile_band,2017-12-05 09:00:00,2017-12-05 21:00:00,2017-12-05 11:00:00,13,93.98,59.66,57.53,6.37,377.5,month cross-fit (other 11 months of 2017),,2,false_positive,
LG-00152,A_consumption,M2_cooling,Fox_office_Carson,cooling_kw,high_consumption,warning,lgbm_quantile_band,2017-12-06 08:00:00,2017-12-06 16:00:00,2017-12-06 10:00:00,9,124.737,72.863,71.2,7.82,363.1,month cross-fit (other 11 months of 2017),,2,false_positive,
LG-00153,A_consumption,M2_cooling,Fox_office_Carson,cooling_kw,spike,warning,lgbm_quantile_band,2017-12-06 23:00:00,2017-12-06 23:00:00,2017-12-06 23:00:00,1,30.421,9.809,210.13,5.08,20.6,month cross-fit (other 11 months of 2017),,1,false_positive,
LG-00154,A_consumption,M2_cooling,Fox_office_Carson,cooling_kw,off_hours_run,warning,lgbm_quantile_band,2017-12-07 20:00:00,2017-12-07 22:00:00,2017-12-07 22:00:00,3,63.843,40.617,57.18,6.85,69.7,month cross-fit (other 11 months of 2017),,1,false_positive,
LG-00155,A_consumption,M2_cooling,Fox_office_Carson,cooling_kw,high_consumption,warning,lgbm_quantile_band,2017-12-08 07:00:00,2017-12-08 20:00:00,2017-12-08 09:00:00,14,82.766,55.489,49.16,8.42,327.3,month cross-fit (other 11 months of 2017),,2,false_positive,
LG-00156,A_consumption,M2_cooling,Fox_office_Carson,cooling_kw,high_consumption,warning,lgbm_quantile_band,2017-12-14 17:00:00,2017-12-14 19:00:00,2017-12-14 19:00:00,3,125.927,73.983,70.21,3.74,155.8,month cross-fit (other 11 months of 2017),,1,false_positive,
LG-00157,A_consumption,M2_cooling,Fox_office_Carson,cooling_kw,off_hours_run,warning,lgbm_quantile_band,2017-12-16 09:00:00,2017-12-16 21:00:00,2017-12-16 11:00:00,13,91.498,59.941,52.65,6.26,410.2,month cross-fit (other 11 months of 2017),,1,false_positive,
LG-00158,A_consumption,M2_cooling,Fox_office_Carson,cooling_kw,off_hours_run,warning,lgbm_quantile_band,2017-12-17 09:00:00,2017-12-17 19:00:00,2017-12-17 11:00:00,11,83.41,55.19,51.13,5.27,310.4,month cross-fit (other 11 months of 2017),,1,false_positive,
LG-00159,A_consumption,M2_cooling,Fox_office_Carson,cooling_kw,high_consumption,warning,lgbm_quantile_band,2017-12-18 12:00:00,2017-12-18 14:00:00,2017-12-18 14:00:00,3,111.554,64.898,71.89,3.91,140.0,month cross-fit (other 11 months of 2017),,1,false_positive,
LG-00160,A_consumption,M2_cooling,Fox_office_Carson,cooling_kw,high_consumption,warning,lgbm_quantile_band,2017-12-19 11:00:00,2017-12-19 20:00:00,2017-12-19 13:00:00,10,97.719,67.851,44.02,7.35,298.7,month cross-fit (other 11 months of 2017),,1,false_positive,
LG-00161,A_consumption,M2_cooling,Fox_office_Carson,cooling_kw,high_consumption,warning,lgbm_quantile_band,2017-12-20 11:00:00,2017-12-20 22:00:00,2017-12-20 13:00:00,12,96.807,62.191,55.66,6.88,415.4,month cross-fit (other 11 months of 2017),,1,false_positive,
LG-00162,A_consumption,M2_cooling,Fox_office_Carson,cooling_kw,high_consumption,warning,lgbm_quantile_band,2017-12-22 11:00:00,2017-12-22 18:00:00,2017-12-22 13:00:00,8,62.785,42.719,46.97,9.52,160.5,month cross-fit (other 11 months of 2017),,1,false_positive,
LG-00163,A_consumption,M2_cooling,Fox_office_Carson,cooling_kw,off_hours_run,warning,lgbm_quantile_band,2017-12-23 10:00:00,2017-12-23 21:00:00,2017-12-23 12:00:00,12,65.173,37.751,72.64,10.52,329.1,month cross-fit (other 11 months of 2017),,1,false_positive,
LG-00164,A_consumption,M2_cooling,Fox_office_Carson,cooling_kw,off_hours_run,warning,lgbm_quantile_band,2017-12-24 10:00:00,2017-12-24 20:00:00,2017-12-24 12:00:00,11,85.36,53.851,58.51,10.01,346.6,month cross-fit (other 11 months of 2017),,1,false_positive,
LG-00165,A_consumption,M2_cooling,Fox_office_Carson,cooling_kw,high_consumption,warning,lgbm_quantile_band,2017-12-27 12:00:00,2017-12-27 20:00:00,2017-12-27 14:00:00,9,114.255,70.142,62.89,7.43,397.0,month cross-fit (other 11 months of 2017),,1,false_positive,
LG-00166,A_consumption,M2_cooling,Fox_office_Carson,cooling_kw,off_hours_run,warning,lgbm_quantile_band,2017-12-28 19:00:00,2017-12-28 22:00:00,2017-12-28 21:00:00,4,83.578,48.364,72.81,6.11,140.9,month cross-fit (other 11 months of 2017),,1,false_positive,
LG-00167,A_consumption,M2_cooling,Fox_office_Carson,cooling_kw,off_hours_run,warning,lgbm_quantile_band,2017-12-29 19:00:00,2017-12-29 22:00:00,2017-12-29 21:00:00,4,82.593,48.785,69.3,5.81,135.2,month cross-fit (other 11 months of 2017),,1,false_positive,
LG-00168,A_consumption,M2_cooling,Fox_office_Carson,cooling_kw,off_hours_run,warning,lgbm_quantile_band,2017-12-30 19:00:00,2017-12-30 22:00:00,2017-12-30 21:00:00,4,78.786,48.726,61.69,5.96,120.2,month cross-fit (other 11 months of 2017),,1,false_positive,
LG-00169,A_consumption,M2_cooling,Fox_office_Carson,cooling_kw,off_hours_run,warning,lgbm_quantile_band,2017-12-31 09:00:00,2017-12-31 20:00:00,2017-12-31 11:00:00,12,95.368,62.163,53.42,7.72,398.5,month cross-fit (other 11 months of 2017),,1,false_positive,
LG-00170,A_consumption,M2_cooling,Fox_office_Yong,cooling_kw,off_hours_run,warning,lgbm_quantile_band,2017-01-28 04:00:00,2017-01-28 07:00:00,2017-01-28 06:00:00,4,107.897,75.0,43.86,5.21,131.6,month cross-fit (other 11 months of 2017),,1,false_positive,
LG-00171,A_consumption,M2_cooling,Fox_office_Yong,cooling_kw,off_hours_run,warning,lgbm_quantile_band,2017-01-29 00:00:00,2017-01-29 08:00:00,2017-01-29 02:00:00,9,127.994,56.667,125.87,5.71,641.9,month cross-fit (other 11 months of 2017),,1,false_positive,
LG-00172,A_consumption,M2_cooling,Fox_office_Yong,cooling_kw,off_hours_run,warning,lgbm_quantile_band,2017-02-11 01:00:00,2017-02-11 08:00:00,2017-02-11 03:00:00,8,216.053,133.486,61.85,10.87,660.5,month cross-fit (other 11 months of 2017),,1,false_positive,
LG-00173,A_consumption,M2_cooling,Fox_office_Yong,cooling_kw,off_hours_run,warning,lgbm_quantile_band,2017-02-11 21:00:00,2017-02-11 23:00:00,2017-02-11 23:00:00,3,142.092,28.62,396.48,5.43,340.4,month cross-fit (other 11 months of 2017),,1,false_positive,
LG-00174,A_consumption,M2_cooling,Fox_office_Yong,cooling_kw,spike,warning,lgbm_quantile_band,2017-03-18 19:00:00,2017-03-18 19:00:00,2017-03-18 19:00:00,1,766.245,38.462,1892.21,10.25,727.8,month cross-fit (other 11 months of 2017),,1,true_positive,SYN-M2-03-01
LG-00175,A_consumption,M2_cooling,Fox_office_Yong,cooling_kw,off_hours_run,warning,lgbm_quantile_band,2017-04-06 01:00:00,2017-04-06 09:00:00,2017-04-06 03:00:00,9,158.657,118.691,33.67,10.55,359.7,month cross-fit (other 11 months of 2017),,1,false_positive,
LG-00176,A_consumption,M2_cooling,Fox_office_Yong,cooling_kw,off_hours_run,warning,lgbm_quantile_band,2017-04-06 14:00:00,2017-04-06 18:00:00,2017-04-06 16:00:00,5,412.097,302.061,36.43,8.74,550.2,month cross-fit (other 11 months of 2017),,1,false_positive,
LG-00177,DQ_quality,M2_cooling,Fox_office_Yong,cooling_kw,data_loss,warning,dq_gap>=3h,2017-04-10 01:00:00,2017-04-10 15:00:00,2017-04-10 03:00:00,15,,,,,,,,1,true_positive,SYN-M2-03-02
LG-00178,A_consumption,M2_cooling,Fox_office_Yong,cooling_kw,spike,warning,lgbm_quantile_band,2017-04-10 18:00:00,2017-04-10 18:00:00,2017-04-10 18:00:00,1,310.749,238.485,30.3,6.05,72.3,month cross-fit (other 11 months of 2017),,1,true_positive,SYN-M2-03-02
LG-00179,A_consumption,M2_cooling,Fox_office_Yong,cooling_kw,off_hours_run,warning,lgbm_quantile_band,2017-05-06 20:00:00,2017-05-07 04:00:00,2017-05-06 22:00:00,9,300.524,135.675,121.5,7.48,1483.6,month cross-fit (other 11 months of 2017),,1,true_positive,SYN-M2-03-03
LG-00180,DQ_quality,M2_cooling,Fox_office_Yong,cooling_kw,stuck_sensor,warning,dq_flatline>=4h,2017-06-02 09:00:00,2017-06-02 21:00:00,2017-06-02 12:00:00,13,366.034,,,,,,,1,true_positive,SYN-M2-03-04
LG-00181,A_consumption,M2_cooling,Fox_office_Yong,cooling_kw,spike,warning,lgbm_quantile_band,2017-06-23 07:00:00,2017-06-23 08:00:00,2017-06-23 07:00:00,2,1436.55,390.992,267.41,26.7,2091.1,month cross-fit (other 11 months of 2017),,1,true_positive,SYN-M2-03-05
LG-00182,A_consumption,M2_cooling,Fox_office_Yong,cooling_kw,off_hours_run,warning,lgbm_quantile_band,2017-07-10 22:00:00,2017-07-11 03:00:00,2017-07-11 00:00:00,6,428.774,304.736,40.7,4.62,744.2,month cross-fit (other 11 months of 2017),,1,false_positive,
LG-00183,A_consumption,M2_cooling,Fox_office_Yong,cooling_kw,high_consumption,warning,lgbm_quantile_band,2017-07-11 06:00:00,2017-07-11 08:00:00,2017-07-11 08:00:00,3,444.659,333.211,33.45,5.32,334.3,month cross-fit (other 11 months of 2017),,1,false_positive,
LG-00184,A_consumption,M2_cooling,Fox_office_Yong,cooling_kw,spike,warning,lgbm_quantile_band,2017-07-11 22:00:00,2017-07-11 22:00:00,2017-07-11 22:00:00,1,414.848,321.583,29.0,5.03,93.3,month cross-fit (other 11 months of 2017),,1,false_positive,
LG-00185,A_consumption,M2_cooling,Fox_office_Yong,cooling_kw,off_hours_run,warning,lgbm_quantile_band,2017-07-17 20:00:00,2017-07-18 01:00:00,2017-07-17 22:00:00,6,413.816,282.824,46.32,5.89,786.0,month cross-fit (other 11 months of 2017),,1,false_positive,
LG-00186,A_consumption,M2_cooling,Fox_office_Yong,cooling_kw,spike,warning,lgbm_quantile_band,2017-07-18 18:00:00,2017-07-18 19:00:00,2017-07-18 18:00:00,2,476.604,325.91,46.24,5.26,301.4,month cross-fit (other 11 months of 2017),,1,false_positive,
LG-00187,A_consumption,M2_cooling,Fox_office_Yong,cooling_kw,off_hours_run,warning,lgbm_quantile_band,2017-07-21 05:00:00,2017-07-21 08:00:00,2017-07-21 07:00:00,4,505.064,315.601,60.03,13.04,757.9,month cross-fit (other 11 months of 2017),,1,false_positive,
LG-00188,A_consumption,M2_cooling,Fox_office_Yong,cooling_kw,spike,warning,lgbm_quantile_band,2017-07-23 18:00:00,2017-07-23 19:00:00,2017-07-23 19:00:00,2,529.128,407.499,29.85,7.08,243.3,month cross-fit (other 11 months of 2017),,1,false_positive,
LG-00189,A_consumption,M2_cooling,Fox_office_Yong,cooling_kw,high_consumption,warning,lgbm_quantile_band,2017-07-24 05:00:00,2017-07-24 23:00:00,2017-07-24 07:00:00,19,480.459,334.025,43.84,7.96,2782.3,month cross-fit (other 11 months of 2017),,1,false_positive,
LG-00190,A_consumption,M2_cooling,Fox_office_Yong,cooling_kw,high_consumption,warning,lgbm_quantile_band,2017-07-25 05:00:00,2017-07-25 09:00:00,2017-07-25 07:00:00,5,426.861,303.773,40.52,5.71,615.4,month cross-fit (other 11 months of 2017),,1,false_positive,
LG-00191,A_consumption,M2_cooling,Fox_office_Yong,cooling_kw,off_hours_run,warning,lgbm_quantile_band,2017-07-25 17:00:00,2017-07-26 01:00:00,2017-07-25 19:00:00,9,459.203,338.839,35.52,4.31,1083.3,month cross-fit (other 11 months of 2017),,1,false_positive,
LG-00192,A_consumption,M2_cooling,Fox_office_Yong,cooling_kw,spike,warning,lgbm_quantile_band,2017-07-30 16:00:00,2017-07-30 16:00:00,2017-07-30 16:00:00,1,496.263,395.744,25.4,5.08,100.5,month cross-fit (other 11 months of 2017),,1,false_positive,
LG-00193,A_consumption,M2_cooling,Fox_office_Yong,cooling_kw,high_consumption,warning,lgbm_quantile_band,2017-08-03 13:00:00,2017-08-03 15:00:00,2017-08-03 15:00:00,3,704.003,504.585,39.52,4.65,598.3,month cross-fit (other 11 months of 2017),,1,false_positive,
LG-00194,A_consumption,M2_cooling,Fox_office_Yong,cooling_kw,off_hours_run,warning,lgbm_quantile_band,2017-08-04 04:00:00,2017-08-04 07:00:00,2017-08-04 06:00:00,4,300.849,207.344,45.1,4.43,374.0,month cross-fit (other 11 months of 2017),,1,false_positive,
LG-00195,A_consumption,M2_cooling,Fox_office_Yong,cooling_kw,off_hours_run,warning,lgbm_quantile_band,2017-08-13 02:00:00,2017-08-13 06:00:00,2017-08-13 04:00:00,5,436.603,263.626,65.61,4.08,864.9,month cross-fit (other 11 months of 2017),,1,false_positive,
LG-00196,A_consumption,M2_cooling,Fox_office_Yong,cooling_kw,high_consumption,warning,lgbm_quantile_band,2017-10-10 15:00:00,2017-10-10 17:00:00,2017-10-10 17:00:00,3,538.735,437.454,23.15,4.54,303.8,month cross-fit (other 11 months of 2017),,1,false_positive,
LG-00197,A_consumption,M2_cooling,Fox_office_Yong,cooling_kw,off_hours_run,warning,lgbm_quantile_band,2017-10-20 18:00:00,2017-10-20 20:00:00,2017-10-20 20:00:00,3,282.638,222.72,26.9,4.93,179.8,month cross-fit (other 11 months of 2017),,1,false_positive,
LG-00198,A_consumption,M2_cooling,Fox_office_Yong,cooling_kw,off_hours_run,warning,lgbm_quantile_band,2017-10-21 09:00:00,2017-10-21 11:00:00,2017-10-21 11:00:00,3,298.686,196.269,52.18,4.21,307.3,month cross-fit (other 11 months of 2017),,1,false_positive,
LG-00199,A_consumption,M2_cooling,Fox_office_Yong,cooling_kw,high_consumption,warning,lgbm_quantile_band,2017-10-23 14:00:00,2017-10-23 16:00:00,2017-10-23 16:00:00,3,569.659,468.651,21.55,4.49,303.0,month cross-fit (other 11 months of 2017),,1,false_positive,
LG-00200,A_consumption,M2_cooling,Fox_office_Yong,cooling_kw,spike,warning,lgbm_quantile_band,2017-10-26 08:00:00,2017-10-26 09:00:00,2017-10-26 08:00:00,2,313.598,238.031,31.75,6.0,151.1,month cross-fit (other 11 months of 2017),,1,false_positive,
LG-00201,A_consumption,M2_cooling,Fox_office_Yong,cooling_kw,high_consumption,warning,lgbm_quantile_band,2017-10-26 14:00:00,2017-10-26 16:00:00,2017-10-26 16:00:00,3,575.286,469.696,22.48,4.3,316.8,month cross-fit (other 11 months of 2017),,1,false_positive,
LG-00202,A_consumption,M2_cooling,Fox_office_Yong,cooling_kw,off_hours_run,warning,lgbm_quantile_band,2017-10-29 12:00:00,2017-10-29 15:00:00,2017-10-29 14:00:00,4,392.208,302.504,29.65,4.19,358.8,month cross-fit (other 11 months of 2017),,1,false_positive,
LG-00203,A_consumption,M2_cooling,Fox_office_Yong,cooling_kw,high_consumption,warning,lgbm_quantile_band,2017-11-01 14:00:00,2017-11-01 16:00:00,2017-11-01 16:00:00,3,485.091,355.891,36.3,5.08,387.6,month cross-fit (other 11 months of 2017),,1,false_positive,
LG-00204,A_consumption,M2_cooling,Fox_office_Yong,cooling_kw,high_consumption,warning,lgbm_quantile_band,2017-11-02 12:00:00,2017-11-02 18:00:00,2017-11-02 14:00:00,7,444.62,318.433,39.63,4.82,883.3,month cross-fit (other 11 months of 2017),,1,false_positive,
LG-00205,A_consumption,M2_cooling,Fox_office_Yong,cooling_kw,high_consumption,warning,lgbm_quantile_band,2017-11-03 09:00:00,2017-11-03 14:00:00,2017-11-03 11:00:00,6,405.399,289.407,40.08,4.26,695.9,month cross-fit (other 11 months of 2017),,1,false_positive,
LG-00206,A_consumption,M2_cooling,Fox_office_Yong,cooling_kw,high_consumption,warning,lgbm_quantile_band,2017-11-08 11:00:00,2017-11-08 14:00:00,2017-11-08 13:00:00,4,462.554,334.331,38.35,3.75,512.9,month cross-fit (other 11 months of 2017),,1,false_positive,
LG-00207,A_consumption,M2_cooling,Fox_office_Yong,cooling_kw,spike,warning,lgbm_quantile_band,2017-11-19 08:00:00,2017-11-19 09:00:00,2017-11-19 08:00:00,2,145.932,104.317,39.89,5.84,83.2,month cross-fit (other 11 months of 2017),,1,false_positive,
LG-00208,A_consumption,M2_cooling,Fox_office_Yong,cooling_kw,off_hours_run,warning,lgbm_quantile_band,2017-12-17 19:00:00,2017-12-17 21:00:00,2017-12-17 21:00:00,3,121.753,99.867,21.92,4.87,65.7,month cross-fit (other 11 months of 2017),,1,false_positive,
LG-00209,A_consumption,M2_cooling,Fox_office_Yong,cooling_kw,off_hours_run,warning,lgbm_quantile_band,2017-12-19 19:00:00,2017-12-20 05:00:00,2017-12-19 21:00:00,11,117.084,81.517,43.63,6.29,320.1,month cross-fit (other 11 months of 2017),,2,false_positive,
LG-00210,A_consumption,M2_cooling,Fox_office_Yong,cooling_kw,off_hours_run,warning,lgbm_quantile_band,2017-12-21 01:00:00,2017-12-21 03:00:00,2017-12-21 03:00:00,3,122.468,87.977,39.2,4.67,103.5,month cross-fit (other 11 months of 2017),,1,false_positive,
LG-00211,A_consumption,M2_cooling,Fox_office_Yong,cooling_kw,off_hours_run,warning,lgbm_quantile_band,2017-12-21 18:00:00,2017-12-21 20:00:00,2017-12-21 20:00:00,3,127.896,79.207,61.47,7.03,146.1,month cross-fit (other 11 months of 2017),,1,false_positive,
LG-00212,A_consumption,M1_power,Hog_office_Emmanuel,power_active_kw,high_consumption,warning,lgbm_quantile_band,2017-01-04 10:00:00,2017-01-04 12:00:00,2017-01-04 12:00:00,3,44.641,35.842,24.55,5.74,26.4,month cross-fit (other 11 months of 2017),,1,false_positive,
LG-00213,A_consumption,M1_power,Hog_office_Emmanuel,power_active_kw,spike,warning,lgbm_quantile_band,2017-01-05 11:00:00,2017-01-05 12:00:00,2017-01-05 12:00:00,2,43.871,35.327,24.19,5.6,17.1,month cross-fit (other 11 months of 2017),,1,false_positive,
LG-00214,A_consumption,M1_power,Hog_office_Emmanuel,power_active_kw,high_consumption,warning,lgbm_quantile_band,2017-01-06 09:00:00,2017-01-06 12:00:00,2017-01-06 11:00:00,4,41.957,34.422,21.89,5.19,30.1,month cross-fit (other 11 months of 2017),,1,false_positive,
LG-00215,A_consumption,M1_power,Hog_office_Emmanuel,power_active_kw,spike,warning,lgbm_quantile_band,2017-02-09 00:00:00,2017-02-09 01:00:00,2017-02-09 00:00:00,2,29.278,23.423,25.0,5.21,11.7,month cross-fit (other 11 months of 2017),,1,false_positive,
LG-00216,A_consumption,M1_power,Hog_office_Emmanuel,power_active_kw,off_hours_run,warning,lgbm_quantile_band,2017-02-09 23:00:00,2017-02-10 01:00:00,2017-02-10 01:00:00,3,29.988,23.274,28.85,7.68,20.1,month cross-fit (other 11 months of 2017),,1,false_positive,
LG-00217,A_consumption,M1_power,Hog_office_Emmanuel,power_active_kw,spike,warning,lgbm_quantile_band,2017-03-09 19:00:00,2017-03-09 19:00:00,2017-03-09 19:00:00,1,36.781,28.455,29.26,5.49,8.3,month cross-fit (other 11 months of 2017),,1,false_positive,
LG-00218,A_consumption,M1_power,Hog_office_Emmanuel,power_active_kw,spike,warning,lgbm_quantile_band,2017-03-31 08:00:00,2017-03-31 08:00:00,2017-03-31 08:00:00,1,92.631,27.18,240.81,35.66,65.5,month cross-fit (other 11 months of 2017),,1,true_positive,SYN-M1-02-01
LG-00219,A_consumption,M1_power,Hog_office_Emmanuel,power_active_kw,off_hours_run,warning,lgbm_quantile_band,2017-04-10 21:00:00,2017-04-11 04:00:00,2017-04-10 23:00:00,8,29.085,22.382,29.95,8.0,53.6,month cross-fit (other 11 months of 2017),,1,true_positive,SYN-M1-02-02
LG-00220,A_consumption,M1_power,Hog_office_Emmanuel,power_active_kw,high_consumption,warning,lgbm_quantile_band,2017-04-27 11:00:00,2017-04-28 11:00:00,2017-04-27 13:00:00,25,37.305,29.675,25.71,7.36,190.7,month cross-fit (other 11 months of 2017),,1,true_positive,SYN-M1-02-03
LG-00221,A_consumption,M1_power,Hog_office_Emmanuel,power_active_kw,baseload_rise,warning,lgbm_cusum_night_residual,2017-04-28 00:00:00,2017-05-03 23:00:00,2017-04-29 04:00:00,144,28.998,21.532,34.67,,,month cross-fit (other 11 months of 2017),,1,true_positive,SYN-M1-02-03
LG-00222,A_consumption,M1_power,Hog_office_Emmanuel,power_active_kw,off_hours_run,warning,lgbm_quantile_band,2017-04-28 20:00:00,2017-04-30 19:00:00,2017-04-28 22:00:00,48,34.316,25.77,33.16,10.16,393.0,month cross-fit (other 11 months of 2017),,2,true_positive,SYN-M1-02-03
LG-00223,A_consumption,M1_power,Hog_office_Emmanuel,power_active_kw,off_hours_run,warning,lgbm_quantile_band,2017-04-30 23:00:00,2017-05-02 10:00:00,2017-05-01 01:00:00,36,34.755,26.787,29.75,7.92,270.9,month cross-fit (other 11 months of 2017),,2,true_positive,SYN-M1-02-03
LG-00224,A_consumption,M1_power,Hog_office_Emmanuel,power_active_kw,high_consumption,warning,lgbm_quantile_band,2017-05-02 13:00:00,2017-05-02 17:00:00,2017-05-02 15:00:00,5,43.428,35.06,23.87,5.11,41.8,month cross-fit (other 11 months of 2017),,1,true_positive,SYN-M1-02-03
LG-00225,A_consumption,M1_power,Hog_office_Emmanuel,power_active_kw,off_hours_run,warning,lgbm_quantile_band,2017-05-02 21:00:00,2017-05-03 10:00:00,2017-05-02 23:00:00,14,31.968,23.564,35.66,8.73,117.6,month cross-fit (other 11 months of 2017),,1,true_positive,SYN-M1-02-03
LG-00226,DQ_quality,M1_power,Hog_office_Emmanuel,power_active_kw,data_loss,warning,dq_gap>=3h,2017-05-28 21:00:00,2017-05-30 02:00:00,2017-05-28 23:00:00,30,,,,,,,,1,true_positive,SYN-M1-02-04
LG-00227,DQ_quality,M1_power,Hog_office_Emmanuel,power_active_kw,stuck_sensor,warning,dq_flatline>=4h,2017-06-14 04:00:00,2017-06-14 11:00:00,2017-06-14 07:00:00,8,19.882,,,,,,,1,true_positive,SYN-M1-02-05
LG-00228,A_consumption,M1_power,Hog_office_Emmanuel,power_active_kw,spike,warning,lgbm_quantile_band,2017-07-18 14:00:00,2017-07-18 14:00:00,2017-07-18 14:00:00,1,91.556,35.757,156.05,17.84,55.8,month cross-fit (other 11 months of 2017),,1,true_positive,SYN-M1-02-06
LG-00229,A_consumption,M1_power,Hog_office_Emmanuel,power_active_kw,spike,warning,lgbm_quantile_band,2017-07-31 06:00:00,2017-07-31 06:00:00,2017-07-31 06:00:00,1,70.519,20.96,236.45,11.72,49.6,month cross-fit (other 11 months of 2017),,1,false_positive,
LG-00230,A_consumption,M1_power,Hog_office_Emmanuel,power_active_kw,off_hours_run,warning,lgbm_quantile_band,2017-08-06 22:00:00,2017-08-07 03:00:00,2017-08-07 00:00:00,6,26.854,19.273,39.33,9.07,45.5,month cross-fit (other 11 months of 2017),,1,true_positive,SYN-M1-02-07
LG-00231,A_consumption,M1_power,Hog_office_Emmanuel,power_active_kw,baseload_rise,warning,lgbm_cusum_night_residual,2017-08-15 00:00:00,2017-08-20 23:00:00,2017-08-16 04:00:00,144,25.586,19.295,32.6,,,month cross-fit (other 11 months of 2017),,1,true_positive,SYN-M1-02-08
LG-00232,A_consumption,M1_power,Hog_office_Emmanuel,power_active_kw,high_consumption,warning,lgbm_quantile_band,2017-08-15 02:00:00,2017-08-15 14:00:00,2017-08-15 04:00:00,13,33.857,26.789,26.38,6.86,91.9,month cross-fit (other 11 months of 2017),,1,true_positive,SYN-M1-02-08
LG-00233,A_consumption,M1_power,Hog_office_Emmanuel,power_active_kw,off_hours_run,warning,lgbm_quantile_band,2017-08-15 17:00:00,2017-08-17 08:00:00,2017-08-15 19:00:00,40,33.064,25.356,30.4,8.79,292.9,month cross-fit (other 11 months of 2017),,2,true_positive,SYN-M1-02-08
LG-00234,A_consumption,M1_power,Hog_office_Emmanuel,power_active_kw,high_consumption,warning,lgbm_quantile_band,2017-08-17 14:00:00,2017-08-17 16:00:00,2017-08-17 16:00:00,3,42.174,34.368,22.71,5.09,23.4,month cross-fit (other 11 months of 2017),,1,true_positive,SYN-M1-02-08
LG-00235,A_consumption,M1_power,Hog_office_Emmanuel,power_active_kw,off_hours_run,warning,lgbm_quantile_band,2017-08-17 21:00:00,2017-08-18 10:00:00,2017-08-17 23:00:00,14,29.495,22.618,30.4,7.45,96.3,month cross-fit (other 11 months of 2017),,1,true_positive,SYN-M1-02-08
LG-00236,A_consumption,M1_power,Hog_office_Emmanuel,power_active_kw,off_hours_run,warning,lgbm_quantile_band,2017-08-18 23:00:00,2017-08-19 09:00:00,2017-08-19 01:00:00,11,27.631,20.904,32.18,6.56,74.0,month cross-fit (other 11 months of 2017),,1,true_positive,SYN-M1-02-08
LG-00237,A_consumption,M1_power,Hog_office_Emmanuel,power_active_kw,off_hours_run,warning,lgbm_quantile_band,2017-08-19 13:00:00,2017-08-21 08:00:00,2017-08-19 15:00:00,44,32.33,24.692,30.93,9.15,336.1,month cross-fit (other 11 months of 2017),,1,true_positive,SYN-M1-02-08
LG-00238,A_consumption,M1_power,Hog_office_Emmanuel,power_active_kw,spike,warning,lgbm_quantile_band,2017-09-08 00:00:00,2017-09-08 01:00:00,2017-09-08 00:00:00,2,24.485,19.429,26.02,5.96,10.1,month cross-fit (other 11 months of 2017),,1,false_positive,
LG-00239,A_consumption,M1_power,Hog_office_Emmanuel,power_active_kw,spike,warning,lgbm_quantile_band,2017-10-05 19:00:00,2017-10-05 20:00:00,2017-10-05 19:00:00,2,32.962,25.743,28.04,6.48,14.4,month cross-fit (other 11 months of 2017),,1,false_positive,
LG-00240,A_consumption,M1_power,Hog_office_Emmanuel,power_active_kw,off_hours_run,warning,lgbm_quantile_band,2017-10-12 18:00:00,2017-10-12 20:00:00,2017-10-12 20:00:00,3,33.806,27.402,23.37,5.05,19.2,month cross-fit (other 11 months of 2017),,1,false_positive,
LG-00241,A_consumption,M1_power,Hog_office_Emmanuel,power_active_kw,off_hours_run,warning,lgbm_quantile_band,2017-10-21 17:00:00,2017-10-21 20:00:00,2017-10-21 19:00:00,4,32.721,26.641,22.82,5.41,24.3,month cross-fit (other 11 months of 2017),,1,false_positive,
LG-00242,A_consumption,M1_power,Hog_office_Emmanuel,power_active_kw,off_hours_run,warning,lgbm_quantile_band,2017-10-22 15:00:00,2017-10-22 19:00:00,2017-10-22 17:00:00,5,33.178,27.698,19.78,4.59,27.4,month cross-fit (other 11 months of 2017),,1,false_positive,
LG-00243,A_consumption,M1_power,Hog_office_Emmanuel,power_active_kw,spike,warning,lgbm_quantile_band,2017-11-05 02:00:00,2017-11-05 02:00:00,2017-11-05 02:00:00,1,45.476,21.851,108.12,11.43,23.6,month cross-fit (other 11 months of 2017),,1,false_positive,
LG-00244,A_consumption,M1_power,Hog_office_Shon,power_active_kw,off_hours_run,warning,lgbm_quantile_band,2017-01-04 00:00:00,2017-01-04 03:00:00,2017-01-04 02:00:00,4,64.676,54.211,19.3,4.45,41.9,month cross-fit (other 11 months of 2017),,1,false_positive,
LG-00245,A_consumption,M1_power,Hog_office_Shon,power_active_kw,high_consumption,warning,lgbm_quantile_band,2017-01-04 12:00:00,2017-01-04 17:00:00,2017-01-04 14:00:00,6,88.876,70.204,26.6,5.94,112.0,month cross-fit (other 11 months of 2017),,1,false_positive,
LG-00246,A_consumption,M1_power,Hog_office_Shon,power_active_kw,high_consumption,warning,lgbm_quantile_band,2017-01-05 11:00:00,2017-01-05 16:00:00,2017-01-05 13:00:00,6,95.0,68.34,39.01,8.05,160.0,month cross-fit (other 11 months of 2017),,1,false_positive,
LG-00247,A_consumption,M1_power,Hog_office_Shon,power_active_kw,high_consumption,warning,lgbm_quantile_band,2017-01-11 13:00:00,2017-01-11 17:00:00,2017-01-11 15:00:00,5,110.6,77.842,42.08,8.78,163.8,month cross-fit (other 11 months of 2017),,1,false_positive,
LG-00248,A_consumption,M1_power,Hog_office_Shon,power_active_kw,spike,warning,lgbm_quantile_band,2017-01-12 10:00:00,2017-01-12 11:00:00,2017-01-12 11:00:00,2,113.851,78.536,44.97,10.16,70.6,month cross-fit (other 11 months of 2017),,1,false_positive,
LG-00249,A_consumption,M1_power,Hog_office_Shon,power_active_kw,high_consumption,warning,lgbm_quantile_band,2017-01-12 14:00:00,2017-01-12 17:00:00,2017-01-12 16:00:00,4,109.641,83.147,31.86,9.44,106.0,month cross-fit (other 11 months of 2017),,1,false_positive,
LG-00250,A_consumption,M1_power,Hog_office_Shon,power_active_kw,high_consumption,warning,lgbm_quantile_band,2017-01-13 12:00:00,2017-01-13 19:00:00,2017-01-13 14:00:00,8,106.694,71.85,48.5,9.61,278.8,month cross-fit (other 11 months of 2017),,1,false_positive,
LG-00251,A_consumption,M1_power,Hog_office_Shon,power_active_kw,spike,warning,lgbm_quantile_band,2017-01-17 07:00:00,2017-01-17 08:00:00,2017-01-17 07:00:00,2,95.521,73.911,29.24,6.43,43.2,month cross-fit (other 11 months of 2017),,1,false_positive,
LG-00252,A_consumption,M1_power,Hog_office_Shon,power_active_kw,high_consumption,warning,lgbm_quantile_band,2017-02-01 13:00:00,2017-02-01 20:00:00,2017-02-01 15:00:00,8,122.356,90.396,35.36,6.08,255.7,month cross-fit (other 11 months of 2017),,1,false_positive,
LG-00253,A_consumption,M1_power,Hog_office_Shon,power_active_kw,off_hours_run,warning,lgbm_quantile_band,2017-02-04 20:00:00,2017-02-04 22:00:00,2017-02-04 22:00:00,3,61.114,51.524,18.61,3.86,28.8,month cross-fit (other 11 months of 2017),,1,false_positive,
LG-00254,A_consumption,M1_power,Hog_office_Shon,power_active_kw,off_hours_run,warning,lgbm_quantile_band,2017-02-05 17:00:00,2017-02-05 19:00:00,2017-02-05 19:00:00,3,68.425,53.368,28.21,4.91,45.2,month cross-fit (other 11 months of 2017),,1,false_positive,
LG-00255,A_consumption,M1_power,Hog_office_Shon,power_active_kw,off_hours_run,warning,lgbm_quantile_band,2017-02-25 13:00:00,2017-02-25 18:00:00,2017-02-25 15:00:00,6,60.874,50.706,20.05,4.95,61.0,month cross-fit (other 11 months of 2017),,1,false_positive,
LG-00256,A_consumption,M1_power,Hog_office_Shon,power_active_kw,off_hours_run,warning,lgbm_quantile_band,2017-02-26 11:00:00,2017-02-26 23:00:00,2017-02-26 13:00:00,13,65.842,52.284,25.93,6.01,176.3,month cross-fit (other 11 months of 2017),,1,false_positive,
LG-00257,A_consumption,M1_power,Hog_office_Shon,power_active_kw,high_consumption,warning,lgbm_quantile_band,2017-03-03 17:00:00,2017-03-03 19:00:00,2017-03-03 19:00:00,3,103.223,76.74,34.51,5.58,79.5,month cross-fit (other 11 months of 2017),,1,false_positive,
LG-00258,A_consumption,M1_power,Hog_office_Shon,power_active_kw,spike,warning,lgbm_quantile_band,2017-03-21 23:00:00,2017-03-22 00:00:00,2017-03-21 23:00:00,2,193.863,59.393,226.41,40.7,268.9,month cross-fit (other 11 months of 2017),,1,true_positive,SYN-M1-03-01
LG-00259,A_consumption,M1_power,Hog_office_Shon,power_active_kw,baseload_rise,warning,lgbm_cusum_night_residual,2017-03-23 00:00:00,2017-03-27 23:00:00,2017-03-27 04:00:00,120,62.135,52.388,18.61,,,month cross-fit (other 11 months of 2017),,1,true_positive,SYN-M1-03-01
LG-00260,A_consumption,M1_power,Hog_office_Shon,power_active_kw,spike,warning,lgbm_quantile_band,2017-03-24 18:00:00,2017-03-24 19:00:00,2017-03-24 18:00:00,2,99.052,78.852,25.62,6.08,40.4,month cross-fit (other 11 months of 2017),,1,false_positive,
LG-00261,A_consumption,M1_power,Hog_office_Shon,power_active_kw,off_hours_run,warning,lgbm_quantile_band,2017-03-25 01:00:00,2017-03-25 06:00:00,2017-03-25 03:00:00,6,64.33,50.711,26.86,5.73,81.7,month cross-fit (other 11 months of 2017),,1,false_positive,
LG-00262,A_consumption,M1_power,Hog_office_Shon,power_active_kw,off_hours_run,warning,lgbm_quantile_band,2017-03-25 10:00:00,2017-03-25 17:00:00,2017-03-25 12:00:00,8,65.654,50.687,29.53,5.77,119.7,month cross-fit (other 11 months of 2017),,1,false_positive,
LG-00263,A_consumption,M1_power,Hog_office_Shon,power_active_kw,off_hours_run,warning,lgbm_quantile_band,2017-03-25 23:00:00,2017-03-26 06:00:00,2017-03-26 01:00:00,8,65.454,53.162,23.12,4.83,98.3,month cross-fit (other 11 months of 2017),,1,false_positive,
LG-00264,A_consumption,M1_power,Hog_office_Shon,power_active_kw,off_hours_run,warning,lgbm_quantile_band,2017-03-26 10:00:00,2017-03-27 08:00:00,2017-03-26 12:00:00,23,69.581,54.134,28.53,6.38,355.3,month cross-fit (other 11 months of 2017),,1,false_positive,
LG-00265,A_consumption,M1_power,Hog_office_Shon,power_active_kw,spike,warning,lgbm_quantile_band,2017-03-27 13:00:00,2017-03-27 13:00:00,2017-03-27 13:00:00,1,144.322,109.16,32.21,5.93,35.2,month cross-fit (other 11 months of 2017),,1,false_positive,
LG-00266,A_consumption,M1_power,Hog_office_Shon,power_active_kw,off_hours_run,warning,lgbm_quantile_band,2017-04-02 19:00:00,2017-04-02 23:00:00,2017-04-02 21:00:00,5,63.672,53.303,19.45,3.91,51.8,month cross-fit (other 11 months of 2017),,1,false_positive,
LG-00267,A_consumption,M1_power,Hog_office_Shon,power_active_kw,off_hours_run,warning,lgbm_quantile_band,2017-04-20 00:00:00,2017-04-20 03:00:00,2017-04-20 02:00:00,4,77.715,54.987,41.33,8.51,90.9,month cross-fit (other 11 months of 2017),,1,true_positive,SYN-M1-03-02
LG-00268,A_consumption,M1_power,Hog_office_Shon,power_active_kw,off_hours_run,warning,lgbm_quantile_band,2017-04-29 09:00:00,2017-04-29 18:00:00,2017-04-29 11:00:00,10,80.06,52.224,53.3,12.68,278.4,month cross-fit (other 11 months of 2017),,1,false_positive,
LG-00269,A_consumption,M1_power,Hog_office_Shon,power_active_kw,baseload_rise,warning,lgbm_cusum_night_residual,2017-05-05 00:00:00,2017-05-10 23:00:00,2017-05-06 04:00:00,144,72.999,54.933,32.89,,,month cross-fit (other 11 months of 2017),,1,true_positive,SYN-M1-03-03
LG-00270,A_consumption,M1_power,Hog_office_Shon,power_active_kw,off_hours_run,warning,lgbm_quantile_band,2017-05-05 03:00:00,2017-05-08 08:00:00,2017-05-05 05:00:00,78,83.947,60.867,37.92,9.01,1800.2,month cross-fit (other 11 months of 2017),,1,true_positive,SYN-M1-03-03
LG-00271,A_consumption,M1_power,Hog_office_Shon,power_active_kw,off_hours_run,warning,lgbm_quantile_band,2017-05-08 20:00:00,2017-05-09 08:00:00,2017-05-08 22:00:00,13,86.409,64.859,33.23,7.98,280.1,month cross-fit (other 11 months of 2017),,1,true_positive,SYN-M1-03-03
LG-00272,A_consumption,M1_power,Hog_office_Shon,power_active_kw,off_hours_run,warning,lgbm_quantile_band,2017-05-09 22:00:00,2017-05-10 10:00:00,2017-05-10 00:00:00,13,82.82,64.586,28.23,8.14,237.0,month cross-fit (other 11 months of 2017),,1,true_positive,SYN-M1-03-03
LG-00273,A_consumption,M1_power,Hog_office_Shon,power_active_kw,off_hours_run,warning,lgbm_quantile_band,2017-05-10 17:00:00,2017-05-11 00:00:00,2017-05-10 19:00:00,8,101.282,78.6,28.86,7.78,181.5,month cross-fit (other 11 months of 2017),,1,true_positive,SYN-M1-03-03
LG-00274,A_consumption,M1_power,Hog_office_Shon,power_active_kw,off_hours_run,warning,lgbm_quantile_band,2017-05-13 10:00:00,2017-05-13 12:00:00,2017-05-13 12:00:00,3,69.393,55.861,24.22,4.95,40.6,month cross-fit (other 11 months of 2017),,1,false_positive,
LG-00275,DQ_quality,M1_power,Hog_office_Shon,power_active_kw,data_loss,warning,dq_gap>=3h,2017-05-23 21:00:00,2017-05-24 17:00:00,2017-05-23 23:00:00,21,,,,,,,,1,true_positive,SYN-M1-03-04
LG-00276,A_consumption,M1_power,Hog_office_Shon,power_active_kw,spike,warning,lgbm_quantile_band,2017-06-12 07:00:00,2017-06-12 07:00:00,2017-06-12 07:00:00,1,101.053,72.352,39.67,6.42,28.7,month cross-fit (other 11 months of 2017),,1,false_positive,
LG-00277,DQ_quality,M1_power,Hog_office_Shon,power_active_kw,stuck_sensor,warning,dq_flatline>=4h,2017-06-13 23:00:00,2017-06-14 08:00:00,2017-06-14 02:00:00,10,68.088,,,,,,,1,true_positive,SYN-M1-03-05
LG-00278,A_consumption,M1_power,Hog_office_Shon,power_active_kw,spike,warning,lgbm_quantile_band,2017-07-05 15:00:00,2017-07-05 16:00:00,2017-07-05 15:00:00,2,295.958,98.578,200.23,24.46,394.8,month cross-fit (other 11 months of 2017),,1,true_positive,SYN-M1-03-06
LG-00279,A_consumption,M1_power,Hog_office_Shon,power_active_kw,off_hours_run,warning,lgbm_quantile_band,2017-07-15 16:00:00,2017-07-15 20:00:00,2017-07-15 18:00:00,5,74.263,55.628,33.5,7.41,93.2,month cross-fit (other 11 months of 2017),,1,false_positive,
LG-00280,A_consumption,M1_power,Hog_office_Shon,power_active_kw,off_hours_run,warning,lgbm_quantile_band,2017-07-16 08:00:00,2017-07-16 18:00:00,2017-07-16 10:00:00,11,72.724,55.074,32.05,7.8,194.2,month cross-fit (other 11 months of 2017),,1,false_positive,
LG-00281,A_consumption,M1_power,Hog_office_Shon,power_active_kw,baseload_rise,warning,lgbm_cusum_night_residual,2017-07-26 00:00:00,2017-07-28 23:00:00,2017-07-28 04:00:00,72,72.79,58.519,24.39,,,month cross-fit (other 11 months of 2017),,1,true_positive,SYN-M1-03-07
LG-00282,A_consumption,M1_power,Hog_office_Shon,power_active_kw,off_hours_run,warning,lgbm_quantile_band,2017-07-27 23:00:00,2017-07-28 05:00:00,2017-07-28 01:00:00,7,91.103,58.2,56.53,13.71,230.3,month cross-fit (other 11 months of 2017),,1,true_positive,SYN-M1-03-07
LG-00283,A_consumption,M1_power,Hog_office_Shon,power_active_kw,off_hours_run,warning,lgbm_quantile_band,2017-08-13 19:00:00,2017-08-14 03:00:00,2017-08-13 21:00:00,9,75.963,58.214,30.49,9.62,159.7,month cross-fit (other 11 months of 2017),,1,false_positive,
LG-00284,A_consumption,M1_power,Hog_office_Shon,power_active_kw,baseload_rise,warning,lgbm_cusum_night_residual,2017-08-14 00:00:00,2017-08-22 23:00:00,2017-08-19 04:00:00,216,70.217,56.188,24.97,,,month cross-fit (other 11 months of 2017),,1,true_positive,SYN-M1-03-08
LG-00285,A_consumption,M1_power,Hog_office_Shon,power_active_kw,off_hours_run,warning,lgbm_quantile_band,2017-08-14 23:00:00,2017-08-15 05:00:00,2017-08-15 01:00:00,7,71.535,58.895,21.46,4.71,88.5,month cross-fit (other 11 months of 2017),,1,false_positive,
LG-00286,A_consumption,M1_power,Hog_office_Shon,power_active_kw,high_consumption,warning,lgbm_quantile_band,2017-08-18 06:00:00,2017-08-18 11:00:00,2017-08-18 08:00:00,6,100.119,71.681,39.67,10.03,170.6,month cross-fit (other 11 months of 2017),,1,true_positive,SYN-M1-03-08
LG-00287,A_consumption,M1_power,Hog_office_Shon,power_active_kw,off_hours_run,warning,lgbm_quantile_band,2017-08-18 14:00:00,2017-08-21 06:00:00,2017-08-18 16:00:00,65,85.974,60.092,43.07,10.39,1682.3,month cross-fit (other 11 months of 2017),,1,true_positive,SYN-M1-03-08
LG-00288,A_consumption,M1_power,Hog_office_Shon,power_active_kw,off_hours_run,warning,lgbm_quantile_band,2017-08-21 18:00:00,2017-08-22 06:00:00,2017-08-21 20:00:00,13,91.093,64.309,41.65,10.97,348.2,month cross-fit (other 11 months of 2017),,1,true_positive,SYN-M1-03-08
LG-00289,A_consumption,M1_power,Hog_office_Shon,power_active_kw,spike,warning,lgbm_quantile_band,2017-08-27 11:00:00,2017-08-27 11:00:00,2017-08-27 11:00:00,1,68.145,53.76,26.76,5.35,14.4,month cross-fit (other 11 months of 2017),,1,false_positive,
LG-00290,A_consumption,M1_power,Hog_office_Shon,power_active_kw,off_hours_run,warning,lgbm_quantile_band,2017-09-13 18:00:00,2017-09-13 20:00:00,2017-09-13 20:00:00,3,97.173,80.671,20.46,3.96,49.5,month cross-fit (other 11 months of 2017),,1,false_positive,
LG-00291,A_consumption,M1_power,Hog_office_Shon,power_active_kw,high_consumption,warning,lgbm_quantile_band,2017-09-14 11:00:00,2017-09-14 14:00:00,2017-09-14 13:00:00,4,118.514,89.279,32.75,4.41,116.9,month cross-fit (other 11 months of 2017),,1,false_positive,
LG-00292,A_consumption,M1_power,Hog_office_Shon,power_active_kw,high_consumption,warning,lgbm_quantile_band,2017-09-21 12:00:00,2017-09-21 15:00:00,2017-09-21 14:00:00,4,111.444,90.612,22.99,4.12,83.3,month cross-fit (other 11 months of 2017),,1,false_positive,
LG-00293,A_consumption,M1_power,Hog_office_Shon,power_active_kw,high_consumption,warning,lgbm_quantile_band,2017-10-03 12:00:00,2017-10-03 14:00:00,2017-10-03 14:00:00,3,118.195,95.338,23.97,3.83,68.6,month cross-fit (other 11 months of 2017),,1,false_positive,
LG-00294,A_consumption,M1_power,Hog_office_Shon,power_active_kw,spike,warning,lgbm_quantile_band,2017-11-05 02:00:00,2017-11-05 02:00:00,2017-11-05 02:00:00,1,112.488,60.282,86.6,11.51,52.2,month cross-fit (other 11 months of 2017),,1,false_positive,
LG-00295,A_consumption,M1_power,Hog_office_Shon,power_active_kw,spike,warning,lgbm_quantile_band,2017-12-26 07:00:00,2017-12-26 08:00:00,2017-12-26 08:00:00,2,89.376,69.063,29.41,5.33,40.6,month cross-fit (other 11 months of 2017),,1,false_positive,
LG-00296,A_consumption,M1_power,Hog_office_Shon,power_active_kw,spike,warning,lgbm_quantile_band,2017-12-27 07:00:00,2017-12-27 08:00:00,2017-12-27 08:00:00,2,86.806,67.918,27.81,6.28,37.8,month cross-fit (other 11 months of 2017),,1,false_positive,
LG-00297,A_consumption,M1_power,Panther_office_Shauna,power_active_kw,off_hours_run,warning,lgbm_quantile_band,2017-01-09 00:00:00,2017-01-09 02:00:00,2017-01-09 02:00:00,3,79.615,64.941,22.6,5.03,44.0,month cross-fit (other 11 months of 2017),,1,false_positive,
LG-00298,A_consumption,M1_power,Panther_office_Shauna,power_active_kw,spike,warning,lgbm_quantile_band,2017-02-10 05:00:00,2017-02-10 05:00:00,2017-02-10 05:00:00,1,73.614,57.959,27.01,5.28,15.7,month cross-fit (other 11 months of 2017),,1,false_positive,
LG-00299,DQ_quality,M1_power,Panther_office_Shauna,power_active_kw,data_loss,warning,dq_gap>=3h,2017-02-14 19:00:00,2017-02-14 23:00:00,2017-02-14 21:00:00,5,,,,,,,,1,natural,
LG-00300,A_consumption,M1_power,Panther_office_Shauna,power_active_kw,off_hours_run,warning,lgbm_quantile_band,2017-02-24 21:00:00,2017-02-25 06:00:00,2017-02-24 23:00:00,10,132.105,60.234,119.32,29.77,718.7,month cross-fit (other 11 months of 2017),,1,false_positive,
LG-00301,A_consumption,M1_power,Panther_office_Shauna,power_active_kw,baseload_rise,warning,lgbm_cusum_night_residual,2017-02-25 00:00:00,2017-02-26 23:00:00,2017-02-26 04:00:00,48,124.999,55.887,123.66,,,month cross-fit (other 11 months of 2017),,1,false_positive,
LG-00302,A_consumption,M1_power,Panther_office_Shauna,power_active_kw,off_hours_run,warning,lgbm_quantile_band,2017-02-25 20:00:00,2017-02-27 05:00:00,2017-02-25 22:00:00,34,121.0,56.333,114.79,24.17,2198.7,month cross-fit (other 11 months of 2017),,1,false_positive,
LG-00303,A_consumption,M1_power,Panther_office_Shauna,power_active_kw,spike,warning,lgbm_quantile_band,2017-03-13 09:00:00,2017-03-13 09:00:00,2017-03-13 09:00:00,1,182.435,134.919,35.22,5.06,47.5,month cross-fit (other 11 months of 2017),,1,false_positive,
LG-00304,A_consumption,M1_power,Panther_office_Shauna,power_active_kw,off_hours_run,warning,lgbm_quantile_band,2017-03-13 23:00:00,2017-03-14 06:00:00,2017-03-14 01:00:00,8,134.501,60.212,123.38,28.57,594.3,month cross-fit (other 11 months of 2017),,1,false_positive,
LG-00305,A_consumption,M1_power,Panther_office_Shauna,power_active_kw,spike,warning,lgbm_quantile_band,2017-03-15 09:00:00,2017-03-15 09:00:00,2017-03-15 09:00:00,1,447.31,180.057,148.43,16.6,267.3,month cross-fit (other 11 months of 2017),,1,true_positive,SYN-M1-04-01
LG-00306,A_consumption,M1_power,Panther_office_Shauna,power_active_kw,spike,warning,lgbm_quantile_band,2017-03-17 08:00:00,2017-03-17 09:00:00,2017-03-17 09:00:00,2,207.94,151.572,37.19,6.12,112.7,month cross-fit (other 11 months of 2017),,1,false_positive,
LG-00307,A_consumption,M1_power,Panther_office_Shauna,power_active_kw,spike,warning,lgbm_quantile_band,2017-03-24 00:00:00,2017-03-24 00:00:00,2017-03-24 00:00:00,1,134.226,57.698,132.64,6.03,76.5,month cross-fit (other 11 months of 2017),,1,false_positive,
LG-00308,A_consumption,M1_power,Panther_office_Shauna,power_active_kw,off_hours_run,warning,lgbm_quantile_band,2017-04-18 00:00:00,2017-04-18 04:00:00,2017-04-18 02:00:00,5,118.604,57.951,104.66,10.78,303.3,month cross-fit (other 11 months of 2017),,1,true_positive,SYN-M1-04-02
LG-00309,A_consumption,M1_power,Panther_office_Shauna,power_active_kw,off_hours_run,warning,lgbm_quantile_band,2017-04-20 21:00:00,2017-04-21 00:00:00,2017-04-20 23:00:00,4,115.872,60.688,90.93,7.43,220.7,month cross-fit (other 11 months of 2017),,1,false_positive,
LG-00310,A_consumption,M1_power,Panther_office_Shauna,power_active_kw,baseload_rise,warning,lgbm_cusum_night_residual,2017-05-09 00:00:00,2017-05-20 23:00:00,2017-05-11 04:00:00,288,93.254,55.906,66.8,,,month cross-fit (other 11 months of 2017),,1,true_positive,SYN-M1-04-03
LG-00311,A_consumption,M1_power,Panther_office_Shauna,power_active_kw,off_hours_run,warning,lgbm_quantile_band,2017-05-09 03:00:00,2017-05-10 06:00:00,2017-05-09 05:00:00,28,135.584,89.736,51.09,16.06,1192.1,month cross-fit (other 11 months of 2017),,2,true_positive,SYN-M1-04-03
LG-00312,A_consumption,M1_power,Panther_office_Shauna,power_active_kw,high_consumption,warning,lgbm_quantile_band,2017-05-10 09:00:00,2017-05-12 20:00:00,2017-05-10 11:00:00,60,151.08,100.678,50.06,17.33,3024.1,month cross-fit (other 11 months of 2017),,1,true_positive,SYN-M1-04-03
LG-00313,A_consumption,M1_power,Panther_office_Shauna,power_active_kw,off_hours_run,warning,lgbm_quantile_band,2017-05-13 00:00:00,2017-05-13 18:00:00,2017-05-13 02:00:00,19,141.599,90.255,56.89,10.66,975.5,month cross-fit (other 11 months of 2017),,1,true_positive,SYN-M1-04-03
LG-00314,A_consumption,M1_power,Panther_office_Shauna,power_active_kw,off_hours_run,warning,lgbm_quantile_band,2017-05-14 11:00:00,2017-05-15 00:00:00,2017-05-14 13:00:00,14,69.328,54.1,28.15,6.77,213.2,month cross-fit (other 11 months of 2017),,1,true_positive,SYN-M1-04-03
LG-00315,A_consumption,M1_power,Panther_office_Shauna,power_active_kw,off_hours_run,warning,lgbm_quantile_band,2017-05-17 20:00:00,2017-05-18 05:00:00,2017-05-17 22:00:00,10,117.023,57.906,102.09,18.68,591.2,month cross-fit (other 11 months of 2017),,1,false_positive,
LG-00316,A_consumption,M1_power,Panther_office_Shauna,power_active_kw,off_hours_run,warning,lgbm_quantile_band,2017-05-18 20:00:00,2017-05-19 05:00:00,2017-05-18 22:00:00,10,115.062,58.795,95.7,12.8,562.7,month cross-fit (other 11 months of 2017),,1,false_positive,
LG-00317,A_consumption,M1_power,Panther_office_Shauna,power_active_kw,off_hours_run,warning,lgbm_quantile_band,2017-05-19 20:00:00,2017-05-20 05:00:00,2017-05-19 22:00:00,10,113.142,56.933,98.73,16.38,562.1,month cross-fit (other 11 months of 2017),,1,false_positive,
LG-00318,A_consumption,M1_power,Panther_office_Shauna,power_active_kw,spike,warning,lgbm_quantile_band,2017-05-27 20:00:00,2017-05-27 20:00:00,2017-05-27 20:00:00,1,109.621,68.042,61.11,5.11,41.6,month cross-fit (other 11 months of 2017),,1,false_positive,
LG-00319,A_consumption,M1_power,Panther_office_Shauna,power_active_kw,spike,warning,lgbm_quantile_band,2017-05-28 19:00:00,2017-05-28 20:00:00,2017-05-28 19:00:00,2,116.723,56.806,105.48,5.03,119.8,month cross-fit (other 11 months of 2017),,1,false_positive,
LG-00320,DQ_quality,M1_power,Panther_office_Shauna,power_active_kw,data_loss,warning,dq_gap>=3h,2017-06-06 05:00:00,2017-06-06 17:00:00,2017-06-06 07:00:00,13,,,,,,,,1,true_positive,SYN-M1-04-04
LG-00321,A_consumption,M1_power,Panther_office_Shauna,power_active_kw,high_consumption,warning,lgbm_quantile_band,2017-06-12 08:00:00,2017-06-12 10:00:00,2017-06-12 10:00:00,3,178.768,129.912,37.61,6.22,146.6,month cross-fit (other 11 months of 2017),,1,false_positive,
LG-00322,DQ_quality,M1_power,Panther_office_Shauna,power_active_kw,stuck_sensor,warning,dq_flatline>=4h,2017-06-16 01:00:00,2017-06-16 17:00:00,2017-06-16 04:00:00,17,56.411,,,,,,,1,true_positive,SYN-M1-04-05
LG-00323,DQ_quality,M1_power,Panther_office_Shauna,power_active_kw,data_loss,warning,dq_gap>=3h,2017-06-19 19:00:00,2017-06-20 00:00:00,2017-06-19 21:00:00,6,,,,,,,,1,natural,
LG-00324,A_consumption,M1_power,Panther_office_Shauna,power_active_kw,spike,warning,lgbm_quantile_band,2017-06-21 08:00:00,2017-06-21 08:00:00,2017-06-21 08:00:00,1,159.431,123.519,29.07,5.81,35.9,month cross-fit (other 11 months of 2017),,1,false_positive,
LG-00325,A_consumption,M1_power,Panther_office_Shauna,power_active_kw,spike,warning,lgbm_quantile_band,2017-07-10 20:00:00,2017-07-10 20:00:00,2017-07-10 20:00:00,1,223.974,79.421,182.01,26.51,144.6,month cross-fit (other 11 months of 2017),,1,true_positive,SYN-M1-04-06
LG-00326,A_consumption,M1_power,Panther_office_Shauna,power_active_kw,off_hours_run,warning,lgbm_quantile_band,2017-07-21 21:00:00,2017-07-22 04:00:00,2017-07-21 23:00:00,8,111.03,55.572,99.79,17.44,443.7,month cross-fit (other 11 months of 2017),,1,true_positive,SYN-M1-04-07
LG-00327,A_consumption,M1_power,Panther_office_Shauna,power_active_kw,off_hours_run,warning,lgbm_quantile_band,2017-08-06 01:00:00,2017-08-06 05:00:00,2017-08-06 03:00:00,5,71.054,55.155,28.83,6.87,79.5,month cross-fit (other 11 months of 2017),,1,false_positive,
LG-00328,A_consumption,M1_power,Panther_office_Shauna,power_active_kw,off_hours_run,warning,lgbm_quantile_band,2017-08-06 09:00:00,2017-08-06 16:00:00,2017-08-06 11:00:00,8,68.313,53.384,27.97,5.35,119.4,month cross-fit (other 11 months of 2017),,1,false_positive,
LG-00329,A_consumption,M1_power,Panther_office_Shauna,power_active_kw,off_hours_run,warning,lgbm_quantile_band,2017-08-06 21:00:00,2017-08-07 04:00:00,2017-08-06 23:00:00,8,71.339,53.562,33.19,8.78,142.2,month cross-fit (other 11 months of 2017),,1,false_positive,
LG-00330,A_consumption,M1_power,Panther_office_Shauna,power_active_kw,off_hours_run,warning,lgbm_quantile_band,2017-08-10 20:00:00,2017-08-11 00:00:00,2017-08-10 22:00:00,5,102.62,56.002,83.24,11.04,233.1,month cross-fit (other 11 months of 2017),,1,false_positive,
LG-00331,A_consumption,M1_power,Panther_office_Shauna,power_active_kw,off_hours_run,warning,lgbm_quantile_band,2017-08-16 17:00:00,2017-08-17 05:00:00,2017-08-16 19:00:00,13,92.924,66.824,39.06,9.07,339.3,month cross-fit (other 11 months of 2017),,1,true_positive,SYN-M1-04-08
LG-00332,A_consumption,M1_power,Panther_office_Shauna,power_active_kw,baseload_rise,warning,lgbm_cusum_night_residual,2017-08-17 00:00:00,2017-09-02 23:00:00,2017-08-26 04:00:00,408,83.714,54.503,53.6,,,month cross-fit (other 11 months of 2017),,1,true_positive,SYN-M1-04-08
LG-00333,A_consumption,M1_power,Panther_office_Shauna,power_active_kw,off_hours_run,warning,lgbm_quantile_band,2017-08-19 15:00:00,2017-08-19 17:00:00,2017-08-19 17:00:00,3,121.55,102.799,18.24,3.94,56.3,month cross-fit (other 11 months of 2017),,1,true_positive,SYN-M1-04-08
LG-00334,A_consumption,M1_power,Panther_office_Shauna,power_active_kw,off_hours_run,warning,lgbm_quantile_band,2017-08-19 23:00:00,2017-08-20 16:00:00,2017-08-20 01:00:00,18,77.108,52.367,47.25,10.74,445.4,month cross-fit (other 11 months of 2017),,1,true_positive,SYN-M1-04-08
LG-00335,A_consumption,M1_power,Panther_office_Shauna,power_active_kw,off_hours_run,warning,lgbm_quantile_band,2017-08-20 20:00:00,2017-08-21 05:00:00,2017-08-20 22:00:00,10,80.656,55.613,45.03,10.33,250.4,month cross-fit (other 11 months of 2017),,1,true_positive,SYN-M1-04-08
LG-00336,A_consumption,M1_power,Panther_office_Shauna,power_active_kw,off_hours_run,warning,lgbm_quantile_band,2017-08-21 20:00:00,2017-08-22 04:00:00,2017-08-21 22:00:00,9,80.453,57.566,39.76,8.63,206.0,month cross-fit (other 11 months of 2017),,1,true_positive,SYN-M1-04-08
LG-00337,A_consumption,M1_power,Panther_office_Shauna,power_active_kw,off_hours_run,warning,lgbm_quantile_band,2017-08-22 13:00:00,2017-08-23 05:00:00,2017-08-22 15:00:00,17,105.586,79.649,32.56,9.91,440.9,month cross-fit (other 11 months of 2017),,1,true_positive,SYN-M1-04-08
LG-00338,A_consumption,M1_power,Panther_office_Shauna,power_active_kw,high_consumption,warning,lgbm_quantile_band,2017-08-23 08:00:00,2017-08-23 12:00:00,2017-08-23 10:00:00,5,149.529,123.36,21.21,5.03,130.8,month cross-fit (other 11 months of 2017),,1,true_positive,SYN-M1-04-08
LG-00339,A_consumption,M1_power,Panther_office_Shauna,power_active_kw,off_hours_run,warning,lgbm_quantile_band,2017-08-25 23:00:00,2017-08-26 05:00:00,2017-08-26 01:00:00,7,108.764,52.89,105.64,9.26,391.1,month cross-fit (other 11 months of 2017),,1,false_positive,
LG-00340,A_consumption,M1_power,Panther_office_Shauna,power_active_kw,off_hours_run,warning,lgbm_quantile_band,2017-08-26 20:00:00,2017-08-28 05:00:00,2017-08-26 22:00:00,34,121.335,55.676,117.93,30.86,2232.4,month cross-fit (other 11 months of 2017),,1,false_positive,
LG-00341,A_consumption,M1_power,Panther_office_Shauna,power_active_kw,off_hours_run,warning,lgbm_quantile_band,2017-08-29 00:00:00,2017-08-29 04:00:00,2017-08-29 02:00:00,5,77.775,56.06,38.74,5.49,108.6,month cross-fit (other 11 months of 2017),,1,false_positive,
LG-00342,A_consumption,M1_power,Panther_office_Shauna,power_active_kw,off_hours_run,warning,lgbm_quantile_band,2017-08-29 23:00:00,2017-08-30 05:00:00,2017-08-30 01:00:00,7,77.901,55.476,40.42,10.39,157.0,month cross-fit (other 11 months of 2017),,1,false_positive,
LG-00343,A_consumption,M1_power,Panther_office_Shauna,power_active_kw,off_hours_run,warning,lgbm_quantile_band,2017-08-30 20:00:00,2017-08-31 04:00:00,2017-08-30 22:00:00,9,76.037,57.319,32.66,7.89,168.5,month cross-fit (other 11 months of 2017),,1,false_positive,
LG-00344,A_consumption,M1_power,Panther_office_Shauna,power_active_kw,off_hours_run,warning,lgbm_quantile_band,2017-08-31 19:00:00,2017-09-01 05:00:00,2017-08-31 21:00:00,11,91.573,60.775,50.68,6.74,277.2,month cross-fit (other 11 months of 2017),,2,false_positive,
LG-00345,A_consumption,M1_power,Panther_office_Shauna,power_active_kw,off_hours_run,warning,lgbm_quantile_band,2017-09-01 23:00:00,2017-09-02 05:00:00,2017-09-02 01:00:00,7,92.275,55.312,66.83,7.96,258.7,month cross-fit (other 11 months of 2017),,1,false_positive,
LG-00346,A_consumption,M1_power,Panther_office_Shauna,power_active_kw,off_hours_run,warning,lgbm_quantile_band,2017-09-03 00:00:00,2017-09-03 20:00:00,2017-09-03 02:00:00,21,94.104,53.312,76.52,19.99,856.6,month cross-fit (other 11 months of 2017),,1,false_positive,
LG-00347,A_consumption,M1_power,Panther_office_Shauna,power_active_kw,off_hours_run,warning,lgbm_quantile_band,2017-10-19 00:00:00,2017-10-19 02:00:00,2017-10-19 02:00:00,3,76.948,56.06,37.26,8.93,62.7,month cross-fit (other 11 months of 2017),,1,false_positive,
LG-00348,A_consumption,M1_power,Panther_office_Shauna,power_active_kw,spike,warning,lgbm_quantile_band,2017-10-20 00:00:00,2017-10-20 01:00:00,2017-10-20 01:00:00,2,75.415,55.7,35.39,6.89,39.4,month cross-fit (other 11 months of 2017),,1,false_positive,
LG-00349,A_consumption,M1_power,Panther_office_Shauna,power_active_kw,off_hours_run,warning,lgbm_quantile_band,2017-11-01 00:00:00,2017-11-01 06:00:00,2017-11-01 02:00:00,7,124.967,62.489,99.98,20.58,437.3,month cross-fit (other 11 months of 2017),,1,false_positive,
LG-00350,A_consumption,M1_power,Panther_office_Shauna,power_active_kw,off_hours_run,warning,lgbm_quantile_band,2017-11-01 22:00:00,2017-11-02 00:00:00,2017-11-02 00:00:00,3,102.62,53.774,90.84,6.09,146.5,month cross-fit (other 11 months of 2017),,1,false_positive,
LG-00351,A_consumption,M1_power,Panther_office_Shauna,power_active_kw,baseload_rise,warning,lgbm_cusum_night_residual,2017-11-24 00:00:00,2017-11-25 23:00:00,2017-11-25 04:00:00,48,134.101,57.796,132.02,,,month cross-fit (other 11 months of 2017),,1,false_positive,
LG-00352,A_consumption,M1_power,Panther_office_Shauna,power_active_kw,off_hours_run,warning,lgbm_quantile_band,2017-11-24 00:00:00,2017-11-24 06:00:00,2017-11-24 02:00:00,7,131.854,60.47,118.05,21.44,499.7,month cross-fit (other 11 months of 2017),,1,false_positive,
LG-00353,A_consumption,M1_power,Panther_office_Shauna,power_active_kw,off_hours_run,warning,lgbm_quantile_band,2017-11-24 22:00:00,2017-11-25 05:00:00,2017-11-25 00:00:00,8,138.352,57.859,139.12,13.72,643.9,month cross-fit (other 11 months of 2017),,1,false_positive,
LG-00354,A_consumption,M1_power,Panther_office_Shauna,power_active_kw,off_hours_run,warning,lgbm_quantile_band,2017-11-25 23:00:00,2017-11-26 23:00:00,2017-11-26 01:00:00,25,122.832,55.85,119.93,14.05,1674.5,month cross-fit (other 11 months of 2017),,1,false_positive,
LG-00355,A_consumption,M1_power,Panther_office_Shauna,power_active_kw,spike,warning,lgbm_quantile_band,2017-12-07 21:00:00,2017-12-07 22:00:00,2017-12-07 21:00:00,2,110.021,58.188,89.08,5.15,103.7,month cross-fit (other 11 months of 2017),,1,false_positive,
LG-00356,A_consumption,M1_power,Panther_office_Shauna,power_active_kw,off_hours_run,warning,lgbm_quantile_band,2017-12-09 20:00:00,2017-12-09 22:00:00,2017-12-09 22:00:00,3,133.626,65.875,102.85,7.82,203.3,month cross-fit (other 11 months of 2017),,1,false_positive,
LG-00357,A_consumption,M1_power,Panther_office_Shauna,power_active_kw,off_hours_run,warning,lgbm_quantile_band,2017-12-11 20:00:00,2017-12-11 22:00:00,2017-12-11 22:00:00,3,146.028,78.321,86.45,4.62,203.1,month cross-fit (other 11 months of 2017),,1,false_positive,
LG-00358,A_consumption,M1_power,Panther_office_Shauna,power_active_kw,off_hours_run,warning,lgbm_quantile_band,2017-12-12 20:00:00,2017-12-12 22:00:00,2017-12-12 22:00:00,3,136.16,65.638,107.44,4.68,211.6,month cross-fit (other 11 months of 2017),,1,false_positive,
LG-00359,A_consumption,M1_power,Panther_office_Shauna,power_active_kw,off_hours_run,warning,lgbm_quantile_band,2017-12-13 20:00:00,2017-12-13 22:00:00,2017-12-13 22:00:00,3,144.695,68.015,112.74,13.24,230.0,month cross-fit (other 11 months of 2017),,1,false_positive,
LG-00360,A_consumption,M1_power,Panther_office_Shauna,power_active_kw,spike,warning,lgbm_quantile_band,2017-12-14 20:00:00,2017-12-14 21:00:00,2017-12-14 21:00:00,2,133.126,69.794,90.74,6.31,126.7,month cross-fit (other 11 months of 2017),,1,false_positive,
LG-00361,A_consumption,M1_power,Panther_office_Shauna,power_active_kw,spike,warning,lgbm_quantile_band,2017-12-15 20:00:00,2017-12-15 21:00:00,2017-12-15 20:00:00,2,128.525,67.799,89.57,6.28,121.5,month cross-fit (other 11 months of 2017),,1,false_positive,
LG-00362,A_consumption,M1_power,Panther_office_Shauna,power_active_kw,high_consumption,warning,lgbm_quantile_band,2017-12-18 15:00:00,2017-12-18 17:00:00,2017-12-18 17:00:00,3,145.761,125.493,16.15,4.08,60.8,month cross-fit (other 11 months of 2017),,1,false_positive,
LG-00363,A_consumption,M1_power,Panther_office_Shauna,power_active_kw,off_hours_run,warning,lgbm_quantile_band,2017-12-22 20:00:00,2017-12-22 22:00:00,2017-12-22 22:00:00,3,131.359,60.935,115.57,6.3,211.3,month cross-fit (other 11 months of 2017),,1,false_positive,
LG-00364,A_consumption,M1_power,Panther_office_Shauna,power_active_kw,off_hours_run,warning,lgbm_quantile_band,2017-12-23 20:00:00,2017-12-23 22:00:00,2017-12-23 22:00:00,3,109.755,58.512,87.58,4.28,153.7,month cross-fit (other 11 months of 2017),,1,false_positive,
LG-00365,A_consumption,M1_power,Panther_office_Shauna,power_active_kw,off_hours_run,warning,lgbm_quantile_band,2017-12-24 06:00:00,2017-12-24 21:00:00,2017-12-24 08:00:00,16,113.584,53.558,112.08,35.63,960.4,month cross-fit (other 11 months of 2017),,1,false_positive,
LG-00366,A_consumption,M1_power,Panther_office_Shauna,power_active_kw,spike,warning,lgbm_quantile_band,2017-12-25 21:00:00,2017-12-25 22:00:00,2017-12-25 21:00:00,2,112.722,56.364,99.99,5.35,112.7,month cross-fit (other 11 months of 2017),,1,false_positive,
LG-00367,A_consumption,M1_power,Panther_office_Shauna,power_active_kw,baseload_rise,warning,lgbm_cusum_night_residual,2017-12-29 00:00:00,2017-12-30 23:00:00,2017-12-30 04:00:00,48,136.126,61.521,121.27,,,month cross-fit (other 11 months of 2017),,1,false_positive,
LG-00368,A_consumption,M1_power,Panther_office_Shauna,power_active_kw,off_hours_run,warning,lgbm_quantile_band,2017-12-29 03:00:00,2017-12-29 06:00:00,2017-12-29 05:00:00,4,137.226,68.262,101.03,5.85,275.9,month cross-fit (other 11 months of 2017),,1,false_positive,
LG-00369,A_consumption,M1_power,Panther_office_Shauna,power_active_kw,off_hours_run,warning,lgbm_quantile_band,2017-12-29 20:00:00,2017-12-30 05:00:00,2017-12-29 22:00:00,10,142.908,63.544,124.9,13.58,793.6,month cross-fit (other 11 months of 2017),,1,false_positive,
LG-00370,A_consumption,M1_power,Panther_office_Shauna,power_active_kw,off_hours_run,warning,lgbm_quantile_band,2017-12-30 20:00:00,2017-12-31 06:00:00,2017-12-30 22:00:00,11,143.228,60.31,137.49,33.14,912.1,month cross-fit (other 11 months of 2017),,1,false_positive,
LG-00371,A_consumption,M1_power,Panther_office_Shauna,power_active_kw,off_hours_run,warning,lgbm_quantile_band,2017-12-31 11:00:00,2017-12-31 13:00:00,2017-12-31 13:00:00,3,133.159,80.993,64.41,4.69,156.5,month cross-fit (other 11 months of 2017),,1,false_positive,
LG-00372,A_consumption,M1_power,Panther_office_Shauna,power_active_kw,off_hours_run,warning,lgbm_quantile_band,2017-12-31 19:00:00,2017-12-31 23:00:00,2017-12-31 21:00:00,5,134.386,77.286,73.88,4.32,285.5,month cross-fit (other 11 months of 2017),,1,false_positive,
LG-00373,A_consumption,M2_cooling,Peacock_office_Julian,cooling_kw,spike,warning,lgbm_quantile_band,2017-01-05 04:00:00,2017-01-05 04:00:00,2017-01-05 04:00:00,1,75.612,0.014,539985.71,61.12,75.6,month cross-fit (other 11 months of 2017),,1,false_positive,
LG-00374,DQ_quality,M2_cooling,Peacock_office_Julian,cooling_kw,data_loss,warning,dq_gap>=3h,2017-01-05 05:00:00,2017-01-05 19:00:00,2017-01-05 07:00:00,15,,,,,,,,1,natural,
LG-00375,A_consumption,M2_cooling,Peacock_office_Julian,cooling_kw,spike,warning,lgbm_quantile_band,2017-01-09 16:00:00,2017-01-09 16:00:00,2017-01-09 16:00:00,1,24.743,0.906,2631.02,10.59,23.8,month cross-fit (other 11 months of 2017),,1,false_positive,
LG-00376,A_consumption,M2_cooling,Peacock_office_Julian,cooling_kw,spike,warning,lgbm_quantile_band,2017-01-10 19:00:00,2017-01-10 19:00:00,2017-01-10 19:00:00,1,12.451,0.265,4598.49,8.48,12.2,month cross-fit (other 11 months of 2017),,1,false_positive,
LG-00377,DQ_quality,M2_cooling,Peacock_office_Julian,cooling_kw,data_loss,warning,dq_gap>=3h,2017-01-18 04:00:00,2017-01-18 06:00:00,2017-01-18 06:00:00,3,,,,,,,,1,natural,
LG-00378,DQ_quality,M2_cooling,Peacock_office_Julian,cooling_kw,data_loss,warning,dq_gap>=3h,2017-01-31 04:00:00,2017-01-31 06:00:00,2017-01-31 06:00:00,3,,,,,,,,1,natural,
LG-00379,DQ_quality,M2_cooling,Peacock_office_Julian,cooling_kw,data_loss,warning,dq_gap>=3h,2017-02-09 01:00:00,2017-02-09 06:00:00,2017-02-09 03:00:00,6,,,,,,,,1,natural,
LG-00380,A_consumption,M2_cooling,Peacock_office_Julian,cooling_kw,spike,warning,lgbm_quantile_band,2017-02-10 15:00:00,2017-02-10 15:00:00,2017-02-10 15:00:00,1,11.375,0.065,17400.0,5.31,11.3,month cross-fit (other 11 months of 2017),,1,false_positive,
LG-00381,DQ_quality,M2_cooling,Peacock_office_Julian,cooling_kw,data_loss,warning,dq_gap>=3h,2017-02-12 02:00:00,2017-02-12 09:00:00,2017-02-12 04:00:00,8,,,,,0.0,,,2,natural,
LG-00382,DQ_quality,M2_cooling,Peacock_office_Julian,cooling_kw,data_loss,warning,dq_gap>=3h,2017-02-12 14:00:00,2017-02-13 06:00:00,2017-02-12 16:00:00,17,,,,,0.0,,,2,natural,
LG-00383,DQ_quality,M2_cooling,Peacock_office_Julian,cooling_kw,data_loss,warning,dq_gap>=3h,2017-02-16 01:00:00,2017-02-16 06:00:00,2017-02-16 03:00:00,6,,,,,,,,1,natural,
LG-00384,DQ_quality,M2_cooling,Peacock_office_Julian,cooling_kw,data_loss,warning,dq_gap>=3h,2017-02-17 03:00:00,2017-02-17 06:00:00,2017-02-17 05:00:00,4,,,,,,,,1,natural,
LG-00385,A_consumption,M2_cooling,Peacock_office_Julian,cooling_kw,spike,warning,lgbm_quantile_band,2017-02-17 08:00:00,2017-02-17 08:00:00,2017-02-17 08:00:00,1,20.662,1.254,1547.69,6.07,19.4,month cross-fit (other 11 months of 2017),,1,natural,
LG-00386,DQ_quality,M2_cooling,Peacock_office_Julian,cooling_kw,data_loss,warning,dq_gap>=3h,2017-02-18 20:00:00,2017-02-19 10:00:00,2017-02-18 22:00:00,15,,,,,,,,1,natural,
LG-00387,DQ_quality,M2_cooling,Peacock_office_Julian,cooling_kw,data_loss,warning,dq_gap>=3h,2017-03-04 10:00:00,2017-03-04 12:00:00,2017-03-04 12:00:00,3,,,,,,,,1,natural,
LG-00388,A_consumption,M2_cooling,Peacock_office_Julian,cooling_kw,spike,warning,lgbm_quantile_band,2017-03-12 03:00:00,2017-03-12 03:00:00,2017-03-12 03:00:00,1,2110.11,0.03,7033600.0,1705.91,2110.1,month cross-fit (other 11 months of 2017),,1,false_positive,
LG-00389,A_consumption,M2_cooling,Peacock_office_Julian,cooling_kw,off_hours_run,warning,lgbm_quantile_band,2017-04-01 21:00:00,2017-04-02 00:00:00,2017-04-01 23:00:00,4,4.985,0.003,166066.67,7.12,19.9,month cross-fit (other 11 months of 2017),,1,false_positive,
LG-00390,A_consumption,M2_cooling,Peacock_office_Julian,cooling_kw,off_hours_run,warning,lgbm_quantile_band,2017-04-03 21:00:00,2017-04-04 00:00:00,2017-04-03 23:00:00,4,14.127,0.021,67171.43,23.7,56.4,month cross-fit (other 11 months of 2017),,1,false_positive,
LG-00391,A_consumption,M2_cooling,Peacock_office_Julian,cooling_kw,high_consumption,warning,lgbm_quantile_band,2017-04-07 13:00:00,2017-04-07 20:00:00,2017-04-07 15:00:00,8,27.495,2.414,1038.98,13.02,200.6,month cross-fit (other 11 months of 2017),,1,false_positive,
LG-00392,A_consumption,M2_cooling,Peacock_office_Julian,cooling_kw,off_hours_run,warning,lgbm_quantile_band,2017-04-08 18:00:00,2017-04-08 21:00:00,2017-04-08 20:00:00,4,14.498,0.116,12398.28,16.38,57.5,month cross-fit (other 11 months of 2017),,1,false_positive,
LG-00393,DQ_quality,M2_cooling,Peacock_office_Julian,cooling_kw,data_loss,warning,dq_gap>=3h,2017-04-16 17:00:00,2017-04-17 18:00:00,2017-04-16 19:00:00,26,,,,,,,,1,true_positive,SYN-M2-04-02
LG-00394,A_consumption,M2_cooling,Peacock_office_Julian,cooling_kw,off_hours_run,warning,lgbm_quantile_band,2017-04-22 20:00:00,2017-04-23 00:00:00,2017-04-22 22:00:00,5,37.206,0.103,36022.33,41.06,185.5,month cross-fit (other 11 months of 2017),,1,false_positive,
LG-00395,A_consumption,M2_cooling,Peacock_office_Julian,cooling_kw,high_consumption,warning,lgbm_quantile_band,2017-04-24 09:00:00,2017-04-24 12:00:00,2017-04-24 11:00:00,4,43.123,6.324,581.89,4.29,147.2,month cross-fit (other 11 months of 2017),,1,false_positive,
LG-00396,A_consumption,M2_cooling,Peacock_office_Julian,cooling_kw,high_consumption,warning,lgbm_quantile_band,2017-04-25 10:00:00,2017-04-25 13:00:00,2017-04-25 12:00:00,4,39.664,4.823,722.39,4.72,139.4,month cross-fit (other 11 months of 2017),,1,false_positive,
LG-00397,A_consumption,M2_cooling,Peacock_office_Julian,cooling_kw,off_hours_run,warning,lgbm_quantile_band,2017-04-28 18:00:00,2017-04-28 23:00:00,2017-04-28 20:00:00,6,44.405,11.378,290.27,26.74,198.2,month cross-fit (other 11 months of 2017),,1,false_positive,
LG-00398,A_consumption,M2_cooling,Peacock_office_Julian,cooling_kw,spike,warning,lgbm_quantile_band,2017-04-29 07:00:00,2017-04-29 07:00:00,2017-04-29 07:00:00,1,70.97,2.428,2822.98,5.53,68.5,month cross-fit (other 11 months of 2017),,1,false_positive,
LG-00399,A_consumption,M2_cooling,Peacock_office_Julian,cooling_kw,off_hours_run,warning,lgbm_quantile_band,2017-04-29 10:00:00,2017-04-29 21:00:00,2017-04-29 12:00:00,12,102.509,5.94,1625.74,17.13,1158.8,month cross-fit (other 11 months of 2017),,1,false_positive,
LG-00400,A_consumption,M2_cooling,Peacock_office_Julian,cooling_kw,off_hours_run,warning,lgbm_quantile_band,2017-05-01 17:00:00,2017-05-01 21:00:00,2017-05-01 19:00:00,5,105.183,28.456,269.63,47.23,383.6,month cross-fit (other 11 months of 2017),,1,false_positive,
LG-00401,A_consumption,M2_cooling,Peacock_office_Julian,cooling_kw,off_hours_run,warning,lgbm_quantile_band,2017-05-02 19:00:00,2017-05-02 23:00:00,2017-05-02 21:00:00,5,27.771,4.095,578.17,13.51,118.4,month cross-fit (other 11 months of 2017),,1,false_positive,
LG-00402,A_consumption,M2_cooling,Peacock_office_Julian,cooling_kw,off_hours_run,warning,lgbm_quantile_band,2017-05-09 18:00:00,2017-05-10 03:00:00,2017-05-09 20:00:00,10,16.957,1.008,1582.24,13.04,159.5,month cross-fit (other 11 months of 2017),,1,true_positive,SYN-M2-04-03
LG-00403,A_consumption,M2_cooling,Peacock_office_Julian,cooling_kw,high_consumption,warning,lgbm_quantile_band,2017-05-12 07:00:00,2017-05-12 10:00:00,2017-05-12 09:00:00,4,40.869,4.899,734.23,4.54,143.9,month cross-fit (other 11 months of 2017),,1,false_positive,
LG-00404,DQ_quality,M2_cooling,Peacock_office_Julian,cooling_kw,stuck_sensor,warning,dq_flatline>=4h,2017-05-19 05:00:00,2017-05-19 21:00:00,2017-05-19 08:00:00,17,0.007,,,,,,,1,true_positive,SYN-M2-04-04
LG-00405,A_consumption,M2_cooling,Peacock_office_Julian,cooling_kw,spike,warning,lgbm_quantile_band,2017-06-20 04:00:00,2017-06-20 04:00:00,2017-06-20 04:00:00,1,32.911,0.879,3644.14,15.22,32.0,month cross-fit (other 11 months of 2017),,1,false_positive,
LG-00406,A_consumption,M2_cooling,Peacock_office_Julian,cooling_kw,spike,warning,lgbm_quantile_band,2017-06-27 21:00:00,2017-06-27 21:00:00,2017-06-27 21:00:00,1,237.058,10.018,2266.32,35.34,227.0,month cross-fit (other 11 months of 2017),,1,true_positive,SYN-M2-04-05
LG-00407,A_consumption,M2_cooling,Peacock_office_Julian,cooling_kw,off_hours_run,warning,lgbm_quantile_band,2017-07-03 23:00:00,2017-07-04 05:00:00,2017-07-04 01:00:00,7,21.488,0.542,3864.58,18.1,146.6,month cross-fit (other 11 months of 2017),,1,true_positive,SYN-M2-04-06
LG-00408,A_consumption,M2_cooling,Peacock_office_Julian,cooling_kw,high_consumption,warning,lgbm_quantile_band,2017-07-13 09:00:00,2017-07-13 14:00:00,2017-07-13 11:00:00,6,210.865,157.697,33.72,6.19,319.0,month cross-fit (other 11 months of 2017),,1,false_positive,
LG-00409,A_consumption,M2_cooling,Peacock_office_Julian,cooling_kw,high_consumption,warning,lgbm_quantile_band,2017-07-20 10:00:00,2017-07-20 14:00:00,2017-07-20 12:00:00,5,217.523,157.552,38.06,7.5,299.9,month cross-fit (other 11 months of 2017),,1,false_positive,
LG-00410,A_consumption,M2_cooling,Peacock_office_Julian,cooling_kw,spike,warning,lgbm_quantile_band,2017-07-20 18:00:00,2017-07-20 19:00:00,2017-07-20 19:00:00,2,52.19,41.357,26.19,5.99,21.7,month cross-fit (other 11 months of 2017),,1,false_positive,
LG-00411,DQ_quality,M2_cooling,Peacock_office_Julian,cooling_kw,stuck_sensor,warning,dq_flatline>=4h,2017-08-01 08:00:00,2017-08-01 11:00:00,2017-08-01 11:00:00,4,129.755,,,,,,,1,natural,
LG-00412,A_consumption,M2_cooling,Peacock_office_Julian,cooling_kw,off_hours_run,warning,lgbm_quantile_band,2017-08-05 10:00:00,2017-08-05 17:00:00,2017-08-05 12:00:00,8,33.903,3.373,905.13,28.38,244.2,month cross-fit (other 11 months of 2017),,1,false_positive,
LG-00413,A_consumption,M2_cooling,Peacock_office_Julian,cooling_kw,off_hours_run,warning,lgbm_quantile_band,2017-08-19 08:00:00,2017-08-19 18:00:00,2017-08-19 10:00:00,11,34.075,-0.01,-340850.0,31.09,374.9,month cross-fit (other 11 months of 2017),,1,false_positive,
LG-00414,A_consumption,M2_cooling,Peacock_office_Julian,cooling_kw,spike,warning,lgbm_quantile_band,2017-08-20 09:00:00,2017-08-20 09:00:00,2017-08-20 09:00:00,1,45.598,0.511,8823.29,10.73,45.1,month cross-fit (other 11 months of 2017),,1,false_positive,
LG-00415,A_consumption,M2_cooling,Peacock_office_Julian,cooling_kw,spike,warning,lgbm_quantile_band,2017-09-02 08:00:00,2017-09-02 09:00:00,2017-09-02 08:00:00,2,15.288,0.45,3297.33,6.2,29.7,month cross-fit (other 11 months of 2017),,1,false_positive,
LG-00416,A_consumption,M2_cooling,Peacock_office_Julian,cooling_kw,spike,warning,lgbm_quantile_band,2017-09-05 16:00:00,2017-09-05 17:00:00,2017-09-05 16:00:00,2,122.295,65.111,87.83,14.45,114.4,month cross-fit (other 11 months of 2017),,1,false_positive,
LG-00417,A_consumption,M2_cooling,Peacock_office_Julian,cooling_kw,high_consumption,warning,lgbm_quantile_band,2017-09-11 14:00:00,2017-09-11 16:00:00,2017-09-11 16:00:00,3,78.294,11.107,604.91,5.27,201.6,month cross-fit (other 11 months of 2017),,1,false_positive,
LG-00418,A_consumption,M2_cooling,Peacock_office_Julian,cooling_kw,off_hours_run,warning,lgbm_quantile_band,2017-09-13 22:00:00,2017-09-14 04:00:00,2017-09-14 00:00:00,7,7.895,0.028,28096.43,8.1,55.1,month cross-fit (other 11 months of 2017),,1,false_positive,
LG-00419,A_consumption,M2_cooling,Peacock_office_Julian,cooling_kw,spike,warning,lgbm_quantile_band,2017-09-15 03:00:00,2017-09-15 04:00:00,2017-09-15 03:00:00,2,6.432,0.022,29136.36,6.69,12.8,month cross-fit (other 11 months of 2017),,1,false_positive,
LG-00420,A_consumption,M2_cooling,Peacock_office_Julian,cooling_kw,off_hours_run,warning,lgbm_quantile_band,2017-09-15 22:00:00,2017-09-16 05:00:00,2017-09-16 00:00:00,8,5.698,0.183,3022.19,6.97,33.1,month cross-fit (other 11 months of 2017),,2,false_positive,
LG-00421,A_consumption,M2_cooling,Peacock_office_Julian,cooling_kw,off_hours_run,warning,lgbm_quantile_band,2017-09-16 09:00:00,2017-09-16 17:00:00,2017-09-16 11:00:00,9,48.271,3.987,1110.71,4.35,398.6,month cross-fit (other 11 months of 2017),,1,false_positive,
LG-00422,A_consumption,M2_cooling,Peacock_office_Julian,cooling_kw,spike,warning,lgbm_quantile_band,2017-09-17 00:00:00,2017-09-17 01:00:00,2017-09-17 01:00:00,2,7.155,0.068,10422.06,7.13,14.2,month cross-fit (other 11 months of 2017),,1,false_positive,
LG-00423,A_consumption,M2_cooling,Peacock_office_Julian,cooling_kw,off_hours_run,warning,lgbm_quantile_band,2017-09-17 04:00:00,2017-09-17 08:00:00,2017-09-17 06:00:00,5,20.668,0.775,2566.84,9.28,99.5,month cross-fit (other 11 months of 2017),,1,false_positive,
LG-00424,A_consumption,M2_cooling,Peacock_office_Julian,cooling_kw,off_hours_run,warning,lgbm_quantile_band,2017-09-17 13:00:00,2017-09-17 16:00:00,2017-09-17 15:00:00,4,42.004,2.685,1464.39,6.15,157.3,month cross-fit (other 11 months of 2017),,1,false_positive,
LG-00425,A_consumption,M2_cooling,Peacock_office_Julian,cooling_kw,off_hours_run,warning,lgbm_quantile_band,2017-09-17 23:00:00,2017-09-18 06:00:00,2017-09-18 01:00:00,8,7.327,0.23,3085.65,8.11,56.8,month cross-fit (other 11 months of 2017),,1,false_positive,
LG-00426,A_consumption,M2_cooling,Peacock_office_Julian,cooling_kw,off_hours_run,warning,lgbm_quantile_band,2017-09-18 22:00:00,2017-09-19 06:00:00,2017-09-19 00:00:00,9,5.164,0.087,5835.63,8.26,45.7,month cross-fit (other 11 months of 2017),,1,false_positive,
LG-00427,A_consumption,M2_cooling,Peacock_office_Julian,cooling_kw,off_hours_run,warning,lgbm_quantile_band,2017-09-20 00:00:00,2017-09-20 06:00:00,2017-09-20 02:00:00,7,3.823,0.035,10822.86,6.34,26.5,month cross-fit (other 11 months of 2017),,1,false_positive,
LG-00428,A_consumption,M2_cooling,Peacock_office_Julian,cooling_kw,spike,warning,lgbm_quantile_band,2017-09-20 22:00:00,2017-09-20 23:00:00,2017-09-20 23:00:00,2,5.703,-0.083,-6971.08,5.73,11.6,month cross-fit (other 11 months of 2017),,1,false_positive,
LG-00429,A_consumption,M2_cooling,Peacock_office_Julian,cooling_kw,off_hours_run,warning,lgbm_quantile_band,2017-09-21 18:00:00,2017-09-22 00:00:00,2017-09-21 20:00:00,7,40.145,11.542,247.82,11.22,200.2,month cross-fit (other 11 months of 2017),,1,false_positive,
LG-00430,A_consumption,M2_cooling,Peacock_office_Julian,cooling_kw,off_hours_run,warning,lgbm_quantile_band,2017-09-22 23:00:00,2017-09-23 01:00:00,2017-09-23 01:00:00,3,9.2,0.005,183900.0,12.1,27.6,month cross-fit (other 11 months of 2017),,1,false_positive,
LG-00431,A_consumption,M2_cooling,Peacock_office_Julian,cooling_kw,off_hours_run,warning,lgbm_quantile_band,2017-09-24 06:00:00,2017-09-24 10:00:00,2017-09-24 08:00:00,5,33.245,6.014,452.79,4.06,138.3,month cross-fit (other 11 months of 2017),,1,false_positive,
LG-00432,A_consumption,M2_cooling,Peacock_office_Julian,cooling_kw,spike,warning,lgbm_quantile_band,2017-09-25 17:00:00,2017-09-25 17:00:00,2017-09-25 17:00:00,1,135.645,94.918,42.91,6.1,40.7,month cross-fit (other 11 months of 2017),,1,false_positive,
LG-00433,A_consumption,M2_cooling,Peacock_office_Julian,cooling_kw,off_hours_run,warning,lgbm_quantile_band,2017-09-27 01:00:00,2017-09-27 04:00:00,2017-09-27 03:00:00,4,6.109,0.135,4425.19,8.05,23.9,month cross-fit (other 11 months of 2017),,1,false_positive,
LG-00434,A_consumption,M2_cooling,Peacock_office_Julian,cooling_kw,spike,warning,lgbm_quantile_band,2017-09-27 17:00:00,2017-09-27 18:00:00,2017-09-27 18:00:00,2,107.897,62.51,72.61,5.45,90.8,month cross-fit (other 11 months of 2017),,1,false_positive,
LG-00435,A_consumption,M2_cooling,Peacock_office_Julian,cooling_kw,off_hours_run,warning,lgbm_quantile_band,2017-09-27 21:00:00,2017-09-27 23:00:00,2017-09-27 23:00:00,3,14.558,2.595,461.0,8.73,36.1,month cross-fit (other 11 months of 2017),,1,false_positive,
LG-00436,A_consumption,M2_cooling,Peacock_office_Julian,cooling_kw,off_hours_run,warning,lgbm_quantile_band,2017-10-01 11:00:00,2017-10-01 18:00:00,2017-10-01 13:00:00,8,17.482,1.814,863.73,8.58,125.3,month cross-fit (other 11 months of 2017),,1,false_positive,
LG-00437,A_consumption,M2_cooling,Peacock_office_Julian,cooling_kw,spike,warning,lgbm_quantile_band,2017-10-03 00:00:00,2017-10-03 00:00:00,2017-10-03 00:00:00,1,8.083,0.001,808200.0,5.25,8.1,month cross-fit (other 11 months of 2017),,1,false_positive,
LG-00438,A_consumption,M2_cooling,Peacock_office_Julian,cooling_kw,spike,warning,lgbm_quantile_band,2017-10-03 04:00:00,2017-10-03 04:00:00,2017-10-03 04:00:00,1,9.237,-0.077,-12096.1,7.53,9.3,month cross-fit (other 11 months of 2017),,1,false_positive,
LG-00439,A_consumption,M2_cooling,Peacock_office_Julian,cooling_kw,off_hours_run,warning,lgbm_quantile_band,2017-10-03 21:00:00,2017-10-04 01:00:00,2017-10-03 23:00:00,5,5.597,0.057,9719.3,4.31,27.7,month cross-fit (other 11 months of 2017),,1,false_positive,
LG-00440,A_consumption,M2_cooling,Peacock_office_Julian,cooling_kw,spike,warning,lgbm_quantile_band,2017-10-04 06:00:00,2017-10-04 06:00:00,2017-10-04 06:00:00,1,6.223,0.008,77687.5,5.03,6.2,month cross-fit (other 11 months of 2017),,1,false_positive,
LG-00441,A_consumption,M2_cooling,Peacock_office_Julian,cooling_kw,off_hours_run,warning,lgbm_quantile_band,2017-10-04 18:00:00,2017-10-04 20:00:00,2017-10-04 20:00:00,3,60.085,8.61,597.85,14.71,154.4,month cross-fit (other 11 months of 2017),,1,false_positive,
LG-00442,A_consumption,M2_cooling,Peacock_office_Julian,cooling_kw,off_hours_run,warning,lgbm_quantile_band,2017-10-05 17:00:00,2017-10-05 21:00:00,2017-10-05 19:00:00,5,77.515,17.157,351.8,10.76,301.8,month cross-fit (other 11 months of 2017),,1,false_positive,
LG-00443,A_consumption,M2_cooling,Peacock_office_Julian,cooling_kw,spike,warning,lgbm_quantile_band,2017-10-06 04:00:00,2017-10-06 04:00:00,2017-10-06 04:00:00,1,7.143,0.022,32368.18,5.76,7.1,month cross-fit (other 11 months of 2017),,1,false_positive,
LG-00444,A_consumption,M2_cooling,Peacock_office_Julian,cooling_kw,off_hours_run,warning,lgbm_quantile_band,2017-10-08 19:00:00,2017-10-09 01:00:00,2017-10-08 21:00:00,7,62.346,0.022,283290.91,21.61,438.0,month cross-fit (other 11 months of 2017),,1,false_positive,
LG-00445,A_consumption,M2_cooling,Peacock_office_Julian,cooling_kw,spike,warning,lgbm_quantile_band,2017-10-10 00:00:00,2017-10-10 01:00:00,2017-10-10 01:00:00,2,7.125,-0.027,-26488.89,5.39,14.3,month cross-fit (other 11 months of 2017),,1,false_positive,
LG-00446,A_consumption,M2_cooling,Peacock_office_Julian,cooling_kw,spike,warning,lgbm_quantile_band,2017-10-10 05:00:00,2017-10-10 06:00:00,2017-10-10 05:00:00,2,7.689,0.177,4244.07,5.29,15.0,month cross-fit (other 11 months of 2017),,1,false_positive,
LG-00447,A_consumption,M2_cooling,Peacock_office_Julian,cooling_kw,off_hours_run,warning,lgbm_quantile_band,2017-10-10 18:00:00,2017-10-10 21:00:00,2017-10-10 20:00:00,4,58.234,26.139,122.79,7.18,128.4,month cross-fit (other 11 months of 2017),,1,false_positive,
LG-00448,A_consumption,M2_cooling,Peacock_office_Julian,cooling_kw,spike,warning,lgbm_quantile_band,2017-10-14 02:00:00,2017-10-14 06:00:00,2017-10-14 02:00:00,5,17.917,-0.009,-192064.29,32.84,53.8,month cross-fit (other 11 months of 2017),,2,false_positive,
LG-00449,A_consumption,M2_cooling,Peacock_office_Julian,cooling_kw,off_hours_run,warning,lgbm_quantile_band,2017-10-14 09:00:00,2017-10-14 20:00:00,2017-10-14 11:00:00,12,38.548,3.233,1092.33,26.84,423.8,month cross-fit (other 11 months of 2017),,1,false_positive,
LG-00450,A_consumption,M2_cooling,Peacock_office_Julian,cooling_kw,spike,warning,lgbm_quantile_band,2017-10-15 00:00:00,2017-10-15 00:00:00,2017-10-15 00:00:00,1,10.694,0.639,1573.55,8.13,10.1,month cross-fit (other 11 months of 2017),,1,false_positive,
LG-00451,A_consumption,M2_cooling,Peacock_office_Julian,cooling_kw,spike,warning,lgbm_quantile_band,2017-10-15 05:00:00,2017-10-15 05:00:00,2017-10-15 05:00:00,1,9.612,0.517,1759.19,7.35,9.1,month cross-fit (other 11 months of 2017),,1,false_positive,
LG-00452,A_consumption,M2_cooling,Peacock_office_Julian,cooling_kw,high_consumption,warning,lgbm_quantile_band,2017-10-18 12:00:00,2017-10-18 16:00:00,2017-10-18 14:00:00,5,46.195,5.434,750.11,6.62,203.8,month cross-fit (other 11 months of 2017),,1,false_positive,
LG-00453,A_consumption,M2_cooling,Peacock_office_Julian,cooling_kw,high_consumption,warning,lgbm_quantile_band,2017-10-19 08:00:00,2017-10-19 10:00:00,2017-10-19 10:00:00,3,44.457,5.233,749.55,4.55,117.7,month cross-fit (other 11 months of 2017),,1,false_positive,
LG-00454,A_consumption,M2_cooling,Peacock_office_Julian,cooling_kw,off_hours_run,warning,lgbm_quantile_band,2017-10-19 18:00:00,2017-10-19 20:00:00,2017-10-19 20:00:00,3,27.373,3.007,810.31,8.01,73.1,month cross-fit (other 11 months of 2017),,1,false_positive,
LG-00455,A_consumption,M2_cooling,Peacock_office_Julian,cooling_kw,spike,warning,lgbm_quantile_band,2017-10-20 06:00:00,2017-10-20 06:00:00,2017-10-20 06:00:00,1,7.208,-0.011,-65627.27,5.84,7.2,month cross-fit (other 11 months of 2017),,1,false_positive,
LG-00456,A_consumption,M2_cooling,Peacock_office_Julian,cooling_kw,off_hours_run,warning,lgbm_quantile_band,2017-10-22 19:00:00,2017-10-22 22:00:00,2017-10-22 21:00:00,4,39.212,2.343,1573.58,38.3,147.5,month cross-fit (other 11 months of 2017),,1,false_positive,
LG-00457,A_consumption,M2_cooling,Peacock_office_Julian,cooling_kw,off_hours_run,warning,lgbm_quantile_band,2017-10-23 23:00:00,2017-10-24 11:00:00,2017-10-24 01:00:00,13,39.82,9.589,315.27,9.85,393.0,month cross-fit (other 11 months of 2017),,1,false_positive,
LG-00458,A_consumption,M2_cooling,Peacock_office_Julian,cooling_kw,spike,warning,lgbm_quantile_band,2017-10-24 23:00:00,2017-10-25 00:00:00,2017-10-25 00:00:00,2,6.869,0.117,5770.94,6.3,13.5,month cross-fit (other 11 months of 2017),,1,false_positive,
LG-00459,A_consumption,M2_cooling,Peacock_office_Julian,cooling_kw,off_hours_run,warning,lgbm_quantile_band,2017-10-25 04:00:00,2017-10-25 06:00:00,2017-10-25 06:00:00,3,18.338,0.19,9551.58,40.16,54.6,month cross-fit (other 11 months of 2017),,1,false_positive,
LG-00460,A_consumption,M2_cooling,Peacock_office_Julian,cooling_kw,high_consumption,warning,lgbm_quantile_band,2017-10-25 17:00:00,2017-10-25 19:00:00,2017-10-25 19:00:00,3,31.611,3.828,725.78,6.05,83.3,month cross-fit (other 11 months of 2017),,1,false_positive,
LG-00461,A_consumption,M2_cooling,Peacock_office_Julian,cooling_kw,spike,warning,lgbm_quantile_band,2017-10-27 08:00:00,2017-10-27 08:00:00,2017-10-27 08:00:00,1,30.685,3.579,757.36,5.25,27.1,month cross-fit (other 11 months of 2017),,1,false_positive,
LG-00462,A_consumption,M2_cooling,Peacock_office_Julian,cooling_kw,spike,warning,lgbm_quantile_band,2017-10-29 06:00:00,2017-10-29 06:00:00,2017-10-29 06:00:00,1,15.024,1.017,1377.29,11.32,14.0,month cross-fit (other 11 months of 2017),,1,false_positive,
LG-00463,A_consumption,M2_cooling,Peacock_office_Julian,cooling_kw,off_hours_run,warning,lgbm_quantile_band,2017-10-29 09:00:00,2017-10-29 17:00:00,2017-10-29 11:00:00,9,31.732,0.624,4985.26,19.89,280.0,month cross-fit (other 11 months of 2017),,1,false_positive,
LG-00464,A_consumption,M2_cooling,Peacock_office_Julian,cooling_kw,high_consumption,warning,lgbm_quantile_band,2017-10-30 07:00:00,2017-10-30 17:00:00,2017-10-30 09:00:00,11,31.642,4.191,655.0,7.78,302.0,month cross-fit (other 11 months of 2017),,1,false_positive,
LG-00465,A_consumption,M2_cooling,Peacock_office_Julian,cooling_kw,spike,warning,lgbm_quantile_band,2017-10-31 07:00:00,2017-10-31 08:00:00,2017-10-31 08:00:00,2,28.368,5.941,377.5,5.19,44.9,month cross-fit (other 11 months of 2017),,1,false_positive,
LG-00466,A_consumption,M2_cooling,Peacock_office_Julian,cooling_kw,spike,warning,lgbm_quantile_band,2017-11-05 08:00:00,2017-11-05 08:00:00,2017-11-05 08:00:00,1,15.592,0.318,4803.14,7.86,15.3,month cross-fit (other 11 months of 2017),,1,false_positive,
LG-00467,A_consumption,M2_cooling,Peacock_office_Julian,cooling_kw,off_hours_run,warning,lgbm_quantile_band,2017-11-05 13:00:00,2017-11-05 21:00:00,2017-11-05 15:00:00,9,8.464,0.043,19583.72,21.03,75.8,month cross-fit (other 11 months of 2017),,1,false_positive,
LG-00468,A_consumption,M2_cooling,Peacock_office_Julian,cooling_kw,spike,warning,lgbm_quantile_band,2017-11-07 21:00:00,2017-11-07 21:00:00,2017-11-07 21:00:00,1,9.433,0.1,9333.0,5.07,9.3,month cross-fit (other 11 months of 2017),,1,false_positive,
LG-00469,A_consumption,M2_cooling,Peacock_office_Julian,cooling_kw,spike,warning,lgbm_quantile_band,2017-11-08 11:00:00,2017-11-08 12:00:00,2017-11-08 11:00:00,2,36.685,1.281,2763.78,10.04,70.8,month cross-fit (other 11 months of 2017),,1,false_positive,
LG-00470,A_consumption,M2_cooling,Peacock_office_Julian,cooling_kw,spike,warning,lgbm_quantile_band,2017-11-08 19:00:00,2017-11-08 20:00:00,2017-11-08 20:00:00,2,15.757,1.128,1296.9,6.12,29.3,month cross-fit (other 11 months of 2017),,1,false_positive,
LG-00471,A_consumption,M2_cooling,Peacock_office_Julian,cooling_kw,off_hours_run,warning,lgbm_quantile_band,2017-11-11 09:00:00,2017-11-11 16:00:00,2017-11-11 11:00:00,8,11.318,0.234,4736.75,13.23,88.7,month cross-fit (other 11 months of 2017),,1,false_positive,
LG-00472,A_consumption,M2_cooling,Peacock_office_Julian,cooling_kw,off_hours_run,warning,lgbm_quantile_band,2017-11-12 07:00:00,2017-11-12 17:00:00,2017-11-12 09:00:00,11,7.302,0.184,3868.66,14.09,64.0,month cross-fit (other 11 months of 2017),,2,false_positive,
LG-00473,A_consumption,M2_cooling,Peacock_office_Julian,cooling_kw,off_hours_run,warning,lgbm_quantile_band,2017-11-18 15:00:00,2017-11-18 17:00:00,2017-11-18 17:00:00,3,9.233,0.12,7594.17,5.16,27.3,month cross-fit (other 11 months of 2017),,1,false_positive,
LG-00474,A_consumption,M2_cooling,Peacock_office_Julian,cooling_kw,spike,warning,lgbm_quantile_band,2017-11-22 21:00:00,2017-11-22 21:00:00,2017-11-22 21:00:00,1,9.71,0.129,7427.13,7.75,9.6,month cross-fit (other 11 months of 2017),,1,false_positive,
LG-00475,A_consumption,M2_cooling,Peacock_office_Julian,cooling_kw,spike,warning,lgbm_quantile_band,2017-11-23 22:00:00,2017-11-23 22:00:00,2017-11-23 22:00:00,1,7.004,0.028,24914.29,5.64,7.0,month cross-fit (other 11 months of 2017),,1,false_positive,
LG-00476,A_consumption,M2_cooling,Peacock_office_Julian,cooling_kw,spike,warning,lgbm_quantile_band,2017-11-26 17:00:00,2017-11-26 18:00:00,2017-11-26 17:00:00,2,8.71,0.033,26293.94,6.05,17.4,month cross-fit (other 11 months of 2017),,1,false_positive,
LG-00477,A_consumption,M2_cooling,Peacock_office_Julian,cooling_kw,spike,warning,lgbm_quantile_band,2017-11-29 20:00:00,2017-11-29 21:00:00,2017-11-29 21:00:00,2,14.283,1.389,928.29,7.09,25.8,month cross-fit (other 11 months of 2017),,1,false_positive,
LG-00478,A_consumption,M2_cooling,Peacock_office_Julian,cooling_kw,spike,warning,lgbm_quantile_band,2017-11-30 23:00:00,2017-11-30 23:00:00,2017-11-30 23:00:00,1,6.995,0.019,36715.79,5.64,7.0,month cross-fit (other 11 months of 2017),,1,false_positive,
LG-00479,A_consumption,M2_cooling,Peacock_office_Julian,cooling_kw,spike,warning,lgbm_quantile_band,2017-12-02 07:00:00,2017-12-02 11:00:00,2017-12-02 07:00:00,5,15.402,0.036,43084.11,17.94,46.1,month cross-fit (other 11 months of 2017),,2,false_positive,
LG-00480,A_consumption,M2_cooling,Peacock_office_Julian,cooling_kw,off_hours_run,warning,lgbm_quantile_band,2017-12-02 15:00:00,2017-12-02 22:00:00,2017-12-02 17:00:00,8,10.901,-0.007,-155828.57,16.63,87.3,month cross-fit (other 11 months of 2017),,1,false_positive,
LG-00481,A_consumption,M2_cooling,Peacock_office_Julian,cooling_kw,spike,warning,lgbm_quantile_band,2017-12-03 03:00:00,2017-12-03 03:00:00,2017-12-03 03:00:00,1,6.693,0.008,83562.5,5.4,6.7,month cross-fit (other 11 months of 2017),,1,false_positive,
LG-00482,A_consumption,M2_cooling,Peacock_office_Julian,cooling_kw,off_hours_run,warning,lgbm_quantile_band,2017-12-03 07:00:00,2017-12-03 12:00:00,2017-12-03 09:00:00,6,11.323,0.044,25634.09,11.48,67.7,month cross-fit (other 11 months of 2017),,1,false_positive,
LG-00483,A_consumption,M2_cooling,Peacock_office_Julian,cooling_kw,off_hours_run,warning,lgbm_quantile_band,2017-12-03 16:00:00,2017-12-03 22:00:00,2017-12-03 18:00:00,7,9.744,0.094,10265.96,11.42,67.6,month cross-fit (other 11 months of 2017),,1,false_positive,
LG-00484,A_consumption,M2_cooling,Peacock_office_Julian,cooling_kw,spike,warning,lgbm_quantile_band,2017-12-04 21:00:00,2017-12-04 21:00:00,2017-12-04 21:00:00,1,12.332,0.017,72441.18,7.4,12.3,month cross-fit (other 11 months of 2017),,1,false_positive,
LG-00485,A_consumption,M2_cooling,Peacock_office_Julian,cooling_kw,spike,warning,lgbm_quantile_band,2017-12-05 23:00:00,2017-12-06 00:00:00,2017-12-06 00:00:00,2,8.571,-0.257,-3435.02,10.73,17.7,month cross-fit (other 11 months of 2017),,1,false_positive,
LG-00486,A_consumption,M2_cooling,Peacock_office_Julian,cooling_kw,high_consumption,warning,lgbm_quantile_band,2017-12-08 14:00:00,2017-12-08 18:00:00,2017-12-08 16:00:00,5,11.619,1.5,674.6,11.94,51.9,month cross-fit (other 11 months of 2017),,1,false_positive,
LG-00487,A_consumption,M2_cooling,Peacock_office_Julian,cooling_kw,spike,warning,lgbm_quantile_band,2017-12-08 21:00:00,2017-12-08 21:00:00,2017-12-08 21:00:00,1,7.207,0.052,13759.62,5.78,7.2,month cross-fit (other 11 months of 2017),,1,false_positive,
LG-00488,DQ_quality,M2_cooling,Peacock_office_Julian,cooling_kw,data_loss,warning,dq_gap>=3h,2017-12-12 02:00:00,2017-12-12 06:00:00,2017-12-12 04:00:00,5,,,,,,,,1,natural,
LG-00489,DQ_quality,M2_cooling,Peacock_office_Julian,cooling_kw,data_loss,warning,dq_gap>=3h,2017-12-13 02:00:00,2017-12-13 06:00:00,2017-12-13 04:00:00,5,,,,,,,,1,natural,
LG-00490,A_consumption,M2_cooling,Peacock_office_Julian,cooling_kw,spike,warning,lgbm_quantile_band,2017-12-13 21:00:00,2017-12-13 22:00:00,2017-12-13 21:00:00,2,12.454,0.006,207466.67,16.42,24.9,month cross-fit (other 11 months of 2017),,1,natural,
LG-00491,A_consumption,M2_cooling,Peacock_office_Julian,cooling_kw,high_consumption,warning,lgbm_quantile_band,2017-12-14 16:00:00,2017-12-14 18:00:00,2017-12-14 18:00:00,3,11.536,1.098,950.64,8.21,32.2,month cross-fit (other 11 months of 2017),,1,false_positive,
LG-00492,A_consumption,M2_cooling,Peacock_office_Julian,cooling_kw,spike,warning,lgbm_quantile_band,2017-12-14 21:00:00,2017-12-14 22:00:00,2017-12-14 22:00:00,2,8.1,-0.004,-202600.0,8.33,16.2,month cross-fit (other 11 months of 2017),,1,false_positive,
LG-00493,A_consumption,M2_cooling,Peacock_office_Julian,cooling_kw,off_hours_run,warning,lgbm_quantile_band,2017-12-16 16:00:00,2017-12-16 18:00:00,2017-12-16 18:00:00,3,5.019,0.393,1177.1,5.11,13.9,month cross-fit (other 11 months of 2017),,1,false_positive,
LG-00494,A_consumption,M2_cooling,Peacock_office_Julian,cooling_kw,spike,warning,lgbm_quantile_band,2017-12-17 12:00:00,2017-12-17 12:00:00,2017-12-17 12:00:00,1,7.542,0.233,3136.91,5.91,7.3,month cross-fit (other 11 months of 2017),,1,false_positive,
LG-00495,A_consumption,M2_cooling,Peacock_office_Julian,cooling_kw,spike,warning,lgbm_quantile_band,2017-12-17 18:00:00,2017-12-17 18:00:00,2017-12-17 18:00:00,1,12.577,0.034,36891.18,10.14,12.5,month cross-fit (other 11 months of 2017),,1,false_positive,
LG-00496,DQ_quality,M2_cooling,Peacock_office_Julian,cooling_kw,data_loss,warning,dq_gap>=3h,2017-12-19 03:00:00,2017-12-19 06:00:00,2017-12-19 05:00:00,4,,,,,,,,1,natural,
LG-00497,A_consumption,M2_cooling,Peacock_office_Julian,cooling_kw,spike,warning,lgbm_quantile_band,2017-12-20 22:00:00,2017-12-20 22:00:00,2017-12-20 22:00:00,1,7.657,-0.071,-10884.51,5.29,7.7,month cross-fit (other 11 months of 2017),,1,false_positive,
LG-00498,A_consumption,M2_cooling,Peacock_office_Julian,cooling_kw,off_hours_run,warning,lgbm_quantile_band,2017-12-24 16:00:00,2017-12-24 18:00:00,2017-12-24 18:00:00,3,5.459,0.012,45391.67,5.48,16.3,month cross-fit (other 11 months of 2017),,1,false_positive,
LG-00499,A_consumption,M2_cooling,Peacock_office_Julian,cooling_kw,off_hours_run,warning,lgbm_quantile_band,2017-12-26 19:00:00,2017-12-26 21:00:00,2017-12-26 21:00:00,3,4.193,0.045,9217.78,4.77,12.6,month cross-fit (other 11 months of 2017),,1,false_positive,
LG-00500,A_consumption,M2_cooling,Peacock_office_Julian,cooling_kw,spike,warning,lgbm_quantile_band,2017-12-27 17:00:00,2017-12-27 17:00:00,2017-12-27 17:00:00,1,9.874,0.097,10079.38,5.43,9.8,month cross-fit (other 11 months of 2017),,1,false_positive,
LG-00501,A_consumption,M2_cooling,Peacock_office_Julian,cooling_kw,spike,warning,lgbm_quantile_band,2017-12-30 18:00:00,2017-12-30 18:00:00,2017-12-30 18:00:00,1,35.865,1.346,2564.56,27.91,34.5,month cross-fit (other 11 months of 2017),,1,false_positive,
LG-00502,A_consumption,M2_cooling,Peacock_office_Julian,cooling_kw,off_hours_run,warning,lgbm_quantile_band,2017-12-31 09:00:00,2017-12-31 12:00:00,2017-12-31 11:00:00,4,4.244,0.009,47055.56,5.99,16.9,month cross-fit (other 11 months of 2017),,1,false_positive,
LG-00503,A_consumption,M1_power,Rat_office_Loyd,power_active_kw,off_hours_run,warning,lgbm_quantile_band,2017-01-04 00:00:00,2017-01-04 06:00:00,2017-01-04 02:00:00,7,51.284,36.144,41.89,4.86,106.0,month cross-fit (other 11 months of 2017),,1,false_positive,
LG-00504,A_consumption,M1_power,Rat_office_Loyd,power_active_kw,off_hours_run,warning,lgbm_quantile_band,2017-01-09 17:00:00,2017-01-10 06:00:00,2017-01-09 19:00:00,14,70.113,56.425,24.26,6.51,191.6,month cross-fit (other 11 months of 2017),,1,false_positive,
LG-00505,A_consumption,M1_power,Rat_office_Loyd,power_active_kw,high_consumption,warning,lgbm_quantile_band,2017-01-10 11:00:00,2017-01-10 17:00:00,2017-01-10 13:00:00,7,99.336,82.04,21.08,4.58,121.1,month cross-fit (other 11 months of 2017),,1,false_positive,
LG-00506,A_consumption,M1_power,Rat_office_Loyd,power_active_kw,off_hours_run,warning,lgbm_quantile_band,2017-01-17 22:00:00,2017-01-18 06:00:00,2017-01-18 00:00:00,9,52.309,36.343,43.93,5.57,143.7,month cross-fit (other 11 months of 2017),,1,false_positive,
LG-00507,A_consumption,M1_power,Rat_office_Loyd,power_active_kw,off_hours_run,warning,lgbm_quantile_band,2017-01-19 00:00:00,2017-01-19 02:00:00,2017-01-19 02:00:00,3,44.643,34.93,27.81,5.03,29.1,month cross-fit (other 11 months of 2017),,1,false_positive,
LG-00508,A_consumption,M1_power,Rat_office_Loyd,power_active_kw,off_hours_run,warning,lgbm_quantile_band,2017-01-27 10:00:00,2017-01-27 14:00:00,2017-01-27 12:00:00,5,77.46,62.32,24.29,6.01,75.7,month cross-fit (other 11 months of 2017),,1,false_positive,
LG-00509,A_consumption,M1_power,Rat_office_Loyd,power_active_kw,off_hours_run,warning,lgbm_quantile_band,2017-01-30 10:00:00,2017-01-30 18:00:00,2017-01-30 12:00:00,9,80.521,58.925,36.65,7.42,194.4,month cross-fit (other 11 months of 2017),,1,false_positive,
LG-00510,A_consumption,M1_power,Rat_office_Loyd,power_active_kw,baseload_rise,warning,lgbm_cusum_night_residual,2017-03-15 00:00:00,2017-03-21 23:00:00,2017-03-21 04:00:00,168,49.866,40.206,24.03,,,month cross-fit (other 11 months of 2017),,1,true_positive,SYN-M1-05-01
LG-00511,A_consumption,M1_power,Rat_office_Loyd,power_active_kw,off_hours_run,warning,lgbm_quantile_band,2017-03-15 04:00:00,2017-03-15 08:00:00,2017-03-15 06:00:00,5,61.06,49.116,24.32,6.61,59.7,month cross-fit (other 11 months of 2017),,1,false_positive,
LG-00512,A_consumption,M1_power,Rat_office_Loyd,power_active_kw,spike,warning,lgbm_quantile_band,2017-03-16 07:00:00,2017-03-16 08:00:00,2017-03-16 07:00:00,2,75.35,56.2,34.07,6.79,38.3,month cross-fit (other 11 months of 2017),,1,false_positive,
LG-00513,A_consumption,M1_power,Rat_office_Loyd,power_active_kw,off_hours_run,warning,lgbm_quantile_band,2017-03-17 01:00:00,2017-03-17 07:00:00,2017-03-17 03:00:00,7,60.243,44.387,35.72,6.3,111.0,month cross-fit (other 11 months of 2017),,1,false_positive,
LG-00514,A_consumption,M1_power,Rat_office_Loyd,power_active_kw,off_hours_run,warning,lgbm_quantile_band,2017-03-18 00:00:00,2017-03-18 03:00:00,2017-03-18 02:00:00,4,47.58,37.859,25.68,5.43,38.9,month cross-fit (other 11 months of 2017),,1,false_positive,
LG-00515,A_consumption,M1_power,Rat_office_Loyd,power_active_kw,spike,warning,lgbm_quantile_band,2017-03-20 07:00:00,2017-03-20 08:00:00,2017-03-20 07:00:00,2,78.155,50.662,54.27,6.22,55.0,month cross-fit (other 11 months of 2017),,1,false_positive,
LG-00516,A_consumption,M1_power,Rat_office_Loyd,power_active_kw,spike,warning,lgbm_quantile_band,2017-03-20 22:00:00,2017-03-20 23:00:00,2017-03-20 22:00:00,2,223.899,40.266,456.05,42.55,367.3,month cross-fit (other 11 months of 2017),,1,true_positive,SYN-M1-05-01
LG-00517,A_consumption,M1_power,Rat_office_Loyd,power_active_kw,off_hours_run,warning,lgbm_quantile_band,2017-03-21 02:00:00,2017-03-21 04:00:00,2017-03-21 04:00:00,3,47.307,36.648,29.08,5.5,32.0,month cross-fit (other 11 months of 2017),,1,true_positive,SYN-M1-05-01
LG-00518,A_consumption,M1_power,Rat_office_Loyd,power_active_kw,spike,warning,lgbm_quantile_band,2017-03-27 07:00:00,2017-03-27 08:00:00,2017-03-27 07:00:00,2,68.77,52.681,30.54,6.12,32.2,month cross-fit (other 11 months of 2017),,1,false_positive,
LG-00519,A_consumption,M1_power,Rat_office_Loyd,power_active_kw,off_hours_run,warning,lgbm_quantile_band,2017-04-06 01:00:00,2017-04-06 03:00:00,2017-04-06 03:00:00,3,55.605,36.884,50.76,4.66,56.2,month cross-fit (other 11 months of 2017),,1,true_positive,SYN-M1-05-02
LG-00520,A_consumption,M1_power,Rat_office_Loyd,power_active_kw,baseload_rise,warning,lgbm_cusum_night_residual,2017-05-10 00:00:00,2017-05-16 23:00:00,2017-05-16 04:00:00,168,44.074,33.709,30.75,,,month cross-fit (other 11 months of 2017),,1,true_positive,SYN-M1-05-03
LG-00521,A_consumption,M1_power,Rat_office_Loyd,power_active_kw,high_consumption,warning,lgbm_quantile_band,2017-05-10 09:00:00,2017-05-10 16:00:00,2017-05-10 11:00:00,8,93.687,62.031,51.03,6.79,253.2,month cross-fit (other 11 months of 2017),,1,true_positive,SYN-M1-05-03
LG-00522,A_consumption,M1_power,Rat_office_Loyd,power_active_kw,high_consumption,warning,lgbm_quantile_band,2017-05-12 07:00:00,2017-05-12 10:00:00,2017-05-12 09:00:00,4,82.561,54.091,52.63,4.26,113.9,month cross-fit (other 11 months of 2017),,1,true_positive,SYN-M1-05-03
LG-00523,A_consumption,M1_power,Rat_office_Loyd,power_active_kw,off_hours_run,warning,lgbm_quantile_band,2017-05-13 04:00:00,2017-05-13 16:00:00,2017-05-13 06:00:00,13,52.943,36.262,46.0,6.91,216.9,month cross-fit (other 11 months of 2017),,1,true_positive,SYN-M1-05-03
LG-00524,A_consumption,M1_power,Rat_office_Loyd,power_active_kw,off_hours_run,warning,lgbm_quantile_band,2017-05-14 02:00:00,2017-05-14 15:00:00,2017-05-14 04:00:00,14,52.216,34.086,53.19,5.81,253.8,month cross-fit (other 11 months of 2017),,1,true_positive,SYN-M1-05-03
LG-00525,DQ_quality,M1_power,Rat_office_Loyd,power_active_kw,data_loss,warning,dq_gap>=3h,2017-05-19 21:00:00,2017-05-20 11:00:00,2017-05-19 23:00:00,15,,,,,,,,1,true_positive,SYN-M1-05-04
LG-00526,DQ_quality,M1_power,Rat_office_Loyd,power_active_kw,stuck_sensor,warning,dq_flatline>=4h,2017-06-18 02:00:00,2017-06-18 18:00:00,2017-06-18 05:00:00,17,42.68,,,,,,,1,true_positive,SYN-M1-05-05
LG-00527,DQ_quality,M1_power,Rat_office_Loyd,power_active_kw,data_loss,warning,dq_gap>=3h,2017-06-27 00:00:00,2017-06-27 23:00:00,2017-06-27 02:00:00,24,,,,,,,,1,natural,
LG-00528,A_consumption,M1_power,Rat_office_Loyd,power_active_kw,spike,warning,lgbm_quantile_band,2017-07-04 11:00:00,2017-07-04 11:00:00,2017-07-04 11:00:00,1,223.74,103.978,115.18,23.04,119.8,month cross-fit (other 11 months of 2017),,1,true_positive,SYN-M1-05-06
LG-00529,A_consumption,M1_power,Rat_office_Loyd,power_active_kw,baseload_rise,warning,lgbm_cusum_night_residual,2017-08-02 00:00:00,2017-08-27 23:00:00,2017-08-18 04:00:00,624,50.623,39.542,28.02,,,month cross-fit (other 11 months of 2017),,1,true_positive,SYN-M1-05-08
LG-00530,A_consumption,M1_power,Rat_office_Loyd,power_active_kw,off_hours_run,warning,lgbm_quantile_band,2017-08-05 02:00:00,2017-08-05 12:00:00,2017-08-05 04:00:00,11,48.584,33.654,44.36,8.96,164.2,month cross-fit (other 11 months of 2017),,1,false_positive,
LG-00531,A_consumption,M1_power,Rat_office_Loyd,power_active_kw,off_hours_run,warning,lgbm_quantile_band,2017-08-06 22:00:00,2017-08-07 05:00:00,2017-08-07 00:00:00,8,73.022,49.399,47.82,6.93,189.0,month cross-fit (other 11 months of 2017),,1,true_positive,SYN-M1-05-07
LG-00532,A_consumption,M1_power,Rat_office_Loyd,power_active_kw,off_hours_run,warning,lgbm_quantile_band,2017-08-17 00:00:00,2017-08-17 05:00:00,2017-08-17 02:00:00,6,53.588,30.737,74.34,4.56,137.1,month cross-fit (other 11 months of 2017),,1,false_positive,
LG-00533,A_consumption,M1_power,Rat_office_Loyd,power_active_kw,high_consumption,warning,lgbm_quantile_band,2017-08-17 13:00:00,2017-08-17 19:00:00,2017-08-17 15:00:00,7,100.876,73.749,36.78,11.36,189.9,month cross-fit (other 11 months of 2017),,1,false_positive,
LG-00534,A_consumption,M1_power,Rat_office_Loyd,power_active_kw,off_hours_run,warning,lgbm_quantile_band,2017-08-18 00:00:00,2017-08-18 06:00:00,2017-08-18 02:00:00,7,54.837,31.995,71.39,6.13,159.9,month cross-fit (other 11 months of 2017),,1,false_positive,
LG-00535,A_consumption,M1_power,Rat_office_Loyd,power_active_kw,high_consumption,warning,lgbm_quantile_band,2017-08-18 09:00:00,2017-08-18 19:00:00,2017-08-18 11:00:00,11,101.307,76.804,31.9,6.84,269.5,month cross-fit (other 11 months of 2017),,1,false_positive,
LG-00536,A_consumption,M1_power,Rat_office_Loyd,power_active_kw,off_hours_run,warning,lgbm_quantile_band,2017-08-19 01:00:00,2017-08-19 21:00:00,2017-08-19 03:00:00,21,56.638,37.473,51.14,11.32,402.5,month cross-fit (other 11 months of 2017),,1,false_positive,
LG-00537,A_consumption,M1_power,Rat_office_Loyd,power_active_kw,off_hours_run,warning,lgbm_quantile_band,2017-08-20 04:00:00,2017-08-20 19:00:00,2017-08-20 06:00:00,16,54.047,37.163,45.43,11.02,270.1,month cross-fit (other 11 months of 2017),,1,false_positive,
LG-00538,A_consumption,M1_power,Rat_office_Loyd,power_active_kw,off_hours_run,warning,lgbm_quantile_band,2017-08-22 18:00:00,2017-08-22 20:00:00,2017-08-22 20:00:00,3,81.297,50.059,62.4,4.36,93.7,month cross-fit (other 11 months of 2017),,1,false_positive,
LG-00539,A_consumption,M1_power,Rat_office_Loyd,power_active_kw,off_hours_run,warning,lgbm_quantile_band,2017-08-23 01:00:00,2017-08-23 07:00:00,2017-08-23 03:00:00,7,67.112,40.084,67.43,12.93,189.2,month cross-fit (other 11 months of 2017),,1,true_positive,SYN-M1-05-08
LG-00540,A_consumption,M1_power,Rat_office_Loyd,power_active_kw,high_consumption,warning,lgbm_quantile_band,2017-08-23 12:00:00,2017-08-23 18:00:00,2017-08-23 14:00:00,7,117.982,79.514,48.38,7.45,269.3,month cross-fit (other 11 months of 2017),,1,true_positive,SYN-M1-05-08
LG-00541,A_consumption,M1_power,Rat_office_Loyd,power_active_kw,off_hours_run,warning,lgbm_quantile_band,2017-08-25 00:00:00,2017-08-25 03:00:00,2017-08-25 02:00:00,4,68.27,42.146,61.98,4.66,104.5,month cross-fit (other 11 months of 2017),,1,true_positive,SYN-M1-05-08
LG-00542,A_consumption,M1_power,Rat_office_Loyd,power_active_kw,high_consumption,warning,lgbm_quantile_band,2017-08-25 17:00:00,2017-08-25 19:00:00,2017-08-25 19:00:00,3,92.02,52.258,76.09,4.56,119.3,month cross-fit (other 11 months of 2017),,1,true_positive,SYN-M1-05-08
LG-00543,A_consumption,M1_power,Rat_office_Loyd,power_active_kw,off_hours_run,warning,lgbm_quantile_band,2017-08-26 05:00:00,2017-08-26 22:00:00,2017-08-26 07:00:00,18,73.071,45.83,59.44,6.31,490.4,month cross-fit (other 11 months of 2017),,1,true_positive,SYN-M1-05-08
LG-00544,A_consumption,M1_power,Rat_office_Loyd,power_active_kw,off_hours_run,warning,lgbm_quantile_band,2017-08-27 02:00:00,2017-08-27 08:00:00,2017-08-27 04:00:00,7,66.225,40.876,62.01,4.86,177.4,month cross-fit (other 11 months of 2017),,1,true_positive,SYN-M1-05-08
LG-00545,A_consumption,M1_power,Rat_office_Loyd,power_active_kw,baseload_rise,warning,lgbm_cusum_night_residual,2017-08-29 00:00:00,2017-10-11 23:00:00,2017-09-15 04:00:00,1056,46.033,36.844,24.94,,,month cross-fit (other 11 months of 2017),,1,false_positive,
LG-00546,A_consumption,M1_power,Rat_office_Loyd,power_active_kw,off_hours_run,warning,lgbm_quantile_band,2017-09-02 05:00:00,2017-09-02 07:00:00,2017-09-02 07:00:00,3,52.74,31.885,65.41,5.59,62.6,month cross-fit (other 11 months of 2017),,1,false_positive,
LG-00547,A_consumption,M1_power,Rat_office_Loyd,power_active_kw,spike,warning,lgbm_quantile_band,2017-09-19 06:00:00,2017-09-19 06:00:00,2017-09-19 06:00:00,1,52.03,36.662,41.92,5.62,15.4,month cross-fit (other 11 months of 2017),,1,false_positive,
LG-00548,A_consumption,M1_power,Rat_office_Loyd,power_active_kw,off_hours_run,warning,lgbm_quantile_band,2017-09-23 15:00:00,2017-09-23 17:00:00,2017-09-23 17:00:00,3,68.78,41.777,64.64,4.5,81.0,month cross-fit (other 11 months of 2017),,1,false_positive,
LG-00549,A_consumption,M1_power,Rat_office_Loyd,power_active_kw,off_hours_run,warning,lgbm_quantile_band,2017-09-30 03:00:00,2017-09-30 07:00:00,2017-09-30 05:00:00,5,53.88,33.197,62.3,4.88,103.4,month cross-fit (other 11 months of 2017),,1,false_positive,
LG-00550,A_consumption,M1_power,Rat_office_Loyd,power_active_kw,off_hours_run,warning,lgbm_quantile_band,2017-10-01 00:00:00,2017-10-01 06:00:00,2017-10-01 02:00:00,7,49.099,36.907,33.03,5.0,85.3,month cross-fit (other 11 months of 2017),,1,false_positive,
LG-00551,A_consumption,M1_power,Rat_office_Loyd,power_active_kw,off_hours_run,warning,lgbm_quantile_band,2017-10-01 12:00:00,2017-10-01 19:00:00,2017-10-01 14:00:00,8,55.839,38.458,45.19,4.25,139.0,month cross-fit (other 11 months of 2017),,1,false_positive,
LG-00552,A_consumption,M1_power,Rat_office_Loyd,power_active_kw,off_hours_run,warning,lgbm_quantile_band,2017-10-02 00:00:00,2017-10-02 05:00:00,2017-10-02 02:00:00,6,46.613,34.863,33.7,6.81,70.5,month cross-fit (other 11 months of 2017),,1,false_positive,
LG-00553,A_consumption,M1_power,Rat_office_Loyd,power_active_kw,high_consumption,warning,lgbm_quantile_band,2017-10-02 13:00:00,2017-10-02 19:00:00,2017-10-02 15:00:00,7,86.807,54.263,59.97,5.41,227.8,month cross-fit (other 11 months of 2017),,1,false_positive,
LG-00554,A_consumption,M1_power,Rat_office_Loyd,power_active_kw,off_hours_run,warning,lgbm_quantile_band,2017-10-03 00:00:00,2017-10-03 03:00:00,2017-10-03 02:00:00,4,46.205,29.491,56.67,4.39,66.9,month cross-fit (other 11 months of 2017),,1,false_positive,
LG-00555,A_consumption,M1_power,Rat_office_Loyd,power_active_kw,high_consumption,warning,lgbm_quantile_band,2017-10-03 10:00:00,2017-10-03 12:00:00,2017-10-03 12:00:00,3,104.397,67.143,55.48,3.75,111.8,month cross-fit (other 11 months of 2017),,1,false_positive,
LG-00556,A_consumption,M1_power,Rat_office_Loyd,power_active_kw,off_hours_run,warning,lgbm_quantile_band,2017-11-30 17:00:00,2017-11-30 20:00:00,2017-11-30 19:00:00,4,64.943,53.261,21.93,4.45,46.7,month cross-fit (other 11 months of 2017),,1,false_positive,
LG-00557,A_consumption,M1_power,Rat_office_Loyd,power_active_kw,off_hours_run,warning,lgbm_quantile_band,2017-12-16 16:00:00,2017-12-16 18:00:00,2017-12-16 18:00:00,3,51.407,41.867,22.79,5.42,28.6,month cross-fit (other 11 months of 2017),,1,false_positive,
LG-00558,A_consumption,M1_power,Rat_office_Loyd,power_active_kw,off_hours_run,warning,lgbm_quantile_band,2017-12-17 10:00:00,2017-12-17 16:00:00,2017-12-17 12:00:00,7,49.53,40.732,21.6,4.9,61.6,month cross-fit (other 11 months of 2017),,1,false_positive,
LG-00559,A_consumption,M1_power,Rat_office_Loyd,power_active_kw,off_hours_run,warning,lgbm_quantile_band,2017-12-30 17:00:00,2017-12-30 19:00:00,2017-12-30 19:00:00,3,55.623,47.478,17.16,3.7,24.4,month cross-fit (other 11 months of 2017),,1,false_positive,
LG-00560,A_consumption,M1_power,Wolf_office_Nadia,power_active_kw,off_hours_run,warning,lgbm_quantile_band,2017-01-08 12:00:00,2017-01-08 14:00:00,2017-01-08 14:00:00,3,128.358,59.427,115.99,4.15,206.8,month cross-fit (other 11 months of 2017),,1,false_positive,
LG-00561,A_consumption,M1_power,Wolf_office_Nadia,power_active_kw,off_hours_run,warning,lgbm_quantile_band,2017-01-10 00:00:00,2017-01-10 04:00:00,2017-01-10 02:00:00,5,71.164,57.956,22.79,4.75,66.0,month cross-fit (other 11 months of 2017),,1,false_positive,
LG-00562,A_consumption,M1_power,Wolf_office_Nadia,power_active_kw,off_hours_run,warning,lgbm_quantile_band,2017-02-11 00:00:00,2017-02-11 02:00:00,2017-02-11 02:00:00,3,66.433,56.199,18.21,4.14,30.7,month cross-fit (other 11 months of 2017),,1,false_positive,
LG-00563,A_consumption,M1_power,Wolf_office_Nadia,power_active_kw,off_hours_run,warning,lgbm_quantile_band,2017-02-11 17:00:00,2017-02-11 20:00:00,2017-02-11 19:00:00,4,82.821,59.514,39.16,5.92,93.2,month cross-fit (other 11 months of 2017),,1,false_positive,
LG-00564,A_consumption,M1_power,Wolf_office_Nadia,power_active_kw,off_hours_run,warning,lgbm_quantile_band,2017-03-11 16:00:00,2017-03-11 18:00:00,2017-03-11 18:00:00,3,96.183,58.732,63.77,3.97,112.4,month cross-fit (other 11 months of 2017),,1,false_positive,
LG-00565,A_consumption,M1_power,Wolf_office_Nadia,power_active_kw,spike,warning,lgbm_quantile_band,2017-03-17 10:00:00,2017-03-17 11:00:00,2017-03-17 10:00:00,2,212.094,105.666,100.72,7.12,212.9,month cross-fit (other 11 months of 2017),,1,true_positive,SYN-M1-06-01
LG-00566,A_consumption,M1_power,Wolf_office_Nadia,power_active_kw,off_hours_run,warning,lgbm_quantile_band,2017-04-01 20:00:00,2017-04-01 22:00:00,2017-04-01 22:00:00,3,70.742,56.896,24.34,4.04,41.5,month cross-fit (other 11 months of 2017),,1,false_positive,
LG-00567,A_consumption,M1_power,Wolf_office_Nadia,power_active_kw,off_hours_run,warning,lgbm_quantile_band,2017-04-05 20:00:00,2017-04-06 04:00:00,2017-04-05 22:00:00,9,91.297,60.44,51.05,11.98,277.7,month cross-fit (other 11 months of 2017),,1,true_positive,SYN-M1-06-02
LG-00568,A_consumption,M1_power,Wolf_office_Nadia,power_active_kw,off_hours_run,warning,lgbm_quantile_band,2017-04-09 21:00:00,2017-04-09 23:00:00,2017-04-09 23:00:00,3,71.081,56.859,25.01,5.16,42.7,month cross-fit (other 11 months of 2017),,1,false_positive,
LG-00569,A_consumption,M1_power,Wolf_office_Nadia,power_active_kw,baseload_rise,warning,lgbm_cusum_night_residual,2017-05-07 00:00:00,2017-05-13 23:00:00,2017-05-08 04:00:00,168,85.93,59.407,44.65,,,month cross-fit (other 11 months of 2017),,1,true_positive,SYN-M1-06-03
LG-00570,A_consumption,M1_power,Wolf_office_Nadia,power_active_kw,off_hours_run,warning,lgbm_quantile_band,2017-05-07 03:00:00,2017-05-07 09:00:00,2017-05-07 05:00:00,7,110.536,59.224,86.64,17.36,359.2,month cross-fit (other 11 months of 2017),,1,true_positive,SYN-M1-06-03
LG-00571,A_consumption,M1_power,Wolf_office_Nadia,power_active_kw,off_hours_run,warning,lgbm_quantile_band,2017-05-07 19:00:00,2017-05-08 06:00:00,2017-05-07 21:00:00,12,87.909,60.322,45.73,8.4,331.0,month cross-fit (other 11 months of 2017),,1,true_positive,SYN-M1-06-03
LG-00572,A_consumption,M1_power,Wolf_office_Nadia,power_active_kw,off_hours_run,warning,lgbm_quantile_band,2017-05-08 19:00:00,2017-05-09 07:00:00,2017-05-08 21:00:00,13,95.003,63.156,50.43,12.33,414.0,month cross-fit (other 11 months of 2017),,1,true_positive,SYN-M1-06-03
LG-00573,A_consumption,M1_power,Wolf_office_Nadia,power_active_kw,off_hours_run,warning,lgbm_quantile_band,2017-05-09 18:00:00,2017-05-10 07:00:00,2017-05-09 20:00:00,14,95.996,64.801,48.14,11.61,436.7,month cross-fit (other 11 months of 2017),,1,true_positive,SYN-M1-06-03
LG-00574,A_consumption,M1_power,Wolf_office_Nadia,power_active_kw,off_hours_run,warning,lgbm_quantile_band,2017-05-10 18:00:00,2017-05-11 06:00:00,2017-05-10 20:00:00,13,88.231,61.952,42.42,9.81,341.6,month cross-fit (other 11 months of 2017),,1,true_positive,SYN-M1-06-03
LG-00575,A_consumption,M1_power,Wolf_office_Nadia,power_active_kw,off_hours_run,warning,lgbm_quantile_band,2017-05-11 19:00:00,2017-05-12 06:00:00,2017-05-11 21:00:00,12,85.563,63.283,35.21,8.43,267.4,month cross-fit (other 11 months of 2017),,1,true_positive,SYN-M1-06-03
LG-00576,A_consumption,M1_power,Wolf_office_Nadia,power_active_kw,off_hours_run,warning,lgbm_quantile_band,2017-05-12 17:00:00,2017-05-13 04:00:00,2017-05-12 19:00:00,12,92.24,62.257,48.16,12.09,359.8,month cross-fit (other 11 months of 2017),,1,true_positive,SYN-M1-06-03
LG-00577,DQ_quality,M1_power,Wolf_office_Nadia,power_active_kw,data_loss,warning,dq_gap>=3h,2017-05-31 17:00:00,2017-06-01 05:00:00,2017-05-31 19:00:00,13,,,,,,,,1,true_positive,SYN-M1-06-04
LG-00578,A_consumption,M1_power,Wolf_office_Nadia,power_active_kw,off_hours_run,warning,lgbm_quantile_band,2017-06-04 11:00:00,2017-06-04 13:00:00,2017-06-04 13:00:00,3,127.747,74.137,72.31,3.56,160.8,month cross-fit (other 11 months of 2017),,1,false_positive,
LG-00579,DQ_quality,M1_power,Wolf_office_Nadia,power_active_kw,stuck_sensor,warning,dq_flatline>=4h,2017-06-07 21:00:00,2017-06-08 18:00:00,2017-06-08 00:00:00,22,63.868,,,,,,,1,true_positive,SYN-M1-06-05
LG-00580,A_consumption,M1_power,Wolf_office_Nadia,power_active_kw,off_hours_run,warning,lgbm_quantile_band,2017-06-10 09:00:00,2017-06-10 11:00:00,2017-06-10 11:00:00,3,119.789,68.982,73.65,3.74,152.4,month cross-fit (other 11 months of 2017),,1,false_positive,
LG-00581,A_consumption,M1_power,Wolf_office_Nadia,power_active_kw,spike,warning,lgbm_quantile_band,2017-07-03 21:00:00,2017-07-03 21:00:00,2017-07-03 21:00:00,1,268.115,61.629,335.05,67.01,206.5,month cross-fit (other 11 months of 2017),,1,true_positive,SYN-M1-06-06
LG-00582,A_consumption,M1_power,Wolf_office_Nadia,power_active_kw,off_hours_run,warning,lgbm_quantile_band,2017-07-09 05:00:00,2017-07-09 15:00:00,2017-07-09 07:00:00,11,103.28,71.17,45.12,5.8,353.2,month cross-fit (other 11 months of 2017),,1,false_positive,
LG-00583,A_consumption,M1_power,Wolf_office_Nadia,power_active_kw,off_hours_run,warning,lgbm_quantile_band,2017-07-09 19:00:00,2017-07-09 21:00:00,2017-07-09 21:00:00,3,72.029,60.264,19.52,3.99,35.3,month cross-fit (other 11 months of 2017),,1,false_positive,
LG-00584,A_consumption,M1_power,Wolf_office_Nadia,power_active_kw,off_hours_run,warning,lgbm_quantile_band,2017-07-25 20:00:00,2017-07-26 03:00:00,2017-07-25 22:00:00,8,85.095,64.525,31.88,7.12,164.6,month cross-fit (other 11 months of 2017),,1,true_positive,SYN-M1-06-07
LG-00585,A_consumption,M1_power,Wolf_office_Nadia,power_active_kw,off_hours_run,warning,lgbm_quantile_band,2017-08-19 18:00:00,2017-08-20 05:00:00,2017-08-19 20:00:00,12,77.945,58.046,34.28,8.76,238.8,month cross-fit (other 11 months of 2017),,1,true_positive,SYN-M1-06-08
LG-00586,A_consumption,M1_power,Wolf_office_Nadia,power_active_kw,baseload_rise,warning,lgbm_cusum_night_residual,2017-08-20 00:00:00,2017-08-25 23:00:00,2017-08-21 04:00:00,144,81.419,61.172,33.1,,,month cross-fit (other 11 months of 2017),,1,true_positive,SYN-M1-06-08
LG-00587,A_consumption,M1_power,Wolf_office_Nadia,power_active_kw,off_hours_run,warning,lgbm_quantile_band,2017-08-20 20:00:00,2017-08-21 07:00:00,2017-08-20 22:00:00,12,83.072,61.858,34.29,8.2,254.6,month cross-fit (other 11 months of 2017),,1,true_positive,SYN-M1-06-08
LG-00588,A_consumption,M1_power,Wolf_office_Nadia,power_active_kw,off_hours_run,warning,lgbm_quantile_band,2017-08-21 19:00:00,2017-08-22 08:00:00,2017-08-21 21:00:00,14,90.372,70.815,27.62,6.94,273.8,month cross-fit (other 11 months of 2017),,1,true_positive,SYN-M1-06-08
LG-00589,A_consumption,M1_power,Wolf_office_Nadia,power_active_kw,off_hours_run,warning,lgbm_quantile_band,2017-08-22 16:00:00,2017-08-23 06:00:00,2017-08-22 18:00:00,15,90.074,68.889,30.75,6.96,317.8,month cross-fit (other 11 months of 2017),,1,true_positive,SYN-M1-06-08
LG-00590,A_consumption,M1_power,Wolf_office_Nadia,power_active_kw,off_hours_run,warning,lgbm_quantile_band,2017-08-23 12:00:00,2017-08-24 07:00:00,2017-08-23 14:00:00,20,102.787,78.115,31.58,7.99,493.4,month cross-fit (other 11 months of 2017),,1,true_positive,SYN-M1-06-08
LG-00591,A_consumption,M1_power,Wolf_office_Nadia,power_active_kw,off_hours_run,warning,lgbm_quantile_band,2017-08-24 16:00:00,2017-08-25 08:00:00,2017-08-24 18:00:00,17,93.861,72.503,29.46,6.84,363.1,month cross-fit (other 11 months of 2017),,1,true_positive,SYN-M1-06-08
LG-00592,A_consumption,M1_power,Wolf_office_Nadia,power_active_kw,off_hours_run,warning,lgbm_quantile_band,2017-08-25 17:00:00,2017-08-26 06:00:00,2017-08-25 19:00:00,14,84.922,63.874,32.95,8.17,294.7,month cross-fit (other 11 months of 2017),,1,true_positive,SYN-M1-06-08
LG-00593,A_consumption,M1_power,Wolf_office_Nadia,power_active_kw,off_hours_run,warning,lgbm_quantile_band,2017-09-27 20:00:00,2017-09-28 04:00:00,2017-09-27 22:00:00,9,76.791,63.116,21.67,4.81,123.1,month cross-fit (other 11 months of 2017),,1,false_positive,
LG-00594,A_consumption,M1_power,Wolf_office_Nadia,power_active_kw,off_hours_run,warning,lgbm_quantile_band,2017-09-29 00:00:00,2017-09-29 05:00:00,2017-09-29 02:00:00,6,76.1,61.75,23.24,4.76,86.1,month cross-fit (other 11 months of 2017),,1,false_positive,
LG-00595,A_consumption,M1_power,Wolf_office_Nadia,power_active_kw,off_hours_run,warning,lgbm_quantile_band,2017-09-30 19:00:00,2017-09-30 23:00:00,2017-09-30 21:00:00,5,73.259,56.232,30.28,5.69,85.1,month cross-fit (other 11 months of 2017),,1,false_positive,
LG-00596,A_consumption,M1_power,Wolf_office_Nadia,power_active_kw,high_consumption,warning,lgbm_quantile_band,2017-12-12 15:00:00,2017-12-12 17:00:00,2017-12-12 17:00:00,3,142.64,102.421,39.27,5.88,120.7,month cross-fit (other 11 months of 2017),,1,false_positive,
LG-00597,A_consumption,M1_power,Wolf_office_Nadia,power_active_kw,off_hours_run,warning,lgbm_quantile_band,2017-12-19 18:00:00,2017-12-20 06:00:00,2017-12-19 20:00:00,13,96.755,64.405,50.23,11.13,420.5,month cross-fit (other 11 months of 2017),,1,false_positive,
LG-00598,A_consumption,M1_power,Wolf_office_Nadia,power_active_kw,baseload_rise,warning,lgbm_cusum_night_residual,2017-12-20 00:00:00,2017-12-20 23:00:00,2017-12-20 04:00:00,24,94.493,61.466,53.73,,,month cross-fit (other 11 months of 2017),,1,false_positive,
LG-00599,A_consumption,M1_power,Wolf_office_Nadia,power_active_kw,off_hours_run,warning,lgbm_quantile_band,2017-12-20 18:00:00,2017-12-21 05:00:00,2017-12-20 20:00:00,12,93.946,63.242,48.55,8.1,368.4,month cross-fit (other 11 months of 2017),,1,false_positive,
