event_id,group,module,entity_id,key,type,severity,rule_or_model,start,end,detected_at,duration_h,actual_mean,expected_mean,deviation_pct,peak_z,excess_kwh,reference_window,score,n_merged,match,matched_case_id
IF-00001,DQ_quality,M2_cooling,Bull_office_Efren,cooling_kw,data_loss,warning,dq_gap>=3h,2017-04-23 07:00:00,2017-04-24 12:00:00,2017-04-23 09:00:00,30,,,,,,,,1,true_positive,SYN-M2-01-02
IF-00002,DQ_quality,M2_cooling,Bull_office_Efren,cooling_kw,stuck_sensor,warning,dq_flatline>=4h,2017-05-19 03:00:00,2017-05-20 00:00:00,2017-05-19 06:00:00,22,69.387,,,,,,,1,true_positive,SYN-M2-01-04
IF-00003,A_consumption,M2_cooling,Bull_office_Efren,cooling_kw,spike,warning,iforest,2017-05-27 10:00:00,2017-05-27 10:00:00,2017-05-27 10:00:00,1,464.646,217.482,113.65,,247.2,month cross-fit (other 11 months of 2017),0.6271,1,false_positive,
IF-00004,A_consumption,M2_cooling,Bull_office_Efren,cooling_kw,spike,warning,iforest,2017-05-27 17:00:00,2017-05-27 17:00:00,2017-05-27 17:00:00,1,81.591,56.358,44.77,,25.2,month cross-fit (other 11 months of 2017),0.6201,1,false_positive,
IF-00005,A_consumption,M2_cooling,Bull_office_Efren,cooling_kw,spike,warning,iforest,2017-05-28 10:00:00,2017-05-28 10:00:00,2017-05-28 10:00:00,1,456.03,217.482,109.69,,238.5,month cross-fit (other 11 months of 2017),0.6241,1,false_positive,
IF-00006,A_consumption,M2_cooling,Bull_office_Efren,cooling_kw,off_hours_run,warning,iforest,2017-06-09 22:00:00,2017-06-10 00:00:00,2017-06-10 00:00:00,3,474.562,82.341,476.34,,1176.7,month cross-fit (other 11 months of 2017),0.6191,1,true_positive,SYN-M2-01-05
IF-00007,A_consumption,M2_cooling,Bull_office_Efren,cooling_kw,spike,warning,iforest,2017-06-17 10:00:00,2017-06-17 11:00:00,2017-06-17 10:00:00,2,449.084,200.372,124.13,,497.4,month cross-fit (other 11 months of 2017),0.6386,1,false_positive,
IF-00008,A_consumption,M2_cooling,Bull_office_Efren,cooling_kw,spike,warning,iforest,2017-06-17 17:00:00,2017-06-17 17:00:00,2017-06-17 17:00:00,1,79.797,56.832,40.41,,23.0,month cross-fit (other 11 months of 2017),0.6208,1,false_positive,
IF-00009,A_consumption,M2_cooling,Bull_office_Efren,cooling_kw,off_hours_run,warning,iforest,2017-06-18 10:00:00,2017-06-18 12:00:00,2017-06-18 12:00:00,3,446.124,200.543,122.46,,736.7,month cross-fit (other 11 months of 2017),0.6342,1,false_positive,
IF-00010,A_consumption,M2_cooling,Bull_office_Efren,cooling_kw,spike,warning,iforest,2017-06-18 17:00:00,2017-06-18 17:00:00,2017-06-18 17:00:00,1,82.54,56.832,45.24,,25.7,month cross-fit (other 11 months of 2017),0.6156,1,false_positive,
IF-00011,A_consumption,M2_cooling,Bull_office_Efren,cooling_kw,off_hours_run,warning,iforest,2017-06-24 00:00:00,2017-06-24 03:00:00,2017-06-24 02:00:00,4,297.376,42.193,604.8,,1020.7,month cross-fit (other 11 months of 2017),0.6722,1,false_positive,
IF-00012,A_consumption,M2_cooling,Bull_office_Efren,cooling_kw,spike,warning,iforest,2017-06-24 10:00:00,2017-06-24 10:00:00,2017-06-24 10:00:00,1,413.054,201.832,104.65,,211.2,month cross-fit (other 11 months of 2017),0.6227,1,false_positive,
IF-00013,A_consumption,M2_cooling,Bull_office_Efren,cooling_kw,spike,warning,iforest,2017-06-25 10:00:00,2017-06-25 10:00:00,2017-06-25 10:00:00,1,461.164,201.832,128.49,,259.3,month cross-fit (other 11 months of 2017),0.6274,1,false_positive,
IF-00014,A_consumption,M2_cooling,Bull_office_Efren,cooling_kw,spike,warning,iforest,2017-07-01 10:00:00,2017-07-01 11:00:00,2017-07-01 10:00:00,2,462.501,199.291,132.07,,526.4,month cross-fit (other 11 months of 2017),0.6617,1,false_positive,
IF-00015,A_consumption,M2_cooling,Bull_office_Efren,cooling_kw,spike,warning,iforest,2017-07-01 17:00:00,2017-07-01 17:00:00,2017-07-01 17:00:00,1,85.882,55.883,53.68,,30.0,month cross-fit (other 11 months of 2017),0.6264,1,false_positive,
IF-00016,A_consumption,M2_cooling,Bull_office_Efren,cooling_kw,off_hours_run,warning,iforest,2017-07-02 10:00:00,2017-07-02 17:00:00,2017-07-02 12:00:00,8,400.389,185.305,116.07,,1720.7,month cross-fit (other 11 months of 2017),0.6636,1,false_positive,
IF-00017,A_consumption,M2_cooling,Bull_office_Efren,cooling_kw,off_hours_run,warning,iforest,2017-07-08 07:00:00,2017-07-08 10:00:00,2017-07-08 09:00:00,4,350.946,81.208,332.16,,1079.0,month cross-fit (other 11 months of 2017),0.6337,1,false_positive,
IF-00018,A_consumption,M2_cooling,Bull_office_Efren,cooling_kw,spike,warning,iforest,2017-07-08 17:00:00,2017-07-08 17:00:00,2017-07-08 17:00:00,1,81.978,55.883,46.7,,26.1,month cross-fit (other 11 months of 2017),0.6311,1,false_positive,
IF-00019,A_consumption,M2_cooling,Bull_office_Efren,cooling_kw,off_hours_run,warning,iforest,2017-07-09 10:00:00,2017-07-09 17:00:00,2017-07-09 12:00:00,8,358.648,185.305,93.54,,1386.7,month cross-fit (other 11 months of 2017),0.6521,1,false_positive,
IF-00020,A_consumption,M2_cooling,Bull_office_Efren,cooling_kw,off_hours_run,warning,iforest,2017-07-15 10:00:00,2017-07-15 14:00:00,2017-07-15 12:00:00,5,413.349,201.343,105.3,,1060.0,month cross-fit (other 11 months of 2017),0.6541,1,false_positive,
IF-00021,A_consumption,M2_cooling,Bull_office_Efren,cooling_kw,spike,warning,iforest,2017-07-16 10:00:00,2017-07-16 11:00:00,2017-07-16 10:00:00,2,440.433,199.291,121.0,,482.3,month cross-fit (other 11 months of 2017),0.6535,1,false_positive,
IF-00022,A_consumption,M2_cooling,Bull_office_Efren,cooling_kw,off_hours_run,warning,iforest,2017-07-22 10:00:00,2017-07-22 17:00:00,2017-07-22 12:00:00,8,369.678,185.305,99.5,,1475.0,month cross-fit (other 11 months of 2017),0.6621,1,false_positive,
IF-00023,A_consumption,M2_cooling,Bull_office_Efren,cooling_kw,off_hours_run,warning,iforest,2017-07-23 10:00:00,2017-07-23 14:00:00,2017-07-23 12:00:00,5,470.196,201.343,133.53,,1344.3,month cross-fit (other 11 months of 2017),0.6658,1,false_positive,
IF-00024,A_consumption,M2_cooling,Bull_office_Efren,cooling_kw,off_hours_run,warning,iforest,2017-07-29 10:00:00,2017-07-29 17:00:00,2017-07-29 12:00:00,8,351.289,185.305,89.57,,1327.9,month cross-fit (other 11 months of 2017),0.6601,1,false_positive,
IF-00025,A_consumption,M2_cooling,Bull_office_Efren,cooling_kw,off_hours_run,warning,iforest,2017-07-30 10:00:00,2017-07-30 17:00:00,2017-07-30 12:00:00,8,402.033,185.305,116.96,,1733.8,month cross-fit (other 11 months of 2017),0.6663,1,false_positive,
IF-00026,A_consumption,M2_cooling,Bull_office_Efren,cooling_kw,off_hours_run,warning,iforest,2017-08-05 10:00:00,2017-08-05 17:00:00,2017-08-05 12:00:00,8,382.311,181.892,110.19,,1202.5,month cross-fit (other 11 months of 2017),0.6544,2,false_positive,
IF-00027,A_consumption,M2_cooling,Bull_office_Efren,cooling_kw,spike,warning,iforest,2017-08-06 10:00:00,2017-08-06 11:00:00,2017-08-06 10:00:00,2,501.169,200.372,150.12,,601.6,month cross-fit (other 11 months of 2017),0.6522,1,false_positive,
IF-00028,A_consumption,M2_cooling,Bull_office_Efren,cooling_kw,spike,warning,iforest,2017-08-06 16:00:00,2017-08-06 17:00:00,2017-08-06 17:00:00,2,273.541,136.981,99.69,,273.1,month cross-fit (other 11 months of 2017),0.6337,1,false_positive,
IF-00029,A_consumption,M2_cooling,Bull_office_Efren,cooling_kw,off_hours_run,warning,iforest,2017-08-12 10:00:00,2017-08-12 18:00:00,2017-08-12 12:00:00,9,438.833,173.588,152.8,,2387.2,month cross-fit (other 11 months of 2017),0.6546,1,false_positive,
IF-00030,A_consumption,M2_cooling,Bull_office_Efren,cooling_kw,off_hours_run,warning,iforest,2017-08-13 10:00:00,2017-08-13 17:00:00,2017-08-13 12:00:00,8,423.657,188.635,124.59,,1880.2,month cross-fit (other 11 months of 2017),0.6539,1,false_positive,
IF-00031,A_consumption,M2_cooling,Bull_office_Efren,cooling_kw,off_hours_run,warning,iforest,2017-08-19 10:00:00,2017-08-19 12:00:00,2017-08-19 12:00:00,3,447.449,200.543,123.12,,740.7,month cross-fit (other 11 months of 2017),0.6513,1,false_positive,
IF-00032,A_consumption,M2_cooling,Bull_office_Efren,cooling_kw,spike,warning,iforest,2017-08-19 16:00:00,2017-08-19 17:00:00,2017-08-19 17:00:00,2,235.189,136.981,71.69,,196.4,month cross-fit (other 11 months of 2017),0.6314,1,false_positive,
IF-00033,A_consumption,M2_cooling,Bull_office_Efren,cooling_kw,off_hours_run,warning,iforest,2017-08-20 10:00:00,2017-08-20 12:00:00,2017-08-20 12:00:00,3,462.524,200.543,130.64,,785.9,month cross-fit (other 11 months of 2017),0.6506,1,false_positive,
IF-00034,A_consumption,M2_cooling,Bull_office_Efren,cooling_kw,spike,warning,iforest,2017-08-20 16:00:00,2017-08-20 17:00:00,2017-08-20 17:00:00,2,242.082,136.981,76.73,,210.2,month cross-fit (other 11 months of 2017),0.6281,1,false_positive,
IF-00035,A_consumption,M2_cooling,Bull_office_Efren,cooling_kw,off_hours_run,warning,iforest,2017-09-16 03:00:00,2017-09-17 23:00:00,2017-09-16 05:00:00,45,338.598,98.703,243.05,,10795.3,month cross-fit (other 11 months of 2017),0.6384,1,false_positive,
IF-00036,A_consumption,M2_cooling,Bull_office_Efren,cooling_kw,off_hours_run,warning,iforest,2017-09-18 20:00:00,2017-09-18 23:00:00,2017-09-18 22:00:00,4,420.228,138.335,203.78,,1127.6,month cross-fit (other 11 months of 2017),0.6036,1,false_positive,
IF-00037,A_consumption,M2_cooling,Bull_office_Efren,cooling_kw,off_hours_run,warning,iforest,2017-09-19 16:00:00,2017-09-20 00:00:00,2017-09-19 18:00:00,9,437.414,186.1,135.04,,2261.8,month cross-fit (other 11 months of 2017),0.5903,1,false_positive,
IF-00038,A_consumption,M2_cooling,Bull_office_Efren,cooling_kw,high_consumption,warning,iforest,2017-09-20 06:00:00,2017-09-21 01:00:00,2017-09-20 08:00:00,20,467.588,191.384,144.32,,5524.1,month cross-fit (other 11 months of 2017),0.5954,1,false_positive,
IF-00039,A_consumption,M2_cooling,Bull_office_Efren,cooling_kw,high_consumption,warning,iforest,2017-09-21 06:00:00,2017-09-21 20:00:00,2017-09-21 08:00:00,15,490.218,224.134,118.72,,3991.3,month cross-fit (other 11 months of 2017),0.5874,1,false_positive,
IF-00040,A_consumption,M2_cooling,Bull_office_Efren,cooling_kw,high_consumption,warning,iforest,2017-09-22 11:00:00,2017-09-22 20:00:00,2017-09-22 13:00:00,10,475.805,249.174,90.95,,2266.3,month cross-fit (other 11 months of 2017),0.5761,1,false_positive,
IF-00041,A_consumption,M2_cooling,Bull_office_Efren,cooling_kw,off_hours_run,warning,iforest,2017-09-23 00:00:00,2017-09-24 23:00:00,2017-09-23 02:00:00,48,326.578,95.148,243.23,,11108.6,month cross-fit (other 11 months of 2017),0.6298,1,false_positive,
IF-00042,A_consumption,M2_cooling,Bull_office_Efren,cooling_kw,off_hours_run,warning,iforest,2017-09-25 20:00:00,2017-09-26 00:00:00,2017-09-25 22:00:00,5,396.609,121.433,226.61,,1375.9,month cross-fit (other 11 months of 2017),0.592,1,false_positive,
IF-00043,A_consumption,M2_cooling,Bull_office_Efren,cooling_kw,high_consumption,warning,iforest,2017-09-26 10:00:00,2017-09-26 15:00:00,2017-09-26 12:00:00,6,470.103,241.197,94.9,,1373.4,month cross-fit (other 11 months of 2017),0.5769,1,false_positive,
IF-00044,A_consumption,M2_cooling,Bull_office_Efren,cooling_kw,off_hours_run,warning,iforest,2017-09-26 20:00:00,2017-09-27 00:00:00,2017-09-26 22:00:00,5,366.498,121.433,201.81,,1225.3,month cross-fit (other 11 months of 2017),0.6012,1,false_positive,
IF-00045,A_consumption,M2_cooling,Bull_office_Efren,cooling_kw,off_hours_run,warning,iforest,2017-09-27 18:00:00,2017-09-28 00:00:00,2017-09-27 20:00:00,7,421.761,161.052,161.88,,1825.0,month cross-fit (other 11 months of 2017),0.5963,1,false_positive,
IF-00046,A_consumption,M2_cooling,Bull_office_Efren,cooling_kw,off_hours_run,warning,iforest,2017-09-28 17:00:00,2017-09-29 00:00:00,2017-09-28 19:00:00,8,425.244,175.561,142.22,,1997.5,month cross-fit (other 11 months of 2017),0.5948,1,false_positive,
IF-00047,A_consumption,M2_cooling,Bull_office_Efren,cooling_kw,off_hours_run,warning,iforest,2017-09-30 00:00:00,2017-09-30 06:00:00,2017-09-30 02:00:00,7,214.638,41.931,411.88,,1209.0,month cross-fit (other 11 months of 2017),0.5724,1,false_positive,
IF-00048,A_consumption,M2_cooling,Bull_office_Efren,cooling_kw,spike,warning,iforest,2017-10-21 10:00:00,2017-10-21 10:00:00,2017-10-21 10:00:00,1,439.677,217.482,102.17,,222.2,month cross-fit (other 11 months of 2017),0.6396,1,false_positive,
IF-00049,A_consumption,M2_cooling,Bull_office_Efren,cooling_kw,spike,warning,iforest,2017-11-05 10:00:00,2017-11-05 10:00:00,2017-11-05 10:00:00,1,420.615,218.555,92.45,,202.1,month cross-fit (other 11 months of 2017),0.6245,1,false_positive,
IF-00050,A_consumption,M2_cooling,Bull_office_Efren,cooling_kw,spike,warning,iforest,2017-11-26 17:00:00,2017-11-26 17:00:00,2017-11-26 17:00:00,1,578.979,67.172,761.94,,511.8,month cross-fit (other 11 months of 2017),0.6565,1,false_positive,
IF-00051,A_consumption,M2_cooling,Bull_office_Efren,cooling_kw,spike,warning,iforest,2017-11-27 01:00:00,2017-11-27 01:00:00,2017-11-27 01:00:00,1,787.001,56.27,1298.62,,730.7,month cross-fit (other 11 months of 2017),0.6444,1,false_positive,
IF-00052,A_consumption,M2_cooling,Bull_office_Efren,cooling_kw,spike,warning,iforest,2017-11-27 07:00:00,2017-11-27 07:00:00,2017-11-27 07:00:00,1,713.323,187.87,279.69,,525.5,month cross-fit (other 11 months of 2017),0.6521,1,false_positive,
IF-00053,A_consumption,M1_power,Eagle_office_Norbert,power_active_kw,off_hours_run,warning,iforest,2017-01-08 21:00:00,2017-01-08 23:00:00,2017-01-08 23:00:00,3,97.185,79.324,22.52,,53.6,month cross-fit (other 11 months of 2017),0.6002,1,false_positive,
IF-00054,A_consumption,M1_power,Eagle_office_Norbert,power_active_kw,off_hours_run,warning,iforest,2017-01-30 16:00:00,2017-01-30 18:00:00,2017-01-30 18:00:00,3,152.935,79.937,91.32,,219.0,month cross-fit (other 11 months of 2017),0.6299,1,false_positive,
IF-00055,A_consumption,M1_power,Eagle_office_Norbert,power_active_kw,spike,warning,iforest,2017-03-30 09:00:00,2017-03-30 10:00:00,2017-03-30 09:00:00,2,367.088,95.061,286.16,,544.1,month cross-fit (other 11 months of 2017),0.6526,1,true_positive,SYN-M1-01-01
IF-00056,DQ_quality,M1_power,Eagle_office_Norbert,power_active_kw,stuck_sensor,warning,dq_flatline>=4h,2017-04-20 02:00:00,2017-04-20 11:00:00,2017-04-20 05:00:00,10,76.952,,,,,,,1,natural,
IF-00057,A_consumption,M1_power,Eagle_office_Norbert,power_active_kw,off_hours_run,warning,iforest,2017-05-01 10:00:00,2017-05-01 20:00:00,2017-05-01 12:00:00,11,168.572,79.665,111.6,,978.0,month cross-fit (other 11 months of 2017),0.6242,1,true_positive,SYN-M1-01-03
IF-00058,DQ_quality,M1_power,Eagle_office_Norbert,power_active_kw,data_loss,warning,dq_gap>=3h,2017-05-18 07:00:00,2017-05-19 20:00:00,2017-05-18 09:00:00,38,,,,,,,,1,true_positive,SYN-M1-01-04
IF-00059,DQ_quality,M1_power,Eagle_office_Norbert,power_active_kw,stuck_sensor,warning,dq_flatline>=4h,2017-06-15 21:00:00,2017-06-16 20:00:00,2017-06-16 00:00:00,24,104.218,,,,,,,1,true_positive,SYN-M1-01-05
IF-00060,A_consumption,M1_power,Eagle_office_Norbert,power_active_kw,off_hours_run,warning,iforest,2017-07-12 04:00:00,2017-07-12 06:00:00,2017-07-12 06:00:00,3,211.61,80.173,163.94,,394.3,month cross-fit (other 11 months of 2017),0.6552,1,true_positive,SYN-M1-01-06
IF-00061,A_consumption,M1_power,Eagle_office_Norbert,power_active_kw,spike,warning,iforest,2017-07-12 16:00:00,2017-07-12 16:00:00,2017-07-12 16:00:00,1,170.863,146.404,16.71,,24.5,month cross-fit (other 11 months of 2017),0.6338,1,true_positive,SYN-M1-01-06
IF-00062,A_consumption,M1_power,Eagle_office_Norbert,power_active_kw,high_consumption,warning,iforest,2017-08-24 10:00:00,2017-08-24 12:00:00,2017-08-24 12:00:00,3,166.471,118.361,40.65,,144.3,month cross-fit (other 11 months of 2017),0.5864,1,true_positive,SYN-M1-01-08
IF-00063,A_consumption,M1_power,Eagle_office_Norbert,power_active_kw,spike,warning,iforest,2017-12-31 17:00:00,2017-12-31 17:00:00,2017-12-31 17:00:00,1,98.052,80.01,22.55,,18.0,month cross-fit (other 11 months of 2017),0.6681,1,false_positive,
IF-00064,A_consumption,M1_power,Eagle_office_Norbert,power_active_kw,off_hours_run,warning,iforest,2017-12-31 20:00:00,2017-12-31 22:00:00,2017-12-31 22:00:00,3,91.906,80.546,14.1,,34.1,month cross-fit (other 11 months of 2017),0.6082,1,false_positive,
IF-00065,A_consumption,M2_cooling,Fox_office_Carson,cooling_kw,spike,warning,iforest,2017-03-19 21:00:00,2017-03-19 22:00:00,2017-03-19 21:00:00,2,366.935,113.506,223.27,,506.9,month cross-fit (other 11 months of 2017),0.634,1,true_positive,SYN-M2-02-01
IF-00066,DQ_quality,M2_cooling,Fox_office_Carson,cooling_kw,data_loss,warning,dq_gap>=3h,2017-04-16 18:00:00,2017-04-18 07:00:00,2017-04-16 20:00:00,38,,,,,,,,1,true_positive,SYN-M2-02-02
IF-00067,DQ_quality,M2_cooling,Fox_office_Carson,cooling_kw,stuck_sensor,warning,dq_flatline>=4h,2017-05-18 08:00:00,2017-05-19 05:00:00,2017-05-18 11:00:00,22,149.396,,,,,,,1,true_positive,SYN-M2-02-04
IF-00068,A_consumption,M2_cooling,Fox_office_Carson,cooling_kw,off_hours_run,warning,iforest,2017-06-04 16:00:00,2017-06-04 23:00:00,2017-06-04 18:00:00,8,241.797,139.434,73.41,,818.9,month cross-fit (other 11 months of 2017),0.593,1,false_positive,
IF-00069,A_consumption,M2_cooling,Fox_office_Carson,cooling_kw,off_hours_run,warning,iforest,2017-06-17 14:00:00,2017-06-17 23:00:00,2017-06-17 16:00:00,10,250.023,149.929,66.76,,1000.9,month cross-fit (other 11 months of 2017),0.5931,1,false_positive,
IF-00070,A_consumption,M2_cooling,Fox_office_Carson,cooling_kw,off_hours_run,warning,iforest,2017-06-18 12:00:00,2017-06-18 23:00:00,2017-06-18 14:00:00,12,268.377,155.256,72.86,,1357.5,month cross-fit (other 11 months of 2017),0.6024,1,false_positive,
IF-00071,A_consumption,M2_cooling,Fox_office_Carson,cooling_kw,spike,warning,iforest,2017-06-19 11:00:00,2017-06-19 12:00:00,2017-06-19 11:00:00,2,520.369,184.599,181.89,,671.5,month cross-fit (other 11 months of 2017),0.6498,1,true_positive,SYN-M2-02-05
IF-00072,A_consumption,M2_cooling,Fox_office_Carson,cooling_kw,off_hours_run,warning,iforest,2017-06-19 16:00:00,2017-06-19 22:00:00,2017-06-19 18:00:00,7,302.379,157.457,92.04,,1014.5,month cross-fit (other 11 months of 2017),0.5907,1,true_positive,SYN-M2-02-05
IF-00073,A_consumption,M2_cooling,Fox_office_Carson,cooling_kw,high_consumption,warning,iforest,2017-06-20 13:00:00,2017-06-20 15:00:00,2017-06-20 15:00:00,3,346.398,200.953,72.38,,436.3,month cross-fit (other 11 months of 2017),0.582,1,false_positive,
IF-00074,A_consumption,M2_cooling,Fox_office_Carson,cooling_kw,off_hours_run,warning,iforest,2017-06-20 20:00:00,2017-06-20 22:00:00,2017-06-20 22:00:00,3,197.999,121.66,62.75,,229.0,month cross-fit (other 11 months of 2017),0.5904,1,false_positive,
IF-00075,A_consumption,M2_cooling,Fox_office_Carson,cooling_kw,off_hours_run,warning,iforest,2017-06-24 05:00:00,2017-06-24 07:00:00,2017-06-24 07:00:00,3,189.406,93.912,101.68,,286.5,month cross-fit (other 11 months of 2017),0.6159,1,false_positive,
IF-00076,A_consumption,M2_cooling,Fox_office_Carson,cooling_kw,off_hours_run,warning,iforest,2017-06-24 12:00:00,2017-06-24 22:00:00,2017-06-24 14:00:00,11,272.332,166.077,63.98,,1168.8,month cross-fit (other 11 months of 2017),0.6178,1,false_positive,
IF-00077,A_consumption,M2_cooling,Fox_office_Carson,cooling_kw,off_hours_run,warning,iforest,2017-06-25 05:00:00,2017-06-25 22:00:00,2017-06-25 07:00:00,18,271.536,152.631,77.9,,2140.3,month cross-fit (other 11 months of 2017),0.6231,1,false_positive,
IF-00078,A_consumption,M2_cooling,Fox_office_Carson,cooling_kw,off_hours_run,warning,iforest,2017-07-01 16:00:00,2017-07-01 19:00:00,2017-07-01 18:00:00,4,269.514,178.498,50.99,,364.1,month cross-fit (other 11 months of 2017),0.5857,1,false_positive,
IF-00079,A_consumption,M2_cooling,Fox_office_Carson,cooling_kw,off_hours_run,warning,iforest,2017-07-02 05:00:00,2017-07-02 07:00:00,2017-07-02 07:00:00,3,163.029,94.58,72.37,,205.3,month cross-fit (other 11 months of 2017),0.5774,1,true_positive,SYN-M2-02-06
IF-00080,A_consumption,M2_cooling,Fox_office_Carson,cooling_kw,off_hours_run,warning,iforest,2017-07-05 05:00:00,2017-07-05 08:00:00,2017-07-05 07:00:00,4,261.97,106.429,146.15,,622.2,month cross-fit (other 11 months of 2017),0.6287,1,false_positive,
IF-00081,A_consumption,M2_cooling,Fox_office_Carson,cooling_kw,spike,warning,iforest,2017-07-05 22:00:00,2017-07-05 22:00:00,2017-07-05 22:00:00,1,105.435,70.9,48.71,,34.5,month cross-fit (other 11 months of 2017),0.6121,1,false_positive,
IF-00082,A_consumption,M2_cooling,Fox_office_Carson,cooling_kw,off_hours_run,warning,iforest,2017-07-08 05:00:00,2017-07-08 22:00:00,2017-07-08 07:00:00,18,281.309,152.754,84.16,,2314.0,month cross-fit (other 11 months of 2017),0.6273,1,false_positive,
IF-00083,A_consumption,M2_cooling,Fox_office_Carson,cooling_kw,off_hours_run,warning,iforest,2017-07-09 05:00:00,2017-07-09 08:00:00,2017-07-09 07:00:00,4,239.049,105.444,126.71,,534.4,month cross-fit (other 11 months of 2017),0.6143,1,false_positive,
IF-00084,A_consumption,M2_cooling,Fox_office_Carson,cooling_kw,off_hours_run,warning,iforest,2017-07-09 15:00:00,2017-07-09 22:00:00,2017-07-09 17:00:00,8,272.055,159.096,71.0,,903.7,month cross-fit (other 11 months of 2017),0.6159,1,false_positive,
IF-00085,A_consumption,M2_cooling,Fox_office_Carson,cooling_kw,high_consumption,warning,iforest,2017-07-11 14:00:00,2017-07-11 22:00:00,2017-07-11 16:00:00,9,359.891,170.049,111.64,,1708.6,month cross-fit (other 11 months of 2017),0.5951,1,false_positive,
IF-00086,A_consumption,M2_cooling,Fox_office_Carson,cooling_kw,high_consumption,warning,iforest,2017-07-12 05:00:00,2017-07-12 23:00:00,2017-07-12 07:00:00,19,334.112,152.207,119.51,,3456.2,month cross-fit (other 11 months of 2017),0.634,1,false_positive,
IF-00087,A_consumption,M2_cooling,Fox_office_Carson,cooling_kw,high_consumption,warning,iforest,2017-07-13 05:00:00,2017-07-13 23:00:00,2017-07-13 07:00:00,19,325.857,152.207,114.09,,3299.3,month cross-fit (other 11 months of 2017),0.6418,1,false_positive,
IF-00088,A_consumption,M2_cooling,Fox_office_Carson,cooling_kw,high_consumption,warning,iforest,2017-07-14 05:00:00,2017-07-14 14:00:00,2017-07-14 07:00:00,10,349.199,153.046,128.17,,1961.5,month cross-fit (other 11 months of 2017),0.6281,1,false_positive,
IF-00089,A_consumption,M2_cooling,Fox_office_Carson,cooling_kw,off_hours_run,warning,iforest,2017-07-15 05:00:00,2017-07-15 18:00:00,2017-07-15 07:00:00,14,282.607,159.142,77.58,,1728.5,month cross-fit (other 11 months of 2017),0.6186,1,false_positive,
IF-00090,A_consumption,M2_cooling,Fox_office_Carson,cooling_kw,off_hours_run,warning,iforest,2017-07-16 05:00:00,2017-07-16 08:00:00,2017-07-16 07:00:00,4,241.95,105.444,129.46,,546.0,month cross-fit (other 11 months of 2017),0.6082,1,false_positive,
IF-00091,A_consumption,M2_cooling,Fox_office_Carson,cooling_kw,spike,warning,iforest,2017-07-16 22:00:00,2017-07-16 22:00:00,2017-07-16 22:00:00,1,117.463,72.588,61.82,,44.9,month cross-fit (other 11 months of 2017),0.6127,1,false_positive,
IF-00092,A_consumption,M2_cooling,Fox_office_Carson,cooling_kw,high_consumption,warning,iforest,2017-07-17 10:00:00,2017-07-17 12:00:00,2017-07-17 12:00:00,3,380.019,181.458,109.43,,595.7,month cross-fit (other 11 months of 2017),0.5815,1,false_positive,
IF-00093,A_consumption,M2_cooling,Fox_office_Carson,cooling_kw,high_consumption,warning,iforest,2017-07-17 17:00:00,2017-07-17 19:00:00,2017-07-17 19:00:00,3,382.645,181.856,110.41,,602.4,month cross-fit (other 11 months of 2017),0.588,1,false_positive,
IF-00094,A_consumption,M2_cooling,Fox_office_Carson,cooling_kw,high_consumption,warning,iforest,2017-07-18 05:00:00,2017-07-18 18:00:00,2017-07-18 07:00:00,14,358.581,165.405,116.79,,2704.5,month cross-fit (other 11 months of 2017),0.6461,1,false_positive,
IF-00095,A_consumption,M2_cooling,Fox_office_Carson,cooling_kw,high_consumption,warning,iforest,2017-07-19 05:00:00,2017-07-19 16:00:00,2017-07-19 07:00:00,12,354.654,161.596,119.47,,2316.7,month cross-fit (other 11 months of 2017),0.6189,1,false_positive,
IF-00096,A_consumption,M2_cooling,Fox_office_Carson,cooling_kw,spike,warning,iforest,2017-07-19 22:00:00,2017-07-19 22:00:00,2017-07-19 22:00:00,1,132.058,70.9,86.26,,61.2,month cross-fit (other 11 months of 2017),0.6116,1,false_positive,
IF-00097,A_consumption,M2_cooling,Fox_office_Carson,cooling_kw,off_hours_run,warning,iforest,2017-07-20 05:00:00,2017-07-20 07:00:00,2017-07-20 07:00:00,3,256.05,95.752,167.41,,480.9,month cross-fit (other 11 months of 2017),0.5907,1,false_positive,
IF-00098,A_consumption,M2_cooling,Fox_office_Carson,cooling_kw,high_consumption,warning,iforest,2017-07-21 05:00:00,2017-07-21 18:00:00,2017-07-21 07:00:00,14,344.382,159.185,116.34,,2222.4,month cross-fit (other 11 months of 2017),0.5989,2,false_positive,
IF-00099,A_consumption,M2_cooling,Fox_office_Carson,cooling_kw,off_hours_run,warning,iforest,2017-07-22 05:00:00,2017-07-22 23:00:00,2017-07-22 07:00:00,19,295.693,146.643,101.64,,2831.9,month cross-fit (other 11 months of 2017),0.653,1,false_positive,
IF-00100,A_consumption,M2_cooling,Fox_office_Carson,cooling_kw,off_hours_run,warning,iforest,2017-07-23 05:00:00,2017-07-23 22:00:00,2017-07-23 07:00:00,18,305.339,152.754,99.89,,2746.5,month cross-fit (other 11 months of 2017),0.6453,1,false_positive,
IF-00101,A_consumption,M2_cooling,Fox_office_Carson,cooling_kw,off_hours_run,warning,iforest,2017-07-25 05:00:00,2017-07-25 07:00:00,2017-07-25 07:00:00,3,270.118,95.752,182.1,,523.1,month cross-fit (other 11 months of 2017),0.5799,1,false_positive,
IF-00102,A_consumption,M2_cooling,Fox_office_Carson,cooling_kw,off_hours_run,warning,iforest,2017-07-26 05:00:00,2017-07-26 07:00:00,2017-07-26 07:00:00,3,256.003,95.752,167.36,,480.8,month cross-fit (other 11 months of 2017),0.5858,1,false_positive,
IF-00103,A_consumption,M2_cooling,Fox_office_Carson,cooling_kw,off_hours_run,warning,iforest,2017-07-27 05:00:00,2017-07-27 07:00:00,2017-07-27 07:00:00,3,251.689,95.752,162.86,,467.8,month cross-fit (other 11 months of 2017),0.5775,1,false_positive,
IF-00104,A_consumption,M2_cooling,Fox_office_Carson,cooling_kw,high_consumption,warning,iforest,2017-07-27 12:00:00,2017-07-27 17:00:00,2017-07-27 14:00:00,6,356.456,200.724,77.59,,934.4,month cross-fit (other 11 months of 2017),0.5731,1,false_positive,
IF-00105,A_consumption,M2_cooling,Fox_office_Carson,cooling_kw,off_hours_run,warning,iforest,2017-07-28 05:00:00,2017-07-28 08:00:00,2017-07-28 07:00:00,4,288.197,106.429,170.79,,727.1,month cross-fit (other 11 months of 2017),0.609,1,false_positive,
IF-00106,A_consumption,M2_cooling,Fox_office_Carson,cooling_kw,off_hours_run,warning,iforest,2017-07-30 09:00:00,2017-07-30 22:00:00,2017-07-30 11:00:00,14,326.762,162.775,100.74,,1967.8,month cross-fit (other 11 months of 2017),0.6178,2,false_positive,
IF-00107,A_consumption,M2_cooling,Fox_office_Carson,cooling_kw,high_consumption,warning,iforest,2017-07-31 05:00:00,2017-07-31 23:00:00,2017-07-31 07:00:00,19,328.537,152.207,115.85,,3350.3,month cross-fit (other 11 months of 2017),0.6284,1,false_positive,
IF-00108,A_consumption,M2_cooling,Fox_office_Carson,cooling_kw,off_hours_run,warning,iforest,2017-08-01 05:00:00,2017-08-01 08:00:00,2017-08-01 07:00:00,4,304.832,104.921,190.53,,799.6,month cross-fit (other 11 months of 2017),0.6238,1,false_positive,
IF-00109,A_consumption,M2_cooling,Fox_office_Carson,cooling_kw,off_hours_run,warning,iforest,2017-08-02 05:00:00,2017-08-02 07:00:00,2017-08-02 07:00:00,3,276.237,94.082,193.61,,546.5,month cross-fit (other 11 months of 2017),0.6078,1,false_positive,
IF-00110,A_consumption,M2_cooling,Fox_office_Carson,cooling_kw,off_hours_run,warning,iforest,2017-08-03 05:00:00,2017-08-03 07:00:00,2017-08-03 07:00:00,3,262.885,94.082,179.42,,506.4,month cross-fit (other 11 months of 2017),0.5896,1,false_positive,
IF-00111,A_consumption,M2_cooling,Fox_office_Carson,cooling_kw,high_consumption,warning,iforest,2017-08-04 05:00:00,2017-08-04 09:00:00,2017-08-04 07:00:00,5,238.611,114.336,108.69,,673.7,month cross-fit (other 11 months of 2017),0.6147,1,false_positive,
IF-00112,A_consumption,M2_cooling,Fox_office_Carson,cooling_kw,off_hours_run,warning,iforest,2017-08-05 05:00:00,2017-08-05 23:00:00,2017-08-05 07:00:00,19,283.584,146.597,93.44,,2602.8,month cross-fit (other 11 months of 2017),0.6462,1,false_positive,
IF-00113,A_consumption,M2_cooling,Fox_office_Carson,cooling_kw,off_hours_run,warning,iforest,2017-08-06 05:00:00,2017-08-06 08:00:00,2017-08-06 07:00:00,4,249.556,104.749,138.24,,579.2,month cross-fit (other 11 months of 2017),0.6166,1,false_positive,
IF-00114,A_consumption,M2_cooling,Fox_office_Carson,cooling_kw,off_hours_run,warning,iforest,2017-08-06 17:00:00,2017-08-06 22:00:00,2017-08-06 19:00:00,6,263.711,147.207,79.14,,699.0,month cross-fit (other 11 months of 2017),0.6121,1,false_positive,
IF-00115,A_consumption,M2_cooling,Fox_office_Carson,cooling_kw,off_hours_run,warning,iforest,2017-08-10 05:00:00,2017-08-10 07:00:00,2017-08-10 07:00:00,3,265.897,94.082,182.62,,515.4,month cross-fit (other 11 months of 2017),0.6115,1,false_positive,
IF-00116,A_consumption,M2_cooling,Fox_office_Carson,cooling_kw,off_hours_run,warning,iforest,2017-08-11 05:00:00,2017-08-11 07:00:00,2017-08-11 07:00:00,3,281.454,94.082,199.16,,562.1,month cross-fit (other 11 months of 2017),0.613,1,false_positive,
IF-00117,A_consumption,M2_cooling,Fox_office_Carson,cooling_kw,high_consumption,warning,iforest,2017-08-11 12:00:00,2017-08-11 18:00:00,2017-08-11 14:00:00,7,374.459,195.409,91.63,,1253.4,month cross-fit (other 11 months of 2017),0.5799,1,false_positive,
IF-00118,A_consumption,M2_cooling,Fox_office_Carson,cooling_kw,off_hours_run,warning,iforest,2017-08-11 22:00:00,2017-08-12 23:00:00,2017-08-12 00:00:00,26,260.788,125.885,107.16,,3237.6,month cross-fit (other 11 months of 2017),0.6451,2,false_positive,
IF-00119,A_consumption,M2_cooling,Fox_office_Carson,cooling_kw,off_hours_run,warning,iforest,2017-08-13 05:00:00,2017-08-13 12:00:00,2017-08-13 07:00:00,8,290.492,137.441,111.36,,1224.4,month cross-fit (other 11 months of 2017),0.6273,1,false_positive,
IF-00120,A_consumption,M2_cooling,Fox_office_Carson,cooling_kw,off_hours_run,warning,iforest,2017-08-13 16:00:00,2017-08-13 23:00:00,2017-08-13 18:00:00,8,260.396,139.654,86.46,,965.9,month cross-fit (other 11 months of 2017),0.6196,1,false_positive,
IF-00121,A_consumption,M2_cooling,Fox_office_Carson,cooling_kw,off_hours_run,warning,iforest,2017-08-14 05:00:00,2017-08-14 07:00:00,2017-08-14 07:00:00,3,257.48,94.082,173.68,,490.2,month cross-fit (other 11 months of 2017),0.5875,1,false_positive,
IF-00122,A_consumption,M2_cooling,Fox_office_Carson,cooling_kw,off_hours_run,warning,iforest,2017-08-20 05:00:00,2017-08-20 07:00:00,2017-08-20 07:00:00,3,175.901,93.912,87.3,,246.0,month cross-fit (other 11 months of 2017),0.5881,1,false_positive,
IF-00123,A_consumption,M2_cooling,Fox_office_Carson,cooling_kw,off_hours_run,warning,iforest,2017-08-26 05:00:00,2017-08-26 07:00:00,2017-08-26 07:00:00,3,205.173,93.912,118.47,,333.8,month cross-fit (other 11 months of 2017),0.609,1,false_positive,
IF-00124,A_consumption,M2_cooling,Fox_office_Carson,cooling_kw,off_hours_run,warning,iforest,2017-08-27 05:00:00,2017-08-27 07:00:00,2017-08-27 07:00:00,3,223.261,93.912,137.73,,388.0,month cross-fit (other 11 months of 2017),0.6063,1,false_positive,
IF-00125,A_consumption,M2_cooling,Fox_office_Carson,cooling_kw,off_hours_run,warning,iforest,2017-08-27 17:00:00,2017-08-27 19:00:00,2017-08-27 19:00:00,3,275.733,172.343,59.99,,310.2,month cross-fit (other 11 months of 2017),0.5903,1,false_positive,
IF-00126,A_consumption,M2_cooling,Fox_office_Carson,cooling_kw,spike,warning,iforest,2017-08-27 22:00:00,2017-08-27 22:00:00,2017-08-27 22:00:00,1,77.617,74.1,4.75,,3.5,month cross-fit (other 11 months of 2017),0.6136,1,false_positive,
IF-00127,A_consumption,M2_cooling,Fox_office_Carson,cooling_kw,off_hours_run,warning,iforest,2017-08-30 05:00:00,2017-08-30 07:00:00,2017-08-30 07:00:00,3,259.098,94.082,175.4,,495.0,month cross-fit (other 11 months of 2017),0.5992,1,false_positive,
IF-00128,A_consumption,M2_cooling,Fox_office_Carson,cooling_kw,high_consumption,warning,iforest,2017-08-30 12:00:00,2017-08-30 18:00:00,2017-08-30 14:00:00,7,367.737,195.409,88.19,,1206.3,month cross-fit (other 11 months of 2017),0.5777,1,false_positive,
IF-00129,A_consumption,M2_cooling,Fox_office_Carson,cooling_kw,spike,warning,iforest,2017-08-31 10:00:00,2017-08-31 10:00:00,2017-08-31 10:00:00,1,365.471,169.407,115.74,,196.1,month cross-fit (other 11 months of 2017),0.6138,1,false_positive,
IF-00130,A_consumption,M2_cooling,Fox_office_Carson,cooling_kw,off_hours_run,warning,iforest,2017-09-02 05:00:00,2017-09-02 15:00:00,2017-09-02 07:00:00,11,335.834,152.208,120.64,,2019.9,month cross-fit (other 11 months of 2017),0.6087,1,false_positive,
IF-00131,A_consumption,M2_cooling,Fox_office_Carson,cooling_kw,spike,warning,iforest,2017-09-02 22:00:00,2017-09-02 23:00:00,2017-09-02 22:00:00,2,96.836,54.221,78.6,,85.2,month cross-fit (other 11 months of 2017),0.6244,1,false_positive,
IF-00132,A_consumption,M2_cooling,Fox_office_Carson,cooling_kw,off_hours_run,warning,iforest,2017-09-03 05:00:00,2017-09-03 07:00:00,2017-09-03 07:00:00,3,243.284,96.713,151.55,,439.7,month cross-fit (other 11 months of 2017),0.5985,1,false_positive,
IF-00133,A_consumption,M2_cooling,Fox_office_Carson,cooling_kw,spike,warning,iforest,2017-09-03 22:00:00,2017-09-03 23:00:00,2017-09-03 22:00:00,2,105.928,54.221,95.36,,103.4,month cross-fit (other 11 months of 2017),0.6231,1,false_positive,
IF-00134,A_consumption,M2_cooling,Fox_office_Carson,cooling_kw,off_hours_run,warning,iforest,2017-09-10 05:00:00,2017-09-10 07:00:00,2017-09-10 07:00:00,3,216.462,96.713,123.82,,359.2,month cross-fit (other 11 months of 2017),0.5772,1,false_positive,
IF-00135,A_consumption,M2_cooling,Fox_office_Carson,cooling_kw,spike,warning,iforest,2017-09-10 22:00:00,2017-09-10 23:00:00,2017-09-10 22:00:00,2,90.963,54.221,67.76,,73.5,month cross-fit (other 11 months of 2017),0.6262,1,false_positive,
IF-00136,A_consumption,M2_cooling,Fox_office_Yong,cooling_kw,spike,warning,iforest,2017-01-15 00:00:00,2017-01-15 00:00:00,2017-01-15 00:00:00,1,159.348,113.577,40.3,,45.8,month cross-fit (other 11 months of 2017),0.6279,1,false_positive,
IF-00137,A_consumption,M2_cooling,Fox_office_Yong,cooling_kw,spike,warning,iforest,2017-01-29 00:00:00,2017-01-29 00:00:00,2017-01-29 00:00:00,1,159.348,113.577,40.3,,45.8,month cross-fit (other 11 months of 2017),0.6404,1,false_positive,
IF-00138,A_consumption,M2_cooling,Fox_office_Yong,cooling_kw,spike,warning,iforest,2017-03-18 19:00:00,2017-03-18 19:00:00,2017-03-18 19:00:00,1,766.245,100.617,661.55,,665.6,month cross-fit (other 11 months of 2017),0.6309,1,true_positive,SYN-M2-03-01
IF-00139,DQ_quality,M2_cooling,Fox_office_Yong,cooling_kw,data_loss,warning,dq_gap>=3h,2017-04-10 01:00:00,2017-04-10 15:00:00,2017-04-10 03:00:00,15,,,,,,,,1,true_positive,SYN-M2-03-02
IF-00140,DQ_quality,M2_cooling,Fox_office_Yong,cooling_kw,stuck_sensor,warning,dq_flatline>=4h,2017-06-02 09:00:00,2017-06-02 21:00:00,2017-06-02 12:00:00,13,366.034,,,,,,,1,true_positive,SYN-M2-03-04
IF-00141,A_consumption,M2_cooling,Fox_office_Yong,cooling_kw,off_hours_run,warning,iforest,2017-06-04 01:00:00,2017-06-04 03:00:00,2017-06-04 03:00:00,3,388.706,160.345,142.42,,685.1,month cross-fit (other 11 months of 2017),0.6199,1,false_positive,
IF-00142,A_consumption,M2_cooling,Fox_office_Yong,cooling_kw,off_hours_run,warning,iforest,2017-06-17 15:00:00,2017-06-17 17:00:00,2017-06-17 17:00:00,3,357.124,281.846,26.71,,225.8,month cross-fit (other 11 months of 2017),0.6263,1,false_positive,
IF-00143,A_consumption,M2_cooling,Fox_office_Yong,cooling_kw,off_hours_run,warning,iforest,2017-06-18 01:00:00,2017-06-18 03:00:00,2017-06-18 03:00:00,3,417.157,160.345,160.16,,770.4,month cross-fit (other 11 months of 2017),0.6237,1,false_positive,
IF-00144,A_consumption,M2_cooling,Fox_office_Yong,cooling_kw,off_hours_run,warning,iforest,2017-06-18 16:00:00,2017-06-18 20:00:00,2017-06-18 18:00:00,5,465.919,170.187,173.77,,1478.7,month cross-fit (other 11 months of 2017),0.5911,1,false_positive,
IF-00145,A_consumption,M2_cooling,Fox_office_Yong,cooling_kw,high_consumption,warning,iforest,2017-06-19 15:00:00,2017-06-19 19:00:00,2017-06-19 17:00:00,5,660.851,364.377,81.36,,1482.4,month cross-fit (other 11 months of 2017),0.5947,1,false_positive,
IF-00146,A_consumption,M2_cooling,Fox_office_Yong,cooling_kw,high_consumption,warning,iforest,2017-06-20 09:00:00,2017-06-20 21:00:00,2017-06-20 11:00:00,13,671.529,342.073,96.31,,4282.9,month cross-fit (other 11 months of 2017),0.614,1,false_positive,
IF-00147,A_consumption,M2_cooling,Fox_office_Yong,cooling_kw,high_consumption,warning,iforest,2017-06-21 07:00:00,2017-06-22 00:00:00,2017-06-21 09:00:00,18,611.086,298.032,105.04,,5635.0,month cross-fit (other 11 months of 2017),0.6113,1,false_positive,
IF-00148,A_consumption,M2_cooling,Fox_office_Yong,cooling_kw,high_consumption,warning,iforest,2017-06-22 07:00:00,2017-06-22 09:00:00,2017-06-22 09:00:00,3,486.814,211.169,130.53,,826.9,month cross-fit (other 11 months of 2017),0.5748,1,false_positive,
IF-00149,A_consumption,M2_cooling,Fox_office_Yong,cooling_kw,high_consumption,warning,iforest,2017-06-22 13:00:00,2017-06-22 19:00:00,2017-06-22 15:00:00,7,705.174,380.096,85.53,,2275.5,month cross-fit (other 11 months of 2017),0.609,1,false_positive,
IF-00150,A_consumption,M2_cooling,Fox_office_Yong,cooling_kw,high_consumption,warning,iforest,2017-06-23 07:00:00,2017-06-23 09:00:00,2017-06-23 09:00:00,3,1141.901,211.169,440.75,,2792.2,month cross-fit (other 11 months of 2017),0.6513,1,true_positive,SYN-M2-03-05
IF-00151,A_consumption,M2_cooling,Fox_office_Yong,cooling_kw,high_consumption,warning,iforest,2017-06-23 13:00:00,2017-06-23 19:00:00,2017-06-23 15:00:00,7,659.555,380.096,73.52,,1956.2,month cross-fit (other 11 months of 2017),0.5962,1,true_positive,SYN-M2-03-05
IF-00152,A_consumption,M2_cooling,Fox_office_Yong,cooling_kw,off_hours_run,warning,iforest,2017-06-24 00:00:00,2017-06-24 17:00:00,2017-06-24 02:00:00,18,395.523,213.062,85.64,,3284.3,month cross-fit (other 11 months of 2017),0.6468,1,true_positive,SYN-M2-03-05
IF-00153,A_consumption,M2_cooling,Fox_office_Yong,cooling_kw,off_hours_run,warning,iforest,2017-06-25 01:00:00,2017-06-25 04:00:00,2017-06-25 03:00:00,4,509.214,157.098,224.14,,1408.5,month cross-fit (other 11 months of 2017),0.6512,1,false_positive,
IF-00154,A_consumption,M2_cooling,Fox_office_Yong,cooling_kw,off_hours_run,warning,iforest,2017-06-25 10:00:00,2017-06-25 23:00:00,2017-06-25 12:00:00,14,482.286,207.332,132.62,,3849.4,month cross-fit (other 11 months of 2017),0.6002,1,false_positive,
IF-00155,A_consumption,M2_cooling,Fox_office_Yong,cooling_kw,high_consumption,warning,iforest,2017-06-26 14:00:00,2017-06-26 20:00:00,2017-06-26 16:00:00,7,660.022,353.898,86.5,,2142.9,month cross-fit (other 11 months of 2017),0.5945,1,false_positive,
IF-00156,A_consumption,M2_cooling,Fox_office_Yong,cooling_kw,off_hours_run,warning,iforest,2017-07-02 01:00:00,2017-07-02 03:00:00,2017-07-02 03:00:00,3,413.675,156.676,164.03,,771.0,month cross-fit (other 11 months of 2017),0.6234,1,false_positive,
IF-00157,A_consumption,M2_cooling,Fox_office_Yong,cooling_kw,high_consumption,warning,iforest,2017-07-06 09:00:00,2017-07-06 11:00:00,2017-07-06 11:00:00,3,554.924,319.459,73.71,,706.4,month cross-fit (other 11 months of 2017),0.5896,1,false_positive,
IF-00158,A_consumption,M2_cooling,Fox_office_Yong,cooling_kw,high_consumption,warning,iforest,2017-07-06 16:00:00,2017-07-06 19:00:00,2017-07-06 18:00:00,4,612.925,346.77,76.75,,1064.6,month cross-fit (other 11 months of 2017),0.5851,1,false_positive,
IF-00159,A_consumption,M2_cooling,Fox_office_Yong,cooling_kw,off_hours_run,warning,iforest,2017-07-07 12:00:00,2017-07-08 17:00:00,2017-07-07 14:00:00,30,501.802,254.326,97.31,,7424.3,month cross-fit (other 11 months of 2017),0.6473,1,false_positive,
IF-00160,A_consumption,M2_cooling,Fox_office_Yong,cooling_kw,spike,warning,iforest,2017-07-08 20:00:00,2017-07-08 21:00:00,2017-07-08 20:00:00,2,364.676,102.279,256.55,,524.8,month cross-fit (other 11 months of 2017),0.6203,1,true_positive,SYN-M2-03-06
IF-00161,A_consumption,M2_cooling,Fox_office_Yong,cooling_kw,off_hours_run,warning,iforest,2017-07-09 01:00:00,2017-07-09 23:00:00,2017-07-09 03:00:00,23,505.954,186.048,171.95,,7357.8,month cross-fit (other 11 months of 2017),0.6706,1,true_positive,SYN-M2-03-06
IF-00162,A_consumption,M2_cooling,Fox_office_Yong,cooling_kw,high_consumption,warning,iforest,2017-07-10 13:00:00,2017-07-10 19:00:00,2017-07-10 15:00:00,7,670.784,379.212,76.89,,2041.0,month cross-fit (other 11 months of 2017),0.5948,1,false_positive,
IF-00163,A_consumption,M2_cooling,Fox_office_Yong,cooling_kw,high_consumption,warning,iforest,2017-07-11 10:00:00,2017-07-11 19:00:00,2017-07-11 12:00:00,10,647.231,373.836,73.13,,2733.9,month cross-fit (other 11 months of 2017),0.5965,1,false_positive,
IF-00164,A_consumption,M2_cooling,Fox_office_Yong,cooling_kw,high_consumption,warning,iforest,2017-07-12 14:00:00,2017-07-12 19:00:00,2017-07-12 16:00:00,6,673.137,374.753,79.62,,1790.3,month cross-fit (other 11 months of 2017),0.5918,1,false_positive,
IF-00165,A_consumption,M2_cooling,Fox_office_Yong,cooling_kw,high_consumption,warning,iforest,2017-07-13 07:00:00,2017-07-13 09:00:00,2017-07-13 09:00:00,3,481.152,211.421,127.58,,809.2,month cross-fit (other 11 months of 2017),0.5844,1,false_positive,
IF-00166,A_consumption,M2_cooling,Fox_office_Yong,cooling_kw,high_consumption,warning,iforest,2017-07-13 14:00:00,2017-07-13 19:00:00,2017-07-13 16:00:00,6,648.155,374.753,72.96,,1640.4,month cross-fit (other 11 months of 2017),0.5888,1,false_positive,
IF-00167,A_consumption,M2_cooling,Fox_office_Yong,cooling_kw,high_consumption,warning,iforest,2017-07-14 15:00:00,2017-07-14 19:00:00,2017-07-14 17:00:00,5,592.076,364.377,62.49,,1138.5,month cross-fit (other 11 months of 2017),0.5808,1,false_positive,
IF-00168,A_consumption,M2_cooling,Fox_office_Yong,cooling_kw,off_hours_run,warning,iforest,2017-07-15 00:00:00,2017-07-15 03:00:00,2017-07-15 02:00:00,4,332.395,143.866,131.04,,754.1,month cross-fit (other 11 months of 2017),0.574,1,false_positive,
IF-00169,A_consumption,M2_cooling,Fox_office_Yong,cooling_kw,off_hours_run,warning,iforest,2017-07-15 07:00:00,2017-07-15 17:00:00,2017-07-15 09:00:00,11,416.74,250.66,66.26,,1826.9,month cross-fit (other 11 months of 2017),0.6275,1,false_positive,
IF-00170,A_consumption,M2_cooling,Fox_office_Yong,cooling_kw,off_hours_run,warning,iforest,2017-07-16 01:00:00,2017-07-16 03:00:00,2017-07-16 03:00:00,3,527.774,156.676,236.86,,1113.3,month cross-fit (other 11 months of 2017),0.6335,1,false_positive,
IF-00171,A_consumption,M2_cooling,Fox_office_Yong,cooling_kw,high_consumption,warning,iforest,2017-07-18 07:00:00,2017-07-18 09:00:00,2017-07-18 09:00:00,3,472.969,211.421,123.71,,784.6,month cross-fit (other 11 months of 2017),0.5711,1,false_positive,
IF-00172,A_consumption,M2_cooling,Fox_office_Yong,cooling_kw,high_consumption,warning,iforest,2017-07-19 07:00:00,2017-07-19 09:00:00,2017-07-19 09:00:00,3,480.578,211.421,127.31,,807.5,month cross-fit (other 11 months of 2017),0.5738,1,false_positive,
IF-00173,A_consumption,M2_cooling,Fox_office_Yong,cooling_kw,off_hours_run,warning,iforest,2017-07-21 05:00:00,2017-07-21 07:00:00,2017-07-21 07:00:00,3,489.628,149.126,228.33,,1021.5,month cross-fit (other 11 months of 2017),0.6189,1,false_positive,
IF-00174,A_consumption,M2_cooling,Fox_office_Yong,cooling_kw,high_consumption,warning,iforest,2017-07-21 15:00:00,2017-07-21 19:00:00,2017-07-21 17:00:00,5,634.595,364.377,74.16,,1351.1,month cross-fit (other 11 months of 2017),0.5879,1,false_positive,
IF-00175,A_consumption,M2_cooling,Fox_office_Yong,cooling_kw,off_hours_run,warning,iforest,2017-07-22 00:00:00,2017-07-22 17:00:00,2017-07-22 02:00:00,18,385.115,209.213,84.08,,3166.2,month cross-fit (other 11 months of 2017),0.6284,1,false_positive,
IF-00176,A_consumption,M2_cooling,Fox_office_Yong,cooling_kw,off_hours_run,warning,iforest,2017-07-23 01:00:00,2017-07-23 04:00:00,2017-07-23 03:00:00,4,526.367,154.249,241.24,,1488.5,month cross-fit (other 11 months of 2017),0.6363,1,false_positive,
IF-00177,A_consumption,M2_cooling,Fox_office_Yong,cooling_kw,off_hours_run,warning,iforest,2017-07-23 18:00:00,2017-07-23 23:00:00,2017-07-23 20:00:00,6,421.108,103.12,308.37,,1907.9,month cross-fit (other 11 months of 2017),0.6059,1,false_positive,
IF-00178,A_consumption,M2_cooling,Fox_office_Yong,cooling_kw,high_consumption,warning,iforest,2017-07-25 09:00:00,2017-07-25 11:00:00,2017-07-25 11:00:00,3,622.611,319.459,94.9,,909.5,month cross-fit (other 11 months of 2017),0.6034,1,false_positive,
IF-00179,A_consumption,M2_cooling,Fox_office_Yong,cooling_kw,high_consumption,warning,iforest,2017-07-26 07:00:00,2017-07-26 19:00:00,2017-07-26 09:00:00,13,606.212,324.959,86.55,,3093.8,month cross-fit (other 11 months of 2017),0.5856,2,false_positive,
IF-00180,A_consumption,M2_cooling,Fox_office_Yong,cooling_kw,high_consumption,warning,iforest,2017-07-27 15:00:00,2017-07-27 18:00:00,2017-07-27 17:00:00,4,633.877,395.092,60.44,,955.1,month cross-fit (other 11 months of 2017),0.5719,1,false_positive,
IF-00181,A_consumption,M2_cooling,Fox_office_Yong,cooling_kw,spike,warning,iforest,2017-07-29 17:00:00,2017-07-29 17:00:00,2017-07-29 17:00:00,1,189.136,176.089,7.41,,13.0,month cross-fit (other 11 months of 2017),0.6191,1,false_positive,
IF-00182,A_consumption,M2_cooling,Fox_office_Yong,cooling_kw,off_hours_run,warning,iforest,2017-07-30 01:00:00,2017-07-30 03:00:00,2017-07-30 03:00:00,3,470.285,156.676,200.16,,940.8,month cross-fit (other 11 months of 2017),0.6162,1,false_positive,
IF-00183,A_consumption,M2_cooling,Fox_office_Yong,cooling_kw,high_consumption,warning,iforest,2017-07-31 17:00:00,2017-07-31 19:00:00,2017-07-31 19:00:00,3,598.638,316.61,89.08,,846.1,month cross-fit (other 11 months of 2017),0.5792,1,false_positive,
IF-00184,A_consumption,M2_cooling,Fox_office_Yong,cooling_kw,off_hours_run,warning,iforest,2017-08-05 10:00:00,2017-08-05 14:00:00,2017-08-05 12:00:00,5,367.947,285.413,28.92,,412.7,month cross-fit (other 11 months of 2017),0.5911,1,false_positive,
IF-00185,A_consumption,M2_cooling,Fox_office_Yong,cooling_kw,off_hours_run,warning,iforest,2017-08-06 01:00:00,2017-08-06 04:00:00,2017-08-06 03:00:00,4,453.383,157.098,188.6,,1185.1,month cross-fit (other 11 months of 2017),0.6443,1,false_positive,
IF-00186,A_consumption,M2_cooling,Fox_office_Yong,cooling_kw,high_consumption,warning,iforest,2017-08-09 15:00:00,2017-08-09 19:00:00,2017-08-09 17:00:00,5,629.312,362.028,73.83,,1336.4,month cross-fit (other 11 months of 2017),0.5674,1,false_positive,
IF-00187,A_consumption,M2_cooling,Fox_office_Yong,cooling_kw,high_consumption,warning,iforest,2017-08-10 16:00:00,2017-08-10 18:00:00,2017-08-10 18:00:00,3,627.23,378.952,65.52,,744.8,month cross-fit (other 11 months of 2017),0.5673,1,false_positive,
IF-00188,A_consumption,M2_cooling,Fox_office_Yong,cooling_kw,high_consumption,warning,iforest,2017-08-11 12:00:00,2017-08-11 19:00:00,2017-08-11 14:00:00,8,657.497,378.659,73.64,,2230.7,month cross-fit (other 11 months of 2017),0.5901,1,false_positive,
IF-00189,A_consumption,M2_cooling,Fox_office_Yong,cooling_kw,off_hours_run,warning,iforest,2017-08-12 00:00:00,2017-08-12 14:00:00,2017-08-12 02:00:00,15,420.993,199.305,111.23,,3325.3,month cross-fit (other 11 months of 2017),0.6054,1,false_positive,
IF-00190,A_consumption,M2_cooling,Fox_office_Yong,cooling_kw,spike,warning,iforest,2017-08-12 17:00:00,2017-08-12 17:00:00,2017-08-12 17:00:00,1,223.812,178.427,25.44,,45.4,month cross-fit (other 11 months of 2017),0.6293,1,false_positive,
IF-00191,A_consumption,M2_cooling,Fox_office_Yong,cooling_kw,off_hours_run,warning,iforest,2017-08-13 01:00:00,2017-08-13 05:00:00,2017-08-13 03:00:00,5,458.576,154.207,197.38,,1521.8,month cross-fit (other 11 months of 2017),0.6596,1,false_positive,
IF-00192,A_consumption,M2_cooling,Fox_office_Yong,cooling_kw,off_hours_run,warning,iforest,2017-08-20 01:00:00,2017-08-20 03:00:00,2017-08-20 03:00:00,3,465.42,160.345,190.26,,915.2,month cross-fit (other 11 months of 2017),0.6421,1,false_positive,
IF-00193,A_consumption,M2_cooling,Fox_office_Yong,cooling_kw,high_consumption,warning,iforest,2017-08-23 14:00:00,2017-08-23 17:00:00,2017-08-23 16:00:00,4,710.905,419.951,69.28,,1163.8,month cross-fit (other 11 months of 2017),0.5858,1,false_positive,
IF-00194,A_consumption,M2_cooling,Fox_office_Yong,cooling_kw,off_hours_run,warning,iforest,2017-08-26 08:00:00,2017-08-26 17:00:00,2017-08-26 10:00:00,10,462.082,264.4,74.77,,1976.8,month cross-fit (other 11 months of 2017),0.6348,1,false_positive,
IF-00195,A_consumption,M2_cooling,Fox_office_Yong,cooling_kw,off_hours_run,warning,iforest,2017-08-27 01:00:00,2017-08-27 04:00:00,2017-08-27 03:00:00,4,467.082,157.098,197.32,,1239.9,month cross-fit (other 11 months of 2017),0.6496,1,false_positive,
IF-00196,A_consumption,M2_cooling,Fox_office_Yong,cooling_kw,off_hours_run,warning,iforest,2017-08-27 17:00:00,2017-08-27 19:00:00,2017-08-27 19:00:00,3,485.794,133.418,264.11,,1057.1,month cross-fit (other 11 months of 2017),0.5844,1,false_positive,
IF-00197,A_consumption,M2_cooling,Fox_office_Yong,cooling_kw,high_consumption,warning,iforest,2017-08-28 12:00:00,2017-08-28 19:00:00,2017-08-28 14:00:00,8,651.457,378.659,72.04,,2182.4,month cross-fit (other 11 months of 2017),0.5747,1,false_positive,
IF-00198,A_consumption,M2_cooling,Fox_office_Yong,cooling_kw,high_consumption,warning,iforest,2017-08-29 15:00:00,2017-08-29 19:00:00,2017-08-29 17:00:00,5,609.055,362.028,68.23,,1235.1,month cross-fit (other 11 months of 2017),0.5826,1,false_positive,
IF-00199,A_consumption,M2_cooling,Fox_office_Yong,cooling_kw,high_consumption,warning,iforest,2017-08-30 15:00:00,2017-08-30 19:00:00,2017-08-30 17:00:00,5,614.527,362.028,69.75,,1262.5,month cross-fit (other 11 months of 2017),0.5751,1,false_positive,
IF-00200,A_consumption,M2_cooling,Fox_office_Yong,cooling_kw,off_hours_run,warning,iforest,2017-09-03 01:00:00,2017-09-03 03:00:00,2017-09-03 03:00:00,3,474.493,158.51,199.35,,947.9,month cross-fit (other 11 months of 2017),0.6279,1,false_positive,
IF-00201,A_consumption,M2_cooling,Fox_office_Yong,cooling_kw,off_hours_run,warning,iforest,2017-09-10 01:00:00,2017-09-10 03:00:00,2017-09-10 03:00:00,3,467.366,158.51,194.85,,926.6,month cross-fit (other 11 months of 2017),0.6279,1,false_positive,
IF-00202,A_consumption,M2_cooling,Fox_office_Yong,cooling_kw,off_hours_run,warning,iforest,2017-09-10 17:00:00,2017-09-10 19:00:00,2017-09-10 19:00:00,3,465.103,134.121,246.78,,992.9,month cross-fit (other 11 months of 2017),0.5775,1,false_positive,
IF-00203,A_consumption,M2_cooling,Fox_office_Yong,cooling_kw,high_consumption,warning,iforest,2017-09-12 11:00:00,2017-09-12 19:00:00,2017-09-12 13:00:00,9,687.044,380.228,80.69,,2761.3,month cross-fit (other 11 months of 2017),0.592,1,false_positive,
IF-00204,A_consumption,M2_cooling,Fox_office_Yong,cooling_kw,off_hours_run,warning,iforest,2017-09-17 01:00:00,2017-09-17 03:00:00,2017-09-17 03:00:00,3,327.102,158.51,106.36,,505.8,month cross-fit (other 11 months of 2017),0.5856,1,false_positive,
IF-00205,A_consumption,M1_power,Hog_office_Emmanuel,power_active_kw,high_consumption,warning,iforest,2017-01-04 08:00:00,2017-01-04 18:00:00,2017-01-04 10:00:00,11,39.891,34.636,15.17,,57.8,month cross-fit (other 11 months of 2017),0.6213,1,false_positive,
IF-00206,A_consumption,M1_power,Hog_office_Emmanuel,power_active_kw,off_hours_run,warning,iforest,2017-01-04 21:00:00,2017-01-05 00:00:00,2017-01-04 23:00:00,4,26.076,23.028,13.24,,12.2,month cross-fit (other 11 months of 2017),0.5751,1,false_positive,
IF-00207,A_consumption,M1_power,Hog_office_Emmanuel,power_active_kw,high_consumption,warning,iforest,2017-01-05 08:00:00,2017-01-05 15:00:00,2017-01-05 10:00:00,8,39.169,34.717,12.82,,35.6,month cross-fit (other 11 months of 2017),0.6108,1,false_positive,
IF-00208,A_consumption,M1_power,Hog_office_Emmanuel,power_active_kw,high_consumption,warning,iforest,2017-01-06 08:00:00,2017-01-06 13:00:00,2017-01-06 10:00:00,6,39.694,34.498,15.06,,31.2,month cross-fit (other 11 months of 2017),0.646,1,false_positive,
IF-00209,A_consumption,M1_power,Hog_office_Emmanuel,power_active_kw,off_hours_run,warning,iforest,2017-01-07 00:00:00,2017-01-08 01:00:00,2017-01-07 02:00:00,26,27.56,24.848,10.92,,59.3,month cross-fit (other 11 months of 2017),0.6368,3,false_positive,
IF-00210,A_consumption,M1_power,Hog_office_Emmanuel,power_active_kw,off_hours_run,warning,iforest,2017-01-08 05:00:00,2017-01-08 12:00:00,2017-01-08 07:00:00,8,29.811,26.317,13.28,,28.0,month cross-fit (other 11 months of 2017),0.5986,1,false_positive,
IF-00211,A_consumption,M1_power,Hog_office_Emmanuel,power_active_kw,high_consumption,warning,iforest,2017-01-11 08:00:00,2017-01-11 19:00:00,2017-01-11 10:00:00,12,38.574,33.834,14.01,,47.4,month cross-fit (other 11 months of 2017),0.6259,2,false_positive,
IF-00212,A_consumption,M1_power,Hog_office_Emmanuel,power_active_kw,high_consumption,warning,iforest,2017-01-12 08:00:00,2017-01-12 12:00:00,2017-01-12 10:00:00,5,38.748,34.015,13.91,,23.7,month cross-fit (other 11 months of 2017),0.5906,1,false_positive,
IF-00213,A_consumption,M1_power,Hog_office_Emmanuel,power_active_kw,off_hours_run,warning,iforest,2017-01-12 18:00:00,2017-01-12 20:00:00,2017-01-12 20:00:00,3,31.426,28.702,9.49,,8.2,month cross-fit (other 11 months of 2017),0.5868,1,false_positive,
IF-00214,A_consumption,M1_power,Hog_office_Emmanuel,power_active_kw,high_consumption,warning,iforest,2017-01-13 08:00:00,2017-01-13 12:00:00,2017-01-13 10:00:00,5,37.324,34.015,9.73,,16.5,month cross-fit (other 11 months of 2017),0.6013,1,false_positive,
IF-00215,A_consumption,M1_power,Hog_office_Emmanuel,power_active_kw,off_hours_run,warning,iforest,2017-01-14 00:00:00,2017-01-14 11:00:00,2017-01-14 02:00:00,12,26.753,23.534,13.68,,38.6,month cross-fit (other 11 months of 2017),0.5994,1,false_positive,
IF-00216,A_consumption,M1_power,Hog_office_Emmanuel,power_active_kw,off_hours_run,warning,iforest,2017-01-15 08:00:00,2017-01-15 10:00:00,2017-01-15 10:00:00,3,31.471,28.096,12.01,,10.1,month cross-fit (other 11 months of 2017),0.5758,1,false_positive,
IF-00217,A_consumption,M1_power,Hog_office_Emmanuel,power_active_kw,high_consumption,warning,iforest,2017-01-25 09:00:00,2017-01-25 11:00:00,2017-01-25 11:00:00,3,39.52,35.117,12.54,,13.2,month cross-fit (other 11 months of 2017),0.5777,1,false_positive,
IF-00218,A_consumption,M1_power,Hog_office_Emmanuel,power_active_kw,off_hours_run,warning,iforest,2017-01-27 08:00:00,2017-01-27 12:00:00,2017-01-27 10:00:00,5,35.396,29.586,19.64,,29.0,month cross-fit (other 11 months of 2017),0.6014,1,false_positive,
IF-00219,A_consumption,M1_power,Hog_office_Emmanuel,power_active_kw,off_hours_run,warning,iforest,2017-01-27 16:00:00,2017-01-27 18:00:00,2017-01-27 18:00:00,3,36.031,30.758,17.14,,15.8,month cross-fit (other 11 months of 2017),0.5839,1,false_positive,
IF-00220,A_consumption,M1_power,Hog_office_Emmanuel,power_active_kw,off_hours_run,warning,iforest,2017-01-31 08:00:00,2017-01-31 12:00:00,2017-01-31 10:00:00,5,37.758,29.586,27.62,,40.9,month cross-fit (other 11 months of 2017),0.5919,1,false_positive,
IF-00221,A_consumption,M1_power,Hog_office_Emmanuel,power_active_kw,off_hours_run,warning,iforest,2017-01-31 17:00:00,2017-01-31 21:00:00,2017-01-31 19:00:00,5,30.108,26.627,13.07,,17.4,month cross-fit (other 11 months of 2017),0.5882,1,false_positive,
IF-00222,A_consumption,M1_power,Hog_office_Emmanuel,power_active_kw,high_consumption,warning,iforest,2017-02-08 08:00:00,2017-02-08 12:00:00,2017-02-08 10:00:00,5,40.219,34.102,17.94,,30.6,month cross-fit (other 11 months of 2017),0.6095,1,false_positive,
IF-00223,A_consumption,M1_power,Hog_office_Emmanuel,power_active_kw,spike,warning,iforest,2017-03-31 08:00:00,2017-03-31 08:00:00,2017-03-31 08:00:00,1,92.631,27.293,239.39,,65.3,month cross-fit (other 11 months of 2017),0.6149,1,true_positive,SYN-M1-02-01
IF-00224,A_consumption,M1_power,Hog_office_Emmanuel,power_active_kw,baseload_rise,warning,iforest,2017-04-28 01:00:00,2017-05-03 03:00:00,2017-04-28 03:00:00,123,35.132,26.899,30.61,,1012.7,month cross-fit (other 11 months of 2017),0.6657,1,true_positive,SYN-M1-02-03
IF-00225,A_consumption,M1_power,Hog_office_Emmanuel,power_active_kw,high_consumption,warning,iforest,2017-05-03 06:00:00,2017-05-03 10:00:00,2017-05-03 08:00:00,5,35.645,27.986,27.37,,38.3,month cross-fit (other 11 months of 2017),0.619,1,true_positive,SYN-M1-02-03
IF-00226,DQ_quality,M1_power,Hog_office_Emmanuel,power_active_kw,data_loss,warning,dq_gap>=3h,2017-05-28 21:00:00,2017-05-30 02:00:00,2017-05-28 23:00:00,30,,,,,,,,1,true_positive,SYN-M1-02-04
IF-00227,DQ_quality,M1_power,Hog_office_Emmanuel,power_active_kw,stuck_sensor,warning,dq_flatline>=4h,2017-06-14 04:00:00,2017-06-14 11:00:00,2017-06-14 07:00:00,8,19.882,,,,,,,1,true_positive,SYN-M1-02-05
IF-00228,A_consumption,M1_power,Hog_office_Emmanuel,power_active_kw,high_consumption,warning,iforest,2017-07-06 13:00:00,2017-07-06 18:00:00,2017-07-06 15:00:00,6,39.832,35.262,12.96,,27.4,month cross-fit (other 11 months of 2017),0.6108,1,false_positive,
IF-00229,A_consumption,M1_power,Hog_office_Emmanuel,power_active_kw,off_hours_run,warning,iforest,2017-07-15 16:00:00,2017-07-15 18:00:00,2017-07-15 18:00:00,3,36.331,30.988,17.24,,16.0,month cross-fit (other 11 months of 2017),0.5868,1,false_positive,
IF-00230,A_consumption,M1_power,Hog_office_Emmanuel,power_active_kw,spike,warning,iforest,2017-07-18 14:00:00,2017-07-18 15:00:00,2017-07-18 14:00:00,2,65.498,35.553,84.23,,59.9,month cross-fit (other 11 months of 2017),0.6242,1,true_positive,SYN-M1-02-06
IF-00231,A_consumption,M1_power,Hog_office_Emmanuel,power_active_kw,off_hours_run,warning,iforest,2017-07-22 16:00:00,2017-07-22 20:00:00,2017-07-22 18:00:00,5,34.726,28.724,20.9,,30.0,month cross-fit (other 11 months of 2017),0.5865,1,false_positive,
IF-00232,A_consumption,M1_power,Hog_office_Emmanuel,power_active_kw,high_consumption,warning,iforest,2017-07-26 15:00:00,2017-07-26 18:00:00,2017-07-26 17:00:00,4,39.521,34.64,14.09,,19.5,month cross-fit (other 11 months of 2017),0.5837,1,false_positive,
IF-00233,A_consumption,M1_power,Hog_office_Emmanuel,power_active_kw,spike,warning,iforest,2017-07-31 06:00:00,2017-07-31 06:00:00,2017-07-31 06:00:00,1,70.519,20.764,239.62,,49.8,month cross-fit (other 11 months of 2017),0.6313,1,false_positive,
IF-00234,A_consumption,M1_power,Hog_office_Emmanuel,power_active_kw,high_consumption,warning,iforest,2017-08-15 17:00:00,2017-08-15 19:00:00,2017-08-15 19:00:00,3,38.602,31.759,21.55,,20.5,month cross-fit (other 11 months of 2017),0.5981,1,true_positive,SYN-M1-02-08
IF-00235,A_consumption,M1_power,Hog_office_Emmanuel,power_active_kw,baseload_rise,warning,iforest,2017-08-16 08:00:00,2017-08-17 19:00:00,2017-08-16 10:00:00,36,36.123,30.317,19.15,,209.0,month cross-fit (other 11 months of 2017),0.6031,1,true_positive,SYN-M1-02-08
IF-00236,A_consumption,M1_power,Hog_office_Emmanuel,power_active_kw,high_consumption,warning,iforest,2017-08-18 10:00:00,2017-08-18 12:00:00,2017-08-18 12:00:00,3,41.006,36.972,10.91,,12.1,month cross-fit (other 11 months of 2017),0.5755,1,true_positive,SYN-M1-02-08
IF-00237,A_consumption,M1_power,Hog_office_Emmanuel,power_active_kw,baseload_rise,warning,iforest,2017-08-18 15:00:00,2017-08-20 23:00:00,2017-08-18 17:00:00,57,32.958,26.636,23.73,,360.3,month cross-fit (other 11 months of 2017),0.6544,1,true_positive,SYN-M1-02-08
IF-00238,A_consumption,M1_power,Hog_office_Emmanuel,power_active_kw,off_hours_run,warning,iforest,2017-09-24 16:00:00,2017-09-24 18:00:00,2017-09-24 18:00:00,3,33.151,31.109,6.56,,8.0,month cross-fit (other 11 months of 2017),0.5741,1,false_positive,
IF-00239,A_consumption,M1_power,Hog_office_Emmanuel,power_active_kw,spike,warning,iforest,2017-11-05 02:00:00,2017-11-05 02:00:00,2017-11-05 02:00:00,1,45.476,20.297,124.05,,25.2,month cross-fit (other 11 months of 2017),0.6451,1,false_positive,
IF-00240,A_consumption,M1_power,Hog_office_Emmanuel,power_active_kw,spike,warning,iforest,2017-12-30 11:00:00,2017-12-30 11:00:00,2017-12-30 11:00:00,1,34.21,32.28,5.98,,1.9,month cross-fit (other 11 months of 2017),0.6145,1,false_positive,
IF-00241,A_consumption,M1_power,Hog_office_Emmanuel,power_active_kw,off_hours_run,warning,iforest,2017-12-30 23:00:00,2017-12-31 10:00:00,2017-12-31 01:00:00,12,23.542,22.725,3.6,,10.3,month cross-fit (other 11 months of 2017),0.6119,1,false_positive,
IF-00242,A_consumption,M1_power,Hog_office_Shon,power_active_kw,off_hours_run,warning,iforest,2017-01-08 06:00:00,2017-01-08 09:00:00,2017-01-08 08:00:00,4,57.107,53.631,6.48,,13.9,month cross-fit (other 11 months of 2017),0.5661,1,false_positive,
IF-00243,A_consumption,M1_power,Hog_office_Shon,power_active_kw,spike,warning,iforest,2017-01-09 07:00:00,2017-01-09 07:00:00,2017-01-09 07:00:00,1,90.094,69.383,29.85,,20.7,month cross-fit (other 11 months of 2017),0.6128,1,false_positive,
IF-00244,A_consumption,M1_power,Hog_office_Shon,power_active_kw,spike,warning,iforest,2017-01-12 07:00:00,2017-01-12 07:00:00,2017-01-12 07:00:00,1,87.684,69.383,26.38,,18.3,month cross-fit (other 11 months of 2017),0.6043,1,false_positive,
IF-00245,A_consumption,M1_power,Hog_office_Shon,power_active_kw,spike,warning,iforest,2017-01-13 13:00:00,2017-01-13 14:00:00,2017-01-13 13:00:00,2,122.319,104.416,17.15,,35.8,month cross-fit (other 11 months of 2017),0.6215,1,false_positive,
IF-00246,A_consumption,M1_power,Hog_office_Shon,power_active_kw,high_consumption,warning,iforest,2017-01-17 07:00:00,2017-01-17 11:00:00,2017-01-17 09:00:00,5,118.363,83.443,41.85,,174.6,month cross-fit (other 11 months of 2017),0.6048,1,false_positive,
IF-00247,A_consumption,M1_power,Hog_office_Shon,power_active_kw,high_consumption,warning,iforest,2017-01-18 07:00:00,2017-01-18 12:00:00,2017-01-18 09:00:00,6,111.215,87.257,27.46,,143.7,month cross-fit (other 11 months of 2017),0.6031,1,false_positive,
IF-00248,A_consumption,M1_power,Hog_office_Shon,power_active_kw,high_consumption,warning,iforest,2017-01-19 09:00:00,2017-01-19 11:00:00,2017-01-19 11:00:00,3,119.195,92.239,29.22,,80.9,month cross-fit (other 11 months of 2017),0.5632,1,false_positive,
IF-00249,A_consumption,M1_power,Hog_office_Shon,power_active_kw,high_consumption,warning,iforest,2017-01-23 09:00:00,2017-01-23 11:00:00,2017-01-23 11:00:00,3,127.667,92.239,38.41,,106.3,month cross-fit (other 11 months of 2017),0.5904,1,false_positive,
IF-00250,A_consumption,M1_power,Hog_office_Shon,power_active_kw,high_consumption,warning,iforest,2017-01-24 09:00:00,2017-01-24 11:00:00,2017-01-24 11:00:00,3,123.918,92.239,34.34,,95.0,month cross-fit (other 11 months of 2017),0.5936,1,false_positive,
IF-00251,A_consumption,M1_power,Hog_office_Shon,power_active_kw,high_consumption,warning,iforest,2017-01-25 09:00:00,2017-01-25 13:00:00,2017-01-25 11:00:00,5,125.815,97.306,29.3,,142.5,month cross-fit (other 11 months of 2017),0.5839,1,false_positive,
IF-00252,A_consumption,M1_power,Hog_office_Shon,power_active_kw,high_consumption,warning,iforest,2017-01-26 09:00:00,2017-01-26 11:00:00,2017-01-26 11:00:00,3,121.061,92.239,31.25,,86.5,month cross-fit (other 11 months of 2017),0.5736,1,false_positive,
IF-00253,A_consumption,M1_power,Hog_office_Shon,power_active_kw,off_hours_run,warning,iforest,2017-01-27 00:00:00,2017-01-27 02:00:00,2017-01-27 02:00:00,3,62.769,55.684,12.72,,21.3,month cross-fit (other 11 months of 2017),0.5674,1,false_positive,
IF-00254,A_consumption,M1_power,Hog_office_Shon,power_active_kw,off_hours_run,warning,iforest,2017-01-27 06:00:00,2017-01-27 20:00:00,2017-01-27 08:00:00,15,94.381,54.566,72.97,,597.2,month cross-fit (other 11 months of 2017),0.6391,1,false_positive,
IF-00255,A_consumption,M1_power,Hog_office_Shon,power_active_kw,off_hours_run,warning,iforest,2017-01-30 07:00:00,2017-01-31 00:00:00,2017-01-30 09:00:00,18,104.734,55.012,90.38,,895.0,month cross-fit (other 11 months of 2017),0.6515,1,false_positive,
IF-00256,A_consumption,M1_power,Hog_office_Shon,power_active_kw,off_hours_run,warning,iforest,2017-01-31 07:00:00,2017-01-31 23:00:00,2017-01-31 09:00:00,17,110.439,54.905,101.15,,944.1,month cross-fit (other 11 months of 2017),0.6492,1,false_positive,
IF-00257,A_consumption,M1_power,Hog_office_Shon,power_active_kw,high_consumption,warning,iforest,2017-02-01 09:00:00,2017-02-01 14:00:00,2017-02-01 11:00:00,6,124.322,96.915,28.28,,164.4,month cross-fit (other 11 months of 2017),0.602,1,false_positive,
IF-00258,A_consumption,M1_power,Hog_office_Shon,power_active_kw,high_consumption,warning,iforest,2017-02-02 07:00:00,2017-02-02 15:00:00,2017-02-02 09:00:00,9,119.472,91.777,30.18,,249.3,month cross-fit (other 11 months of 2017),0.6136,1,false_positive,
IF-00259,A_consumption,M1_power,Hog_office_Shon,power_active_kw,off_hours_run,warning,iforest,2017-02-02 18:00:00,2017-02-02 20:00:00,2017-02-02 20:00:00,3,100.569,84.799,18.6,,47.3,month cross-fit (other 11 months of 2017),0.5756,1,false_positive,
IF-00260,A_consumption,M1_power,Hog_office_Shon,power_active_kw,high_consumption,warning,iforest,2017-02-06 07:00:00,2017-02-06 11:00:00,2017-02-06 09:00:00,5,106.524,82.651,28.88,,119.4,month cross-fit (other 11 months of 2017),0.6156,1,false_positive,
IF-00261,A_consumption,M1_power,Hog_office_Shon,power_active_kw,high_consumption,warning,iforest,2017-02-06 16:00:00,2017-02-06 18:00:00,2017-02-06 18:00:00,3,128.466,95.292,34.81,,99.5,month cross-fit (other 11 months of 2017),0.5868,1,false_positive,
IF-00262,A_consumption,M1_power,Hog_office_Shon,power_active_kw,high_consumption,warning,iforest,2017-02-07 09:00:00,2017-02-07 18:00:00,2017-02-07 11:00:00,10,131.677,97.144,35.55,,345.3,month cross-fit (other 11 months of 2017),0.6092,1,false_positive,
IF-00263,A_consumption,M1_power,Hog_office_Shon,power_active_kw,high_consumption,warning,iforest,2017-02-08 09:00:00,2017-02-08 14:00:00,2017-02-08 11:00:00,6,125.011,96.915,28.99,,168.6,month cross-fit (other 11 months of 2017),0.6156,1,false_positive,
IF-00264,A_consumption,M1_power,Hog_office_Shon,power_active_kw,high_consumption,warning,iforest,2017-02-09 07:00:00,2017-02-09 18:00:00,2017-02-09 09:00:00,12,119.987,92.656,29.5,,328.0,month cross-fit (other 11 months of 2017),0.6192,1,false_positive,
IF-00265,A_consumption,M1_power,Hog_office_Shon,power_active_kw,high_consumption,warning,iforest,2017-02-21 09:00:00,2017-02-21 12:00:00,2017-02-21 11:00:00,4,125.464,94.248,33.12,,124.9,month cross-fit (other 11 months of 2017),0.5942,1,false_positive,
IF-00266,A_consumption,M1_power,Hog_office_Shon,power_active_kw,high_consumption,warning,iforest,2017-02-28 09:00:00,2017-02-28 12:00:00,2017-02-28 11:00:00,4,126.042,94.248,33.73,,127.2,month cross-fit (other 11 months of 2017),0.5903,1,false_positive,
IF-00267,A_consumption,M1_power,Hog_office_Shon,power_active_kw,high_consumption,warning,iforest,2017-03-01 09:00:00,2017-03-01 12:00:00,2017-03-01 11:00:00,4,123.432,95.016,29.91,,113.7,month cross-fit (other 11 months of 2017),0.5966,1,false_positive,
IF-00268,A_consumption,M1_power,Hog_office_Shon,power_active_kw,high_consumption,warning,iforest,2017-03-02 09:00:00,2017-03-02 17:00:00,2017-03-02 11:00:00,9,127.43,98.019,30.01,,205.9,month cross-fit (other 11 months of 2017),0.5953,2,false_positive,
IF-00269,A_consumption,M1_power,Hog_office_Shon,power_active_kw,high_consumption,warning,iforest,2017-03-03 09:00:00,2017-03-03 11:00:00,2017-03-03 11:00:00,3,113.524,91.542,24.01,,65.9,month cross-fit (other 11 months of 2017),0.5828,1,false_positive,
IF-00270,A_consumption,M1_power,Hog_office_Shon,power_active_kw,high_consumption,warning,iforest,2017-03-06 09:00:00,2017-03-06 11:00:00,2017-03-06 11:00:00,3,121.516,91.542,32.74,,89.9,month cross-fit (other 11 months of 2017),0.5788,1,false_positive,
IF-00271,A_consumption,M1_power,Hog_office_Shon,power_active_kw,high_consumption,warning,iforest,2017-03-07 09:00:00,2017-03-07 12:00:00,2017-03-07 11:00:00,4,123.31,95.016,29.78,,113.2,month cross-fit (other 11 months of 2017),0.5793,1,false_positive,
IF-00272,A_consumption,M1_power,Hog_office_Shon,power_active_kw,high_consumption,warning,iforest,2017-03-08 09:00:00,2017-03-08 11:00:00,2017-03-08 11:00:00,3,122.229,91.542,33.52,,92.1,month cross-fit (other 11 months of 2017),0.5876,1,false_positive,
IF-00273,A_consumption,M1_power,Hog_office_Shon,power_active_kw,high_consumption,warning,iforest,2017-03-09 09:00:00,2017-03-09 20:00:00,2017-03-09 11:00:00,12,130.742,95.686,36.64,,420.7,month cross-fit (other 11 months of 2017),0.5896,1,false_positive,
IF-00274,A_consumption,M1_power,Hog_office_Shon,power_active_kw,high_consumption,warning,iforest,2017-03-10 07:00:00,2017-03-10 10:00:00,2017-03-10 09:00:00,4,86.789,78.78,10.17,,32.0,month cross-fit (other 11 months of 2017),0.5793,1,false_positive,
IF-00275,A_consumption,M1_power,Hog_office_Shon,power_active_kw,spike,warning,iforest,2017-03-13 07:00:00,2017-03-13 07:00:00,2017-03-13 07:00:00,1,86.844,69.383,25.17,,17.5,month cross-fit (other 11 months of 2017),0.6119,1,false_positive,
IF-00276,A_consumption,M1_power,Hog_office_Shon,power_active_kw,high_consumption,warning,iforest,2017-03-20 07:00:00,2017-03-20 10:00:00,2017-03-20 09:00:00,4,97.115,78.78,23.27,,73.3,month cross-fit (other 11 months of 2017),0.5854,1,false_positive,
IF-00277,A_consumption,M1_power,Hog_office_Shon,power_active_kw,high_consumption,warning,iforest,2017-03-21 09:00:00,2017-03-21 12:00:00,2017-03-21 11:00:00,4,122.636,95.016,29.07,,110.5,month cross-fit (other 11 months of 2017),0.5829,1,false_positive,
IF-00278,A_consumption,M1_power,Hog_office_Shon,power_active_kw,spike,warning,iforest,2017-03-21 23:00:00,2017-03-22 00:00:00,2017-03-21 23:00:00,2,193.863,60.145,222.33,,267.4,month cross-fit (other 11 months of 2017),0.6702,1,true_positive,SYN-M1-03-01
IF-00279,A_consumption,M1_power,Hog_office_Shon,power_active_kw,high_consumption,warning,iforest,2017-03-22 09:00:00,2017-03-22 18:00:00,2017-03-22 11:00:00,10,126.252,97.962,28.88,,282.9,month cross-fit (other 11 months of 2017),0.5914,1,true_positive,SYN-M1-03-01
IF-00280,A_consumption,M1_power,Hog_office_Shon,power_active_kw,high_consumption,warning,iforest,2017-03-23 09:00:00,2017-03-23 12:00:00,2017-03-23 11:00:00,4,125.153,95.016,31.72,,120.5,month cross-fit (other 11 months of 2017),0.5886,1,false_positive,
IF-00281,A_consumption,M1_power,Hog_office_Shon,power_active_kw,high_consumption,warning,iforest,2017-03-28 09:00:00,2017-03-28 11:00:00,2017-03-28 11:00:00,3,120.284,91.542,31.4,,86.2,month cross-fit (other 11 months of 2017),0.5811,1,false_positive,
IF-00282,A_consumption,M1_power,Hog_office_Shon,power_active_kw,high_consumption,warning,iforest,2017-03-29 14:00:00,2017-03-29 16:00:00,2017-03-29 16:00:00,3,136.983,104.363,31.26,,97.9,month cross-fit (other 11 months of 2017),0.5644,1,false_positive,
IF-00283,A_consumption,M1_power,Hog_office_Shon,power_active_kw,high_consumption,warning,iforest,2017-04-04 09:00:00,2017-04-04 12:00:00,2017-04-04 11:00:00,4,118.465,94.406,25.48,,96.2,month cross-fit (other 11 months of 2017),0.5638,1,false_positive,
IF-00284,A_consumption,M1_power,Hog_office_Shon,power_active_kw,off_hours_run,warning,iforest,2017-04-06 07:00:00,2017-04-06 23:00:00,2017-04-06 09:00:00,17,106.829,54.861,94.73,,883.4,month cross-fit (other 11 months of 2017),0.6524,1,false_positive,
IF-00285,A_consumption,M1_power,Hog_office_Shon,power_active_kw,high_consumption,warning,iforest,2017-04-27 09:00:00,2017-04-27 11:00:00,2017-04-27 11:00:00,3,117.566,91.139,29.0,,79.3,month cross-fit (other 11 months of 2017),0.5752,1,false_positive,
IF-00286,A_consumption,M1_power,Hog_office_Shon,power_active_kw,off_hours_run,warning,iforest,2017-04-29 15:00:00,2017-04-29 17:00:00,2017-04-29 17:00:00,3,81.775,55.409,47.58,,79.1,month cross-fit (other 11 months of 2017),0.5669,1,false_positive,
IF-00287,A_consumption,M1_power,Hog_office_Shon,power_active_kw,off_hours_run,warning,iforest,2017-05-01 07:00:00,2017-05-01 23:00:00,2017-05-01 09:00:00,17,105.162,55.205,90.49,,849.3,month cross-fit (other 11 months of 2017),0.6137,1,false_positive,
IF-00288,A_consumption,M1_power,Hog_office_Shon,power_active_kw,off_hours_run,warning,iforest,2017-05-06 00:00:00,2017-05-06 13:00:00,2017-05-06 02:00:00,14,77.004,54.336,41.72,,317.3,month cross-fit (other 11 months of 2017),0.579,1,true_positive,SYN-M1-03-03
IF-00289,A_consumption,M1_power,Hog_office_Shon,power_active_kw,off_hours_run,warning,iforest,2017-05-08 21:00:00,2017-05-08 23:00:00,2017-05-08 23:00:00,3,103.206,72.036,43.27,,93.5,month cross-fit (other 11 months of 2017),0.5739,1,true_positive,SYN-M1-03-03
IF-00290,DQ_quality,M1_power,Hog_office_Shon,power_active_kw,data_loss,warning,dq_gap>=3h,2017-05-23 21:00:00,2017-05-24 17:00:00,2017-05-23 23:00:00,21,,,,,,,,1,true_positive,SYN-M1-03-04
IF-00291,A_consumption,M1_power,Hog_office_Shon,power_active_kw,spike,warning,iforest,2017-06-05 07:00:00,2017-06-05 07:00:00,2017-06-05 07:00:00,1,89.883,69.481,29.36,,20.4,month cross-fit (other 11 months of 2017),0.6107,1,false_positive,
IF-00292,A_consumption,M1_power,Hog_office_Shon,power_active_kw,spike,warning,iforest,2017-06-12 07:00:00,2017-06-12 08:00:00,2017-06-12 07:00:00,2,91.643,70.485,30.02,,42.3,month cross-fit (other 11 months of 2017),0.6267,1,false_positive,
IF-00293,DQ_quality,M1_power,Hog_office_Shon,power_active_kw,stuck_sensor,warning,dq_flatline>=4h,2017-06-13 23:00:00,2017-06-14 08:00:00,2017-06-14 02:00:00,10,68.088,,,,,,,1,true_positive,SYN-M1-03-05
IF-00294,A_consumption,M1_power,Hog_office_Shon,power_active_kw,spike,warning,iforest,2017-06-19 07:00:00,2017-06-19 07:00:00,2017-06-19 07:00:00,1,92.867,69.481,33.66,,23.4,month cross-fit (other 11 months of 2017),0.6103,1,false_positive,
IF-00295,A_consumption,M1_power,Hog_office_Shon,power_active_kw,spike,warning,iforest,2017-07-05 15:00:00,2017-07-05 16:00:00,2017-07-05 15:00:00,2,295.958,107.441,175.46,,377.0,month cross-fit (other 11 months of 2017),0.6508,1,true_positive,SYN-M1-03-06
IF-00296,A_consumption,M1_power,Hog_office_Shon,power_active_kw,spike,warning,iforest,2017-07-10 07:00:00,2017-07-10 07:00:00,2017-07-10 07:00:00,1,109.926,69.398,58.4,,40.5,month cross-fit (other 11 months of 2017),0.6034,1,false_positive,
IF-00297,A_consumption,M1_power,Hog_office_Shon,power_active_kw,off_hours_run,warning,iforest,2017-07-15 08:00:00,2017-07-15 21:00:00,2017-07-15 10:00:00,14,74.182,54.999,34.88,,268.6,month cross-fit (other 11 months of 2017),0.5776,1,false_positive,
IF-00298,A_consumption,M1_power,Hog_office_Shon,power_active_kw,off_hours_run,warning,iforest,2017-07-16 08:00:00,2017-07-16 12:00:00,2017-07-16 10:00:00,5,73.804,53.368,38.29,,102.2,month cross-fit (other 11 months of 2017),0.5803,1,false_positive,
IF-00299,A_consumption,M1_power,Hog_office_Shon,power_active_kw,off_hours_run,warning,iforest,2017-08-13 19:00:00,2017-08-13 21:00:00,2017-08-13 21:00:00,3,77.578,56.236,37.95,,64.0,month cross-fit (other 11 months of 2017),0.5974,1,false_positive,
IF-00300,A_consumption,M1_power,Hog_office_Shon,power_active_kw,baseload_rise,warning,iforest,2017-08-19 00:00:00,2017-08-20 23:00:00,2017-08-19 02:00:00,48,83.023,54.887,51.26,,1350.6,month cross-fit (other 11 months of 2017),0.6001,1,true_positive,SYN-M1-03-08
IF-00301,A_consumption,M1_power,Hog_office_Shon,power_active_kw,spike,warning,iforest,2017-11-05 02:00:00,2017-11-05 03:00:00,2017-11-05 02:00:00,2,84.246,54.764,53.83,,59.0,month cross-fit (other 11 months of 2017),0.642,1,false_positive,
IF-00302,A_consumption,M1_power,Hog_office_Shon,power_active_kw,spike,warning,iforest,2017-12-26 07:00:00,2017-12-26 08:00:00,2017-12-26 07:00:00,2,89.376,70.122,27.46,,38.5,month cross-fit (other 11 months of 2017),0.6445,1,false_positive,
IF-00303,A_consumption,M1_power,Hog_office_Shon,power_active_kw,spike,warning,iforest,2017-12-27 07:00:00,2017-12-27 08:00:00,2017-12-27 07:00:00,2,86.806,70.122,23.79,,33.4,month cross-fit (other 11 months of 2017),0.6349,1,false_positive,
IF-00304,A_consumption,M1_power,Hog_office_Shon,power_active_kw,spike,warning,iforest,2017-12-28 07:00:00,2017-12-28 07:00:00,2017-12-28 07:00:00,1,85.586,69.188,23.7,,16.4,month cross-fit (other 11 months of 2017),0.6091,1,false_positive,
IF-00305,A_consumption,M1_power,Hog_office_Shon,power_active_kw,spike,warning,iforest,2017-12-29 07:00:00,2017-12-29 07:00:00,2017-12-29 07:00:00,1,81.561,69.188,17.88,,12.4,month cross-fit (other 11 months of 2017),0.6268,1,false_positive,
IF-00306,A_consumption,M1_power,Hog_office_Shon,power_active_kw,off_hours_run,warning,iforest,2017-12-30 06:00:00,2017-12-30 09:00:00,2017-12-30 08:00:00,4,54.979,54.223,1.39,,3.0,month cross-fit (other 11 months of 2017),0.5858,1,false_positive,
IF-00307,A_consumption,M1_power,Hog_office_Shon,power_active_kw,off_hours_run,warning,iforest,2017-12-31 07:00:00,2017-12-31 11:00:00,2017-12-31 09:00:00,5,54.621,53.786,1.55,,4.2,month cross-fit (other 11 months of 2017),0.5866,1,false_positive,
IF-00308,A_consumption,M1_power,Panther_office_Shauna,power_active_kw,spike,warning,iforest,2017-01-02 07:00:00,2017-01-02 08:00:00,2017-01-02 07:00:00,2,207.14,146.428,41.46,,121.4,month cross-fit (other 11 months of 2017),0.6587,1,false_positive,
IF-00309,A_consumption,M1_power,Panther_office_Shauna,power_active_kw,off_hours_run,warning,iforest,2017-01-07 14:00:00,2017-01-07 21:00:00,2017-01-07 16:00:00,8,126.574,89.83,40.9,,294.0,month cross-fit (other 11 months of 2017),0.631,1,false_positive,
IF-00310,A_consumption,M1_power,Panther_office_Shauna,power_active_kw,off_hours_run,warning,iforest,2017-01-08 21:00:00,2017-01-09 10:00:00,2017-01-08 23:00:00,14,131.397,83.016,58.28,,677.3,month cross-fit (other 11 months of 2017),0.6783,1,false_positive,
IF-00311,A_consumption,M1_power,Panther_office_Shauna,power_active_kw,high_consumption,warning,iforest,2017-01-10 05:00:00,2017-01-10 09:00:00,2017-01-10 07:00:00,5,160.511,116.242,38.08,,221.3,month cross-fit (other 11 months of 2017),0.6839,1,false_positive,
IF-00312,A_consumption,M1_power,Panther_office_Shauna,power_active_kw,high_consumption,warning,iforest,2017-01-11 07:00:00,2017-01-11 09:00:00,2017-01-11 09:00:00,3,192.504,141.361,36.18,,153.4,month cross-fit (other 11 months of 2017),0.6607,1,false_positive,
IF-00313,A_consumption,M1_power,Panther_office_Shauna,power_active_kw,off_hours_run,warning,iforest,2017-01-28 06:00:00,2017-01-28 21:00:00,2017-01-28 08:00:00,16,130.988,90.818,44.23,,642.7,month cross-fit (other 11 months of 2017),0.6376,1,false_positive,
IF-00314,A_consumption,M1_power,Panther_office_Shauna,power_active_kw,baseload_rise,warning,iforest,2017-01-29 21:00:00,2017-01-31 23:00:00,2017-01-29 23:00:00,51,125.683,77.74,61.67,,2445.1,month cross-fit (other 11 months of 2017),0.6992,1,false_positive,
IF-00315,A_consumption,M1_power,Panther_office_Shauna,power_active_kw,high_consumption,warning,iforest,2017-02-01 06:00:00,2017-02-01 08:00:00,2017-02-01 08:00:00,3,175.167,127.491,37.4,,143.0,month cross-fit (other 11 months of 2017),0.6758,1,false_positive,
IF-00316,A_consumption,M1_power,Panther_office_Shauna,power_active_kw,high_consumption,warning,iforest,2017-02-06 06:00:00,2017-02-06 08:00:00,2017-02-06 08:00:00,3,159.031,127.491,24.74,,94.6,month cross-fit (other 11 months of 2017),0.6366,1,false_positive,
IF-00317,DQ_quality,M1_power,Panther_office_Shauna,power_active_kw,data_loss,warning,dq_gap>=3h,2017-02-14 19:00:00,2017-02-14 23:00:00,2017-02-14 21:00:00,5,,,,,,,,1,natural,
IF-00318,A_consumption,M1_power,Panther_office_Shauna,power_active_kw,off_hours_run,warning,iforest,2017-03-04 06:00:00,2017-03-04 08:00:00,2017-03-04 08:00:00,3,138.027,89.884,53.56,,144.4,month cross-fit (other 11 months of 2017),0.6357,1,false_positive,
IF-00319,A_consumption,M1_power,Panther_office_Shauna,power_active_kw,high_consumption,warning,iforest,2017-03-15 07:00:00,2017-03-15 10:00:00,2017-03-15 09:00:00,4,260.156,137.834,88.75,,489.3,month cross-fit (other 11 months of 2017),0.6819,1,true_positive,SYN-M1-04-01
IF-00320,A_consumption,M1_power,Panther_office_Shauna,power_active_kw,off_hours_run,warning,iforest,2017-03-16 03:00:00,2017-03-16 10:00:00,2017-03-16 05:00:00,8,141.627,103.036,37.45,,308.7,month cross-fit (other 11 months of 2017),0.6874,1,true_positive,SYN-M1-04-01
IF-00321,A_consumption,M1_power,Panther_office_Shauna,power_active_kw,high_consumption,warning,iforest,2017-03-17 06:00:00,2017-03-17 09:00:00,2017-03-17 08:00:00,4,185.336,128.707,44.0,,226.5,month cross-fit (other 11 months of 2017),0.6769,1,false_positive,
IF-00322,A_consumption,M1_power,Panther_office_Shauna,power_active_kw,off_hours_run,warning,iforest,2017-03-18 06:00:00,2017-03-18 08:00:00,2017-03-18 08:00:00,3,149.362,89.884,66.17,,178.4,month cross-fit (other 11 months of 2017),0.6722,1,false_positive,
IF-00323,A_consumption,M1_power,Panther_office_Shauna,power_active_kw,high_consumption,warning,iforest,2017-03-20 07:00:00,2017-03-20 09:00:00,2017-03-20 09:00:00,3,191.17,140.37,36.19,,152.4,month cross-fit (other 11 months of 2017),0.6449,1,false_positive,
IF-00324,A_consumption,M1_power,Panther_office_Shauna,power_active_kw,off_hours_run,warning,iforest,2017-04-08 07:00:00,2017-04-08 09:00:00,2017-04-08 09:00:00,3,157.564,96.152,63.87,,184.2,month cross-fit (other 11 months of 2017),0.6318,1,false_positive,
IF-00325,A_consumption,M1_power,Panther_office_Shauna,power_active_kw,spike,warning,iforest,2017-05-09 07:00:00,2017-05-09 07:00:00,2017-05-09 07:00:00,1,214.499,146.228,46.69,,68.3,month cross-fit (other 11 months of 2017),0.6421,1,true_positive,SYN-M1-04-03
IF-00326,A_consumption,M1_power,Panther_office_Shauna,power_active_kw,high_consumption,warning,iforest,2017-05-09 13:00:00,2017-05-09 18:00:00,2017-05-09 15:00:00,6,171.657,126.341,35.87,,271.9,month cross-fit (other 11 months of 2017),0.5888,1,true_positive,SYN-M1-04-03
IF-00327,A_consumption,M1_power,Panther_office_Shauna,power_active_kw,high_consumption,warning,iforest,2017-05-10 07:00:00,2017-05-10 20:00:00,2017-05-10 09:00:00,14,175.849,126.682,38.81,,688.3,month cross-fit (other 11 months of 2017),0.642,1,true_positive,SYN-M1-04-03
IF-00328,A_consumption,M1_power,Panther_office_Shauna,power_active_kw,high_consumption,warning,iforest,2017-05-11 06:00:00,2017-05-11 20:00:00,2017-05-11 08:00:00,15,174.118,124.264,40.12,,747.8,month cross-fit (other 11 months of 2017),0.6222,1,true_positive,SYN-M1-04-03
IF-00329,A_consumption,M1_power,Panther_office_Shauna,power_active_kw,high_consumption,warning,iforest,2017-05-12 07:00:00,2017-05-12 20:00:00,2017-05-12 09:00:00,14,173.008,125.941,37.37,,564.8,month cross-fit (other 11 months of 2017),0.6325,2,true_positive,SYN-M1-04-03
IF-00330,A_consumption,M1_power,Panther_office_Shauna,power_active_kw,off_hours_run,warning,iforest,2017-05-13 00:00:00,2017-05-13 02:00:00,2017-05-13 02:00:00,3,98.21,54.944,78.75,,129.8,month cross-fit (other 11 months of 2017),0.5803,1,true_positive,SYN-M1-04-03
IF-00331,A_consumption,M1_power,Panther_office_Shauna,power_active_kw,off_hours_run,warning,iforest,2017-05-13 06:00:00,2017-05-13 20:00:00,2017-05-13 08:00:00,15,157.916,93.202,69.43,,841.3,month cross-fit (other 11 months of 2017),0.6626,2,true_positive,SYN-M1-04-03
IF-00332,A_consumption,M1_power,Panther_office_Shauna,power_active_kw,off_hours_run,warning,iforest,2017-05-28 19:00:00,2017-05-28 21:00:00,2017-05-28 21:00:00,3,102.486,75.881,35.06,,79.8,month cross-fit (other 11 months of 2017),0.6151,1,false_positive,
IF-00333,DQ_quality,M1_power,Panther_office_Shauna,power_active_kw,data_loss,warning,dq_gap>=3h,2017-06-06 05:00:00,2017-06-06 17:00:00,2017-06-06 07:00:00,13,,,,,,,,1,true_positive,SYN-M1-04-04
IF-00334,A_consumption,M1_power,Panther_office_Shauna,power_active_kw,high_consumption,warning,iforest,2017-06-12 06:00:00,2017-06-12 08:00:00,2017-06-12 08:00:00,3,174.1,127.291,36.77,,140.4,month cross-fit (other 11 months of 2017),0.5919,1,false_positive,
IF-00335,DQ_quality,M1_power,Panther_office_Shauna,power_active_kw,stuck_sensor,warning,dq_flatline>=4h,2017-06-16 01:00:00,2017-06-16 17:00:00,2017-06-16 04:00:00,17,56.411,,,,,,,1,true_positive,SYN-M1-04-05
IF-00336,DQ_quality,M1_power,Panther_office_Shauna,power_active_kw,data_loss,warning,dq_gap>=3h,2017-06-19 19:00:00,2017-06-20 00:00:00,2017-06-19 21:00:00,6,,,,,,,,1,natural,
IF-00337,A_consumption,M1_power,Panther_office_Shauna,power_active_kw,spike,warning,iforest,2017-10-28 07:00:00,2017-10-28 07:00:00,2017-10-28 07:00:00,1,172.433,97.319,77.18,,75.1,month cross-fit (other 11 months of 2017),0.6415,1,false_positive,
IF-00338,A_consumption,M1_power,Panther_office_Shauna,power_active_kw,high_consumption,warning,iforest,2017-10-30 06:00:00,2017-10-30 09:00:00,2017-10-30 08:00:00,4,184.386,129.675,42.19,,218.8,month cross-fit (other 11 months of 2017),0.6873,1,false_positive,
IF-00339,A_consumption,M1_power,Panther_office_Shauna,power_active_kw,spike,warning,iforest,2017-10-31 07:00:00,2017-10-31 07:00:00,2017-10-31 07:00:00,1,200.039,145.028,37.93,,55.0,month cross-fit (other 11 months of 2017),0.6516,1,false_positive,
IF-00340,A_consumption,M1_power,Panther_office_Shauna,power_active_kw,spike,warning,iforest,2017-11-04 07:00:00,2017-11-04 07:00:00,2017-11-04 07:00:00,1,180.835,97.019,86.39,,83.8,month cross-fit (other 11 months of 2017),0.6387,1,false_positive,
IF-00341,A_consumption,M1_power,Panther_office_Shauna,power_active_kw,high_consumption,warning,iforest,2017-11-20 06:00:00,2017-11-20 08:00:00,2017-11-20 08:00:00,3,173.9,127.358,36.54,,139.6,month cross-fit (other 11 months of 2017),0.6488,1,false_positive,
IF-00342,A_consumption,M1_power,Panther_office_Shauna,power_active_kw,off_hours_run,warning,iforest,2017-11-25 00:00:00,2017-11-25 12:00:00,2017-11-25 02:00:00,13,133.641,74.907,78.41,,763.5,month cross-fit (other 11 months of 2017),0.5981,1,false_positive,
IF-00343,A_consumption,M1_power,Panther_office_Shauna,power_active_kw,off_hours_run,warning,iforest,2017-11-25 18:00:00,2017-11-26 06:00:00,2017-11-25 20:00:00,13,128.917,65.02,98.27,,830.7,month cross-fit (other 11 months of 2017),0.6084,1,false_positive,
IF-00344,A_consumption,M1_power,Panther_office_Shauna,power_active_kw,high_consumption,warning,iforest,2017-12-04 06:00:00,2017-12-04 08:00:00,2017-12-04 08:00:00,3,164.832,127.091,29.7,,113.2,month cross-fit (other 11 months of 2017),0.6178,1,false_positive,
IF-00345,A_consumption,M1_power,Panther_office_Shauna,power_active_kw,off_hours_run,warning,iforest,2017-12-09 07:00:00,2017-12-09 11:00:00,2017-12-09 09:00:00,5,134.066,93.198,43.85,,204.3,month cross-fit (other 11 months of 2017),0.5981,1,false_positive,
IF-00346,A_consumption,M1_power,Panther_office_Shauna,power_active_kw,off_hours_run,warning,iforest,2017-12-09 18:00:00,2017-12-09 22:00:00,2017-12-09 20:00:00,5,134.346,76.215,76.27,,290.7,month cross-fit (other 11 months of 2017),0.6139,1,false_positive,
IF-00347,A_consumption,M1_power,Panther_office_Shauna,power_active_kw,off_hours_run,warning,iforest,2017-12-10 21:00:00,2017-12-11 02:00:00,2017-12-10 23:00:00,6,62.679,55.744,12.44,,41.6,month cross-fit (other 11 months of 2017),0.5921,1,false_positive,
IF-00348,A_consumption,M1_power,Panther_office_Shauna,power_active_kw,high_consumption,warning,iforest,2017-12-11 05:00:00,2017-12-11 09:00:00,2017-12-11 07:00:00,5,181.835,115.702,57.16,,330.7,month cross-fit (other 11 months of 2017),0.6706,1,false_positive,
IF-00349,A_consumption,M1_power,Panther_office_Shauna,power_active_kw,off_hours_run,warning,iforest,2017-12-11 18:00:00,2017-12-12 00:00:00,2017-12-11 20:00:00,7,126.339,75.958,66.33,,352.7,month cross-fit (other 11 months of 2017),0.6427,1,false_positive,
IF-00350,A_consumption,M1_power,Panther_office_Shauna,power_active_kw,high_consumption,warning,iforest,2017-12-12 06:00:00,2017-12-12 09:00:00,2017-12-12 08:00:00,4,175.584,128.425,36.72,,188.6,month cross-fit (other 11 months of 2017),0.691,1,false_positive,
IF-00351,A_consumption,M1_power,Panther_office_Shauna,power_active_kw,high_consumption,warning,iforest,2017-12-13 06:00:00,2017-12-13 09:00:00,2017-12-13 08:00:00,4,173.533,128.425,35.12,,180.4,month cross-fit (other 11 months of 2017),0.6588,1,false_positive,
IF-00352,A_consumption,M1_power,Panther_office_Shauna,power_active_kw,off_hours_run,warning,iforest,2017-12-13 18:00:00,2017-12-13 23:00:00,2017-12-13 20:00:00,6,135.793,79.315,71.21,,338.9,month cross-fit (other 11 months of 2017),0.6214,1,false_positive,
IF-00353,A_consumption,M1_power,Panther_office_Shauna,power_active_kw,high_consumption,warning,iforest,2017-12-14 06:00:00,2017-12-14 09:00:00,2017-12-14 08:00:00,4,168.433,128.425,31.15,,160.0,month cross-fit (other 11 months of 2017),0.6418,1,false_positive,
IF-00354,A_consumption,M1_power,Panther_office_Shauna,power_active_kw,off_hours_run,warning,iforest,2017-12-16 06:00:00,2017-12-16 08:00:00,2017-12-16 08:00:00,3,136.693,87.35,56.49,,148.0,month cross-fit (other 11 months of 2017),0.6248,1,false_positive,
IF-00355,A_consumption,M1_power,Panther_office_Shauna,power_active_kw,off_hours_run,warning,iforest,2017-12-23 06:00:00,2017-12-23 09:00:00,2017-12-23 08:00:00,4,126.524,88.667,42.7,,151.4,month cross-fit (other 11 months of 2017),0.6197,1,false_positive,
IF-00356,A_consumption,M1_power,Panther_office_Shauna,power_active_kw,baseload_rise,warning,iforest,2017-12-29 17:00:00,2017-12-31 14:00:00,2017-12-29 19:00:00,46,137.418,78.937,74.09,,2690.1,month cross-fit (other 11 months of 2017),0.6514,1,false_positive,
IF-00357,A_consumption,M1_power,Panther_office_Shauna,power_active_kw,off_hours_run,warning,iforest,2017-12-31 17:00:00,2017-12-31 23:00:00,2017-12-31 19:00:00,7,132.426,76.572,72.94,,391.0,month cross-fit (other 11 months of 2017),0.626,1,false_positive,
IF-00358,DQ_quality,M2_cooling,Peacock_office_Julian,cooling_kw,data_loss,warning,dq_gap>=3h,2017-01-05 05:00:00,2017-01-05 19:00:00,2017-01-05 07:00:00,15,,,,,,,,1,natural,
IF-00359,DQ_quality,M2_cooling,Peacock_office_Julian,cooling_kw,data_loss,warning,dq_gap>=3h,2017-01-18 04:00:00,2017-01-18 06:00:00,2017-01-18 06:00:00,3,,,,,,,,1,natural,
IF-00360,DQ_quality,M2_cooling,Peacock_office_Julian,cooling_kw,data_loss,warning,dq_gap>=3h,2017-01-31 04:00:00,2017-01-31 06:00:00,2017-01-31 06:00:00,3,,,,,,,,1,natural,
IF-00361,DQ_quality,M2_cooling,Peacock_office_Julian,cooling_kw,data_loss,warning,dq_gap>=3h,2017-02-09 01:00:00,2017-02-09 06:00:00,2017-02-09 03:00:00,6,,,,,,,,1,natural,
IF-00362,DQ_quality,M2_cooling,Peacock_office_Julian,cooling_kw,data_loss,warning,dq_gap>=3h,2017-02-12 02:00:00,2017-02-12 09:00:00,2017-02-12 04:00:00,8,,,,,0.0,,,2,natural,
IF-00363,DQ_quality,M2_cooling,Peacock_office_Julian,cooling_kw,data_loss,warning,dq_gap>=3h,2017-02-12 14:00:00,2017-02-13 06:00:00,2017-02-12 16:00:00,17,,,,,0.0,,,2,natural,
IF-00364,DQ_quality,M2_cooling,Peacock_office_Julian,cooling_kw,data_loss,warning,dq_gap>=3h,2017-02-16 01:00:00,2017-02-16 06:00:00,2017-02-16 03:00:00,6,,,,,,,,1,natural,
IF-00365,DQ_quality,M2_cooling,Peacock_office_Julian,cooling_kw,data_loss,warning,dq_gap>=3h,2017-02-17 03:00:00,2017-02-17 06:00:00,2017-02-17 05:00:00,4,,,,,,,,1,natural,
IF-00366,DQ_quality,M2_cooling,Peacock_office_Julian,cooling_kw,data_loss,warning,dq_gap>=3h,2017-02-18 20:00:00,2017-02-19 10:00:00,2017-02-18 22:00:00,15,,,,,,,,1,natural,
IF-00367,DQ_quality,M2_cooling,Peacock_office_Julian,cooling_kw,data_loss,warning,dq_gap>=3h,2017-03-04 10:00:00,2017-03-04 12:00:00,2017-03-04 12:00:00,3,,,,,,,,1,natural,
IF-00368,A_consumption,M2_cooling,Peacock_office_Julian,cooling_kw,spike,warning,iforest,2017-03-12 03:00:00,2017-03-12 03:00:00,2017-03-12 03:00:00,1,2110.11,0.056,3767953.57,,2110.1,month cross-fit (other 11 months of 2017),0.6995,1,false_positive,
IF-00369,DQ_quality,M2_cooling,Peacock_office_Julian,cooling_kw,data_loss,warning,dq_gap>=3h,2017-04-16 17:00:00,2017-04-17 18:00:00,2017-04-16 19:00:00,26,,,,,,,,1,true_positive,SYN-M2-04-02
IF-00370,A_consumption,M2_cooling,Peacock_office_Julian,cooling_kw,off_hours_run,warning,iforest,2017-04-22 20:00:00,2017-04-23 00:00:00,2017-04-22 22:00:00,5,37.206,0.046,80782.61,,185.8,month cross-fit (other 11 months of 2017),0.6175,1,false_positive,
IF-00371,A_consumption,M2_cooling,Peacock_office_Julian,cooling_kw,off_hours_run,warning,iforest,2017-04-29 07:00:00,2017-04-29 21:00:00,2017-04-29 09:00:00,15,94.13,0.108,87057.41,,1410.3,month cross-fit (other 11 months of 2017),0.6334,1,false_positive,
IF-00372,A_consumption,M2_cooling,Peacock_office_Julian,cooling_kw,off_hours_run,warning,iforest,2017-05-01 12:00:00,2017-05-01 22:00:00,2017-05-01 14:00:00,11,97.258,0.323,30010.84,,1066.3,month cross-fit (other 11 months of 2017),0.6245,1,false_positive,
IF-00373,A_consumption,M2_cooling,Peacock_office_Julian,cooling_kw,high_consumption,warning,iforest,2017-05-18 10:00:00,2017-05-18 12:00:00,2017-05-18 12:00:00,3,156.74,22.706,590.3,,402.1,month cross-fit (other 11 months of 2017),0.5713,1,false_positive,
IF-00374,A_consumption,M2_cooling,Peacock_office_Julian,cooling_kw,high_consumption,warning,iforest,2017-05-18 16:00:00,2017-05-18 18:00:00,2017-05-18 18:00:00,3,104.849,16.463,536.88,,265.2,month cross-fit (other 11 months of 2017),0.5805,1,false_positive,
IF-00375,DQ_quality,M2_cooling,Peacock_office_Julian,cooling_kw,stuck_sensor,warning,dq_flatline>=4h,2017-05-19 05:00:00,2017-05-19 21:00:00,2017-05-19 08:00:00,17,0.007,,,,,,,1,true_positive,SYN-M2-04-04
IF-00376,A_consumption,M2_cooling,Peacock_office_Julian,cooling_kw,high_consumption,warning,iforest,2017-06-12 07:00:00,2017-06-12 21:00:00,2017-06-12 09:00:00,15,148.836,14.563,922.01,,2014.1,month cross-fit (other 11 months of 2017),0.6616,1,false_positive,
IF-00377,A_consumption,M2_cooling,Peacock_office_Julian,cooling_kw,high_consumption,warning,iforest,2017-06-13 07:00:00,2017-06-13 15:00:00,2017-06-13 09:00:00,9,185.232,17.663,948.7,,1508.1,month cross-fit (other 11 months of 2017),0.6903,1,false_positive,
IF-00378,A_consumption,M2_cooling,Peacock_office_Julian,cooling_kw,high_consumption,warning,iforest,2017-06-14 07:00:00,2017-06-14 12:00:00,2017-06-14 09:00:00,6,182.967,16.092,1037.01,,1001.3,month cross-fit (other 11 months of 2017),0.6776,1,false_positive,
IF-00379,A_consumption,M2_cooling,Peacock_office_Julian,cooling_kw,high_consumption,warning,iforest,2017-06-19 07:00:00,2017-06-19 21:00:00,2017-06-19 09:00:00,15,154.427,14.563,960.41,,2098.0,month cross-fit (other 11 months of 2017),0.6739,1,false_positive,
IF-00380,A_consumption,M2_cooling,Peacock_office_Julian,cooling_kw,off_hours_run,warning,iforest,2017-06-20 04:00:00,2017-06-20 09:00:00,2017-06-20 06:00:00,6,81.609,8.293,884.07,,439.9,month cross-fit (other 11 months of 2017),0.6621,1,false_positive,
IF-00381,A_consumption,M2_cooling,Peacock_office_Julian,cooling_kw,high_consumption,warning,iforest,2017-06-23 07:00:00,2017-06-23 18:00:00,2017-06-23 09:00:00,12,157.093,16.993,824.46,,1681.2,month cross-fit (other 11 months of 2017),0.6621,1,false_positive,
IF-00382,A_consumption,M2_cooling,Peacock_office_Julian,cooling_kw,spike,warning,iforest,2017-06-27 21:00:00,2017-06-27 22:00:00,2017-06-27 21:00:00,2,118.564,0.981,11986.03,,235.2,month cross-fit (other 11 months of 2017),0.6841,1,true_positive,SYN-M2-04-05
IF-00383,A_consumption,M2_cooling,Peacock_office_Julian,cooling_kw,high_consumption,warning,iforest,2017-06-30 16:00:00,2017-06-30 18:00:00,2017-06-30 18:00:00,3,111.278,14.982,642.74,,288.9,month cross-fit (other 11 months of 2017),0.6025,1,false_positive,
IF-00384,A_consumption,M2_cooling,Peacock_office_Julian,cooling_kw,high_consumption,warning,iforest,2017-07-03 07:00:00,2017-07-03 21:00:00,2017-07-03 09:00:00,15,148.761,14.102,954.89,,2019.9,month cross-fit (other 11 months of 2017),0.6862,1,true_positive,SYN-M2-04-06
IF-00385,A_consumption,M2_cooling,Peacock_office_Julian,cooling_kw,high_consumption,warning,iforest,2017-07-05 07:00:00,2017-07-05 09:00:00,2017-07-05 09:00:00,3,183.185,16.156,1033.85,,501.1,month cross-fit (other 11 months of 2017),0.6727,1,false_positive,
IF-00386,A_consumption,M2_cooling,Peacock_office_Julian,cooling_kw,spike,warning,iforest,2017-07-06 07:00:00,2017-07-06 08:00:00,2017-07-06 07:00:00,2,149.655,17.711,744.98,,263.9,month cross-fit (other 11 months of 2017),0.668,1,false_positive,
IF-00387,A_consumption,M2_cooling,Peacock_office_Julian,cooling_kw,spike,warning,iforest,2017-07-07 07:00:00,2017-07-07 08:00:00,2017-07-07 07:00:00,2,152.765,17.711,762.54,,270.1,month cross-fit (other 11 months of 2017),0.6662,1,false_positive,
IF-00388,A_consumption,M2_cooling,Peacock_office_Julian,cooling_kw,high_consumption,warning,iforest,2017-07-07 16:00:00,2017-07-07 18:00:00,2017-07-07 18:00:00,3,89.601,14.183,531.75,,226.3,month cross-fit (other 11 months of 2017),0.6074,1,false_positive,
IF-00389,A_consumption,M2_cooling,Peacock_office_Julian,cooling_kw,spike,warning,iforest,2017-07-10 07:00:00,2017-07-10 08:00:00,2017-07-10 07:00:00,2,148.657,17.711,739.35,,261.9,month cross-fit (other 11 months of 2017),0.6513,1,false_positive,
IF-00390,A_consumption,M2_cooling,Peacock_office_Julian,cooling_kw,high_consumption,warning,iforest,2017-07-10 16:00:00,2017-07-10 18:00:00,2017-07-10 18:00:00,3,108.154,14.183,662.56,,281.9,month cross-fit (other 11 months of 2017),0.6266,1,false_positive,
IF-00391,A_consumption,M2_cooling,Peacock_office_Julian,cooling_kw,high_consumption,warning,iforest,2017-07-11 07:00:00,2017-07-11 21:00:00,2017-07-11 09:00:00,15,127.809,13.17,870.45,,1490.3,month cross-fit (other 11 months of 2017),0.6851,2,false_positive,
IF-00392,A_consumption,M2_cooling,Peacock_office_Julian,cooling_kw,high_consumption,warning,iforest,2017-07-12 07:00:00,2017-07-12 21:00:00,2017-07-12 09:00:00,15,129.976,14.102,821.68,,1738.1,month cross-fit (other 11 months of 2017),0.6904,1,false_positive,
IF-00393,A_consumption,M2_cooling,Peacock_office_Julian,cooling_kw,high_consumption,warning,iforest,2017-07-13 07:00:00,2017-07-13 21:00:00,2017-07-13 09:00:00,15,140.998,14.102,899.84,,1903.4,month cross-fit (other 11 months of 2017),0.7017,1,false_positive,
IF-00394,A_consumption,M2_cooling,Peacock_office_Julian,cooling_kw,high_consumption,warning,iforest,2017-07-14 07:00:00,2017-07-14 10:00:00,2017-07-14 09:00:00,4,151.43,15.35,886.51,,544.3,month cross-fit (other 11 months of 2017),0.6875,1,false_positive,
IF-00395,A_consumption,M2_cooling,Peacock_office_Julian,cooling_kw,high_consumption,warning,iforest,2017-07-17 07:00:00,2017-07-17 21:00:00,2017-07-17 09:00:00,15,139.671,13.17,960.52,,1644.5,month cross-fit (other 11 months of 2017),0.6704,2,false_positive,
IF-00396,A_consumption,M2_cooling,Peacock_office_Julian,cooling_kw,high_consumption,warning,iforest,2017-07-18 07:00:00,2017-07-18 21:00:00,2017-07-18 09:00:00,15,139.412,14.102,888.6,,1879.6,month cross-fit (other 11 months of 2017),0.6907,1,false_positive,
IF-00397,A_consumption,M2_cooling,Peacock_office_Julian,cooling_kw,high_consumption,warning,iforest,2017-07-19 07:00:00,2017-07-19 21:00:00,2017-07-19 09:00:00,15,132.856,14.102,842.11,,1781.3,month cross-fit (other 11 months of 2017),0.7002,1,false_positive,
IF-00398,A_consumption,M2_cooling,Peacock_office_Julian,cooling_kw,high_consumption,warning,iforest,2017-07-20 07:00:00,2017-07-20 21:00:00,2017-07-20 09:00:00,15,147.269,14.102,944.31,,1997.5,month cross-fit (other 11 months of 2017),0.6989,1,false_positive,
IF-00399,A_consumption,M2_cooling,Peacock_office_Julian,cooling_kw,high_consumption,warning,iforest,2017-07-21 07:00:00,2017-07-21 15:00:00,2017-07-21 09:00:00,9,180.23,17.175,949.37,,1467.5,month cross-fit (other 11 months of 2017),0.7011,1,false_positive,
IF-00400,A_consumption,M2_cooling,Peacock_office_Julian,cooling_kw,high_consumption,warning,iforest,2017-07-24 07:00:00,2017-07-24 10:00:00,2017-07-24 09:00:00,4,192.54,15.35,1154.33,,708.8,month cross-fit (other 11 months of 2017),0.6766,1,false_positive,
IF-00401,A_consumption,M2_cooling,Peacock_office_Julian,cooling_kw,spike,warning,iforest,2017-07-25 07:00:00,2017-07-25 08:00:00,2017-07-25 07:00:00,2,123.437,17.711,596.95,,211.5,month cross-fit (other 11 months of 2017),0.6584,1,false_positive,
IF-00402,A_consumption,M2_cooling,Peacock_office_Julian,cooling_kw,spike,warning,iforest,2017-07-28 07:00:00,2017-07-28 07:00:00,2017-07-28 07:00:00,1,117.322,18.378,538.38,,98.9,month cross-fit (other 11 months of 2017),0.6434,1,false_positive,
IF-00403,DQ_quality,M2_cooling,Peacock_office_Julian,cooling_kw,stuck_sensor,warning,dq_flatline>=4h,2017-08-01 08:00:00,2017-08-01 11:00:00,2017-08-01 11:00:00,4,129.755,,,,,,,1,natural,
IF-00404,A_consumption,M2_cooling,Peacock_office_Julian,cooling_kw,high_consumption,warning,iforest,2017-08-02 07:00:00,2017-08-02 18:00:00,2017-08-02 09:00:00,12,130.627,15.723,730.79,,1149.0,month cross-fit (other 11 months of 2017),0.6354,2,natural,
IF-00405,A_consumption,M2_cooling,Peacock_office_Julian,cooling_kw,off_hours_run,warning,iforest,2017-08-05 08:00:00,2017-08-05 11:00:00,2017-08-05 10:00:00,4,43.64,0.086,50644.19,,174.2,month cross-fit (other 11 months of 2017),0.636,1,false_positive,
IF-00406,A_consumption,M2_cooling,Peacock_office_Julian,cooling_kw,spike,warning,iforest,2017-08-18 07:00:00,2017-08-18 07:00:00,2017-08-18 07:00:00,1,151.625,16.771,804.09,,134.9,month cross-fit (other 11 months of 2017),0.6416,1,false_positive,
IF-00407,A_consumption,M2_cooling,Peacock_office_Julian,cooling_kw,high_consumption,warning,iforest,2017-08-18 15:00:00,2017-08-18 18:00:00,2017-08-18 17:00:00,4,120.156,14.581,724.06,,422.3,month cross-fit (other 11 months of 2017),0.6106,1,false_positive,
IF-00408,A_consumption,M2_cooling,Peacock_office_Julian,cooling_kw,off_hours_run,warning,iforest,2017-08-19 00:00:00,2017-08-19 03:00:00,2017-08-19 02:00:00,4,2.822,0.035,7962.86,,11.2,month cross-fit (other 11 months of 2017),0.5974,1,false_positive,
IF-00409,A_consumption,M2_cooling,Peacock_office_Julian,cooling_kw,off_hours_run,warning,iforest,2017-08-19 08:00:00,2017-08-19 12:00:00,2017-08-19 10:00:00,5,40.534,0.085,47587.06,,202.2,month cross-fit (other 11 months of 2017),0.6366,1,false_positive,
IF-00410,A_consumption,M2_cooling,Peacock_office_Julian,cooling_kw,high_consumption,warning,iforest,2017-08-22 07:00:00,2017-08-22 18:00:00,2017-08-22 09:00:00,12,171.202,15.369,1013.94,,1870.0,month cross-fit (other 11 months of 2017),0.6571,1,false_positive,
IF-00411,A_consumption,M2_cooling,Peacock_office_Julian,cooling_kw,high_consumption,warning,iforest,2017-08-23 07:00:00,2017-08-23 12:00:00,2017-08-23 09:00:00,6,156.33,14.93,947.09,,848.4,month cross-fit (other 11 months of 2017),0.6614,1,false_positive,
IF-00412,A_consumption,M2_cooling,Peacock_office_Julian,cooling_kw,high_consumption,warning,iforest,2017-09-20 14:00:00,2017-09-20 16:00:00,2017-09-20 16:00:00,3,124.584,20.254,515.11,,313.0,month cross-fit (other 11 months of 2017),0.5815,1,false_positive,
IF-00413,A_consumption,M2_cooling,Peacock_office_Julian,cooling_kw,spike,warning,iforest,2017-09-25 07:00:00,2017-09-25 08:00:00,2017-09-25 07:00:00,2,167.811,17.753,845.25,,300.1,month cross-fit (other 11 months of 2017),0.6498,1,false_positive,
IF-00414,A_consumption,M2_cooling,Peacock_office_Julian,cooling_kw,high_consumption,warning,iforest,2017-09-25 16:00:00,2017-09-25 18:00:00,2017-09-25 18:00:00,3,121.064,14.183,753.59,,320.6,month cross-fit (other 11 months of 2017),0.6299,1,false_positive,
IF-00415,A_consumption,M2_cooling,Peacock_office_Julian,cooling_kw,spike,warning,iforest,2017-09-26 07:00:00,2017-09-26 08:00:00,2017-09-26 07:00:00,2,142.714,17.753,703.89,,249.9,month cross-fit (other 11 months of 2017),0.6585,1,false_positive,
IF-00416,A_consumption,M2_cooling,Peacock_office_Julian,cooling_kw,high_consumption,warning,iforest,2017-09-27 07:00:00,2017-09-27 18:00:00,2017-09-27 09:00:00,12,154.681,16.434,841.23,,1659.0,month cross-fit (other 11 months of 2017),0.6584,1,false_positive,
IF-00417,A_consumption,M2_cooling,Peacock_office_Julian,cooling_kw,spike,warning,iforest,2017-09-28 07:00:00,2017-09-28 08:00:00,2017-09-28 07:00:00,2,100.575,17.753,466.52,,165.6,month cross-fit (other 11 months of 2017),0.6418,1,false_positive,
IF-00418,A_consumption,M2_cooling,Peacock_office_Julian,cooling_kw,off_hours_run,warning,iforest,2017-10-08 19:00:00,2017-10-08 22:00:00,2017-10-08 21:00:00,4,102.852,0.053,193960.38,,411.2,month cross-fit (other 11 months of 2017),0.6694,1,false_positive,
IF-00419,A_consumption,M2_cooling,Peacock_office_Julian,cooling_kw,spike,warning,iforest,2017-10-09 07:00:00,2017-10-09 07:00:00,2017-10-09 07:00:00,1,141.979,22.198,539.6,,119.8,month cross-fit (other 11 months of 2017),0.6438,1,false_positive,
IF-00420,DQ_quality,M2_cooling,Peacock_office_Julian,cooling_kw,data_loss,warning,dq_gap>=3h,2017-12-12 02:00:00,2017-12-12 06:00:00,2017-12-12 04:00:00,5,,,,,,,,1,natural,
IF-00421,DQ_quality,M2_cooling,Peacock_office_Julian,cooling_kw,data_loss,warning,dq_gap>=3h,2017-12-13 02:00:00,2017-12-13 06:00:00,2017-12-13 04:00:00,5,,,,,,,,1,natural,
IF-00422,DQ_quality,M2_cooling,Peacock_office_Julian,cooling_kw,data_loss,warning,dq_gap>=3h,2017-12-19 03:00:00,2017-12-19 06:00:00,2017-12-19 05:00:00,4,,,,,,,,1,natural,
IF-00423,A_consumption,M2_cooling,Peacock_office_Julian,cooling_kw,spike,warning,iforest,2017-12-30 18:00:00,2017-12-30 18:00:00,2017-12-30 18:00:00,1,35.865,0.081,44177.78,,35.8,month cross-fit (other 11 months of 2017),0.6377,1,false_positive,
IF-00424,A_consumption,M1_power,Rat_office_Loyd,power_active_kw,baseload_rise,warning,iforest,2017-01-07 00:00:00,2017-01-08 23:00:00,2017-01-07 02:00:00,48,49.731,41.919,18.64,,375.0,month cross-fit (other 11 months of 2017),0.5876,1,false_positive,
IF-00425,A_consumption,M1_power,Rat_office_Loyd,power_active_kw,baseload_rise,warning,iforest,2017-01-09 09:00:00,2017-01-10 19:00:00,2017-01-09 11:00:00,35,84.491,63.536,32.98,,733.4,month cross-fit (other 11 months of 2017),0.6061,1,false_positive,
IF-00426,A_consumption,M1_power,Rat_office_Loyd,power_active_kw,off_hours_run,warning,iforest,2017-01-27 08:00:00,2017-01-27 12:00:00,2017-01-27 10:00:00,5,73.268,42.001,74.44,,156.3,month cross-fit (other 11 months of 2017),0.5851,1,false_positive,
IF-00427,A_consumption,M1_power,Rat_office_Loyd,power_active_kw,off_hours_run,warning,iforest,2017-01-27 17:00:00,2017-01-27 21:00:00,2017-01-27 19:00:00,5,61.886,43.524,42.19,,91.8,month cross-fit (other 11 months of 2017),0.5697,1,false_positive,
IF-00428,A_consumption,M1_power,Rat_office_Loyd,power_active_kw,off_hours_run,warning,iforest,2017-01-30 08:00:00,2017-01-30 12:00:00,2017-01-30 10:00:00,5,74.456,42.001,77.27,,162.3,month cross-fit (other 11 months of 2017),0.6112,1,false_positive,
IF-00429,A_consumption,M1_power,Rat_office_Loyd,power_active_kw,off_hours_run,warning,iforest,2017-01-30 16:00:00,2017-01-30 21:00:00,2017-01-30 18:00:00,6,68.868,43.336,58.92,,153.2,month cross-fit (other 11 months of 2017),0.5836,1,false_positive,
IF-00430,A_consumption,M1_power,Rat_office_Loyd,power_active_kw,off_hours_run,warning,iforest,2017-01-31 08:00:00,2017-01-31 12:00:00,2017-01-31 10:00:00,5,75.276,42.001,79.22,,166.4,month cross-fit (other 11 months of 2017),0.6045,1,false_positive,
IF-00431,A_consumption,M1_power,Rat_office_Loyd,power_active_kw,off_hours_run,warning,iforest,2017-03-20 22:00:00,2017-03-21 00:00:00,2017-03-21 00:00:00,3,165.116,39.972,313.08,,375.4,month cross-fit (other 11 months of 2017),0.6332,1,true_positive,SYN-M1-05-01
IF-00432,A_consumption,M1_power,Rat_office_Loyd,power_active_kw,off_hours_run,warning,iforest,2017-05-01 16:00:00,2017-05-01 19:00:00,2017-05-01 18:00:00,4,76.732,43.657,75.76,,132.3,month cross-fit (other 11 months of 2017),0.6275,1,false_positive,
IF-00433,DQ_quality,M1_power,Rat_office_Loyd,power_active_kw,data_loss,warning,dq_gap>=3h,2017-05-19 21:00:00,2017-05-20 11:00:00,2017-05-19 23:00:00,15,,,,,,,,1,true_positive,SYN-M1-05-04
IF-00434,A_consumption,M1_power,Rat_office_Loyd,power_active_kw,off_hours_run,warning,iforest,2017-05-27 22:00:00,2017-05-28 00:00:00,2017-05-28 00:00:00,3,46.287,43.127,7.33,,9.5,month cross-fit (other 11 months of 2017),0.5521,1,false_positive,
IF-00435,A_consumption,M1_power,Rat_office_Loyd,power_active_kw,high_consumption,warning,iforest,2017-06-13 12:00:00,2017-06-13 17:00:00,2017-06-13 14:00:00,6,101.167,78.001,29.7,,139.0,month cross-fit (other 11 months of 2017),0.5842,1,false_positive,
IF-00436,A_consumption,M1_power,Rat_office_Loyd,power_active_kw,off_hours_run,warning,iforest,2017-06-17 22:00:00,2017-06-18 00:00:00,2017-06-18 00:00:00,3,55.403,42.943,29.02,,37.4,month cross-fit (other 11 months of 2017),0.5803,1,false_positive,
IF-00437,DQ_quality,M1_power,Rat_office_Loyd,power_active_kw,stuck_sensor,warning,dq_flatline>=4h,2017-06-18 02:00:00,2017-06-18 18:00:00,2017-06-18 05:00:00,17,42.68,,,,,,,1,true_positive,SYN-M1-05-05
IF-00438,A_consumption,M1_power,Rat_office_Loyd,power_active_kw,off_hours_run,warning,iforest,2017-06-24 22:00:00,2017-06-25 00:00:00,2017-06-25 00:00:00,3,50.583,42.943,17.79,,22.9,month cross-fit (other 11 months of 2017),0.5798,1,false_positive,
IF-00439,DQ_quality,M1_power,Rat_office_Loyd,power_active_kw,data_loss,warning,dq_gap>=3h,2017-06-27 00:00:00,2017-06-27 23:00:00,2017-06-27 02:00:00,24,,,,,,,,1,natural,
IF-00440,A_consumption,M1_power,Rat_office_Loyd,power_active_kw,off_hours_run,warning,iforest,2017-07-01 22:00:00,2017-07-02 00:00:00,2017-07-02 00:00:00,3,56.697,42.943,32.03,,41.3,month cross-fit (other 11 months of 2017),0.59,1,false_positive,
IF-00441,A_consumption,M1_power,Rat_office_Loyd,power_active_kw,spike,warning,iforest,2017-07-04 11:00:00,2017-07-04 11:00:00,2017-07-04 11:00:00,1,223.74,82.12,172.45,,141.6,month cross-fit (other 11 months of 2017),0.612,1,true_positive,SYN-M1-05-06
IF-00442,A_consumption,M1_power,Rat_office_Loyd,power_active_kw,off_hours_run,warning,iforest,2017-07-15 21:00:00,2017-07-16 00:00:00,2017-07-15 23:00:00,4,50.96,43.218,17.91,,31.0,month cross-fit (other 11 months of 2017),0.5713,1,false_positive,
IF-00443,A_consumption,M1_power,Rat_office_Loyd,power_active_kw,high_consumption,warning,iforest,2017-07-20 06:00:00,2017-07-20 08:00:00,2017-07-20 08:00:00,3,69.503,53.655,29.54,,47.5,month cross-fit (other 11 months of 2017),0.5684,1,false_positive,
IF-00444,A_consumption,M1_power,Rat_office_Loyd,power_active_kw,high_consumption,warning,iforest,2017-07-21 06:00:00,2017-07-21 08:00:00,2017-07-21 08:00:00,3,70.807,53.655,31.97,,51.5,month cross-fit (other 11 months of 2017),0.5783,1,false_positive,
IF-00445,A_consumption,M1_power,Rat_office_Loyd,power_active_kw,off_hours_run,warning,iforest,2017-07-22 09:00:00,2017-07-22 11:00:00,2017-07-22 11:00:00,3,55.547,42.092,31.97,,40.4,month cross-fit (other 11 months of 2017),0.5614,1,false_positive,
IF-00446,A_consumption,M1_power,Rat_office_Loyd,power_active_kw,high_consumption,warning,iforest,2017-07-24 15:00:00,2017-07-24 17:00:00,2017-07-24 17:00:00,3,103.693,73.51,41.06,,90.6,month cross-fit (other 11 months of 2017),0.5846,1,false_positive,
IF-00447,A_consumption,M1_power,Rat_office_Loyd,power_active_kw,off_hours_run,warning,iforest,2017-07-24 20:00:00,2017-07-24 22:00:00,2017-07-24 22:00:00,3,67.92,45.861,48.1,,66.2,month cross-fit (other 11 months of 2017),0.5791,1,false_positive,
IF-00448,A_consumption,M1_power,Rat_office_Loyd,power_active_kw,high_consumption,warning,iforest,2017-08-03 14:00:00,2017-08-03 17:00:00,2017-08-03 16:00:00,4,100.278,74.632,34.36,,102.6,month cross-fit (other 11 months of 2017),0.5981,1,false_positive,
IF-00449,A_consumption,M1_power,Rat_office_Loyd,power_active_kw,spike,warning,iforest,2017-08-06 20:00:00,2017-08-06 20:00:00,2017-08-06 20:00:00,1,74.271,42.56,74.51,,31.7,month cross-fit (other 11 months of 2017),0.6068,1,true_positive,SYN-M1-05-07
IF-00450,A_consumption,M1_power,Rat_office_Loyd,power_active_kw,high_consumption,warning,iforest,2017-08-16 12:00:00,2017-08-16 21:00:00,2017-08-16 14:00:00,10,92.631,66.257,39.81,,263.7,month cross-fit (other 11 months of 2017),0.5844,1,false_positive,
IF-00451,A_consumption,M1_power,Rat_office_Loyd,power_active_kw,high_consumption,warning,iforest,2017-08-17 07:00:00,2017-08-17 20:00:00,2017-08-17 09:00:00,14,95.069,69.529,36.73,,357.6,month cross-fit (other 11 months of 2017),0.6282,1,false_positive,
IF-00452,A_consumption,M1_power,Rat_office_Loyd,power_active_kw,high_consumption,warning,iforest,2017-08-18 07:00:00,2017-08-18 19:00:00,2017-08-18 09:00:00,13,97.665,71.163,37.24,,344.5,month cross-fit (other 11 months of 2017),0.6139,1,false_positive,
IF-00453,A_consumption,M1_power,Rat_office_Loyd,power_active_kw,off_hours_run,warning,iforest,2017-08-19 00:00:00,2017-08-19 16:00:00,2017-08-19 02:00:00,17,55.011,40.729,35.07,,242.8,month cross-fit (other 11 months of 2017),0.58,1,false_positive,
IF-00454,A_consumption,M1_power,Rat_office_Loyd,power_active_kw,high_consumption,warning,iforest,2017-08-22 07:00:00,2017-08-22 21:00:00,2017-08-22 09:00:00,15,94.001,67.797,38.65,,393.1,month cross-fit (other 11 months of 2017),0.6391,1,false_positive,
IF-00455,A_consumption,M1_power,Rat_office_Loyd,power_active_kw,spike,warning,iforest,2017-08-23 03:00:00,2017-08-23 03:00:00,2017-08-23 03:00:00,1,68.82,36.05,90.9,,32.8,month cross-fit (other 11 months of 2017),0.5986,1,true_positive,SYN-M1-05-08
IF-00456,A_consumption,M1_power,Rat_office_Loyd,power_active_kw,high_consumption,warning,iforest,2017-08-23 07:00:00,2017-08-24 00:00:00,2017-08-23 09:00:00,18,100.214,62.959,59.17,,670.6,month cross-fit (other 11 months of 2017),0.6199,1,true_positive,SYN-M1-05-08
IF-00457,A_consumption,M1_power,Rat_office_Loyd,power_active_kw,high_consumption,warning,iforest,2017-08-24 07:00:00,2017-08-24 21:00:00,2017-08-24 09:00:00,15,106.731,67.797,57.43,,584.0,month cross-fit (other 11 months of 2017),0.6231,1,true_positive,SYN-M1-05-08
IF-00458,A_consumption,M1_power,Rat_office_Loyd,power_active_kw,high_consumption,warning,iforest,2017-08-25 07:00:00,2017-08-25 20:00:00,2017-08-25 09:00:00,14,102.577,69.529,47.53,,462.7,month cross-fit (other 11 months of 2017),0.6006,1,true_positive,SYN-M1-05-08
IF-00459,A_consumption,M1_power,Rat_office_Loyd,power_active_kw,baseload_rise,warning,iforest,2017-08-26 00:00:00,2017-08-27 11:00:00,2017-08-26 02:00:00,36,67.47,41.112,64.11,,948.9,month cross-fit (other 11 months of 2017),0.6063,1,true_positive,SYN-M1-05-08
IF-00460,A_consumption,M1_power,Rat_office_Loyd,power_active_kw,high_consumption,warning,iforest,2017-09-14 11:00:00,2017-09-14 17:00:00,2017-09-14 13:00:00,7,109.679,78.073,40.48,,221.2,month cross-fit (other 11 months of 2017),0.5843,1,false_positive,
IF-00461,A_consumption,M1_power,Rat_office_Loyd,power_active_kw,high_consumption,warning,iforest,2017-09-21 11:00:00,2017-09-21 17:00:00,2017-09-21 13:00:00,7,108.946,78.073,39.54,,216.1,month cross-fit (other 11 months of 2017),0.5894,1,false_positive,
IF-00462,A_consumption,M1_power,Rat_office_Loyd,power_active_kw,high_consumption,warning,iforest,2017-09-22 10:00:00,2017-09-22 13:00:00,2017-09-22 12:00:00,4,104.817,81.484,28.64,,93.3,month cross-fit (other 11 months of 2017),0.5588,1,false_positive,
IF-00463,A_consumption,M1_power,Rat_office_Loyd,power_active_kw,off_hours_run,warning,iforest,2017-09-23 08:00:00,2017-09-23 17:00:00,2017-09-23 10:00:00,10,63.355,41.891,51.24,,214.6,month cross-fit (other 11 months of 2017),0.5737,1,false_positive,
IF-00464,A_consumption,M1_power,Rat_office_Loyd,power_active_kw,off_hours_run,warning,iforest,2017-09-24 11:00:00,2017-09-24 17:00:00,2017-09-24 13:00:00,7,65.47,41.997,55.89,,164.3,month cross-fit (other 11 months of 2017),0.5743,1,false_positive,
IF-00465,A_consumption,M1_power,Rat_office_Loyd,power_active_kw,high_consumption,warning,iforest,2017-09-25 12:00:00,2017-09-25 17:00:00,2017-09-25 14:00:00,6,106.718,77.39,37.9,,176.0,month cross-fit (other 11 months of 2017),0.5982,1,false_positive,
IF-00466,A_consumption,M1_power,Rat_office_Loyd,power_active_kw,high_consumption,warning,iforest,2017-09-26 15:00:00,2017-09-26 17:00:00,2017-09-26 17:00:00,3,104.71,72.96,43.52,,95.2,month cross-fit (other 11 months of 2017),0.5781,1,false_positive,
IF-00467,A_consumption,M1_power,Rat_office_Loyd,power_active_kw,high_consumption,warning,iforest,2017-09-27 11:00:00,2017-09-27 18:00:00,2017-09-27 13:00:00,8,103.081,75.408,36.7,,221.4,month cross-fit (other 11 months of 2017),0.5972,1,false_positive,
IF-00468,A_consumption,M1_power,Rat_office_Loyd,power_active_kw,off_hours_run,warning,iforest,2017-09-27 21:00:00,2017-09-27 23:00:00,2017-09-27 23:00:00,3,66.89,41.058,62.92,,77.5,month cross-fit (other 11 months of 2017),0.5746,1,false_positive,
IF-00469,A_consumption,M1_power,Rat_office_Loyd,power_active_kw,off_hours_run,warning,iforest,2017-12-16 00:00:00,2017-12-16 08:00:00,2017-12-16 02:00:00,9,48.04,40.084,19.85,,55.7,month cross-fit (other 11 months of 2017),0.5898,2,false_positive,
IF-00470,A_consumption,M1_power,Rat_office_Loyd,power_active_kw,off_hours_run,warning,iforest,2017-12-28 16:00:00,2017-12-28 23:00:00,2017-12-28 18:00:00,8,68.799,52.943,29.95,,126.8,month cross-fit (other 11 months of 2017),0.5746,1,false_positive,
IF-00471,A_consumption,M1_power,Rat_office_Loyd,power_active_kw,off_hours_run,warning,iforest,2017-12-30 00:00:00,2017-12-30 14:00:00,2017-12-30 02:00:00,15,52.563,40.714,29.1,,177.7,month cross-fit (other 11 months of 2017),0.61,1,false_positive,
IF-00472,A_consumption,M1_power,Rat_office_Loyd,power_active_kw,baseload_rise,warning,iforest,2017-12-30 21:00:00,2017-12-31 23:00:00,2017-12-30 23:00:00,27,52.892,42.264,25.15,,287.0,month cross-fit (other 11 months of 2017),0.5913,1,false_positive,
IF-00473,A_consumption,M1_power,Wolf_office_Nadia,power_active_kw,off_hours_run,warning,iforest,2017-01-08 12:00:00,2017-01-08 17:00:00,2017-01-08 14:00:00,6,121.073,65.69,84.31,,332.3,month cross-fit (other 11 months of 2017),0.6187,1,false_positive,
IF-00474,A_consumption,M1_power,Wolf_office_Nadia,power_active_kw,high_consumption,warning,iforest,2017-01-12 10:00:00,2017-01-12 14:00:00,2017-01-12 12:00:00,5,141.951,108.337,31.03,,168.1,month cross-fit (other 11 months of 2017),0.6304,1,false_positive,
IF-00475,A_consumption,M1_power,Wolf_office_Nadia,power_active_kw,off_hours_run,warning,iforest,2017-01-30 07:00:00,2017-01-30 10:00:00,2017-01-30 09:00:00,4,95.504,63.615,50.13,,127.6,month cross-fit (other 11 months of 2017),0.578,1,false_positive,
IF-00476,A_consumption,M1_power,Wolf_office_Nadia,power_active_kw,spike,warning,iforest,2017-01-31 10:00:00,2017-01-31 11:00:00,2017-01-31 10:00:00,2,125.549,65.266,92.37,,120.6,month cross-fit (other 11 months of 2017),0.6279,1,false_positive,
IF-00477,A_consumption,M1_power,Wolf_office_Nadia,power_active_kw,off_hours_run,warning,iforest,2017-02-05 05:00:00,2017-02-05 11:00:00,2017-02-05 07:00:00,7,87.284,62.924,38.71,,170.5,month cross-fit (other 11 months of 2017),0.6249,1,false_positive,
IF-00478,A_consumption,M1_power,Wolf_office_Nadia,power_active_kw,off_hours_run,warning,iforest,2017-02-11 06:00:00,2017-02-11 18:00:00,2017-02-11 08:00:00,13,98.835,64.537,53.14,,445.9,month cross-fit (other 11 months of 2017),0.6121,1,false_positive,
IF-00479,A_consumption,M1_power,Wolf_office_Nadia,power_active_kw,off_hours_run,warning,iforest,2017-03-05 07:00:00,2017-03-05 09:00:00,2017-03-05 09:00:00,3,100.502,63.44,58.42,,111.2,month cross-fit (other 11 months of 2017),0.5923,1,false_positive,
IF-00480,A_consumption,M1_power,Wolf_office_Nadia,power_active_kw,off_hours_run,warning,iforest,2017-03-11 16:00:00,2017-03-11 18:00:00,2017-03-11 18:00:00,3,96.183,62.801,53.16,,100.1,month cross-fit (other 11 months of 2017),0.576,1,false_positive,
IF-00481,A_consumption,M1_power,Wolf_office_Nadia,power_active_kw,off_hours_run,warning,iforest,2017-04-06 00:00:00,2017-04-06 04:00:00,2017-04-06 02:00:00,5,90.464,57.714,56.75,,163.8,month cross-fit (other 11 months of 2017),0.5887,1,true_positive,SYN-M1-06-02
IF-00482,A_consumption,M1_power,Wolf_office_Nadia,power_active_kw,off_hours_run,warning,iforest,2017-04-08 06:00:00,2017-04-08 08:00:00,2017-04-08 08:00:00,3,86.194,61.93,39.18,,72.8,month cross-fit (other 11 months of 2017),0.5893,1,false_positive,
IF-00483,A_consumption,M1_power,Wolf_office_Nadia,power_active_kw,spike,warning,iforest,2017-04-09 07:00:00,2017-04-09 08:00:00,2017-04-09 07:00:00,2,107.032,63.322,69.03,,87.4,month cross-fit (other 11 months of 2017),0.6171,1,false_positive,
IF-00484,A_consumption,M1_power,Wolf_office_Nadia,power_active_kw,off_hours_run,warning,iforest,2017-04-09 11:00:00,2017-04-09 17:00:00,2017-04-09 13:00:00,7,114.975,65.958,74.32,,343.1,month cross-fit (other 11 months of 2017),0.624,1,false_positive,
IF-00485,A_consumption,M1_power,Wolf_office_Nadia,power_active_kw,off_hours_run,warning,iforest,2017-05-01 07:00:00,2017-05-01 12:00:00,2017-05-01 09:00:00,6,109.384,64.646,69.2,,268.4,month cross-fit (other 11 months of 2017),0.622,1,false_positive,
IF-00486,A_consumption,M1_power,Wolf_office_Nadia,power_active_kw,baseload_rise,warning,iforest,2017-05-07 03:00:00,2017-05-08 02:00:00,2017-05-07 05:00:00,24,110.256,62.144,77.42,,1154.7,month cross-fit (other 11 months of 2017),0.6411,1,true_positive,SYN-M1-06-03
IF-00487,A_consumption,M1_power,Wolf_office_Nadia,power_active_kw,high_consumption,warning,iforest,2017-05-09 07:00:00,2017-05-09 09:00:00,2017-05-09 09:00:00,3,134.038,92.937,44.22,,123.3,month cross-fit (other 11 months of 2017),0.5703,1,true_positive,SYN-M1-06-03
IF-00488,A_consumption,M1_power,Wolf_office_Nadia,power_active_kw,baseload_rise,warning,iforest,2017-05-09 13:00:00,2017-05-10 19:00:00,2017-05-09 15:00:00,31,111.891,83.14,34.58,,891.3,month cross-fit (other 11 months of 2017),0.6005,1,true_positive,SYN-M1-06-03
IF-00489,A_consumption,M1_power,Wolf_office_Nadia,power_active_kw,off_hours_run,warning,iforest,2017-05-10 22:00:00,2017-05-11 02:00:00,2017-05-11 00:00:00,5,86.573,60.712,42.6,,129.3,month cross-fit (other 11 months of 2017),0.5629,1,true_positive,SYN-M1-06-03
IF-00490,A_consumption,M1_power,Wolf_office_Nadia,power_active_kw,off_hours_run,warning,iforest,2017-05-13 00:00:00,2017-05-13 04:00:00,2017-05-13 02:00:00,5,84.734,57.91,46.32,,134.1,month cross-fit (other 11 months of 2017),0.6018,1,true_positive,SYN-M1-06-03
IF-00491,A_consumption,M1_power,Wolf_office_Nadia,power_active_kw,spike,warning,iforest,2017-05-15 09:00:00,2017-05-15 09:00:00,2017-05-15 09:00:00,1,130.885,102.42,27.79,,28.5,month cross-fit (other 11 months of 2017),0.6044,1,false_positive,
IF-00492,A_consumption,M1_power,Wolf_office_Nadia,power_active_kw,high_consumption,warning,iforest,2017-05-26 16:00:00,2017-05-26 18:00:00,2017-05-26 18:00:00,3,97.218,85.289,13.99,,35.8,month cross-fit (other 11 months of 2017),0.5993,1,false_positive,
IF-00493,DQ_quality,M1_power,Wolf_office_Nadia,power_active_kw,data_loss,warning,dq_gap>=3h,2017-05-31 17:00:00,2017-06-01 05:00:00,2017-05-31 19:00:00,13,,,,,,,,1,true_positive,SYN-M1-06-04
IF-00494,A_consumption,M1_power,Wolf_office_Nadia,power_active_kw,off_hours_run,warning,iforest,2017-06-03 13:00:00,2017-06-03 18:00:00,2017-06-03 15:00:00,6,111.488,63.38,75.9,,288.6,month cross-fit (other 11 months of 2017),0.6158,1,false_positive,
IF-00495,A_consumption,M1_power,Wolf_office_Nadia,power_active_kw,off_hours_run,warning,iforest,2017-06-04 06:00:00,2017-06-04 17:00:00,2017-06-04 08:00:00,12,109.133,63.279,72.46,,550.2,month cross-fit (other 11 months of 2017),0.6264,1,false_positive,
IF-00496,DQ_quality,M1_power,Wolf_office_Nadia,power_active_kw,stuck_sensor,warning,dq_flatline>=4h,2017-06-07 21:00:00,2017-06-08 18:00:00,2017-06-08 00:00:00,22,63.868,,,,,,,1,true_positive,SYN-M1-06-05
IF-00497,A_consumption,M1_power,Wolf_office_Nadia,power_active_kw,off_hours_run,warning,iforest,2017-06-10 07:00:00,2017-06-10 17:00:00,2017-06-10 09:00:00,11,105.067,63.709,64.92,,454.9,month cross-fit (other 11 months of 2017),0.6158,1,false_positive,
IF-00498,A_consumption,M1_power,Wolf_office_Nadia,power_active_kw,off_hours_run,warning,iforest,2017-06-17 09:00:00,2017-06-17 19:00:00,2017-06-17 11:00:00,11,75.907,63.295,19.93,,138.7,month cross-fit (other 11 months of 2017),0.5745,1,false_positive,
IF-00499,A_consumption,M1_power,Wolf_office_Nadia,power_active_kw,high_consumption,warning,iforest,2017-06-19 10:00:00,2017-06-19 16:00:00,2017-06-19 12:00:00,7,125.143,106.886,17.08,,127.8,month cross-fit (other 11 months of 2017),0.6078,1,false_positive,
IF-00500,A_consumption,M1_power,Wolf_office_Nadia,power_active_kw,high_consumption,warning,iforest,2017-06-21 09:00:00,2017-06-21 18:00:00,2017-06-21 11:00:00,10,119.077,100.685,18.27,,183.9,month cross-fit (other 11 months of 2017),0.615,1,false_positive,
IF-00501,A_consumption,M1_power,Wolf_office_Nadia,power_active_kw,off_hours_run,warning,iforest,2017-07-02 16:00:00,2017-07-02 18:00:00,2017-07-02 18:00:00,3,90.563,62.243,45.5,,85.0,month cross-fit (other 11 months of 2017),0.5685,1,false_positive,
IF-00502,A_consumption,M1_power,Wolf_office_Nadia,power_active_kw,spike,warning,iforest,2017-07-03 21:00:00,2017-07-03 22:00:00,2017-07-03 21:00:00,2,166.57,62.201,167.79,,208.7,month cross-fit (other 11 months of 2017),0.6406,1,true_positive,SYN-M1-06-06
IF-00503,A_consumption,M1_power,Wolf_office_Nadia,power_active_kw,off_hours_run,warning,iforest,2017-07-09 06:00:00,2017-07-09 09:00:00,2017-07-09 08:00:00,4,98.058,61.574,59.25,,145.9,month cross-fit (other 11 months of 2017),0.6001,1,false_positive,
IF-00504,A_consumption,M1_power,Wolf_office_Nadia,power_active_kw,off_hours_run,warning,iforest,2017-07-15 12:00:00,2017-07-15 17:00:00,2017-07-15 14:00:00,6,73.977,64.414,14.85,,57.4,month cross-fit (other 11 months of 2017),0.5914,1,false_positive,
IF-00505,A_consumption,M1_power,Wolf_office_Nadia,power_active_kw,off_hours_run,warning,iforest,2017-08-05 07:00:00,2017-08-05 10:00:00,2017-08-05 09:00:00,4,104.056,63.127,64.84,,163.7,month cross-fit (other 11 months of 2017),0.577,1,false_positive,
IF-00506,A_consumption,M1_power,Wolf_office_Nadia,power_active_kw,spike,warning,iforest,2017-08-06 12:00:00,2017-08-06 13:00:00,2017-08-06 12:00:00,2,128.81,65.114,97.82,,127.4,month cross-fit (other 11 months of 2017),0.6252,1,false_positive,
IF-00507,A_consumption,M1_power,Wolf_office_Nadia,power_active_kw,off_hours_run,warning,iforest,2017-08-21 16:00:00,2017-08-22 00:00:00,2017-08-21 18:00:00,9,91.906,70.177,30.96,,195.6,month cross-fit (other 11 months of 2017),0.5869,1,true_positive,SYN-M1-06-08
IF-00508,A_consumption,M1_power,Wolf_office_Nadia,power_active_kw,high_consumption,warning,iforest,2017-08-22 07:00:00,2017-08-23 01:00:00,2017-08-22 09:00:00,19,112.53,85.58,31.49,,512.0,month cross-fit (other 11 months of 2017),0.6272,1,true_positive,SYN-M1-06-08
IF-00509,A_consumption,M1_power,Wolf_office_Nadia,power_active_kw,high_consumption,warning,iforest,2017-08-23 07:00:00,2017-08-23 21:00:00,2017-08-23 09:00:00,15,117.48,92.149,27.49,,380.0,month cross-fit (other 11 months of 2017),0.6251,1,true_positive,SYN-M1-06-08
IF-00510,A_consumption,M1_power,Wolf_office_Nadia,power_active_kw,high_consumption,warning,iforest,2017-08-24 07:00:00,2017-08-24 19:00:00,2017-08-24 09:00:00,13,123.249,96.628,27.55,,346.1,month cross-fit (other 11 months of 2017),0.6155,1,true_positive,SYN-M1-06-08
IF-00511,A_consumption,M1_power,Wolf_office_Nadia,power_active_kw,high_consumption,warning,iforest,2017-08-25 07:00:00,2017-08-25 19:00:00,2017-08-25 09:00:00,13,120.623,96.628,24.83,,311.9,month cross-fit (other 11 months of 2017),0.6021,1,true_positive,SYN-M1-06-08
IF-00512,A_consumption,M1_power,Wolf_office_Nadia,power_active_kw,off_hours_run,warning,iforest,2017-08-26 00:00:00,2017-08-26 16:00:00,2017-08-26 02:00:00,17,84.98,61.736,37.65,,395.1,month cross-fit (other 11 months of 2017),0.6056,1,true_positive,SYN-M1-06-08
IF-00513,A_consumption,M1_power,Wolf_office_Nadia,power_active_kw,off_hours_run,warning,iforest,2017-08-27 10:00:00,2017-08-27 17:00:00,2017-08-27 12:00:00,8,73.556,64.127,14.71,,56.6,month cross-fit (other 11 months of 2017),0.5723,2,true_positive,SYN-M1-06-08
IF-00514,A_consumption,M1_power,Wolf_office_Nadia,power_active_kw,off_hours_run,warning,iforest,2017-09-02 09:00:00,2017-09-02 13:00:00,2017-09-02 11:00:00,5,115.301,64.566,78.58,,253.7,month cross-fit (other 11 months of 2017),0.6146,1,false_positive,
IF-00515,A_consumption,M1_power,Wolf_office_Nadia,power_active_kw,spike,warning,iforest,2017-09-10 07:00:00,2017-09-10 12:00:00,2017-09-10 07:00:00,6,117.27,64.224,82.6,,212.2,month cross-fit (other 11 months of 2017),0.613,2,false_positive,
IF-00516,A_consumption,M1_power,Wolf_office_Nadia,power_active_kw,off_hours_run,warning,iforest,2017-10-07 15:00:00,2017-10-07 17:00:00,2017-10-07 17:00:00,3,106.945,64.512,65.78,,127.3,month cross-fit (other 11 months of 2017),0.5882,1,false_positive,
IF-00517,A_consumption,M1_power,Wolf_office_Nadia,power_active_kw,spike,warning,iforest,2017-11-04 07:00:00,2017-11-04 08:00:00,2017-11-04 08:00:00,2,99.5,63.311,57.16,,72.4,month cross-fit (other 11 months of 2017),0.6101,1,false_positive,
IF-00518,A_consumption,M1_power,Wolf_office_Nadia,power_active_kw,off_hours_run,warning,iforest,2017-11-04 11:00:00,2017-11-04 13:00:00,2017-11-04 13:00:00,3,124.276,66.105,88.0,,174.5,month cross-fit (other 11 months of 2017),0.5965,1,false_positive,
IF-00519,A_consumption,M1_power,Wolf_office_Nadia,power_active_kw,off_hours_run,warning,iforest,2017-11-05 07:00:00,2017-11-05 09:00:00,2017-11-05 09:00:00,3,97.142,63.44,53.12,,101.1,month cross-fit (other 11 months of 2017),0.5853,1,false_positive,
IF-00520,A_consumption,M1_power,Wolf_office_Nadia,power_active_kw,off_hours_run,warning,iforest,2017-11-12 06:00:00,2017-11-12 19:00:00,2017-11-12 08:00:00,14,98.785,63.365,55.9,,425.1,month cross-fit (other 11 months of 2017),0.5979,2,false_positive,
IF-00521,A_consumption,M1_power,Wolf_office_Nadia,power_active_kw,spike,warning,iforest,2017-11-20 12:00:00,2017-11-20 12:00:00,2017-11-20 12:00:00,1,145.125,108.645,33.58,,36.5,month cross-fit (other 11 months of 2017),0.6052,1,false_positive,
IF-00522,A_consumption,M1_power,Wolf_office_Nadia,power_active_kw,off_hours_run,warning,iforest,2017-12-09 06:00:00,2017-12-09 17:00:00,2017-12-09 08:00:00,12,97.54,65.016,50.02,,390.3,month cross-fit (other 11 months of 2017),0.6063,1,false_positive,
IF-00523,A_consumption,M1_power,Wolf_office_Nadia,power_active_kw,off_hours_run,warning,iforest,2017-12-10 07:00:00,2017-12-10 19:00:00,2017-12-10 09:00:00,13,92.528,64.415,43.64,,309.2,month cross-fit (other 11 months of 2017),0.5847,2,false_positive,
IF-00524,A_consumption,M1_power,Wolf_office_Nadia,power_active_kw,high_consumption,warning,iforest,2017-12-12 13:00:00,2017-12-12 17:00:00,2017-12-12 15:00:00,5,143.751,102.417,40.36,,206.7,month cross-fit (other 11 months of 2017),0.597,1,false_positive,
IF-00525,A_consumption,M1_power,Wolf_office_Nadia,power_active_kw,baseload_rise,warning,iforest,2017-12-20 02:00:00,2017-12-21 04:00:00,2017-12-20 04:00:00,27,108.742,78.735,38.11,,810.2,month cross-fit (other 11 months of 2017),0.5997,1,false_positive,
IF-00526,A_consumption,M1_power,Wolf_office_Nadia,power_active_kw,high_consumption,warning,iforest,2017-12-21 08:00:00,2017-12-21 11:00:00,2017-12-21 10:00:00,4,125.326,103.343,21.27,,87.9,month cross-fit (other 11 months of 2017),0.5954,1,false_positive,
