entity_id,detector,start,end,duration_h,peak_score,peak_ts,scope,type,group,matches_label
Bull_office_Chantel,profile_band,2017-01-14 22:00:00,2017-01-14 22:00:00,1,4.23089658217137,2017-01-14 22:00:00,point,after_hours,A,False
Bull_office_Chantel,profile_band,2017-01-15 21:00:00,2017-01-15 21:00:00,1,4.685935802679503,2017-01-15 21:00:00,point,after_hours,A,False
Bull_office_Chantel,profile_band_sustained,2017-01-16 19:00:00,2017-01-16 22:00:00,4,3.5963427755585204,2017-01-16 22:00:00,interval,after_hours,A,False
Bull_office_Chantel,profile_band,2017-01-16 21:00:00,2017-01-16 22:00:00,2,6.815906622079278,2017-01-16 21:00:00,point,after_hours,A,False
Bull_office_Chantel,profile_band,2017-01-21 21:00:00,2017-01-21 21:00:00,1,5.7509212123793905,2017-01-21 21:00:00,point,after_hours,A,False
Bull_office_Chantel,profile_band_sustained+profile_band,2017-01-31 09:00:00,2017-02-01 16:00:00,32,10.256410256410255,2017-01-31 23:00:00,interval,sustained_high,A,False
Bull_office_Chantel,profile_band,2017-02-01 04:00:00,2017-02-01 04:00:00,1,4.6250794935537956,2017-02-01 04:00:00,point,after_hours,A,False
Bull_office_Chantel,profile_band,2017-02-01 07:00:00,2017-02-01 07:00:00,1,4.302157276661527,2017-02-01 07:00:00,point,spike,A,False
Bull_office_Chantel,profile_band_sustained+profile_band,2017-02-20 07:00:00,2017-02-20 23:00:00,17,6.359484303636469,2017-02-20 14:00:00,interval,after_hours,A,False
Bull_office_Chantel,profile_band,2017-02-20 22:00:00,2017-02-20 22:00:00,1,4.655172413793103,2017-02-20 22:00:00,point,after_hours,A,False
Bull_office_Chantel,profile_band_sustained+profile_band,2017-02-25 07:00:00,2017-02-25 19:00:00,13,6.824259448822022,2017-02-25 08:00:00,interval,after_hours,A,False
Bull_office_Chantel,profile_band,2017-02-25 23:00:00,2017-02-25 23:00:00,1,4.30389341761256,2017-02-25 23:00:00,point,after_hours,A,False
Bull_office_Chantel,profile_band,2017-04-15 19:00:00,2017-04-15 19:00:00,1,4.5353159851301115,2017-04-15 19:00:00,point,after_hours,A,False
Bull_office_Chantel,profile_band,2017-04-16 02:00:00,2017-04-16 03:00:00,2,4.223107569721115,2017-04-16 02:00:00,point,after_hours,A,False
Bull_office_Chantel,profile_band,2017-04-17 14:00:00,2017-04-17 14:00:00,1,4.3312101910828025,2017-04-17 14:00:00,point,spike,A,False
Bull_office_Chantel,profile_band,2017-04-20 07:00:00,2017-04-20 07:00:00,1,7.592838835250815,2017-04-20 07:00:00,point,spike,A,False
Bull_office_Chantel,profile_band,2017-04-26 17:00:00,2017-04-26 18:00:00,2,16.604536664415203,2017-04-26 17:00:00,point,spike,A,True
Bull_office_Chantel,profile_band_sustained,2017-04-26 17:00:00,2017-04-26 18:00:00,2,4.068311467712501,2017-04-26 19:00:00,interval,sustained_high,A,True
Bull_office_Chantel,profile_band_sustained,2017-05-09 02:00:00,2017-05-09 04:00:00,3,3.298655710046381,2017-05-09 06:00:00,interval,after_hours,A,False
Bull_office_Chantel,profile_band,2017-05-09 03:00:00,2017-05-09 04:00:00,2,6.160337552742615,2017-05-09 03:00:00,point,after_hours,A,False
Bull_office_Chantel,profile_band,2017-05-28 18:00:00,2017-05-28 18:00:00,1,4.121887974579193,2017-05-28 18:00:00,point,after_hours,A,False
Bull_office_Chantel,profile_band_sustained,2017-06-03 07:00:00,2017-06-03 13:00:00,7,3.8931041305279788,2017-06-03 13:00:00,interval,after_hours,A,False
Bull_office_Chantel,profile_band,2017-06-03 10:00:00,2017-06-03 10:00:00,1,5.676855895196506,2017-06-03 10:00:00,point,after_hours,A,False
Bull_office_Chantel,profile_band,2017-06-11 16:00:00,2017-06-11 16:00:00,1,9.783612119628003,2017-06-11 16:00:00,point,after_hours,A,True
Bull_office_Chantel,profile_band_sustained+profile_band,2017-06-17 05:00:00,2017-06-17 18:00:00,14,5.905065394981783,2017-06-17 08:00:00,interval,after_hours,A,True
Bull_office_Chantel,profile_band,2017-06-17 13:00:00,2017-06-17 13:00:00,1,4.044247340055865,2017-06-17 13:00:00,point,after_hours,A,True
Bull_office_Chantel,profile_band,2017-06-17 18:00:00,2017-06-17 18:00:00,1,5.4390179154429985,2017-06-17 18:00:00,point,after_hours,A,True
Bull_office_Chantel,profile_band,2017-07-13 02:00:00,2017-07-13 02:00:00,1,5.263157894736842,2017-07-13 02:00:00,point,after_hours,A,False
Bull_office_Chantel,profile_band,2017-07-14 11:00:00,2017-07-14 11:00:00,1,4.968152866242038,2017-07-14 11:00:00,point,spike,A,False
Bull_office_Chantel,profile_band,2017-07-15 05:00:00,2017-07-15 05:00:00,1,4.932735426008969,2017-07-15 05:00:00,point,after_hours,A,False
Bull_office_Chantel,profile_band,2017-07-15 19:00:00,2017-07-15 19:00:00,1,4.9699319119328065,2017-07-15 19:00:00,point,after_hours,A,False
Bull_office_Chantel,profile_band,2017-07-16 02:00:00,2017-07-16 02:00:00,1,4.946265569495032,2017-07-16 02:00:00,point,after_hours,A,False
Bull_office_Chantel,profile_band,2017-07-16 09:00:00,2017-07-16 09:00:00,1,5.182928993872784,2017-07-16 09:00:00,point,after_hours,A,False
Bull_office_Chantel,profile_band,2017-07-17 21:00:00,2017-07-17 21:00:00,1,4.398852779195186,2017-07-17 21:00:00,point,after_hours,A,False
Bull_office_Chantel,profile_band,2017-07-18 12:00:00,2017-07-18 12:00:00,1,4.478618642924592,2017-07-18 12:00:00,point,spike,A,False
Bull_office_Chantel,profile_band_sustained,2017-07-19 02:00:00,2017-07-20 11:00:00,34,3.617890217171141,2017-07-20 06:00:00,interval,sustained_high,A,False
Bull_office_Chantel,profile_band,2017-07-19 06:00:00,2017-07-19 06:00:00,1,5.05338078291815,2017-07-19 06:00:00,point,after_hours,A,False
Bull_office_Chantel,profile_band,2017-07-20 02:00:00,2017-07-20 03:00:00,2,4.964251989747741,2017-07-20 03:00:00,point,after_hours,A,False
Bull_office_Chantel,profile_band_sustained+profile_band,2017-07-20 17:00:00,2017-07-21 05:00:00,13,6.263128480854098,2017-07-20 21:00:00,interval,after_hours,A,False
Bull_office_Chantel,profile_band,2017-07-21 02:00:00,2017-07-21 02:00:00,1,4.384189936597869,2017-07-21 02:00:00,point,after_hours,A,False
Bull_office_Chantel,profile_band_sustained+profile_band,2017-07-21 09:00:00,2017-07-22 17:00:00,33,6.6029095401393,2017-07-22 09:00:00,interval,after_hours,A,False
Bull_office_Chantel,profile_band,2017-07-21 10:00:00,2017-07-21 10:00:00,1,4.046944556859572,2017-07-21 10:00:00,point,spike,A,False
Bull_office_Chantel,profile_band,2017-07-21 18:00:00,2017-07-21 18:00:00,1,4.1853016357265656,2017-07-21 18:00:00,point,spike,A,False
Bull_office_Chantel,profile_band,2017-07-21 21:00:00,2017-07-21 21:00:00,1,4.239656202424313,2017-07-21 21:00:00,point,after_hours,A,False
Bull_office_Chantel,profile_band,2017-07-22 13:00:00,2017-07-22 13:00:00,1,4.111181772047819,2017-07-22 13:00:00,point,after_hours,A,False
Bull_office_Chantel,profile_band_sustained,2017-07-25 09:00:00,2017-07-26 05:00:00,21,3.477487371452614,2017-07-25 23:00:00,interval,after_hours,A,False
Bull_office_Chantel,profile_band,2017-07-25 18:00:00,2017-07-25 18:00:00,1,4.1456505216610235,2017-07-25 18:00:00,point,spike,A,False
Bull_office_Chantel,profile_band,2017-07-25 21:00:00,2017-07-25 21:00:00,1,4.245324191999746,2017-07-25 21:00:00,point,after_hours,A,False
Bull_office_Chantel,profile_band,2017-07-29 13:00:00,2017-07-29 13:00:00,1,4.4019396934262005,2017-07-29 13:00:00,point,after_hours,A,False
Bull_office_Chantel,profile_band,2017-08-08 13:00:00,2017-08-08 13:00:00,1,15.932565507636328,2017-08-08 13:00:00,point,spike,A,False
Bull_office_Chantel,profile_band,2017-08-31 04:00:00,2017-08-31 04:00:00,1,4.001978506227799,2017-08-31 04:00:00,point,after_hours,A,False
Bull_office_Chantel,profile_band_sustained+profile_band,2017-09-01 09:00:00,2017-09-03 06:00:00,46,12.531645569620252,2017-09-02 06:00:00,interval,after_hours,A,False
Bull_office_Chantel,profile_band,2017-09-01 09:00:00,2017-09-01 10:00:00,2,4.6315032150726205,2017-09-01 09:00:00,point,spike,A,False
Bull_office_Chantel,profile_band,2017-09-01 15:00:00,2017-09-01 16:00:00,2,4.3228725948272695,2017-09-01 16:00:00,point,spike,A,False
Bull_office_Chantel,profile_band,2017-09-01 19:00:00,2017-09-01 19:00:00,1,4.108261898630171,2017-09-01 19:00:00,point,after_hours,A,False
Bull_office_Chantel,profile_band,2017-09-02 10:00:00,2017-09-02 11:00:00,2,5.395926075812762,2017-09-02 11:00:00,point,after_hours,A,False
Bull_office_Chantel,profile_band,2017-09-02 14:00:00,2017-09-02 14:00:00,1,4.761111243364201,2017-09-02 14:00:00,point,after_hours,A,False
Bull_office_Chantel,profile_band,2017-09-02 17:00:00,2017-09-02 17:00:00,1,5.279634565558176,2017-09-02 17:00:00,point,after_hours,A,False
Bull_office_Chantel,profile_band,2017-09-02 23:00:00,2017-09-02 23:00:00,1,5.341966815054634,2017-09-02 23:00:00,point,after_hours,A,False
Bull_office_Chantel,profile_band,2017-09-03 05:00:00,2017-09-03 06:00:00,2,5.189873417721519,2017-09-03 06:00:00,point,after_hours,A,False
Bull_office_Chantel,profile_band,2017-09-08 10:00:00,2017-09-08 10:00:00,1,5.0042862799876415,2017-09-08 10:00:00,point,spike,A,False
Bull_office_Chantel,profile_band_sustained,2017-09-08 16:00:00,2017-09-09 06:00:00,15,3.3910309695432663,2017-09-09 04:00:00,interval,after_hours,A,False
Bull_office_Chantel,profile_band,2017-09-09 04:00:00,2017-09-09 04:00:00,1,4.148118170781061,2017-09-09 04:00:00,point,after_hours,A,False
Bull_office_Chantel,profile_band_sustained+profile_band,2017-09-09 10:00:00,2017-09-10 00:00:00,15,10.10204081632653,2017-09-09 19:00:00,interval,after_hours,A,False
Bull_office_Chantel,profile_band,2017-10-20 17:00:00,2017-10-20 17:00:00,1,4.372680205395654,2017-10-20 17:00:00,point,spike,A,True
Bull_office_Chantel,profile_band_sustained+profile_band,2017-11-10 10:00:00,2017-11-11 06:00:00,21,7.696811067779626,2017-11-10 15:00:00,interval,after_hours,A,True
Bull_office_Chantel,profile_band_sustained,2017-11-11 12:00:00,2017-11-11 23:00:00,12,4.728148186640687,2017-11-11 23:00:00,interval,after_hours,A,True
Bull_office_Chantel,profile_band,2017-11-11 14:00:00,2017-11-11 15:00:00,2,5.6969295006955925,2017-11-11 15:00:00,point,after_hours,A,True
Bull_office_Chantel,profile_band,2017-11-11 22:00:00,2017-11-11 23:00:00,2,8.635583032932551,2017-11-11 23:00:00,point,after_hours,A,True
Bull_office_Chantel,profile_band,2017-11-13 01:00:00,2017-11-13 01:00:00,1,5.109446629351627,2017-11-13 01:00:00,point,after_hours,A,True
Bull_office_Chantel,profile_band,2017-11-20 11:00:00,2017-11-20 11:00:00,1,21.0218259218726,2017-11-20 11:00:00,point,spike,A,False
Bull_office_Chantel,profile_band,2017-11-24 10:00:00,2017-11-24 10:00:00,1,43.915423080693095,2017-11-24 10:00:00,point,spike,A,False
Bull_office_Chantel,profile_band_sustained,2017-11-24 10:00:00,2017-11-24 10:00:00,1,6.988596554721574,2017-11-24 15:00:00,interval,sustained_high,A,False
Bull_office_Lilla,profile_band_sustained,2017-01-07 00:00:00,2017-01-07 03:00:00,4,3.0027673381671267,2017-01-07 03:00:00,interval,after_hours,A,False
Bull_office_Lilla,profile_band,2017-01-19 14:00:00,2017-01-19 14:00:00,1,5.439643069482541,2017-01-19 14:00:00,point,spike,A,False
Bull_office_Lilla,profile_band_sustained,2017-02-03 17:00:00,2017-02-03 22:00:00,6,2.7763139305479094,2017-02-03 22:00:00,interval,after_hours,A,True
Bull_office_Lilla,profile_band_sustained,2017-02-04 12:00:00,2017-02-04 22:00:00,11,3.500950196621639,2017-02-04 18:00:00,interval,after_hours,A,True
Bull_office_Lilla,profile_band_sustained,2017-02-05 14:00:00,2017-02-05 20:00:00,7,2.6656689003325016,2017-02-05 20:00:00,interval,after_hours,A,True
Bull_office_Lilla,profile_band_sustained,2017-02-06 15:00:00,2017-02-06 20:00:00,6,2.7837169966219206,2017-02-06 20:00:00,interval,sustained_high,A,True
Bull_office_Lilla,profile_band_sustained+profile_band,2017-03-24 20:00:00,2017-03-25 05:00:00,10,9.76612802283063,2017-03-25 02:00:00,interval,after_hours,A,True
Bull_office_Lilla,profile_band,2017-04-20 07:00:00,2017-04-20 07:00:00,1,15.714285714285714,2017-04-20 07:00:00,point,spike,A,False
Bull_office_Lilla,profile_band,2017-05-29 08:00:00,2017-05-29 09:00:00,2,5.163043478260869,2017-05-29 09:00:00,point,after_hours,A,False
Bull_office_Lilla,profile_band+profile_band_sustained,2017-07-04 07:00:00,2017-07-04 09:00:00,3,6.288951841359773,2017-07-04 09:00:00,interval,after_hours,A,False
Bull_office_Lilla,profile_band,2017-07-25 16:00:00,2017-07-25 16:00:00,1,14.124293785310734,2017-07-25 16:00:00,point,spike,A,False
Bull_office_Lilla,profile_band_sustained,2017-07-25 16:00:00,2017-07-25 16:00:00,1,2.6790601676345767,2017-07-25 21:00:00,interval,sustained_high,A,False
Bull_office_Lilla,profile_band,2017-07-30 05:00:00,2017-07-30 05:00:00,1,20.383791446736964,2017-07-30 05:00:00,point,after_hours,A,True
Bull_office_Lilla,profile_band_sustained,2017-07-30 05:00:00,2017-07-30 05:00:00,1,3.940152247146031,2017-07-30 09:00:00,interval,after_hours,A,True
Bull_office_Lilla,profile_band,2017-08-08 13:00:00,2017-08-08 13:00:00,1,24.71001757469244,2017-08-08 13:00:00,point,spike,A,False
Bull_office_Lilla,profile_band_sustained,2017-08-08 13:00:00,2017-08-08 13:00:00,1,3.9168178644333893,2017-08-08 18:00:00,interval,sustained_high,A,False
Bull_office_Lilla,profile_band,2017-08-27 07:00:00,2017-08-27 08:00:00,2,27.935407830343053,2017-08-27 08:00:00,point,after_hours,A,True
Bull_office_Lilla,profile_band_sustained,2017-08-27 07:00:00,2017-08-27 08:00:00,2,9.318018250194873,2017-08-27 11:00:00,interval,after_hours,A,True
Bull_office_Lilla,profile_band+profile_band_sustained,2017-09-04 07:00:00,2017-09-04 09:00:00,3,7.112970711297071,2017-09-04 09:00:00,interval,after_hours,A,False
Bull_office_Lilla,profile_band,2017-10-02 17:00:00,2017-10-02 17:00:00,1,24.031007751937985,2017-10-02 17:00:00,point,spike,A,False
Bull_office_Lilla,profile_band_sustained,2017-10-02 17:00:00,2017-10-02 17:00:00,1,3.5114148579930906,2017-10-02 22:00:00,interval,sustained_high,A,False
Bull_office_Lilla,profile_band+profile_band_sustained,2017-10-09 07:00:00,2017-10-09 15:00:00,9,9.005524861878452,2017-10-09 09:00:00,interval,after_hours,A,False
Bull_office_Lilla,profile_band+profile_band_sustained,2017-10-22 08:00:00,2017-10-22 18:00:00,11,11.597751891932225,2017-10-22 09:00:00,interval,after_hours,A,True
Bull_office_Lilla,profile_band_sustained+profile_band,2017-10-27 22:00:00,2017-10-28 10:00:00,13,5.311653116531166,2017-10-28 09:00:00,interval,after_hours,A,False
Bull_office_Lilla,profile_band_sustained+profile_band,2017-10-28 22:00:00,2017-10-29 09:00:00,12,4.239130434782608,2017-10-29 05:00:00,interval,after_hours,A,False
Bull_office_Lilla,profile_band_sustained+profile_band,2017-11-10 01:00:00,2017-11-10 16:00:00,16,7.958990961823824,2017-11-10 09:00:00,interval,after_hours,A,False
Bull_office_Lilla,profile_band,2017-11-20 11:00:00,2017-11-20 11:00:00,1,34.61946902654867,2017-11-20 11:00:00,point,spike,A,False
Bull_office_Lilla,profile_band_sustained,2017-11-20 11:00:00,2017-11-20 11:00:00,1,6.069802577993187,2017-11-20 16:00:00,interval,sustained_high,A,False
Bull_office_Lilla,profile_band,2017-11-24 05:00:00,2017-11-24 05:00:00,1,10.059547898479506,2017-11-24 05:00:00,point,after_hours,A,False
Bull_office_Lilla,profile_band,2017-11-24 10:00:00,2017-11-24 10:00:00,1,62.783229259589646,2017-11-24 10:00:00,point,spike,A,False
Bull_office_Lilla,profile_band_sustained,2017-11-24 10:00:00,2017-11-24 10:00:00,1,5.142545282543948,2017-11-24 15:00:00,interval,sustained_high,A,False
Bull_office_Lilla,profile_band,2017-11-28 13:00:00,2017-11-28 13:00:00,1,13.691629955947137,2017-11-28 13:00:00,point,spike,A,False
Bull_office_Lilla,profile_band_sustained,2017-11-28 13:00:00,2017-11-28 13:00:00,1,2.777103364067937,2017-11-28 18:00:00,interval,sustained_high,A,False
Bull_office_Lilla,profile_band_sustained,2017-12-06 14:00:00,2017-12-07 03:00:00,14,3.170473518603368,2017-12-07 01:00:00,interval,after_hours,A,False
Bull_office_Lilla,profile_band,2017-12-07 01:00:00,2017-12-07 01:00:00,1,4.304461942257218,2017-12-07 01:00:00,point,after_hours,A,False
Bull_office_Lilla,profile_band,2017-12-07 10:00:00,2017-12-07 10:00:00,1,10.070671378091873,2017-12-07 10:00:00,point,spike,A,False
Bull_office_Lilla,profile_band_sustained,2017-12-07 10:00:00,2017-12-07 20:00:00,11,3.469417740472913,2017-12-07 15:00:00,interval,sustained_high,A,False
Bull_office_Lilla,profile_band_sustained+profile_band,2017-12-08 19:00:00,2017-12-09 07:00:00,13,4.551045510455104,2017-12-08 22:00:00,interval,after_hours,A,False
Bull_office_Lilla,profile_band_sustained,2017-12-16 18:00:00,2017-12-16 23:00:00,6,2.8174498158925014,2017-12-16 23:00:00,interval,after_hours,A,False
Bull_office_Rob,profile_band,2017-01-16 19:00:00,2017-01-16 20:00:00,2,5.0626566416040095,2017-01-16 20:00:00,point,after_hours,A,False
Bull_office_Rob,profile_band_sustained,2017-01-22 19:00:00,2017-01-22 22:00:00,4,2.549121796960095,2017-01-22 22:00:00,interval,after_hours,A,False
Bull_office_Rob,profile_band,2017-01-22 21:00:00,2017-01-22 21:00:00,1,4.077669902912621,2017-01-22 21:00:00,point,after_hours,A,False
Bull_office_Rob,profile_band_sustained,2017-01-29 19:00:00,2017-01-29 22:00:00,4,3.1993238975389233,2017-01-29 22:00:00,interval,after_hours,A,False
Bull_office_Rob,profile_band,2017-01-29 20:00:00,2017-01-29 21:00:00,2,4.554455445544554,2017-01-29 20:00:00,point,after_hours,A,False
Bull_office_Rob,profile_band+profile_band_sustained,2017-02-20 06:00:00,2017-02-20 20:00:00,15,10.429930280686863,2017-02-20 10:00:00,interval,after_hours,A,False
Bull_office_Rob,profile_band,2017-02-20 20:00:00,2017-02-20 20:00:00,1,4.089100229326858,2017-02-20 20:00:00,point,after_hours,A,False
Bull_office_Rob,profile_band_sustained,2017-02-26 03:00:00,2017-02-26 06:00:00,4,3.2564855774424224,2017-02-26 07:00:00,interval,after_hours,A,False
Bull_office_Rob,profile_band_sustained,2017-03-03 02:00:00,2017-03-03 05:00:00,4,2.6882397051061564,2017-03-03 06:00:00,interval,after_hours,A,False
Bull_office_Rob,profile_band_sustained,2017-03-04 00:00:00,2017-03-04 05:00:00,6,3.258749947193351,2017-03-04 05:00:00,interval,after_hours,A,False
Bull_office_Rob,profile_band+profile_band_sustained,2017-03-22 20:00:00,2017-03-23 05:00:00,10,24.41865232468065,2017-03-23 03:00:00,interval,after_hours,A,True
Bull_office_Rob,profile_band_sustained+profile_band,2017-03-24 21:00:00,2017-03-25 10:00:00,14,6.60535778246045,2017-03-25 02:00:00,interval,after_hours,A,False
Bull_office_Rob,profile_band,2017-03-24 23:00:00,2017-03-24 23:00:00,1,4.721435316336167,2017-03-24 23:00:00,point,after_hours,A,False
Bull_office_Rob,profile_band_sustained+profile_band,2017-03-26 19:00:00,2017-03-27 07:00:00,13,5.994694960212201,2017-03-27 03:00:00,interval,after_hours,A,False
Bull_office_Rob,profile_band,2017-03-26 19:00:00,2017-03-26 19:00:00,1,4.009472847999761,2017-03-26 19:00:00,point,after_hours,A,False
Bull_office_Rob,profile_band,2017-03-26 23:00:00,2017-03-26 23:00:00,1,5.7894736842105265,2017-03-26 23:00:00,point,after_hours,A,False
Bull_office_Rob,profile_band_sustained,2017-03-28 02:00:00,2017-03-28 05:00:00,4,2.608195280489832,2017-03-28 07:00:00,interval,after_hours,A,False
Bull_office_Rob,profile_band_sustained,2017-04-01 11:00:00,2017-04-01 16:00:00,6,3.0875738454291413,2017-04-01 16:00:00,interval,after_hours,A,False
Bull_office_Rob,profile_band,2017-04-01 13:00:00,2017-04-01 13:00:00,1,4.251335696094904,2017-04-01 13:00:00,point,after_hours,A,False
Bull_office_Rob,profile_band,2017-04-20 07:00:00,2017-04-20 07:00:00,1,17.390923906504646,2017-04-20 07:00:00,point,spike,A,False
Bull_office_Rob,profile_band_sustained,2017-04-20 07:00:00,2017-04-20 07:00:00,1,2.9720376223349594,2017-04-20 12:00:00,interval,sustained_high,A,False
Bull_office_Rob,profile_band_sustained,2017-04-21 00:00:00,2017-04-21 05:00:00,6,2.8524377408826016,2017-04-21 05:00:00,interval,after_hours,A,False
Bull_office_Rob,profile_band_sustained,2017-04-26 02:00:00,2017-04-26 05:00:00,4,3.4288882612338516,2017-04-26 05:00:00,interval,after_hours,A,False
Bull_office_Rob,profile_band,2017-04-26 03:00:00,2017-04-26 03:00:00,1,4.29675594925831,2017-04-26 03:00:00,point,after_hours,A,False
Bull_office_Rob,profile_band_sustained,2017-05-13 00:00:00,2017-05-13 06:00:00,7,2.771724797759487,2017-05-13 05:00:00,interval,after_hours,A,False
Bull_office_Rob,profile_band,2017-05-16 09:00:00,2017-05-16 09:00:00,1,4.148783977110157,2017-05-16 09:00:00,point,spike,A,False
Bull_office_Rob,profile_band_sustained,2017-05-16 09:00:00,2017-05-16 14:00:00,6,3.6539613570435674,2017-05-16 14:00:00,interval,sustained_high,A,False
Bull_office_Rob,profile_band,2017-05-16 12:00:00,2017-05-16 13:00:00,2,4.468085106382978,2017-05-16 13:00:00,point,spike,A,False
Bull_office_Rob,profile_band_sustained+profile_band,2017-05-20 11:00:00,2017-05-21 12:00:00,26,10.43824701195219,2017-05-20 17:00:00,interval,after_hours,A,False
Bull_office_Rob,profile_band,2017-05-20 12:00:00,2017-05-20 12:00:00,1,4.205607476635514,2017-05-20 12:00:00,point,after_hours,A,False
Bull_office_Rob,profile_band,2017-05-20 22:00:00,2017-05-20 23:00:00,2,23.382346328521965,2017-05-20 23:00:00,point,after_hours,A,False
Bull_office_Rob,profile_band,2017-05-21 02:00:00,2017-05-21 02:00:00,1,5.211974050500963,2017-05-21 02:00:00,point,after_hours,A,False
Bull_office_Rob,profile_band_sustained,2017-05-23 02:00:00,2017-05-23 03:00:00,2,2.5616635527763,2017-05-23 06:00:00,interval,after_hours,A,False
Bull_office_Rob,profile_band+profile_band_sustained,2017-05-27 08:00:00,2017-05-27 18:00:00,11,18.542483094542817,2017-05-27 10:00:00,interval,after_hours,A,True
Bull_office_Rob,profile_band,2017-07-04 06:00:00,2017-07-04 06:00:00,1,7.294492658043177,2017-07-04 06:00:00,point,after_hours,A,False
Bull_office_Rob,profile_band_sustained,2017-07-24 03:00:00,2017-07-24 05:00:00,3,2.593594155818281,2017-07-24 07:00:00,interval,after_hours,A,False
Bull_office_Rob,profile_band,2017-08-08 13:00:00,2017-08-08 13:00:00,1,54.38509316770186,2017-08-08 13:00:00,point,spike,A,False
Bull_office_Rob,profile_band_sustained,2017-08-08 13:00:00,2017-08-08 13:00:00,1,8.945220110992153,2017-08-08 18:00:00,interval,sustained_high,A,False
Bull_office_Rob,profile_band_sustained+profile_band,2017-08-29 21:00:00,2017-08-30 07:00:00,11,6.7449075947659525,2017-08-29 22:00:00,interval,after_hours,A,False
Bull_office_Rob,profile_band_sustained,2017-09-03 18:00:00,2017-09-03 22:00:00,5,3.070844228285354,2017-09-03 22:00:00,interval,after_hours,A,False
Bull_office_Rob,profile_band,2017-09-03 19:00:00,2017-09-03 19:00:00,1,5.0359712230215825,2017-09-03 19:00:00,point,after_hours,A,False
Bull_office_Rob,profile_band,2017-09-03 22:00:00,2017-09-03 22:00:00,1,4.271844660194175,2017-09-03 22:00:00,point,after_hours,A,False
Bull_office_Rob,profile_band,2017-09-04 06:00:00,2017-09-04 06:00:00,1,5.9753086419753085,2017-09-04 06:00:00,point,after_hours,A,False
Bull_office_Rob,profile_band_sustained,2017-09-05 21:00:00,2017-09-06 07:00:00,11,4.232569992871628,2017-09-06 03:00:00,interval,after_hours,A,False
Bull_office_Rob,profile_band,2017-09-05 22:00:00,2017-09-05 22:00:00,1,6.702751922298665,2017-09-05 22:00:00,point,after_hours,A,False
Bull_office_Rob,profile_band,2017-09-06 02:00:00,2017-09-06 03:00:00,2,4.630071599045346,2017-09-06 02:00:00,point,after_hours,A,False
Bull_office_Rob,profile_band,2017-09-06 22:00:00,2017-09-06 22:00:00,1,6.61844057736409,2017-09-06 22:00:00,point,after_hours,A,False
Bull_office_Rob,profile_band_sustained,2017-09-06 22:00:00,2017-09-06 22:00:00,1,2.738152408893292,2017-09-07 03:00:00,interval,after_hours,A,False
Bull_office_Rob,profile_band_sustained,2017-09-16 00:00:00,2017-09-16 06:00:00,7,3.8784272027686595,2017-09-16 05:00:00,interval,after_hours,A,False
Bull_office_Rob,profile_band,2017-09-16 01:00:00,2017-09-16 01:00:00,1,4.547677261613691,2017-09-16 01:00:00,point,after_hours,A,False
Bull_office_Rob,profile_band,2017-09-16 04:00:00,2017-09-16 04:00:00,1,4.122137404580152,2017-09-16 04:00:00,point,after_hours,A,False
Bull_office_Rob,profile_band_sustained,2017-09-17 18:00:00,2017-09-17 22:00:00,5,4.601551038412222,2017-09-17 23:00:00,interval,after_hours,A,True
Bull_office_Rob,profile_band,2017-09-17 22:00:00,2017-09-17 22:00:00,1,16.73361939170698,2017-09-17 22:00:00,point,after_hours,A,True
Bull_office_Rob,profile_band_sustained+profile_band,2017-10-09 06:00:00,2017-10-09 20:00:00,15,14.154488517745301,2017-10-09 12:00:00,interval,after_hours,A,False
Bull_office_Rob,profile_band_sustained,2017-10-17 20:00:00,2017-10-18 07:00:00,12,3.3267759661451834,2017-10-18 02:00:00,interval,after_hours,A,False
Bull_office_Rob,profile_band,2017-10-18 01:00:00,2017-10-18 01:00:00,1,4.459770114942529,2017-10-18 01:00:00,point,after_hours,A,False
Bull_office_Rob,profile_band,2017-11-07 19:00:00,2017-11-07 19:00:00,1,4.7272727272727275,2017-11-07 19:00:00,point,after_hours,A,False
Bull_office_Rob,profile_band_sustained,2017-11-07 19:00:00,2017-11-08 06:00:00,12,3.617406755086094,2017-11-08 06:00:00,interval,after_hours,A,False
Bull_office_Rob,profile_band,2017-11-08 01:00:00,2017-11-08 01:00:00,1,4.651162790697675,2017-11-08 01:00:00,point,after_hours,A,False
Bull_office_Rob,profile_band_sustained+profile_band,2017-11-10 06:00:00,2017-11-11 06:00:00,25,13.212083700335658,2017-11-10 10:00:00,interval,after_hours,A,False
Bull_office_Rob,profile_band,2017-11-10 06:00:00,2017-11-10 06:00:00,1,7.544303797468355,2017-11-10 06:00:00,point,after_hours,A,False
Bull_office_Rob,profile_band,2017-11-10 23:00:00,2017-11-10 23:00:00,1,4.512820512820513,2017-11-10 23:00:00,point,after_hours,A,False
Bull_office_Rob,profile_band,2017-11-20 11:00:00,2017-11-20 11:00:00,1,32.61213720316623,2017-11-20 11:00:00,point,spike,A,False
Bull_office_Rob,profile_band_sustained,2017-11-20 11:00:00,2017-11-20 11:00:00,1,5.51514019888165,2017-11-20 16:00:00,interval,sustained_high,A,False
Bull_office_Rob,profile_band,2017-11-24 05:00:00,2017-11-24 05:00:00,1,13.19371727748691,2017-11-24 05:00:00,point,after_hours,A,False
Bull_office_Rob,profile_band,2017-11-24 10:00:00,2017-11-24 10:00:00,1,31.633466135458168,2017-11-24 10:00:00,point,spike,A,False
Bull_office_Rob,profile_band,2017-11-28 13:00:00,2017-11-28 13:00:00,1,12.17391304347826,2017-11-28 13:00:00,point,spike,A,False
Bull_office_Rob,profile_band,2017-12-06 20:00:00,2017-12-06 21:00:00,2,14.94296577946768,2017-12-06 21:00:00,point,after_hours,A,True
Bull_office_Rob,profile_band_sustained,2017-12-06 20:00:00,2017-12-06 21:00:00,2,4.748730955632187,2017-12-06 21:00:00,interval,after_hours,A,True
Bull_office_Rob,profile_band,2017-12-07 10:00:00,2017-12-07 11:00:00,2,5.4404145077720205,2017-12-07 11:00:00,point,spike,A,False
Bull_office_Rob,profile_band_sustained,2017-12-10 23:00:00,2017-12-10 23:00:00,1,2.5923959156868315,2017-12-10 23:00:00,interval,after_hours,A,False
Eagle_office_Demetra,profile_band,2017-01-07 05:00:00,2017-01-07 05:00:00,1,15.69723949327349,2017-01-07 05:00:00,point,after_hours,A,False
Eagle_office_Demetra,profile_band_sustained,2017-01-07 05:00:00,2017-01-07 10:00:00,6,4.660008791264693,2017-01-07 10:00:00,interval,after_hours,A,False
Eagle_office_Demetra,profile_band,2017-01-07 10:00:00,2017-01-07 10:00:00,1,4.890058006205315,2017-01-07 10:00:00,point,after_hours,A,False
Eagle_office_Demetra,profile_band,2017-01-20 05:00:00,2017-01-20 05:00:00,1,4.721435316336167,2017-01-20 05:00:00,point,after_hours,A,False
Eagle_office_Demetra,profile_band,2017-02-03 11:00:00,2017-02-03 11:00:00,1,12.058823529411763,2017-02-03 11:00:00,point,spike,A,False
Eagle_office_Demetra,profile_band_sustained+profile_band,2017-02-20 05:00:00,2017-02-20 23:00:00,19,8.996763754045308,2017-02-20 14:00:00,interval,after_hours,A,False
Eagle_office_Demetra,profile_band,2017-02-20 08:00:00,2017-02-20 08:00:00,1,4.406779661016949,2017-02-20 08:00:00,point,after_hours,A,False
Eagle_office_Demetra,profile_band,2017-02-23 16:00:00,2017-02-23 16:00:00,1,4.493392070484581,2017-02-23 16:00:00,point,spike,A,False
Eagle_office_Demetra,profile_band,2017-03-01 08:00:00,2017-03-01 08:00:00,1,9.565505316213532,2017-03-01 08:00:00,point,spike,A,False
Eagle_office_Demetra,profile_band+profile_band_sustained,2017-03-05 05:00:00,2017-03-05 11:00:00,7,12.520325203252032,2017-03-05 08:00:00,interval,after_hours,A,False
Eagle_office_Demetra,profile_band,2017-03-05 16:00:00,2017-03-05 16:00:00,1,5.278623335034224,2017-03-05 16:00:00,point,after_hours,A,False
Eagle_office_Demetra,profile_band,2017-03-12 11:00:00,2017-03-12 11:00:00,1,20.68438329061559,2017-03-12 11:00:00,point,after_hours,A,False
Eagle_office_Demetra,profile_band_sustained,2017-03-12 11:00:00,2017-03-12 15:00:00,5,4.398016828483441,2017-03-12 15:00:00,interval,after_hours,A,False
Eagle_office_Demetra,profile_band,2017-03-13 11:00:00,2017-03-13 11:00:00,1,29.81249156886551,2017-03-13 11:00:00,point,spike,A,False
Eagle_office_Demetra,profile_band_sustained,2017-03-13 11:00:00,2017-03-13 13:00:00,3,5.640223267456257,2017-03-13 16:00:00,interval,sustained_high,A,False
Eagle_office_Demetra,profile_band+profile_band_sustained,2017-03-14 09:00:00,2017-03-14 11:00:00,3,30.756778632132743,2017-03-14 11:00:00,interval,sustained_high,A,False
Eagle_office_Demetra,profile_band,2017-03-15 11:00:00,2017-03-15 11:00:00,1,15.738117721120554,2017-03-15 11:00:00,point,spike,A,False
Eagle_office_Demetra,profile_band,2017-03-16 11:00:00,2017-03-16 11:00:00,1,22.739974176639496,2017-03-16 11:00:00,point,spike,A,False
Eagle_office_Demetra,profile_band_sustained,2017-03-16 11:00:00,2017-03-16 16:00:00,6,5.8369814698490154,2017-03-16 16:00:00,interval,sustained_high,A,False
Eagle_office_Demetra,profile_band,2017-03-17 11:00:00,2017-03-17 11:00:00,1,23.51082075889846,2017-03-17 11:00:00,point,spike,A,False
Eagle_office_Demetra,profile_band_sustained,2017-03-17 11:00:00,2017-03-17 13:00:00,3,5.095541816044896,2017-03-17 14:00:00,interval,sustained_high,A,False
Eagle_office_Demetra,profile_band,2017-03-18 11:00:00,2017-03-18 11:00:00,1,16.822593059886845,2017-03-18 11:00:00,point,after_hours,A,False
Eagle_office_Demetra,profile_band,2017-03-19 11:00:00,2017-03-19 11:00:00,1,8.502671392189807,2017-03-19 11:00:00,point,after_hours,A,False
Eagle_office_Demetra,profile_band,2017-03-20 11:00:00,2017-03-20 11:00:00,1,22.35455088551001,2017-03-20 11:00:00,point,spike,A,False
Eagle_office_Demetra,profile_band_sustained,2017-03-20 11:00:00,2017-03-20 13:00:00,3,4.5605791028502685,2017-03-20 16:00:00,interval,sustained_high,A,False
Eagle_office_Demetra,profile_band_sustained,2017-03-21 05:00:00,2017-03-21 11:00:00,7,6.848356932638953,2017-03-21 11:00:00,interval,sustained_high,A,False
Eagle_office_Demetra,profile_band,2017-03-21 10:00:00,2017-03-21 11:00:00,2,25.82336050567536,2017-03-21 11:00:00,point,spike,A,False
Eagle_office_Demetra,profile_band_sustained,2017-03-22 10:00:00,2017-03-22 11:00:00,2,4.482352499879421,2017-03-22 14:00:00,interval,sustained_high,A,False
Eagle_office_Demetra,profile_band,2017-03-22 11:00:00,2017-03-22 11:00:00,1,18.960684683064287,2017-03-22 11:00:00,point,spike,A,False
Eagle_office_Demetra,profile_band,2017-03-23 11:00:00,2017-03-23 11:00:00,1,13.040154683214173,2017-03-23 11:00:00,point,spike,A,False
Eagle_office_Demetra,profile_band,2017-03-24 11:00:00,2017-03-24 11:00:00,1,9.680926194840543,2017-03-24 11:00:00,point,spike,A,False
Eagle_office_Demetra,profile_band,2017-03-31 10:00:00,2017-03-31 10:00:00,1,4.8057466612707405,2017-03-31 10:00:00,point,spike,A,False
Eagle_office_Demetra,profile_band,2017-05-10 05:00:00,2017-05-10 06:00:00,2,26.571428571428573,2017-05-10 06:00:00,point,after_hours,A,False
Eagle_office_Demetra,profile_band_sustained,2017-05-10 05:00:00,2017-05-10 10:00:00,6,9.634277629094097,2017-05-10 10:00:00,interval,sustained_high,A,False
Eagle_office_Demetra,profile_band,2017-05-10 10:00:00,2017-05-10 10:00:00,1,6.070416835289357,2017-05-10 10:00:00,point,spike,A,False
Eagle_office_Demetra,profile_band+profile_band_sustained,2017-05-11 04:00:00,2017-05-11 06:00:00,3,25.633802816901408,2017-05-11 04:00:00,interval,after_hours,A,False
Eagle_office_Demetra,profile_band+profile_band_sustained,2017-05-12 04:00:00,2017-05-12 06:00:00,3,27.04225352112676,2017-05-12 06:00:00,interval,after_hours,A,False
Eagle_office_Demetra,profile_band+profile_band_sustained,2017-05-13 04:00:00,2017-05-13 10:00:00,7,27.16417910447761,2017-05-13 05:00:00,interval,after_hours,A,False
Eagle_office_Demetra,profile_band,2017-05-14 04:00:00,2017-05-14 05:00:00,2,18.114894683085698,2017-05-14 04:00:00,point,after_hours,A,False
Eagle_office_Demetra,profile_band_sustained,2017-05-14 04:00:00,2017-05-14 09:00:00,6,6.540895660791719,2017-05-14 09:00:00,interval,after_hours,A,False
Eagle_office_Demetra,profile_band+profile_band_sustained,2017-05-20 06:00:00,2017-05-20 10:00:00,5,23.7628282954062,2017-05-20 06:00:00,interval,after_hours,A,False
Eagle_office_Demetra,profile_band,2017-05-22 04:00:00,2017-05-22 04:00:00,1,25.017475442404624,2017-05-22 04:00:00,point,after_hours,A,False
Eagle_office_Demetra,profile_band,2017-06-27 18:00:00,2017-06-27 18:00:00,1,4.717948717948718,2017-06-27 18:00:00,point,spike,A,False
Eagle_office_Demetra,profile_band,2017-07-05 16:00:00,2017-07-05 16:00:00,1,4.7,2017-07-05 16:00:00,point,spike,A,False
Eagle_office_Demetra,profile_band,2017-08-04 10:00:00,2017-08-04 10:00:00,1,9.29298379723309,2017-08-04 10:00:00,point,spike,A,False
Eagle_office_Demetra,profile_band,2017-08-07 16:00:00,2017-08-07 16:00:00,1,5.051546391752577,2017-08-07 16:00:00,point,spike,A,False
Eagle_office_Demetra,profile_band,2017-08-11 12:00:00,2017-08-11 12:00:00,1,6.4367816091954015,2017-08-11 12:00:00,point,spike,A,False
Eagle_office_Demetra,profile_band,2017-08-23 01:00:00,2017-08-23 01:00:00,1,5.041551246537396,2017-08-23 01:00:00,point,after_hours,A,False
Eagle_office_Demetra,profile_band,2017-08-29 10:00:00,2017-08-29 11:00:00,2,12.140833670578713,2017-08-29 10:00:00,point,spike,A,False
Eagle_office_Demetra,profile_band,2017-09-07 21:00:00,2017-09-07 22:00:00,2,18.54619172446908,2017-09-07 22:00:00,point,after_hours,A,True
Eagle_office_Demetra,profile_band_sustained,2017-09-07 21:00:00,2017-09-07 22:00:00,2,5.980594881272025,2017-09-08 02:00:00,interval,after_hours,A,True
Eagle_office_Demetra,profile_band,2017-10-12 10:00:00,2017-10-12 10:00:00,1,8.829697214966338,2017-10-12 10:00:00,point,spike,A,False
Eagle_office_Demetra,profile_band,2017-10-23 10:00:00,2017-10-23 10:00:00,1,7.997533290936771,2017-10-23 10:00:00,point,spike,A,False
Eagle_office_Demetra,profile_band,2017-11-03 14:00:00,2017-11-03 14:00:00,1,4.516129032258064,2017-11-03 14:00:00,point,spike,A,False
Eagle_office_Demetra,profile_band,2017-11-06 04:00:00,2017-11-06 04:00:00,1,20.753561830049083,2017-11-06 04:00:00,point,after_hours,A,False
Eagle_office_Demetra,profile_band,2017-11-07 04:00:00,2017-11-07 04:00:00,1,23.140221440504728,2017-11-07 04:00:00,point,after_hours,A,False
Eagle_office_Demetra,profile_band_sustained,2017-11-07 04:00:00,2017-11-07 04:00:00,1,4.423832808807659,2017-11-07 08:00:00,interval,after_hours,A,False
Eagle_office_Demetra,profile_band,2017-11-08 04:00:00,2017-11-08 04:00:00,1,20.054858581770766,2017-11-08 04:00:00,point,after_hours,A,False
Eagle_office_Demetra,profile_band,2017-11-09 04:00:00,2017-11-09 04:00:00,1,19.96492648050722,2017-11-09 04:00:00,point,after_hours,A,False
Eagle_office_Demetra,profile_band_sustained+profile_band,2017-11-10 01:00:00,2017-11-11 04:00:00,28,28.89068753091416,2017-11-10 04:00:00,interval,after_hours,A,False
Eagle_office_Demetra,profile_band,2017-11-11 04:00:00,2017-11-11 04:00:00,1,25.630648860110618,2017-11-11 04:00:00,point,after_hours,A,False
Eagle_office_Demetra,profile_band,2017-11-12 04:00:00,2017-11-12 04:00:00,1,25.068573227213452,2017-11-12 04:00:00,point,after_hours,A,False
Eagle_office_Demetra,profile_band_sustained,2017-11-12 04:00:00,2017-11-12 04:00:00,1,4.577368009515282,2017-11-12 09:00:00,interval,after_hours,A,False
Eagle_office_Demetra,profile_band,2017-11-13 04:00:00,2017-11-13 04:00:00,1,16.356400917307433,2017-11-13 04:00:00,point,after_hours,A,False
Eagle_office_Demetra,profile_band,2017-11-14 04:00:00,2017-11-14 04:00:00,1,16.787325569195257,2017-11-14 04:00:00,point,after_hours,A,False
Eagle_office_Demetra,profile_band,2017-11-15 04:00:00,2017-11-15 04:00:00,1,14.2256232907791,2017-11-15 04:00:00,point,after_hours,A,False
Eagle_office_Demetra,profile_band,2017-11-16 04:00:00,2017-11-16 04:00:00,1,13.735084556614304,2017-11-16 04:00:00,point,after_hours,A,False
Eagle_office_Demetra,profile_band,2017-11-17 04:00:00,2017-11-17 04:00:00,1,7.53181348082198,2017-11-17 04:00:00,point,after_hours,A,False
Eagle_office_Demetra,profile_band,2017-11-18 04:00:00,2017-11-18 04:00:00,1,25.068573227213452,2017-11-18 04:00:00,point,after_hours,A,False
Eagle_office_Demetra,profile_band_sustained,2017-11-18 04:00:00,2017-11-18 04:00:00,1,5.204748690002245,2017-11-18 04:00:00,interval,after_hours,A,False
Eagle_office_Demetra,profile_band,2017-11-20 04:00:00,2017-11-20 04:00:00,1,4.937781408998471,2017-11-20 04:00:00,point,after_hours,A,False
Eagle_office_Demetra,profile_band+profile_band_sustained,2017-12-13 01:00:00,2017-12-13 03:00:00,3,34.196316605207805,2017-12-13 02:00:00,interval,after_hours,A,True
Eagle_office_Demetra,profile_band,2017-12-18 06:00:00,2017-12-18 06:00:00,1,12.140833670578715,2017-12-18 06:00:00,point,after_hours,A,False
Eagle_office_Donovan,profile_band,2017-01-07 17:00:00,2017-01-07 17:00:00,1,12.02465510419714,2017-01-07 17:00:00,point,after_hours,A,True
Eagle_office_Donovan,profile_band_sustained+profile_band,2017-02-12 08:00:00,2017-02-12 13:00:00,6,10.55207611047413,2017-02-12 12:00:00,interval,after_hours,A,True
Eagle_office_Donovan,profile_band_sustained+profile_band,2017-02-20 12:00:00,2017-02-20 23:00:00,12,22.061859436002894,2017-02-20 23:00:00,interval,after_hours,A,False
Eagle_office_Donovan,profile_band,2017-02-20 12:00:00,2017-02-20 12:00:00,1,8.148657829252505,2017-02-20 12:00:00,point,after_hours,A,False
Eagle_office_Donovan,profile_band,2017-02-20 15:00:00,2017-02-20 16:00:00,2,6.4667185807063685,2017-02-20 15:00:00,point,after_hours,A,False
Eagle_office_Donovan,profile_band,2017-02-27 22:00:00,2017-02-27 22:00:00,1,5.780787011218163,2017-02-27 22:00:00,point,after_hours,A,False
Eagle_office_Donovan,profile_band,2017-03-15 00:00:00,2017-03-15 00:00:00,1,5.5800400557354495,2017-03-15 00:00:00,point,after_hours,A,False
Eagle_office_Donovan,profile_band,2017-03-15 12:00:00,2017-03-15 13:00:00,2,8.406478190135404,2017-03-15 13:00:00,point,spike,A,False
Eagle_office_Donovan,profile_band,2017-03-16 12:00:00,2017-03-16 13:00:00,2,8.453562257072573,2017-03-16 13:00:00,point,spike,A,False
Eagle_office_Donovan,profile_band,2017-04-30 04:00:00,2017-04-30 05:00:00,2,26.964758341659465,2017-04-30 04:00:00,point,after_hours,A,True
Eagle_office_Donovan,profile_band_sustained,2017-04-30 04:00:00,2017-04-30 05:00:00,2,7.0364922024568415,2017-04-30 09:00:00,interval,after_hours,A,True
Eagle_office_Donovan,profile_band_sustained+profile_band,2017-05-09 01:00:00,2017-05-09 11:00:00,11,23.389546918698755,2017-05-09 08:00:00,interval,after_hours,A,False
Eagle_office_Donovan,profile_band_sustained+profile_band,2017-05-11 01:00:00,2017-05-11 10:00:00,10,22.860162590510516,2017-05-11 08:00:00,interval,after_hours,A,False
Eagle_office_Donovan,profile_band,2017-05-13 01:00:00,2017-05-13 17:00:00,17,23.89168134008122,2017-05-13 08:00:00,interval,after_hours,A,False
Eagle_office_Donovan,profile_band,2017-05-14 22:00:00,2017-05-14 23:00:00,2,12.662915058932766,2017-05-14 22:00:00,point,after_hours,A,False
Eagle_office_Donovan,profile_band_sustained+profile_band,2017-05-16 01:00:00,2017-05-16 10:00:00,10,15.068435828009575,2017-05-16 08:00:00,interval,after_hours,A,False
Eagle_office_Donovan,profile_band_sustained+profile_band,2017-05-20 01:00:00,2017-05-20 17:00:00,17,23.285793480812288,2017-05-20 09:00:00,interval,after_hours,A,False
Eagle_office_Donovan,profile_band,2017-05-20 22:00:00,2017-05-20 22:00:00,1,7.712446241373791,2017-05-20 22:00:00,point,after_hours,A,False
Eagle_office_Donovan,profile_band,2017-06-14 13:00:00,2017-06-14 14:00:00,2,6.4118737845278355,2017-06-14 13:00:00,point,spike,A,False
Eagle_office_Donovan,profile_band,2017-06-19 13:00:00,2017-06-19 13:00:00,1,7.75357270431785,2017-06-19 13:00:00,point,spike,A,False
Eagle_office_Donovan,profile_band+profile_band_sustained,2017-06-19 19:00:00,2017-06-19 21:00:00,3,6.728210299296131,2017-06-19 19:00:00,interval,after_hours,A,False
Eagle_office_Donovan,profile_band,2017-06-26 13:00:00,2017-06-26 13:00:00,1,6.442897940551627,2017-06-26 13:00:00,point,spike,A,False
Eagle_office_Donovan,profile_band,2017-06-28 13:00:00,2017-06-28 13:00:00,1,6.172206086605624,2017-06-28 13:00:00,point,spike,A,False
Eagle_office_Donovan,profile_band_sustained+profile_band,2017-07-04 10:00:00,2017-07-04 14:00:00,5,14.87941609243848,2017-07-04 10:00:00,interval,after_hours,A,False
Eagle_office_Donovan,profile_band,2017-07-04 22:00:00,2017-07-04 22:00:00,1,13.423746985388815,2017-07-04 22:00:00,point,after_hours,A,False
Eagle_office_Donovan,profile_band,2017-07-08 14:00:00,2017-07-08 14:00:00,1,6.928054040669329,2017-07-08 14:00:00,point,after_hours,A,False
Eagle_office_Donovan,profile_band,2017-07-10 12:00:00,2017-07-10 12:00:00,1,8.562568157000213,2017-07-10 12:00:00,point,spike,A,False
Eagle_office_Donovan,profile_band,2017-07-12 12:00:00,2017-07-12 12:00:00,1,5.843304524099459,2017-07-12 12:00:00,point,spike,A,False
Eagle_office_Donovan,profile_band,2017-07-14 12:00:00,2017-07-14 12:00:00,1,5.802861206872608,2017-07-14 12:00:00,point,spike,A,False
Eagle_office_Donovan,profile_band,2017-07-18 19:00:00,2017-07-18 19:00:00,1,6.692813961937538,2017-07-18 19:00:00,point,after_hours,A,False
Eagle_office_Donovan,profile_band,2017-07-24 13:00:00,2017-07-24 14:00:00,2,6.951980590192038,2017-07-24 13:00:00,point,spike,A,False
Eagle_office_Donovan,profile_band,2017-07-31 13:00:00,2017-07-31 14:00:00,2,7.076059780310054,2017-07-31 13:00:00,point,spike,A,True
Eagle_office_Donovan,profile_band,2017-08-07 14:00:00,2017-08-07 14:00:00,1,6.613889756068192,2017-08-07 14:00:00,point,spike,A,True
Eagle_office_Donovan,profile_band,2017-08-08 18:00:00,2017-08-08 18:00:00,1,8.24582924884893,2017-08-08 18:00:00,point,spike,A,True
Eagle_office_Donovan,profile_band,2017-08-15 15:00:00,2017-08-15 15:00:00,1,6.202199457209324,2017-08-15 15:00:00,point,spike,A,True
Eagle_office_Donovan,profile_band,2017-08-21 18:00:00,2017-08-21 18:00:00,1,6.526013766451698,2017-08-21 18:00:00,point,spike,A,True
Eagle_office_Donovan,profile_band,2017-08-22 19:00:00,2017-08-22 19:00:00,1,7.318757952059086,2017-08-22 19:00:00,point,after_hours,A,False
Eagle_office_Donovan,profile_band,2017-08-23 12:00:00,2017-08-23 12:00:00,1,6.655594602482637,2017-08-23 12:00:00,point,spike,A,False
Eagle_office_Donovan,profile_band,2017-08-23 15:00:00,2017-08-23 16:00:00,2,5.574748662149853,2017-08-23 15:00:00,point,spike,A,False
Eagle_office_Donovan,profile_band,2017-08-23 21:00:00,2017-08-23 21:00:00,1,6.767588251388561,2017-08-23 21:00:00,point,after_hours,A,False
Eagle_office_Donovan,profile_band+profile_band_sustained,2017-09-04 10:00:00,2017-09-04 23:00:00,14,27.423668628596193,2017-09-04 12:00:00,interval,after_hours,A,False
Eagle_office_Donovan,profile_band_sustained+profile_band,2017-09-12 01:00:00,2017-09-12 10:00:00,10,22.83041771878712,2017-09-12 06:00:00,interval,after_hours,A,False
Eagle_office_Donovan,profile_band_sustained+profile_band,2017-09-14 01:00:00,2017-09-14 10:00:00,10,21.874156810744033,2017-09-14 05:00:00,interval,after_hours,A,False
Eagle_office_Donovan,profile_band,2017-09-20 22:00:00,2017-09-20 22:00:00,1,7.865355316706187,2017-09-20 22:00:00,point,after_hours,A,False
Eagle_office_Donovan,profile_band,2017-10-13 13:00:00,2017-10-13 13:00:00,1,6.598549608375184,2017-10-13 13:00:00,point,spike,A,False
Eagle_office_Donovan,profile_band,2017-10-17 16:00:00,2017-10-17 16:00:00,1,7.469786399767826,2017-10-17 16:00:00,point,spike,A,False
Eagle_office_Donovan,profile_band_sustained+profile_band,2017-10-28 08:00:00,2017-10-28 11:00:00,4,10.599546693484037,2017-10-28 10:00:00,interval,after_hours,A,False
Eagle_office_Donovan,profile_band_sustained+profile_band,2017-10-31 05:00:00,2017-10-31 09:00:00,5,5.538906944760481,2017-10-31 05:00:00,interval,sustained_high,A,False
Eagle_office_Donovan,profile_band,2017-11-02 06:00:00,2017-11-02 06:00:00,1,6.002754273426406,2017-11-02 06:00:00,point,after_hours,A,False
Eagle_office_Donovan,profile_band,2017-11-02 21:00:00,2017-11-02 21:00:00,1,5.653767664336413,2017-11-02 21:00:00,point,after_hours,A,False
Eagle_office_Donovan,profile_band,2017-11-05 22:00:00,2017-11-05 22:00:00,1,5.677568065499494,2017-11-05 22:00:00,point,after_hours,A,False
Eagle_office_Donovan,profile_band_sustained+profile_band,2017-11-07 17:00:00,2017-11-08 07:00:00,15,6.651435839686377,2017-11-07 20:00:00,interval,after_hours,A,False
Eagle_office_Donovan,profile_band,2017-11-07 17:00:00,2017-11-07 17:00:00,1,5.8481606754676125,2017-11-07 17:00:00,point,spike,A,False
Eagle_office_Donovan,profile_band,2017-11-08 07:00:00,2017-11-08 07:00:00,1,6.616468970303663,2017-11-08 07:00:00,point,spike,A,False
Eagle_office_Donovan,profile_band,2017-11-09 07:00:00,2017-11-09 07:00:00,1,6.412473665031426,2017-11-09 07:00:00,point,spike,A,False
Eagle_office_Donovan,profile_band_sustained+profile_band,2017-11-10 01:00:00,2017-11-11 09:00:00,33,25.28207492430619,2017-11-10 12:00:00,interval,after_hours,A,False
Eagle_office_Donovan,profile_band,2017-11-10 01:00:00,2017-11-10 01:00:00,1,8.960520140931836,2017-11-10 01:00:00,point,after_hours,A,False
Eagle_office_Donovan,profile_band_sustained+profile_band,2017-11-12 10:00:00,2017-11-12 22:00:00,13,7.739864231584504,2017-11-12 13:00:00,interval,after_hours,A,False
Eagle_office_Donovan,profile_band,2017-11-13 05:00:00,2017-11-13 05:00:00,1,7.327569845389835,2017-11-13 05:00:00,point,after_hours,A,False
Eagle_office_Donovan,profile_band,2017-11-13 08:00:00,2017-11-13 08:00:00,1,8.15202278287944,2017-11-13 08:00:00,point,spike,A,False
Eagle_office_Donovan,profile_band,2017-11-14 05:00:00,2017-11-14 05:00:00,1,5.68120667291375,2017-11-14 05:00:00,point,after_hours,A,False
Eagle_office_Donovan,profile_band,2017-11-14 08:00:00,2017-11-14 08:00:00,1,8.205880731602722,2017-11-14 08:00:00,point,spike,A,False
Eagle_office_Donovan,profile_band,2017-11-15 04:00:00,2017-11-15 05:00:00,2,5.923231388258218,2017-11-15 04:00:00,point,after_hours,A,False
Eagle_office_Donovan,profile_band,2017-11-15 09:00:00,2017-11-15 09:00:00,1,6.249530414073322,2017-11-15 09:00:00,point,spike,A,False
Eagle_office_Donovan,profile_band,2017-11-16 09:00:00,2017-11-16 09:00:00,1,7.053210722838181,2017-11-16 09:00:00,point,spike,A,False
Eagle_office_Donovan,profile_band+profile_band_sustained,2017-11-17 05:00:00,2017-11-17 08:00:00,4,7.542048443340869,2017-11-17 05:00:00,interval,sustained_high,A,False
Eagle_office_Donovan,profile_band_sustained+profile_band,2017-11-18 01:00:00,2017-11-18 12:00:00,12,6.357565663098247,2017-11-18 10:00:00,interval,after_hours,A,False
Eagle_office_Donovan,profile_band,2017-11-18 05:00:00,2017-11-18 05:00:00,1,10.38714075471381,2017-11-18 05:00:00,point,after_hours,A,False
Eagle_office_Donovan,profile_band,2017-11-20 08:00:00,2017-11-20 08:00:00,1,5.893346783433774,2017-11-20 08:00:00,point,spike,A,False
Eagle_office_Donovan,profile_band,2017-11-21 08:00:00,2017-11-21 08:00:00,1,5.68670818155816,2017-11-21 08:00:00,point,spike,A,False
Eagle_office_Donovan,profile_band,2017-11-23 09:00:00,2017-11-23 09:00:00,1,7.311803378157678,2017-11-23 09:00:00,point,after_hours,A,False
Eagle_office_Donovan,profile_band,2017-12-08 18:00:00,2017-12-08 18:00:00,1,5.894434628209546,2017-12-08 18:00:00,point,spike,A,False
Eagle_office_Donovan,profile_band,2017-12-16 01:00:00,2017-12-16 01:00:00,1,6.0939091374439585,2017-12-16 01:00:00,point,after_hours,A,False
Eagle_office_Efrain,profile_band,2017-01-07 05:00:00,2017-01-07 05:00:00,1,8.792353739622325,2017-01-07 05:00:00,point,after_hours,A,False
Eagle_office_Efrain,profile_band,2017-02-10 22:00:00,2017-02-10 22:00:00,1,6.349036076224892,2017-02-10 22:00:00,point,after_hours,A,False
Eagle_office_Efrain,profile_band,2017-02-11 07:00:00,2017-02-11 07:00:00,1,7.7991098310430305,2017-02-11 07:00:00,point,after_hours,A,False
Eagle_office_Efrain,profile_band,2017-02-13 06:00:00,2017-02-13 06:00:00,1,9.282535539121364,2017-02-13 06:00:00,point,after_hours,A,False
Eagle_office_Efrain,profile_band,2017-02-21 08:00:00,2017-02-21 08:00:00,1,13.90129671451738,2017-02-21 08:00:00,point,spike,A,True
Eagle_office_Efrain,profile_band_sustained+profile_band,2017-02-26 06:00:00,2017-02-26 10:00:00,5,8.621965604417905,2017-02-26 08:00:00,interval,after_hours,A,True
Eagle_office_Efrain,profile_band,2017-04-05 10:00:00,2017-04-05 10:00:00,1,6.271827027123208,2017-04-05 10:00:00,point,spike,A,False
Eagle_office_Efrain,profile_band,2017-04-12 15:00:00,2017-04-12 16:00:00,2,7.551651846379242,2017-04-12 15:00:00,point,spike,A,False
Eagle_office_Efrain,profile_band,2017-04-14 01:00:00,2017-04-14 01:00:00,1,8.669762065790104,2017-04-14 01:00:00,point,after_hours,A,False
Eagle_office_Efrain,profile_band_sustained+profile_band,2017-04-14 17:00:00,2017-04-16 06:00:00,38,14.323846764078414,2017-04-15 17:00:00,interval,after_hours,A,False
Eagle_office_Efrain,profile_band,2017-04-14 20:00:00,2017-04-14 20:00:00,1,6.4076335961372255,2017-04-14 20:00:00,point,after_hours,A,False
Eagle_office_Efrain,profile_band+profile_band_sustained,2017-04-22 13:00:00,2017-04-22 21:00:00,9,10.384471185335759,2017-04-22 13:00:00,interval,after_hours,A,False
Eagle_office_Efrain,profile_band+profile_band_sustained,2017-05-07 05:00:00,2017-05-07 09:00:00,5,10.296286548313896,2017-05-07 05:00:00,interval,after_hours,A,False
Eagle_office_Efrain,profile_band,2017-05-08 05:00:00,2017-05-08 05:00:00,1,6.111743289568744,2017-05-08 05:00:00,point,after_hours,A,False
Eagle_office_Efrain,profile_band_sustained+profile_band,2017-05-20 05:00:00,2017-05-20 09:00:00,5,15.86185691089484,2017-05-20 07:00:00,interval,after_hours,A,False
Eagle_office_Efrain,profile_band+profile_band_sustained,2017-05-21 05:00:00,2017-05-21 08:00:00,4,15.740689026066498,2017-05-21 07:00:00,interval,after_hours,A,False
Eagle_office_Efrain,profile_band,2017-06-23 08:00:00,2017-06-23 08:00:00,1,7.39620773356334,2017-06-23 08:00:00,point,spike,A,False
Eagle_office_Efrain,profile_band,2017-07-09 07:00:00,2017-07-09 07:00:00,1,10.235507396005167,2017-07-09 07:00:00,point,after_hours,A,False
Eagle_office_Efrain,profile_band_sustained+profile_band,2017-07-18 23:00:00,2017-07-19 01:00:00,3,34.12159330431064,2017-07-18 23:00:00,interval,after_hours,A,True
Eagle_office_Efrain,profile_band,2017-07-19 16:00:00,2017-07-19 16:00:00,1,6.70266187749986,2017-07-19 16:00:00,point,spike,A,False
Eagle_office_Efrain,profile_band,2017-07-22 12:00:00,2017-07-22 12:00:00,1,6.759091057085207,2017-07-22 12:00:00,point,after_hours,A,False
Eagle_office_Efrain,profile_band,2017-07-23 06:00:00,2017-07-23 06:00:00,1,6.905552461115607,2017-07-23 06:00:00,point,after_hours,A,False
Eagle_office_Efrain,profile_band,2017-07-26 17:00:00,2017-07-26 17:00:00,1,6.983915099766612,2017-07-26 17:00:00,point,spike,A,False
Eagle_office_Efrain,profile_band,2017-07-31 05:00:00,2017-07-31 05:00:00,1,10.313931423741971,2017-07-31 05:00:00,point,after_hours,A,False
Eagle_office_Efrain,profile_band,2017-08-04 08:00:00,2017-08-04 08:00:00,1,7.898727858479839,2017-08-04 08:00:00,point,spike,A,False
Eagle_office_Efrain,profile_band,2017-08-04 23:00:00,2017-08-04 23:00:00,1,6.5199165057705475,2017-08-04 23:00:00,point,after_hours,A,False
Eagle_office_Efrain,profile_band,2017-08-05 06:00:00,2017-08-05 06:00:00,1,10.735548703974024,2017-08-05 06:00:00,point,after_hours,A,False
Eagle_office_Efrain,profile_band,2017-08-07 11:00:00,2017-08-07 11:00:00,1,10.646469107466109,2017-08-07 11:00:00,point,spike,A,False
Eagle_office_Efrain,profile_band,2017-08-08 08:00:00,2017-08-08 08:00:00,1,7.6130707512347255,2017-08-08 08:00:00,point,spike,A,False
Eagle_office_Efrain,profile_band,2017-08-12 00:00:00,2017-08-12 00:00:00,1,6.960262273938497,2017-08-12 00:00:00,point,after_hours,A,False
Eagle_office_Efrain,profile_band,2017-08-13 01:00:00,2017-08-13 01:00:00,1,6.870539737146798,2017-08-13 01:00:00,point,after_hours,A,False
Eagle_office_Efrain,profile_band,2017-08-14 02:00:00,2017-08-14 02:00:00,1,6.0474812413604875,2017-08-14 02:00:00,point,after_hours,A,False
Eagle_office_Efrain,profile_band,2017-08-14 07:00:00,2017-08-14 07:00:00,1,13.599186203712263,2017-08-14 07:00:00,point,spike,A,False
Eagle_office_Efrain,profile_band,2017-08-15 21:00:00,2017-08-15 21:00:00,1,13.71885178656554,2017-08-15 21:00:00,point,after_hours,A,True
Eagle_office_Efrain,profile_band,2017-08-16 18:00:00,2017-08-16 18:00:00,1,8.192635418718991,2017-08-16 18:00:00,point,spike,A,False
Eagle_office_Efrain,profile_band,2017-08-18 11:00:00,2017-08-18 11:00:00,1,6.425065206668219,2017-08-18 11:00:00,point,spike,A,False
Eagle_office_Efrain,profile_band,2017-08-19 09:00:00,2017-08-19 09:00:00,1,12.83812276618022,2017-08-19 09:00:00,point,after_hours,A,False
Eagle_office_Efrain,profile_band,2017-08-20 05:00:00,2017-08-20 05:00:00,1,12.351585618826132,2017-08-20 05:00:00,point,after_hours,A,False
Eagle_office_Efrain,profile_band,2017-08-21 00:00:00,2017-08-21 00:00:00,1,6.928753027940553,2017-08-21 00:00:00,point,after_hours,A,False
Eagle_office_Efrain,profile_band,2017-08-21 13:00:00,2017-08-21 13:00:00,1,9.210810802844186,2017-08-21 13:00:00,point,spike,A,False
Eagle_office_Efrain,profile_band_sustained+profile_band,2017-08-21 22:00:00,2017-08-22 09:00:00,12,6.81031370847976,2017-08-22 05:00:00,interval,after_hours,A,False
Eagle_office_Efrain,profile_band,2017-08-23 17:00:00,2017-08-23 17:00:00,1,9.176761163463627,2017-08-23 17:00:00,point,spike,A,False
Eagle_office_Efrain,profile_band,2017-08-24 03:00:00,2017-08-24 03:00:00,1,9.52610528215255,2017-08-24 03:00:00,point,after_hours,A,False
Eagle_office_Efrain,profile_band,2017-08-27 05:00:00,2017-08-27 05:00:00,1,15.528989250978434,2017-08-27 05:00:00,point,after_hours,A,False
Eagle_office_Efrain,profile_band,2017-08-31 18:00:00,2017-08-31 19:00:00,2,6.189718380305977,2017-08-31 18:00:00,point,spike,A,False
Eagle_office_Efrain,profile_band+profile_band_sustained,2017-09-01 09:00:00,2017-09-01 18:00:00,10,12.130606144696603,2017-09-01 13:00:00,interval,sustained_high,A,False
Eagle_office_Efrain,profile_band,2017-09-02 18:00:00,2017-09-02 18:00:00,1,6.209405290926113,2017-09-02 18:00:00,point,after_hours,A,False
Eagle_office_Efrain,profile_band,2017-09-04 13:00:00,2017-09-04 13:00:00,1,7.765424983154321,2017-09-04 13:00:00,point,after_hours,A,False
Eagle_office_Efrain,profile_band,2017-09-05 05:00:00,2017-09-05 05:00:00,1,8.46773445530213,2017-09-05 05:00:00,point,after_hours,A,False
Eagle_office_Efrain,profile_band,2017-09-06 09:00:00,2017-09-06 09:00:00,1,6.570406710446365,2017-09-06 09:00:00,point,spike,A,False
Eagle_office_Efrain,profile_band_sustained+profile_band,2017-09-07 06:00:00,2017-09-07 08:00:00,3,6.75629028497686,2017-09-07 06:00:00,interval,sustained_high,A,False
Eagle_office_Efrain,profile_band,2017-09-13 03:00:00,2017-09-13 04:00:00,2,6.3842931894061135,2017-09-13 04:00:00,point,after_hours,A,False
Eagle_office_Efrain,profile_band,2017-09-13 19:00:00,2017-09-13 19:00:00,1,6.5299588785201275,2017-09-13 19:00:00,point,after_hours,A,False
Eagle_office_Efrain,profile_band,2017-09-15 13:00:00,2017-09-15 14:00:00,2,6.4439099353125995,2017-09-15 13:00:00,point,spike,A,False
Eagle_office_Efrain,profile_band,2017-09-19 14:00:00,2017-09-19 14:00:00,1,8.969094873434383,2017-09-19 14:00:00,point,spike,A,False
Eagle_office_Efrain,profile_band,2017-09-21 23:00:00,2017-09-21 23:00:00,1,11.196416278433055,2017-09-21 23:00:00,point,after_hours,A,False
Eagle_office_Efrain,profile_band,2017-09-22 08:00:00,2017-09-22 08:00:00,1,7.8001327830777685,2017-09-22 08:00:00,point,spike,A,False
Eagle_office_Efrain,profile_band,2017-09-24 08:00:00,2017-09-24 08:00:00,1,9.424005986308396,2017-09-24 08:00:00,point,after_hours,A,False
Eagle_office_Efrain,profile_band_sustained+profile_band,2017-09-25 00:00:00,2017-09-25 08:00:00,9,7.741334664159488,2017-09-25 00:00:00,interval,after_hours,A,False
Eagle_office_Efrain,profile_band_sustained+profile_band,2017-11-04 19:00:00,2017-11-05 02:00:00,8,12.79325710616928,2017-11-05 02:00:00,interval,after_hours,A,False
Eagle_office_Efrain,profile_band+profile_band_sustained,2017-11-05 12:00:00,2017-11-05 17:00:00,6,19.09566794738895,2017-11-05 13:00:00,interval,after_hours,A,False
Eagle_office_Efrain,profile_band,2017-11-08 03:00:00,2017-11-08 03:00:00,1,8.366510654449112,2017-11-08 03:00:00,point,after_hours,A,False
Eagle_office_Efrain,profile_band,2017-11-16 09:00:00,2017-11-16 09:00:00,1,9.893218014115698,2017-11-16 09:00:00,point,spike,A,False
Eagle_office_Efrain,profile_band,2017-11-29 02:00:00,2017-11-29 02:00:00,1,6.194300105102732,2017-11-29 02:00:00,point,after_hours,A,False
Eagle_office_Efrain,profile_band,2017-12-02 07:00:00,2017-12-02 07:00:00,1,6.776524399989573,2017-12-02 07:00:00,point,after_hours,A,False
Eagle_office_Efrain,profile_band_sustained+profile_band,2017-12-05 02:00:00,2017-12-05 12:00:00,11,7.851727005921791,2017-12-05 06:00:00,interval,sustained_high,A,False
Eagle_office_Efrain,profile_band,2017-12-05 12:00:00,2017-12-05 12:00:00,1,13.851657848308871,2017-12-05 12:00:00,point,spike,A,False
Eagle_office_Efrain,profile_band_sustained+profile_band,2017-12-06 06:00:00,2017-12-06 16:00:00,11,6.9339540132766615,2017-12-06 12:00:00,interval,sustained_high,A,False
Eagle_office_Efrain,profile_band,2017-12-06 15:00:00,2017-12-06 15:00:00,1,11.159606390748028,2017-12-06 15:00:00,point,spike,A,False
Eagle_office_Efrain,profile_band,2017-12-08 15:00:00,2017-12-08 15:00:00,1,6.414119299464244,2017-12-08 15:00:00,point,spike,A,False
Eagle_office_Efrain,profile_band,2017-12-10 09:00:00,2017-12-10 09:00:00,1,9.26093936062908,2017-12-10 09:00:00,point,after_hours,A,False
Eagle_office_Efrain,profile_band,2017-12-12 22:00:00,2017-12-12 22:00:00,1,6.185273627671434,2017-12-12 22:00:00,point,after_hours,A,False
Eagle_office_Efrain,profile_band,2017-12-19 21:00:00,2017-12-19 21:00:00,1,6.461302377196836,2017-12-19 21:00:00,point,after_hours,A,False
Eagle_office_Francis,profile_band,2017-01-07 15:00:00,2017-01-07 15:00:00,1,4.06926406926407,2017-01-07 15:00:00,point,after_hours,A,False
Eagle_office_Francis,profile_band,2017-01-07 20:00:00,2017-01-07 20:00:00,1,6.345609065155807,2017-01-07 20:00:00,point,after_hours,A,False
Eagle_office_Francis,profile_band_sustained,2017-01-08 02:00:00,2017-01-08 10:00:00,9,5.032865439346582,2017-01-08 07:00:00,interval,after_hours,A,True
Eagle_office_Francis,profile_band,2017-01-08 02:00:00,2017-01-08 02:00:00,1,4.606580829756795,2017-01-08 02:00:00,point,after_hours,A,False
Eagle_office_Francis,profile_band,2017-01-08 07:00:00,2017-01-08 07:00:00,1,17.09277820285242,2017-01-08 07:00:00,point,after_hours,A,True
Eagle_office_Francis,profile_band,2017-01-08 10:00:00,2017-01-08 10:00:00,1,4.835310379624423,2017-01-08 10:00:00,point,after_hours,A,False
Eagle_office_Francis,profile_band,2017-01-20 18:00:00,2017-01-20 18:00:00,1,4.510027764858427,2017-01-20 18:00:00,point,spike,A,False
Eagle_office_Francis,profile_band,2017-01-31 06:00:00,2017-01-31 06:00:00,1,4.569732937685459,2017-01-31 06:00:00,point,after_hours,A,False
Eagle_office_Francis,profile_band,2017-02-10 07:00:00,2017-02-10 07:00:00,1,5.868613138686132,2017-02-10 07:00:00,point,spike,A,False
Eagle_office_Francis,profile_band,2017-02-10 20:00:00,2017-02-10 20:00:00,1,4.63030303030303,2017-02-10 20:00:00,point,after_hours,A,False
Eagle_office_Francis,profile_band,2017-02-11 03:00:00,2017-02-11 03:00:00,1,5.396825396825397,2017-02-11 03:00:00,point,after_hours,A,False
Eagle_office_Francis,profile_band,2017-02-13 13:00:00,2017-02-13 13:00:00,1,7.289688592804741,2017-02-13 13:00:00,point,spike,A,False
Eagle_office_Francis,profile_band,2017-02-16 08:00:00,2017-02-16 08:00:00,1,4.279475982532751,2017-02-16 08:00:00,point,spike,A,False
Eagle_office_Francis,profile_band,2017-02-17 10:00:00,2017-02-17 10:00:00,1,4.362606232294617,2017-02-17 10:00:00,point,spike,A,False
Eagle_office_Francis,profile_band,2017-02-18 08:00:00,2017-02-18 08:00:00,1,4.852071005917159,2017-02-18 08:00:00,point,after_hours,A,False
Eagle_office_Francis,profile_band_sustained+profile_band,2017-02-20 13:00:00,2017-02-20 22:00:00,10,5.408450704225352,2017-02-20 17:00:00,interval,after_hours,A,False
Eagle_office_Francis,profile_band,2017-03-05 13:00:00,2017-03-05 15:00:00,3,5.17478156450896,2017-03-05 15:00:00,interval,after_hours,A,False
Eagle_office_Francis,profile_band_sustained,2017-03-16 10:00:00,2017-03-16 15:00:00,6,2.981080956256702,2017-03-16 15:00:00,interval,sustained_high,A,False
Eagle_office_Francis,profile_band,2017-03-16 15:00:00,2017-03-16 15:00:00,1,6.359484303636469,2017-03-16 15:00:00,point,spike,A,False
Eagle_office_Francis,profile_band,2017-08-28 00:00:00,2017-08-28 00:00:00,1,4.8318042813455655,2017-08-28 00:00:00,point,after_hours,A,False
Eagle_office_Francis,profile_band,2017-08-28 09:00:00,2017-08-28 09:00:00,1,4.720496894409937,2017-08-28 09:00:00,point,spike,A,False
Eagle_office_Francis,profile_band,2017-09-04 14:00:00,2017-09-04 15:00:00,2,4.2105263157894735,2017-09-04 14:00:00,point,after_hours,A,False
Eagle_office_Francis,profile_band_sustained,2017-09-04 14:00:00,2017-09-04 17:00:00,4,3.3448371620982162,2017-09-04 19:00:00,interval,after_hours,A,False
Eagle_office_Francis,profile_band_sustained+profile_band,2017-10-09 13:00:00,2017-10-09 23:00:00,11,5.710975740568093,2017-10-09 16:00:00,interval,after_hours,A,True
Eagle_office_Francis,profile_band,2017-10-10 05:00:00,2017-10-10 05:00:00,1,4.690923121043312,2017-10-10 05:00:00,point,after_hours,A,True
Eagle_office_Francis,profile_band_sustained,2017-10-12 12:00:00,2017-10-12 17:00:00,6,2.7298013715026985,2017-10-12 17:00:00,interval,sustained_high,A,True
Eagle_office_Francis,profile_band_sustained,2017-10-16 15:00:00,2017-10-17 15:00:00,25,3.2344137780950075,2017-10-17 12:00:00,interval,sustained_high,A,True
Eagle_office_Francis,profile_band,2017-10-17 10:00:00,2017-10-17 10:00:00,1,4.735097343507155,2017-10-17 10:00:00,point,spike,A,True
Eagle_office_Francis,profile_band_sustained,2017-10-18 03:00:00,2017-10-18 07:00:00,5,2.7717537014078135,2017-10-18 08:00:00,interval,after_hours,A,True
Eagle_office_Francis,profile_band,2017-10-18 07:00:00,2017-10-18 07:00:00,1,5.009938925478555,2017-10-18 07:00:00,point,spike,A,True
Eagle_office_Francis,profile_band_sustained,2017-10-18 13:00:00,2017-10-18 21:00:00,9,2.8052883690169,2017-10-18 20:00:00,interval,sustained_high,A,True
Eagle_office_Francis,profile_band,2017-10-18 19:00:00,2017-10-18 19:00:00,1,4.4486426825303536,2017-10-18 19:00:00,point,after_hours,A,True
Eagle_office_Francis,profile_band,2017-10-21 11:00:00,2017-10-21 11:00:00,1,4.643853481930825,2017-10-21 11:00:00,point,after_hours,A,True
Eagle_office_Francis,profile_band_sustained,2017-11-10 17:00:00,2017-11-10 22:00:00,6,2.605005954300349,2017-11-10 22:00:00,interval,after_hours,A,False
Eagle_office_Francis,profile_band,2017-11-28 01:00:00,2017-11-28 01:00:00,1,8.670842421427047,2017-11-28 01:00:00,point,after_hours,A,True
Eagle_office_Francis,profile_band_sustained,2017-12-07 02:00:00,2017-12-07 05:00:00,4,2.656323102190254,2017-12-07 05:00:00,interval,after_hours,A,False
Eagle_office_Francis,profile_band,2017-12-08 08:00:00,2017-12-08 08:00:00,1,4.011887072808321,2017-12-08 08:00:00,point,spike,A,False
Eagle_office_Francis,profile_band,2017-12-26 11:00:00,2017-12-26 11:00:00,1,4.955752212389381,2017-12-26 11:00:00,point,spike,A,False
Eagle_office_Francis,profile_band_sustained,2017-12-26 11:00:00,2017-12-26 11:00:00,1,2.530340701239369,2017-12-26 13:00:00,interval,sustained_high,A,False
Eagle_office_Jackie,profile_band,2017-01-21 18:00:00,2017-01-21 18:00:00,1,6.984126984126983,2017-01-21 18:00:00,point,after_hours,A,False
Eagle_office_Jackie,profile_band,2017-02-02 01:00:00,2017-02-02 01:00:00,1,4.76640136696794,2017-02-02 01:00:00,point,after_hours,A,False
Eagle_office_Jackie,profile_band,2017-02-07 14:00:00,2017-02-07 14:00:00,1,5.0280220251891645,2017-02-07 14:00:00,point,spike,A,False
Eagle_office_Jackie,profile_band,2017-02-11 22:00:00,2017-02-11 22:00:00,1,6.666666666666666,2017-02-11 22:00:00,point,after_hours,A,False
Eagle_office_Jackie,profile_band,2017-02-12 22:00:00,2017-02-12 22:00:00,1,4.881889763779527,2017-02-12 22:00:00,point,after_hours,A,False
Eagle_office_Jackie,profile_band_sustained,2017-02-20 15:00:00,2017-02-20 21:00:00,7,5.207439473307543,2017-02-20 21:00:00,interval,after_hours,A,False
Eagle_office_Jackie,profile_band,2017-02-20 16:00:00,2017-02-20 16:00:00,1,9.44,2017-02-20 16:00:00,point,after_hours,A,False
Eagle_office_Jackie,profile_band,2017-02-20 19:00:00,2017-02-20 20:00:00,2,8.093889113719142,2017-02-20 20:00:00,point,after_hours,A,False
Eagle_office_Jackie,profile_band+profile_band_sustained,2017-02-25 13:00:00,2017-02-25 20:00:00,8,12.044741695554853,2017-02-25 14:00:00,interval,after_hours,A,True
Eagle_office_Jackie,profile_band,2017-02-26 08:00:00,2017-02-26 08:00:00,1,7.169811320754716,2017-02-26 08:00:00,point,after_hours,A,False
Eagle_office_Jackie,profile_band,2017-03-14 15:00:00,2017-03-14 15:00:00,1,4.844069999877366,2017-03-14 15:00:00,point,spike,A,False
Eagle_office_Jackie,profile_band,2017-03-15 21:00:00,2017-03-15 21:00:00,1,7.804878048780487,2017-03-15 21:00:00,point,after_hours,A,False
Eagle_office_Jackie,profile_band,2017-03-16 08:00:00,2017-03-16 08:00:00,1,4.890058006205315,2017-03-16 08:00:00,point,spike,A,False
Eagle_office_Jackie,profile_band,2017-03-27 20:00:00,2017-03-27 21:00:00,2,5.0785186595884815,2017-03-27 20:00:00,point,after_hours,A,False
Eagle_office_Jackie,profile_band,2017-04-03 12:00:00,2017-04-03 12:00:00,1,5.3731343283582085,2017-04-03 12:00:00,point,spike,A,False
Eagle_office_Jackie,profile_band,2017-04-09 06:00:00,2017-04-09 06:00:00,1,8.993210126354603,2017-04-09 06:00:00,point,after_hours,A,False
Eagle_office_Jackie,profile_band,2017-04-10 21:00:00,2017-04-10 21:00:00,1,5.106858607465649,2017-04-10 21:00:00,point,after_hours,A,False
Eagle_office_Jackie,profile_band,2017-04-18 13:00:00,2017-04-18 13:00:00,1,6.622272911224753,2017-04-18 13:00:00,point,spike,A,False
Eagle_office_Jackie,profile_band,2017-04-20 23:00:00,2017-04-20 23:00:00,1,6.573426573426573,2017-04-20 23:00:00,point,after_hours,A,False
Eagle_office_Jackie,profile_band,2017-04-21 10:00:00,2017-04-21 10:00:00,1,6.7449075947659525,2017-04-21 10:00:00,point,spike,A,False
Eagle_office_Jackie,profile_band,2017-04-22 00:00:00,2017-04-22 01:00:00,2,5.0280220251891645,2017-04-22 01:00:00,point,after_hours,A,False
Eagle_office_Jackie,profile_band,2017-04-22 10:00:00,2017-04-22 10:00:00,1,6.902654867256636,2017-04-22 10:00:00,point,after_hours,A,False
Eagle_office_Jackie,profile_band,2017-04-22 22:00:00,2017-04-22 22:00:00,1,8.093889113719143,2017-04-22 22:00:00,point,after_hours,A,False
Eagle_office_Jackie,profile_band,2017-04-26 13:00:00,2017-04-26 13:00:00,1,7.027027027027026,2017-04-26 13:00:00,point,spike,A,False
Eagle_office_Jackie,profile_band,2017-05-01 13:00:00,2017-05-01 14:00:00,2,6.329836358164971,2017-05-01 14:00:00,point,spike,A,False
Eagle_office_Jackie,profile_band,2017-05-02 19:00:00,2017-05-02 19:00:00,1,5.126129772022124,2017-05-02 19:00:00,point,after_hours,A,False
Eagle_office_Jackie,profile_band,2017-05-05 13:00:00,2017-05-05 13:00:00,1,6.263128480854098,2017-05-05 13:00:00,point,spike,A,False
Eagle_office_Jackie,profile_band,2017-05-08 13:00:00,2017-05-08 13:00:00,1,4.8057466612707405,2017-05-08 13:00:00,point,spike,A,False
Eagle_office_Jackie,profile_band,2017-06-10 22:00:00,2017-06-10 22:00:00,1,6.622272911224753,2017-06-10 22:00:00,point,after_hours,A,False
Eagle_office_Jackie,profile_band,2017-06-11 15:00:00,2017-06-11 15:00:00,1,6.285714285714286,2017-06-11 15:00:00,point,after_hours,A,False
Eagle_office_Jackie,profile_band+profile_band_sustained,2017-06-24 01:00:00,2017-06-24 16:00:00,16,6.520077341607086,2017-06-24 06:00:00,interval,after_hours,A,False
Eagle_office_Jackie,profile_band,2017-06-24 16:00:00,2017-06-24 16:00:00,1,8.228787265614462,2017-06-24 16:00:00,point,after_hours,A,False
Eagle_office_Jackie,profile_band,2017-06-25 14:00:00,2017-06-25 14:00:00,1,5.555555555555555,2017-06-25 14:00:00,point,after_hours,A,False
Eagle_office_Jackie,profile_band,2017-06-28 03:00:00,2017-06-28 03:00:00,1,4.914146961900908,2017-06-28 03:00:00,point,after_hours,A,False
Eagle_office_Jackie,profile_band,2017-07-04 11:00:00,2017-07-04 12:00:00,2,8.785046728971961,2017-07-04 12:00:00,point,after_hours,A,False
Eagle_office_Jackie,profile_band,2017-07-04 18:00:00,2017-07-04 18:00:00,1,6.551724137931034,2017-07-04 18:00:00,point,after_hours,A,False
Eagle_office_Jackie,profile_band,2017-07-04 21:00:00,2017-07-04 21:00:00,1,5.357142857142857,2017-07-04 21:00:00,point,after_hours,A,False
Eagle_office_Jackie,profile_band,2017-07-12 18:00:00,2017-07-12 18:00:00,1,5.707229503263498,2017-07-12 18:00:00,point,spike,A,False
Eagle_office_Jackie,profile_band,2017-07-13 14:00:00,2017-07-13 14:00:00,1,5.305993974549216,2017-07-13 14:00:00,point,spike,A,False
Eagle_office_Jackie,profile_band,2017-07-16 20:00:00,2017-07-16 20:00:00,1,9.4017094017094,2017-07-16 20:00:00,point,after_hours,A,False
Eagle_office_Jackie,profile_band,2017-07-20 21:00:00,2017-07-20 21:00:00,1,4.914146961900908,2017-07-20 21:00:00,point,after_hours,A,False
Eagle_office_Jackie,profile_band,2017-07-26 09:00:00,2017-07-26 09:00:00,1,4.721435316336167,2017-07-26 09:00:00,point,spike,A,False
Eagle_office_Jackie,profile_band,2017-07-28 07:00:00,2017-07-28 08:00:00,2,4.721435316336167,2017-07-28 08:00:00,point,spike,A,False
Eagle_office_Jackie,profile_band,2017-08-07 23:00:00,2017-08-07 23:00:00,1,5.395926075812762,2017-08-07 23:00:00,point,after_hours,A,False
Eagle_office_Jackie,profile_band,2017-08-16 05:00:00,2017-08-16 05:00:00,1,5.058680696074464,2017-08-16 05:00:00,point,after_hours,A,False
Eagle_office_Jackie,profile_band,2017-08-16 23:00:00,2017-08-16 23:00:00,1,7.647058823529411,2017-08-16 23:00:00,point,after_hours,A,False
Eagle_office_Jackie,profile_band,2017-08-19 16:00:00,2017-08-19 16:00:00,1,5.142857142857143,2017-08-19 16:00:00,point,after_hours,A,False
Eagle_office_Jackie,profile_band,2017-08-20 16:00:00,2017-08-20 16:00:00,1,5.56454876568191,2017-08-20 16:00:00,point,after_hours,A,False
Eagle_office_Jackie,profile_band_sustained+profile_band,2017-08-22 13:00:00,2017-08-23 00:00:00,12,5.845586582130491,2017-08-22 22:00:00,interval,sustained_high,A,False
Eagle_office_Jackie,profile_band,2017-08-23 19:00:00,2017-08-23 20:00:00,2,9.197601265589935,2017-08-23 20:00:00,point,after_hours,A,False
Eagle_office_Jackie,profile_band,2017-08-24 18:00:00,2017-08-24 18:00:00,1,10.12987012987013,2017-08-24 18:00:00,point,spike,A,False
Eagle_office_Jackie,profile_band,2017-08-25 16:00:00,2017-08-25 16:00:00,1,4.817791139118537,2017-08-25 16:00:00,point,spike,A,False
Eagle_office_Jackie,profile_band,2017-08-25 20:00:00,2017-08-25 21:00:00,2,7.419398354242547,2017-08-25 20:00:00,point,after_hours,A,False
Eagle_office_Jackie,profile_band,2017-08-31 08:00:00,2017-08-31 08:00:00,1,5.395926075812762,2017-08-31 08:00:00,point,spike,A,False
Eagle_office_Jackie,profile_band,2017-09-01 10:00:00,2017-09-01 10:00:00,1,4.669551411761044,2017-09-01 10:00:00,point,spike,A,False
Eagle_office_Jackie,profile_band_sustained+profile_band,2017-09-04 12:00:00,2017-09-04 23:00:00,12,7.689194658033186,2017-09-04 19:00:00,interval,after_hours,A,False
Eagle_office_Jackie,profile_band,2017-10-01 09:00:00,2017-10-01 09:00:00,1,4.705882352941176,2017-10-01 09:00:00,point,after_hours,A,False
Eagle_office_Jackie,profile_band,2017-10-01 19:00:00,2017-10-01 19:00:00,1,9.380654257010345,2017-10-01 19:00:00,point,after_hours,A,True
Eagle_office_Jackie,profile_band,2017-10-06 20:00:00,2017-10-06 20:00:00,1,4.761904761904762,2017-10-06 20:00:00,point,after_hours,A,False
Eagle_office_Jackie,profile_band_sustained+profile_band,2017-10-09 13:00:00,2017-10-10 01:00:00,13,12.140833670578715,2017-10-09 18:00:00,interval,after_hours,A,False
Eagle_office_Jackie,profile_band,2017-10-25 08:00:00,2017-10-25 08:00:00,1,7.708465822589659,2017-10-25 08:00:00,point,spike,A,False
Eagle_office_Jackie,profile_band,2017-10-31 08:00:00,2017-10-31 08:00:00,1,4.721435316336167,2017-10-31 08:00:00,point,spike,A,False
Eagle_office_Jackie,profile_band,2017-11-01 07:00:00,2017-11-01 07:00:00,1,5.518560759353961,2017-11-01 07:00:00,point,spike,A,False
Eagle_office_Jackie,profile_band,2017-11-07 16:00:00,2017-11-07 16:00:00,1,5.781349366942244,2017-11-07 16:00:00,point,spike,A,False
Eagle_office_Jackie,profile_band,2017-11-08 22:00:00,2017-11-08 23:00:00,2,5.713333492037042,2017-11-08 22:00:00,point,after_hours,A,False
Eagle_office_Jackie,profile_band_sustained+profile_band,2017-11-10 14:00:00,2017-11-10 23:00:00,10,17.241379310344826,2017-11-10 15:00:00,interval,after_hours,A,False
Eagle_office_Jackie,profile_band,2017-11-18 06:00:00,2017-11-18 06:00:00,1,5.979381443298968,2017-11-18 06:00:00,point,after_hours,A,False
Eagle_office_Jackie,profile_band,2017-11-25 07:00:00,2017-11-25 07:00:00,1,5.416666666666666,2017-11-25 07:00:00,point,after_hours,A,False
Eagle_office_Jackie,profile_band,2017-12-03 18:00:00,2017-12-03 18:00:00,1,7.056211022216689,2017-12-03 18:00:00,point,after_hours,A,False
Eagle_office_Jackie,profile_band,2017-12-07 16:00:00,2017-12-07 16:00:00,1,4.721435316336167,2017-12-07 16:00:00,point,spike,A,False
Eagle_office_Jackie,profile_band,2017-12-09 19:00:00,2017-12-09 20:00:00,2,5.951389054205252,2017-12-09 20:00:00,point,after_hours,A,False
Eagle_office_Jackie,profile_band,2017-12-13 01:00:00,2017-12-13 01:00:00,1,8.498583569405099,2017-12-13 01:00:00,point,after_hours,A,False
Eagle_office_Jackie,profile_band,2017-12-18 09:00:00,2017-12-18 09:00:00,1,10.656953999730204,2017-12-18 09:00:00,point,spike,A,False
Eagle_office_Lillian,profile_band,2017-02-11 20:00:00,2017-02-11 20:00:00,1,20.469523125868378,2017-02-11 20:00:00,point,after_hours,A,False
Eagle_office_Lillian,profile_band,2017-02-14 01:00:00,2017-02-14 02:00:00,2,9.03239198044411,2017-02-14 01:00:00,point,after_hours,A,False
Eagle_office_Lillian,profile_band_sustained+profile_band,2017-02-17 02:00:00,2017-02-17 10:00:00,9,9.682082228746665,2017-02-17 06:00:00,interval,after_hours,A,True
Eagle_office_Lillian,profile_band+profile_band_sustained,2017-02-18 02:00:00,2017-02-18 08:00:00,7,9.23166308629199,2017-02-18 04:00:00,interval,after_hours,A,False
Eagle_office_Lillian,profile_band,2017-02-18 20:00:00,2017-02-18 20:00:00,1,11.218469695378035,2017-02-18 20:00:00,point,after_hours,A,False
Eagle_office_Lillian,profile_band,2017-02-20 16:00:00,2017-02-20 16:00:00,1,17.06519907911457,2017-02-20 16:00:00,point,after_hours,A,False
Eagle_office_Lillian,profile_band_sustained+profile_band,2017-02-23 19:00:00,2017-02-24 04:00:00,10,11.2858419846164,2017-02-24 00:00:00,interval,after_hours,A,False
Eagle_office_Lillian,profile_band_sustained+profile_band,2017-02-24 08:00:00,2017-02-25 23:00:00,40,15.222366942778072,2017-02-25 14:00:00,interval,after_hours,A,False
Eagle_office_Lillian,profile_band,2017-02-25 21:00:00,2017-02-25 22:00:00,2,10.74023984802973,2017-02-25 21:00:00,point,after_hours,A,False
Eagle_office_Lillian,profile_band,2017-02-27 22:00:00,2017-02-27 22:00:00,1,11.756568298729485,2017-02-27 22:00:00,point,after_hours,A,False
Eagle_office_Lillian,profile_band_sustained+profile_band,2017-03-01 15:00:00,2017-03-02 02:00:00,12,20.144919754049006,2017-03-02 01:00:00,interval,after_hours,A,False
Eagle_office_Lillian,profile_band+profile_band_sustained,2017-03-04 16:00:00,2017-03-05 10:00:00,19,11.882830567481607,2017-03-04 22:00:00,interval,after_hours,A,False
Eagle_office_Lillian,profile_band,2017-03-05 10:00:00,2017-03-05 10:00:00,1,9.39533193951302,2017-03-05 10:00:00,point,after_hours,A,False
Eagle_office_Lillian,profile_band,2017-03-11 17:00:00,2017-03-11 17:00:00,1,10.347881185887546,2017-03-11 17:00:00,point,after_hours,A,False
Eagle_office_Lillian,profile_band_sustained+profile_band,2017-03-18 17:00:00,2017-03-18 19:00:00,3,10.377912570463822,2017-03-18 19:00:00,interval,after_hours,A,False
Eagle_office_Lillian,profile_band_sustained+profile_band,2017-03-28 01:00:00,2017-03-30 01:00:00,49,11.574762344528459,2017-03-29 14:00:00,interval,after_hours,A,False
Eagle_office_Lillian,profile_band,2017-03-31 20:00:00,2017-03-31 20:00:00,1,9.433665512218454,2017-03-31 20:00:00,point,after_hours,A,False
Eagle_office_Lillian,profile_band+profile_band_sustained,2017-04-04 11:00:00,2017-04-05 06:00:00,20,10.491133231156786,2017-04-04 11:00:00,interval,after_hours,A,False
Eagle_office_Lillian,profile_band,2017-04-05 01:00:00,2017-04-05 01:00:00,1,14.727786305871774,2017-04-05 01:00:00,point,after_hours,A,False
Eagle_office_Lillian,profile_band,2017-04-06 19:00:00,2017-04-06 20:00:00,2,11.539016081793891,2017-04-06 20:00:00,point,after_hours,A,False
Eagle_office_Lillian,profile_band,2017-04-09 06:00:00,2017-04-09 06:00:00,1,9.856459449347613,2017-04-09 06:00:00,point,after_hours,A,False
Eagle_office_Lillian,profile_band,2017-04-15 23:00:00,2017-04-16 00:00:00,2,34.02133225579872,2017-04-15 23:00:00,point,after_hours,A,True
Eagle_office_Lillian,profile_band_sustained+profile_band,2017-04-20 21:00:00,2017-04-23 06:00:00,58,15.90835948297413,2017-04-22 02:00:00,interval,after_hours,A,False
Eagle_office_Lillian,profile_band,2017-04-21 02:00:00,2017-04-21 03:00:00,2,10.499287009217452,2017-04-21 03:00:00,point,after_hours,A,False
Eagle_office_Lillian,profile_band,2017-04-23 02:00:00,2017-04-23 02:00:00,1,10.354894010982168,2017-04-23 02:00:00,point,after_hours,A,False
Eagle_office_Lillian,profile_band_sustained+profile_band,2017-04-25 20:00:00,2017-04-28 08:00:00,61,11.369365190836673,2017-04-26 01:00:00,interval,after_hours,A,False
Eagle_office_Lillian,profile_band,2017-04-27 20:00:00,2017-04-27 20:00:00,1,15.369701740100048,2017-04-27 20:00:00,point,after_hours,A,False
Eagle_office_Lillian,profile_band_sustained+profile_band,2017-04-28 14:00:00,2017-05-01 08:00:00,67,17.975499767133808,2017-04-30 18:00:00,interval,after_hours,A,False
Eagle_office_Lillian,profile_band,2017-04-28 20:00:00,2017-04-28 20:00:00,1,9.859439186731564,2017-04-28 20:00:00,point,after_hours,A,False
Eagle_office_Lillian,profile_band,2017-04-30 02:00:00,2017-04-30 02:00:00,1,15.62306374903142,2017-04-30 02:00:00,point,after_hours,A,False
Eagle_office_Lillian,profile_band,2017-05-25 07:00:00,2017-05-25 07:00:00,1,9.597113142157424,2017-05-25 07:00:00,point,spike,A,False
Eagle_office_Lillian,profile_band,2017-05-28 07:00:00,2017-05-28 07:00:00,1,11.338853953253023,2017-05-28 07:00:00,point,after_hours,A,False
Eagle_office_Lillian,profile_band,2017-05-28 16:00:00,2017-05-28 16:00:00,1,21.56335484796687,2017-05-28 16:00:00,point,after_hours,A,False
Eagle_office_Lillian,profile_band,2017-05-29 07:00:00,2017-05-29 07:00:00,1,12.040788595747719,2017-05-29 07:00:00,point,after_hours,A,False
Eagle_office_Lillian,profile_band,2017-06-17 03:00:00,2017-06-17 03:00:00,1,11.134311959248217,2017-06-17 03:00:00,point,after_hours,A,False
Eagle_office_Lillian,profile_band,2017-06-17 07:00:00,2017-06-17 08:00:00,2,12.766203395072367,2017-06-17 07:00:00,point,after_hours,A,False
Eagle_office_Lillian,profile_band,2017-06-17 16:00:00,2017-06-17 16:00:00,1,13.201654833141076,2017-06-17 16:00:00,point,after_hours,A,False
Eagle_office_Lillian,profile_band,2017-06-18 16:00:00,2017-06-18 16:00:00,1,11.907559749736508,2017-06-18 16:00:00,point,after_hours,A,False
Eagle_office_Lillian,profile_band+profile_band_sustained,2017-07-26 13:00:00,2017-07-26 18:00:00,6,13.473366155133592,2017-07-26 16:00:00,interval,sustained_high,A,False
Eagle_office_Lillian,profile_band,2017-08-07 15:00:00,2017-08-07 15:00:00,1,12.013404768602546,2017-08-07 15:00:00,point,spike,A,False
Eagle_office_Lillian,profile_band,2017-08-11 02:00:00,2017-08-11 03:00:00,2,13.508774539980694,2017-08-11 02:00:00,point,after_hours,A,False
Eagle_office_Lillian,profile_band,2017-08-11 14:00:00,2017-08-11 14:00:00,1,10.162007889951404,2017-08-11 14:00:00,point,spike,A,False
Eagle_office_Lillian,profile_band,2017-08-22 00:00:00,2017-08-22 00:00:00,1,13.771924895371933,2017-08-22 00:00:00,point,after_hours,A,False
Eagle_office_Lillian,profile_band,2017-08-30 18:00:00,2017-08-30 18:00:00,1,11.547495054234428,2017-08-30 18:00:00,point,spike,A,False
Eagle_office_Lillian,profile_band,2017-08-31 14:00:00,2017-08-31 14:00:00,1,12.553125768622786,2017-08-31 14:00:00,point,spike,A,False
Eagle_office_Lillian,profile_band,2017-09-07 12:00:00,2017-09-07 12:00:00,1,12.204094214635694,2017-09-07 12:00:00,point,spike,A,False
Eagle_office_Lillian,profile_band,2017-09-07 15:00:00,2017-09-07 15:00:00,1,13.92431758679634,2017-09-07 15:00:00,point,spike,A,False
Eagle_office_Lillian,profile_band,2017-09-07 19:00:00,2017-09-07 19:00:00,1,10.427683486654393,2017-09-07 19:00:00,point,after_hours,A,False
Eagle_office_Lillian,profile_band,2017-09-08 09:00:00,2017-09-08 09:00:00,1,12.055333179427258,2017-09-08 09:00:00,point,spike,A,False
Eagle_office_Lillian,profile_band,2017-09-08 19:00:00,2017-09-08 19:00:00,1,14.704651954443065,2017-09-08 19:00:00,point,after_hours,A,False
Eagle_office_Lillian,profile_band,2017-09-10 18:00:00,2017-09-10 18:00:00,1,9.910833415063665,2017-09-10 18:00:00,point,after_hours,A,False
Eagle_office_Lillian,profile_band,2017-09-13 19:00:00,2017-09-13 19:00:00,1,13.46745555147866,2017-09-13 19:00:00,point,after_hours,A,False
Eagle_office_Lillian,profile_band,2017-09-14 14:00:00,2017-09-14 14:00:00,1,14.215997802936021,2017-09-14 14:00:00,point,spike,A,False
Eagle_office_Lillian,profile_band,2017-09-14 17:00:00,2017-09-14 17:00:00,1,14.313709501073264,2017-09-14 17:00:00,point,spike,A,False
Eagle_office_Lillian,profile_band_sustained+profile_band,2017-09-16 15:00:00,2017-09-16 20:00:00,6,12.62764658262207,2017-09-16 18:00:00,interval,after_hours,A,False
Eagle_office_Lillian,profile_band,2017-09-16 15:00:00,2017-09-16 15:00:00,1,10.965667003969491,2017-09-16 15:00:00,point,after_hours,A,False
Eagle_office_Lillian,profile_band,2017-09-17 03:00:00,2017-09-17 03:00:00,1,17.003477782016173,2017-09-17 03:00:00,point,after_hours,A,False
Eagle_office_Lillian,profile_band,2017-09-22 21:00:00,2017-09-22 21:00:00,1,13.533212639356769,2017-09-22 21:00:00,point,after_hours,A,False
Eagle_office_Lillian,profile_band_sustained+profile_band,2017-10-02 04:00:00,2017-10-07 16:00:00,133,51.48619992203189,2017-10-07 04:00:00,interval,after_hours,A,False
Eagle_office_Lillian,profile_band_sustained+profile_band,2017-10-09 05:00:00,2017-10-12 20:00:00,88,25.362977649663815,2017-10-09 17:00:00,interval,after_hours,A,False
Eagle_office_Lillian,profile_band,2017-10-14 21:00:00,2017-10-14 21:00:00,1,11.15981037862061,2017-10-14 21:00:00,point,after_hours,A,False
Eagle_office_Lillian,profile_band,2017-10-19 05:00:00,2017-10-19 05:00:00,1,11.319431089367805,2017-10-19 05:00:00,point,after_hours,A,False
Eagle_office_Lillian,profile_band,2017-10-19 23:00:00,2017-10-20 00:00:00,2,9.528413408848667,2017-10-19 23:00:00,point,after_hours,A,False
Eagle_office_Lillian,profile_band+profile_band_sustained,2017-10-20 23:00:00,2017-10-21 01:00:00,3,9.505736320796945,2017-10-20 23:00:00,interval,after_hours,A,False
Eagle_office_Lillian,profile_band,2017-10-28 19:00:00,2017-10-28 20:00:00,2,11.35188457825396,2017-10-28 20:00:00,point,after_hours,A,False
Eagle_office_Lillian,profile_band,2017-10-29 03:00:00,2017-10-29 03:00:00,1,12.394714693997964,2017-10-29 03:00:00,point,after_hours,A,False
Eagle_office_Lillian,profile_band,2017-11-10 11:00:00,2017-11-10 12:00:00,2,12.349645437474091,2017-11-10 12:00:00,point,after_hours,A,False
Eagle_office_Lillian,profile_band,2017-11-11 12:00:00,2017-11-11 12:00:00,1,9.708542912916359,2017-11-11 12:00:00,point,after_hours,A,False
Eagle_office_Lillian,profile_band,2017-11-11 20:00:00,2017-11-11 21:00:00,2,14.344351338747595,2017-11-11 20:00:00,point,after_hours,A,False
Eagle_office_Lillian,profile_band,2017-11-12 11:00:00,2017-11-12 11:00:00,1,14.399929089664642,2017-11-12 11:00:00,point,after_hours,A,False
Eagle_office_Lillian,profile_band,2017-11-15 23:00:00,2017-11-15 23:00:00,1,9.455157770442584,2017-11-15 23:00:00,point,after_hours,A,False
Eagle_office_Lillian,profile_band_sustained+profile_band,2017-11-18 16:00:00,2017-11-19 00:00:00,9,11.221266360440358,2017-11-18 20:00:00,interval,after_hours,A,False
Eagle_office_Lillian,profile_band_sustained+profile_band,2017-12-16 06:00:00,2017-12-16 17:00:00,12,18.267326343786277,2017-12-16 11:00:00,interval,after_hours,A,True
Eagle_office_Patrice,profile_band+profile_band_sustained,2017-01-10 01:00:00,2017-01-10 05:00:00,5,8.81596263385126,2017-01-10 04:00:00,interval,after_hours,A,True
Eagle_office_Patrice,profile_band,2017-01-28 01:00:00,2017-01-28 01:00:00,1,4.744064552297929,2017-01-28 01:00:00,point,after_hours,A,False
Eagle_office_Patrice,profile_band,2017-02-18 16:00:00,2017-02-18 16:00:00,1,5.697131973713148,2017-02-18 16:00:00,point,after_hours,A,False
Eagle_office_Patrice,profile_band,2017-02-19 16:00:00,2017-02-19 16:00:00,1,7.749174514619431,2017-02-19 16:00:00,point,after_hours,A,False
Eagle_office_Patrice,profile_band_sustained+profile_band,2017-02-20 12:00:00,2017-02-20 23:00:00,12,9.561464017815059,2017-02-20 17:00:00,interval,after_hours,A,False
Eagle_office_Patrice,profile_band,2017-02-20 12:00:00,2017-02-20 12:00:00,1,5.014543117107832,2017-02-20 12:00:00,point,after_hours,A,False
Eagle_office_Patrice,profile_band,2017-02-20 23:00:00,2017-02-20 23:00:00,1,10.000000872928421,2017-02-20 23:00:00,point,after_hours,A,False
Eagle_office_Patrice,profile_band,2017-03-13 11:00:00,2017-03-13 11:00:00,1,6.408494180049042,2017-03-13 11:00:00,point,spike,A,False
Eagle_office_Patrice,profile_band,2017-03-14 11:00:00,2017-03-14 11:00:00,1,7.489097333771417,2017-03-14 11:00:00,point,spike,A,False
Eagle_office_Patrice,profile_band,2017-03-15 11:00:00,2017-03-15 11:00:00,1,9.025047972377852,2017-03-15 11:00:00,point,spike,A,False
Eagle_office_Patrice,profile_band_sustained+profile_band,2017-04-04 00:00:00,2017-04-04 05:00:00,6,14.654875957151226,2017-04-04 04:00:00,interval,after_hours,A,True
Eagle_office_Patrice,profile_band,2017-04-22 12:00:00,2017-04-22 12:00:00,1,4.5421363217963675,2017-04-22 12:00:00,point,after_hours,A,False
Eagle_office_Patrice,profile_band,2017-04-22 17:00:00,2017-04-22 17:00:00,1,4.306473899306098,2017-04-22 17:00:00,point,after_hours,A,False
Eagle_office_Patrice,profile_band,2017-05-05 10:00:00,2017-05-05 10:00:00,1,6.264768460137634,2017-05-05 10:00:00,point,spike,A,False
Eagle_office_Patrice,profile_band,2017-05-08 14:00:00,2017-05-08 14:00:00,1,5.217144466321182,2017-05-08 14:00:00,point,spike,A,False
Eagle_office_Patrice,profile_band,2017-05-20 09:00:00,2017-05-20 09:00:00,1,4.805195146999141,2017-05-20 09:00:00,point,after_hours,A,False
Eagle_office_Patrice,profile_band,2017-05-21 09:00:00,2017-05-21 09:00:00,1,5.557349442407132,2017-05-21 09:00:00,point,after_hours,A,False
Eagle_office_Patrice,profile_band,2017-06-09 09:00:00,2017-06-09 09:00:00,1,5.046190314692555,2017-06-09 09:00:00,point,spike,A,False
Eagle_office_Patrice,profile_band,2017-07-04 17:00:00,2017-07-04 17:00:00,1,5.5725819765776174,2017-07-04 17:00:00,point,after_hours,A,False
Eagle_office_Patrice,profile_band,2017-07-04 21:00:00,2017-07-04 22:00:00,2,4.520850013913738,2017-07-04 21:00:00,point,after_hours,A,False
Eagle_office_Patrice,profile_band,2017-07-24 09:00:00,2017-07-24 09:00:00,1,7.406144207859077,2017-07-24 09:00:00,point,spike,A,False
Eagle_office_Patrice,profile_band,2017-07-25 07:00:00,2017-07-25 07:00:00,1,4.791667032297008,2017-07-25 07:00:00,point,spike,A,False
Eagle_office_Patrice,profile_band,2017-08-01 02:00:00,2017-08-01 02:00:00,1,4.263293282955709,2017-08-01 02:00:00,point,after_hours,A,False
Eagle_office_Patrice,profile_band,2017-08-02 00:00:00,2017-08-02 00:00:00,1,6.0022049151706875,2017-08-02 00:00:00,point,after_hours,A,False
Eagle_office_Patrice,profile_band,2017-08-05 00:00:00,2017-08-05 00:00:00,1,5.628140376001349,2017-08-05 00:00:00,point,after_hours,A,False
Eagle_office_Patrice,profile_band,2017-08-07 23:00:00,2017-08-08 00:00:00,2,4.681759134935643,2017-08-07 23:00:00,point,after_hours,A,False
Eagle_office_Patrice,profile_band,2017-08-09 10:00:00,2017-08-09 10:00:00,1,4.599406424063245,2017-08-09 10:00:00,point,spike,A,False
Eagle_office_Patrice,profile_band,2017-08-09 19:00:00,2017-08-09 19:00:00,1,4.935702610023884,2017-08-09 19:00:00,point,after_hours,A,False
Eagle_office_Patrice,profile_band,2017-08-14 19:00:00,2017-08-14 19:00:00,1,4.2998804510426325,2017-08-14 19:00:00,point,after_hours,A,False
Eagle_office_Patrice,profile_band,2017-08-17 13:00:00,2017-08-17 14:00:00,2,6.0208459759013095,2017-08-17 14:00:00,point,spike,A,False
Eagle_office_Patrice,profile_band,2017-08-17 21:00:00,2017-08-17 21:00:00,1,5.092782875926224,2017-08-17 21:00:00,point,after_hours,A,False
Eagle_office_Patrice,profile_band,2017-08-18 14:00:00,2017-08-18 15:00:00,2,8.081049084468125,2017-08-18 15:00:00,point,spike,A,False
Eagle_office_Patrice,profile_band,2017-08-19 04:00:00,2017-08-19 04:00:00,1,4.36524760134043,2017-08-19 04:00:00,point,after_hours,A,False
Eagle_office_Patrice,profile_band,2017-08-21 15:00:00,2017-08-21 15:00:00,1,5.616112919376014,2017-08-21 15:00:00,point,spike,A,False
Eagle_office_Patrice,profile_band_sustained+profile_band,2017-08-22 11:00:00,2017-08-22 21:00:00,11,9.800701975825286,2017-08-22 15:00:00,interval,sustained_high,A,False
Eagle_office_Patrice,profile_band,2017-08-22 20:00:00,2017-08-22 21:00:00,2,5.228952647153873,2017-08-22 20:00:00,point,after_hours,A,False
Eagle_office_Patrice,profile_band_sustained+profile_band,2017-08-23 12:00:00,2017-08-24 02:00:00,15,9.821882951653944,2017-08-23 21:00:00,interval,after_hours,A,False
Eagle_office_Patrice,profile_band_sustained+profile_band,2017-08-24 12:00:00,2017-08-24 21:00:00,10,11.380881840705493,2017-08-24 17:00:00,interval,sustained_high,A,False
Eagle_office_Patrice,profile_band,2017-08-24 20:00:00,2017-08-24 20:00:00,1,5.167883805694951,2017-08-24 20:00:00,point,after_hours,A,False
Eagle_office_Patrice,profile_band_sustained+profile_band,2017-08-25 11:00:00,2017-08-25 17:00:00,7,5.360048366137296,2017-08-25 15:00:00,interval,sustained_high,A,False
Eagle_office_Patrice,profile_band,2017-08-25 11:00:00,2017-08-25 12:00:00,2,4.648399798617806,2017-08-25 12:00:00,point,spike,A,False
Eagle_office_Patrice,profile_band_sustained,2017-08-26 01:00:00,2017-08-26 06:00:00,6,4.490655657770676,2017-08-26 06:00:00,interval,after_hours,A,False
Eagle_office_Patrice,profile_band,2017-08-26 02:00:00,2017-08-26 03:00:00,2,8.317459348648313,2017-08-26 02:00:00,point,after_hours,A,False
Eagle_office_Patrice,profile_band_sustained+profile_band,2017-08-28 12:00:00,2017-08-28 21:00:00,10,16.041756169462165,2017-08-28 16:00:00,interval,sustained_high,A,True
Eagle_office_Patrice,profile_band,2017-08-28 12:00:00,2017-08-28 12:00:00,1,5.70782747744447,2017-08-28 12:00:00,point,spike,A,False
Eagle_office_Patrice,profile_band,2017-08-29 12:00:00,2017-08-29 12:00:00,1,8.234244000818267,2017-08-29 12:00:00,point,spike,A,False
Eagle_office_Patrice,profile_band_sustained+profile_band,2017-08-29 12:00:00,2017-08-29 18:00:00,7,6.369339311674329,2017-08-29 17:00:00,interval,sustained_high,A,False
Eagle_office_Patrice,profile_band,2017-08-31 17:00:00,2017-08-31 17:00:00,1,4.270886437487054,2017-08-31 17:00:00,point,spike,A,False
Eagle_office_Patrice,profile_band_sustained+profile_band,2017-09-04 10:00:00,2017-09-04 23:00:00,14,22.462561618706154,2017-09-04 17:00:00,interval,after_hours,A,False
Eagle_office_Patrice,profile_band_sustained+profile_band,2017-09-10 15:00:00,2017-09-10 17:00:00,3,29.903880818391748,2017-09-10 16:00:00,interval,after_hours,A,True
Eagle_office_Patrice,profile_band_sustained+profile_band,2017-10-09 10:00:00,2017-10-09 23:00:00,14,23.90954242206321,2017-10-09 16:00:00,interval,after_hours,A,False
Eagle_office_Patrice,profile_band,2017-10-13 04:00:00,2017-10-13 04:00:00,1,4.725608428201149,2017-10-13 04:00:00,point,after_hours,A,False
Eagle_office_Patrice,profile_band_sustained+profile_band,2017-10-14 00:00:00,2017-10-14 04:00:00,5,4.9859449538719165,2017-10-14 04:00:00,interval,after_hours,A,False
Eagle_office_Patrice,profile_band,2017-10-21 02:00:00,2017-10-21 02:00:00,1,4.573748627044541,2017-10-21 02:00:00,point,after_hours,A,False
Eagle_office_Patrice,profile_band,2017-10-26 10:00:00,2017-10-26 10:00:00,1,6.4293885211144115,2017-10-26 10:00:00,point,spike,A,True
Eagle_office_Patrice,profile_band+profile_band_sustained,2017-10-28 02:00:00,2017-10-28 21:00:00,20,4.872805795547604,2017-10-28 04:00:00,interval,after_hours,A,True
Eagle_office_Patrice,profile_band,2017-10-28 07:00:00,2017-10-28 07:00:00,1,5.739312227357445,2017-10-28 07:00:00,point,after_hours,A,True
Eagle_office_Patrice,profile_band,2017-10-28 11:00:00,2017-10-28 11:00:00,1,4.233161897922028,2017-10-28 11:00:00,point,after_hours,A,True
Eagle_office_Patrice,profile_band,2017-10-28 18:00:00,2017-10-28 18:00:00,1,4.622529667616111,2017-10-28 18:00:00,point,after_hours,A,True
Eagle_office_Patrice,profile_band,2017-11-01 09:00:00,2017-11-01 09:00:00,1,5.542720748673661,2017-11-01 09:00:00,point,spike,A,True
Eagle_office_Patrice,profile_band,2017-11-04 14:00:00,2017-11-04 14:00:00,1,4.392856640431109,2017-11-04 14:00:00,point,after_hours,A,True
Eagle_office_Patrice,profile_band,2017-11-04 17:00:00,2017-11-04 17:00:00,1,4.583863676747627,2017-11-04 17:00:00,point,after_hours,A,True
Eagle_office_Patrice,profile_band,2017-11-07 03:00:00,2017-11-07 04:00:00,2,4.882262197325727,2017-11-07 04:00:00,point,after_hours,A,True
Eagle_office_Patrice,profile_band,2017-11-08 14:00:00,2017-11-08 14:00:00,1,5.146885054579186,2017-11-08 14:00:00,point,spike,A,True
Eagle_office_Patrice,profile_band_sustained+profile_band,2017-11-08 14:00:00,2017-11-09 03:00:00,14,5.1208566979628625,2017-11-08 21:00:00,interval,after_hours,A,True
Eagle_office_Patrice,profile_band,2017-11-09 14:00:00,2017-11-09 14:00:00,1,4.942844700371201,2017-11-09 14:00:00,point,spike,A,True
Eagle_office_Patrice,profile_band,2017-11-09 19:00:00,2017-11-09 19:00:00,1,4.291448364240422,2017-11-09 19:00:00,point,after_hours,A,True
Eagle_office_Patrice,profile_band,2017-11-09 23:00:00,2017-11-09 23:00:00,1,4.309906871966528,2017-11-09 23:00:00,point,after_hours,A,True
Eagle_office_Patrice,profile_band_sustained+profile_band,2017-11-10 10:00:00,2017-11-11 05:00:00,20,21.65780344049061,2017-11-10 18:00:00,interval,after_hours,A,True
Eagle_office_Patrice,profile_band,2017-11-11 04:00:00,2017-11-11 05:00:00,2,5.1047881742564405,2017-11-11 05:00:00,point,after_hours,A,True
Eagle_office_Patrice,profile_band,2017-11-11 23:00:00,2017-11-11 23:00:00,1,4.926407893197442,2017-11-11 23:00:00,point,after_hours,A,True
Eagle_office_Patrice,profile_band,2017-11-14 03:00:00,2017-11-14 03:00:00,1,6.995107289841562,2017-11-14 03:00:00,point,after_hours,A,True
Eagle_office_Patrice,profile_band,2017-12-25 14:00:00,2017-12-25 14:00:00,1,4.938805552046315,2017-12-25 14:00:00,point,after_hours,A,False
Eagle_office_Randolph,profile_band,2017-01-27 13:00:00,2017-01-27 13:00:00,1,8.144905024450367,2017-01-27 13:00:00,point,spike,A,False
Eagle_office_Randolph,profile_band+profile_band_sustained,2017-01-29 08:00:00,2017-01-29 11:00:00,4,8.601803716894143,2017-01-29 08:00:00,interval,after_hours,A,True
Eagle_office_Randolph,profile_band,2017-02-17 09:00:00,2017-02-17 09:00:00,1,10.242148135941992,2017-02-17 09:00:00,point,spike,A,False
Eagle_office_Randolph,profile_band,2017-02-20 10:00:00,2017-02-20 11:00:00,2,12.325885956948845,2017-02-20 11:00:00,point,after_hours,A,False
Eagle_office_Randolph,profile_band_sustained+profile_band,2017-02-20 19:00:00,2017-02-20 23:00:00,5,15.980847337627203,2017-02-20 23:00:00,interval,after_hours,A,False
Eagle_office_Randolph,profile_band,2017-03-04 02:00:00,2017-03-04 02:00:00,1,8.800396297220066,2017-03-04 02:00:00,point,after_hours,A,False
Eagle_office_Randolph,profile_band,2017-03-12 11:00:00,2017-03-12 11:00:00,1,11.595974927992495,2017-03-12 11:00:00,point,after_hours,A,False
Eagle_office_Randolph,profile_band,2017-03-13 08:00:00,2017-03-13 09:00:00,2,10.620447917906871,2017-03-13 08:00:00,point,spike,A,False
Eagle_office_Randolph,profile_band,2017-03-14 08:00:00,2017-03-14 09:00:00,2,10.268777095334613,2017-03-14 08:00:00,point,spike,A,False
Eagle_office_Randolph,profile_band,2017-03-15 08:00:00,2017-03-15 09:00:00,2,10.404386438417085,2017-03-15 08:00:00,point,spike,A,False
Eagle_office_Randolph,profile_band,2017-03-16 08:00:00,2017-03-16 09:00:00,2,10.606269471321315,2017-03-16 08:00:00,point,spike,A,False
Eagle_office_Randolph,profile_band,2017-03-17 08:00:00,2017-03-17 09:00:00,2,11.172035979709776,2017-03-17 08:00:00,point,spike,A,False
Eagle_office_Randolph,profile_band,2017-03-26 02:00:00,2017-03-26 02:00:00,1,9.22935243844306,2017-03-26 02:00:00,point,after_hours,A,False
Eagle_office_Randolph,profile_band,2017-04-25 09:00:00,2017-04-25 09:00:00,1,7.615768001537495,2017-04-25 09:00:00,point,spike,A,False
Eagle_office_Randolph,profile_band,2017-05-08 09:00:00,2017-05-08 09:00:00,1,10.103093444207005,2017-05-08 09:00:00,point,spike,A,False
Eagle_office_Randolph,profile_band,2017-05-29 12:00:00,2017-05-29 12:00:00,1,8.645400220635667,2017-05-29 12:00:00,point,after_hours,A,False
Eagle_office_Randolph,profile_band,2017-06-24 01:00:00,2017-06-24 01:00:00,1,10.309120192444698,2017-06-24 01:00:00,point,after_hours,A,False
Eagle_office_Randolph,profile_band,2017-06-24 12:00:00,2017-06-24 12:00:00,1,11.241204117543514,2017-06-24 12:00:00,point,after_hours,A,False
Eagle_office_Randolph,profile_band_sustained+profile_band,2017-07-01 22:00:00,2017-07-02 12:00:00,15,8.678498566663176,2017-07-02 10:00:00,interval,after_hours,A,False
Eagle_office_Randolph,profile_band,2017-07-01 23:00:00,2017-07-01 23:00:00,1,8.54650425692735,2017-07-01 23:00:00,point,after_hours,A,False
Eagle_office_Randolph,profile_band_sustained+profile_band,2017-07-02 22:00:00,2017-07-03 09:00:00,12,8.565422306316169,2017-07-03 08:00:00,interval,after_hours,A,False
Eagle_office_Randolph,profile_band_sustained+profile_band,2017-07-04 01:00:00,2017-07-04 12:00:00,12,13.047934646382638,2017-07-04 10:00:00,interval,after_hours,A,False
Eagle_office_Randolph,profile_band_sustained+profile_band,2017-07-04 21:00:00,2017-07-05 09:00:00,13,8.43638901433172,2017-07-04 23:00:00,interval,after_hours,A,False
Eagle_office_Randolph,profile_band_sustained+profile_band,2017-07-06 02:00:00,2017-07-06 09:00:00,8,8.278340459834414,2017-07-06 08:00:00,interval,after_hours,A,False
Eagle_office_Randolph,profile_band_sustained+profile_band,2017-07-06 22:00:00,2017-07-07 09:00:00,12,8.11162390068457,2017-07-07 07:00:00,interval,after_hours,A,False
Eagle_office_Randolph,profile_band,2017-07-11 01:00:00,2017-07-11 01:00:00,1,8.424022605262376,2017-07-11 01:00:00,point,after_hours,A,False
Eagle_office_Randolph,profile_band,2017-07-12 11:00:00,2017-07-12 11:00:00,1,8.756844097509942,2017-07-12 11:00:00,point,spike,A,False
Eagle_office_Randolph,profile_band,2017-07-13 01:00:00,2017-07-13 01:00:00,1,8.739893574106553,2017-07-13 01:00:00,point,after_hours,A,False
Eagle_office_Randolph,profile_band,2017-07-27 01:00:00,2017-07-27 01:00:00,1,7.822731023677575,2017-07-27 01:00:00,point,after_hours,A,True
Eagle_office_Randolph,profile_band,2017-07-29 09:00:00,2017-07-29 09:00:00,1,12.47786928655163,2017-07-29 09:00:00,point,after_hours,A,True
Eagle_office_Randolph,profile_band,2017-07-31 17:00:00,2017-07-31 18:00:00,2,9.619535254006477,2017-07-31 17:00:00,point,spike,A,True
Eagle_office_Randolph,profile_band,2017-08-02 01:00:00,2017-08-02 01:00:00,1,7.780884446556596,2017-08-02 01:00:00,point,after_hours,A,True
Eagle_office_Randolph,profile_band,2017-08-08 17:00:00,2017-08-08 17:00:00,1,8.504280513126098,2017-08-08 17:00:00,point,spike,A,True
Eagle_office_Randolph,profile_band,2017-08-18 09:00:00,2017-08-18 09:00:00,1,7.496926722142997,2017-08-18 09:00:00,point,spike,A,True
Eagle_office_Randolph,profile_band_sustained+profile_band,2017-09-01 03:00:00,2017-09-01 12:00:00,10,29.300378050636276,2017-09-01 06:00:00,interval,sustained_high,A,True
Eagle_office_Randolph,profile_band,2017-09-04 14:00:00,2017-09-04 15:00:00,2,9.962372600424867,2017-09-04 15:00:00,point,after_hours,A,False
Eagle_office_Randolph,profile_band,2017-10-09 12:00:00,2017-10-09 12:00:00,1,15.63913522112736,2017-10-09 12:00:00,point,after_hours,A,False
Eagle_office_Randolph,profile_band_sustained+profile_band,2017-10-09 12:00:00,2017-10-09 22:00:00,11,9.039489206012956,2017-10-09 19:00:00,interval,after_hours,A,False
Eagle_office_Randolph,profile_band,2017-10-09 15:00:00,2017-10-09 15:00:00,1,8.071296106614067,2017-10-09 15:00:00,point,after_hours,A,False
Eagle_office_Randolph,profile_band,2017-10-17 09:00:00,2017-10-17 09:00:00,1,10.747306620338119,2017-10-17 09:00:00,point,spike,A,False
Eagle_office_Randolph,profile_band,2017-10-18 09:00:00,2017-10-18 09:00:00,1,10.04547448446299,2017-10-18 09:00:00,point,spike,A,False
Eagle_office_Randolph,profile_band,2017-10-19 09:00:00,2017-10-19 09:00:00,1,10.642847636612226,2017-10-19 09:00:00,point,spike,A,False
Eagle_office_Randolph,profile_band,2017-10-20 09:00:00,2017-10-20 09:00:00,1,9.274785639588636,2017-10-20 09:00:00,point,spike,A,False
Eagle_office_Randolph,profile_band,2017-10-21 12:00:00,2017-10-21 12:00:00,1,8.111387359948145,2017-10-21 12:00:00,point,after_hours,A,False
Eagle_office_Randolph,profile_band,2017-10-26 09:00:00,2017-10-26 09:00:00,1,10.053638573517642,2017-10-26 09:00:00,point,spike,A,False
Eagle_office_Randolph,profile_band,2017-10-27 09:00:00,2017-10-27 09:00:00,1,10.727268726757037,2017-10-27 09:00:00,point,spike,A,False
Eagle_office_Randolph,profile_band,2017-10-28 02:00:00,2017-10-28 03:00:00,2,9.15312157061673,2017-10-28 02:00:00,point,after_hours,A,False
Eagle_office_Randolph,profile_band,2017-10-30 09:00:00,2017-10-30 09:00:00,1,10.115921400343382,2017-10-30 09:00:00,point,spike,A,False
Eagle_office_Randolph,profile_band,2017-10-31 09:00:00,2017-10-31 09:00:00,1,10.437849068009989,2017-10-31 09:00:00,point,spike,A,False
Eagle_office_Randolph,profile_band,2017-11-01 09:00:00,2017-11-01 09:00:00,1,10.46868456848007,2017-11-01 09:00:00,point,spike,A,False
Eagle_office_Randolph,profile_band,2017-11-04 23:00:00,2017-11-04 23:00:00,1,7.515048250239133,2017-11-04 23:00:00,point,after_hours,A,False
Eagle_office_Randolph,profile_band,2017-11-05 23:00:00,2017-11-05 23:00:00,1,8.432779731575952,2017-11-05 23:00:00,point,after_hours,A,False
Eagle_office_Randolph,profile_band_sustained+profile_band,2017-11-06 19:00:00,2017-11-07 03:00:00,9,8.087534005742295,2017-11-07 03:00:00,interval,after_hours,A,False
Eagle_office_Randolph,profile_band_sustained+profile_band,2017-11-08 01:00:00,2017-11-08 03:00:00,3,10.019643120278577,2017-11-08 03:00:00,interval,after_hours,A,False
Eagle_office_Randolph,profile_band,2017-11-09 03:00:00,2017-11-09 03:00:00,1,10.679531410808396,2017-11-09 03:00:00,point,after_hours,A,False
Eagle_office_Randolph,profile_band_sustained+profile_band,2017-11-09 22:00:00,2017-11-11 03:00:00,30,12.919925534705719,2017-11-10 23:00:00,interval,after_hours,A,False
Eagle_office_Randolph,profile_band,2017-11-11 23:00:00,2017-11-11 23:00:00,1,9.253943911123242,2017-11-11 23:00:00,point,after_hours,A,True
Eagle_office_Randolph,profile_band,2017-11-14 03:00:00,2017-11-14 03:00:00,1,10.09275829374488,2017-11-14 03:00:00,point,after_hours,A,False
Eagle_office_Randolph,profile_band,2017-11-15 03:00:00,2017-11-15 03:00:00,1,10.996198891728756,2017-11-15 03:00:00,point,after_hours,A,False
Eagle_office_Randolph,profile_band,2017-11-16 03:00:00,2017-11-16 03:00:00,1,9.93269179108629,2017-11-16 03:00:00,point,after_hours,A,False
Eagle_office_Randolph,profile_band,2017-11-17 03:00:00,2017-11-17 03:00:00,1,9.49065494767135,2017-11-17 03:00:00,point,after_hours,A,False
Eagle_office_Randolph,profile_band+profile_band_sustained,2017-11-18 01:00:00,2017-11-18 03:00:00,3,9.343683003691867,2017-11-18 01:00:00,interval,after_hours,A,False
Eagle_office_Randolph,profile_band,2017-11-21 03:00:00,2017-11-21 03:00:00,1,8.740706052915344,2017-11-21 03:00:00,point,after_hours,A,False
Eagle_office_Randolph,profile_band,2017-11-30 12:00:00,2017-11-30 12:00:00,1,8.252285353762998,2017-11-30 12:00:00,point,spike,A,False
Eagle_office_Randolph,profile_band+profile_band_sustained,2017-12-09 01:00:00,2017-12-09 03:00:00,3,12.2312444131664,2017-12-09 03:00:00,interval,after_hours,A,False
Eagle_office_Randolph,profile_band,2017-12-11 09:00:00,2017-12-11 09:00:00,1,8.344822728936247,2017-12-11 09:00:00,point,spike,A,False
Eagle_office_Randolph,profile_band,2017-12-13 09:00:00,2017-12-13 09:00:00,1,10.959375979615038,2017-12-13 09:00:00,point,spike,A,False
Eagle_office_Randolph,profile_band,2017-12-14 09:00:00,2017-12-14 09:00:00,1,9.895796524308606,2017-12-14 09:00:00,point,spike,A,False
Eagle_office_Randolph,profile_band,2017-12-15 09:00:00,2017-12-15 09:00:00,1,11.162861341530869,2017-12-15 09:00:00,point,spike,A,False
Eagle_office_Randolph,profile_band_sustained+profile_band,2017-12-15 23:00:00,2017-12-16 03:00:00,5,9.681267874855305,2017-12-16 03:00:00,interval,after_hours,A,False
Eagle_office_Randolph,profile_band,2017-12-18 09:00:00,2017-12-18 09:00:00,1,9.884822649339068,2017-12-18 09:00:00,point,spike,A,False
Eagle_office_Randolph,profile_band,2017-12-22 04:00:00,2017-12-22 05:00:00,2,17.022993544257652,2017-12-22 05:00:00,point,after_hours,A,True
Eagle_office_Randolph,profile_band,2017-12-23 03:00:00,2017-12-23 03:00:00,1,8.5719909994031,2017-12-23 03:00:00,point,after_hours,A,False
Eagle_office_Sonya,profile_band,2017-01-07 05:00:00,2017-01-07 05:00:00,1,4.669551411761044,2017-01-07 05:00:00,point,after_hours,A,False
Eagle_office_Sonya,profile_band,2017-01-08 08:00:00,2017-01-08 08:00:00,1,4.721435316336167,2017-01-08 08:00:00,point,after_hours,A,False
Eagle_office_Sonya,profile_band_sustained,2017-01-08 08:00:00,2017-01-08 10:00:00,3,2.5961143263961213,2017-01-08 10:00:00,interval,after_hours,A,False
Eagle_office_Sonya,profile_band_sustained,2017-01-16 13:00:00,2017-01-16 23:00:00,11,2.966832074008385,2017-01-16 18:00:00,interval,after_hours,A,False
Eagle_office_Sonya,profile_band,2017-01-16 15:00:00,2017-01-16 15:00:00,1,4.835164835164836,2017-01-16 15:00:00,point,after_hours,A,False
Eagle_office_Sonya,profile_band_sustained,2017-02-20 15:00:00,2017-02-20 23:00:00,9,3.4462746974576945,2017-02-20 23:00:00,interval,after_hours,A,True
Eagle_office_Sonya,profile_band,2017-02-20 23:00:00,2017-02-20 23:00:00,1,8.597696023309167,2017-02-20 23:00:00,point,after_hours,A,True
Eagle_office_Sonya,profile_band+profile_band_sustained,2017-02-23 17:00:00,2017-02-23 20:00:00,4,6.376675598831091,2017-02-23 19:00:00,interval,sustained_high,A,True
Eagle_office_Sonya,profile_band,2017-02-24 08:00:00,2017-02-24 08:00:00,1,8.01205308150868,2017-02-24 08:00:00,point,spike,A,True
Eagle_office_Sonya,profile_band_sustained+profile_band,2017-02-24 14:00:00,2017-02-24 19:00:00,6,6.04742376313652,2017-02-24 17:00:00,interval,sustained_high,A,True
Eagle_office_Sonya,profile_band_sustained,2017-02-27 12:00:00,2017-02-27 17:00:00,6,2.7261268167548924,2017-02-27 17:00:00,interval,sustained_high,A,True
Eagle_office_Sonya,profile_band_sustained+profile_band,2017-02-28 02:00:00,2017-02-28 15:00:00,14,11.44977630820574,2017-02-28 09:00:00,interval,sustained_high,A,True
Eagle_office_Sonya,profile_band_sustained,2017-02-28 19:00:00,2017-03-01 00:00:00,6,3.0039330023705992,2017-03-01 00:00:00,interval,after_hours,A,True
Eagle_office_Sonya,profile_band,2017-02-28 22:00:00,2017-02-28 22:00:00,1,7.903678861110791,2017-02-28 22:00:00,point,after_hours,A,True
Eagle_office_Sonya,profile_band_sustained,2017-03-02 23:00:00,2017-03-03 07:00:00,9,2.7596032353104825,2017-03-03 04:00:00,interval,after_hours,A,True
Eagle_office_Sonya,profile_band,2017-03-03 02:00:00,2017-03-03 02:00:00,1,4.089332813146702,2017-03-03 02:00:00,point,after_hours,A,True
Eagle_office_Sonya,profile_band_sustained+profile_band,2017-03-03 23:00:00,2017-03-05 11:00:00,37,12.316198347489236,2017-03-05 09:00:00,interval,after_hours,A,True
Eagle_office_Sonya,profile_band,2017-03-04 03:00:00,2017-03-04 03:00:00,1,4.329188870054974,2017-03-04 03:00:00,point,after_hours,A,True
Eagle_office_Sonya,profile_band,2017-03-04 22:00:00,2017-03-04 22:00:00,1,4.343006506017941,2017-03-04 22:00:00,point,after_hours,A,True
Eagle_office_Sonya,profile_band_sustained+profile_band,2017-03-06 00:00:00,2017-03-06 18:00:00,19,11.796968902429075,2017-03-06 07:00:00,interval,sustained_high,A,True
Eagle_office_Sonya,profile_band,2017-03-07 09:00:00,2017-03-07 09:00:00,1,4.61228917768787,2017-03-07 09:00:00,point,spike,A,True
Eagle_office_Sonya,profile_band,2017-03-09 13:00:00,2017-03-09 13:00:00,1,4.020987057689831,2017-03-09 13:00:00,point,spike,A,True
Eagle_office_Sonya,profile_band,2017-03-10 00:00:00,2017-03-10 00:00:00,1,5.34093127095586,2017-03-10 00:00:00,point,after_hours,A,True
Eagle_office_Sonya,profile_band_sustained,2017-03-11 00:00:00,2017-03-11 02:00:00,3,2.5642367652307936,2017-03-11 05:00:00,interval,after_hours,A,True
Eagle_office_Sonya,profile_band_sustained,2017-03-11 08:00:00,2017-03-11 09:00:00,2,2.5086910067031516,2017-03-11 09:00:00,interval,after_hours,A,True
Eagle_office_Sonya,profile_band,2017-03-12 10:00:00,2017-03-12 10:00:00,1,5.280711304740124,2017-03-12 10:00:00,point,after_hours,A,True
Eagle_office_Sonya,profile_band_sustained,2017-03-12 10:00:00,2017-03-12 14:00:00,5,2.5356907104999613,2017-03-12 15:00:00,interval,after_hours,A,True
Eagle_office_Sonya,profile_band_sustained+profile_band,2017-03-13 07:00:00,2017-03-13 15:00:00,9,8.78939595896501,2017-03-13 10:00:00,interval,sustained_high,A,True
Eagle_office_Sonya,profile_band_sustained,2017-03-15 07:00:00,2017-03-15 12:00:00,6,2.587274636193808,2017-03-15 12:00:00,interval,sustained_high,A,True
Eagle_office_Sonya,profile_band,2017-05-27 13:00:00,2017-05-27 13:00:00,1,4.216867469879518,2017-05-27 13:00:00,point,after_hours,A,False
Eagle_office_Sonya,profile_band,2017-05-29 10:00:00,2017-05-29 10:00:00,1,5.423728813559323,2017-05-29 10:00:00,point,after_hours,A,False
Eagle_office_Sonya,profile_band,2017-06-03 04:00:00,2017-06-03 04:00:00,1,5.522393093214624,2017-06-03 04:00:00,point,after_hours,A,False
Eagle_office_Sonya,profile_band,2017-06-04 06:00:00,2017-06-04 06:00:00,1,6.576284904896803,2017-06-04 06:00:00,point,after_hours,A,False
Eagle_office_Sonya,profile_band_sustained,2017-06-04 06:00:00,2017-06-04 06:00:00,1,2.5248764688952425,2017-06-04 11:00:00,interval,after_hours,A,False
Eagle_office_Sonya,profile_band,2017-06-27 05:00:00,2017-06-27 05:00:00,1,4.342034264130581,2017-06-27 05:00:00,point,after_hours,A,False
Eagle_office_Sonya,profile_band_sustained+profile_band,2017-07-19 06:00:00,2017-07-19 23:00:00,18,7.826086956521738,2017-07-19 09:00:00,interval,sustained_high,A,False
Eagle_office_Sonya,profile_band,2017-07-26 08:00:00,2017-07-26 08:00:00,1,5.874125874125874,2017-07-26 08:00:00,point,spike,A,False
Eagle_office_Sonya,profile_band,2017-08-12 22:00:00,2017-08-12 22:00:00,1,4.134078212290502,2017-08-12 22:00:00,point,after_hours,A,False
Eagle_office_Sonya,profile_band,2017-09-09 00:00:00,2017-09-09 00:00:00,1,4.721435316336167,2017-09-09 00:00:00,point,after_hours,A,False
Eagle_office_Sonya,profile_band+profile_band_sustained,2017-09-12 13:00:00,2017-09-12 15:00:00,3,14.505388846879443,2017-09-12 15:00:00,interval,sustained_high,A,True
Eagle_office_Sonya,profile_band,2017-09-20 08:00:00,2017-09-20 08:00:00,1,6.5319105128259745,2017-09-20 08:00:00,point,spike,A,False
Eagle_office_Sonya,profile_band,2017-10-04 00:00:00,2017-10-04 00:00:00,1,4.811367417599713,2017-10-04 00:00:00,point,after_hours,A,False
Eagle_office_Sonya,profile_band_sustained+profile_band,2017-10-09 12:00:00,2017-10-09 23:00:00,12,4.534883720930233,2017-10-09 17:00:00,interval,after_hours,A,False
Eagle_office_Sonya,profile_band,2017-10-12 18:00:00,2017-10-12 18:00:00,1,4.821002386634844,2017-10-12 18:00:00,point,spike,A,False
Eagle_office_Sonya,profile_band,2017-10-15 15:00:00,2017-10-15 16:00:00,2,25.06957776205539,2017-10-15 16:00:00,point,after_hours,A,True
Eagle_office_Sonya,profile_band_sustained,2017-10-15 15:00:00,2017-10-15 16:00:00,2,7.9700893994344675,2017-10-15 20:00:00,interval,after_hours,A,True
Eagle_office_Sonya,profile_band,2017-10-24 03:00:00,2017-10-24 03:00:00,1,5.495850632772257,2017-10-24 03:00:00,point,after_hours,A,False
Eagle_office_Sonya,profile_band_sustained,2017-11-05 17:00:00,2017-11-06 08:00:00,16,3.6726598726066917,2017-11-05 22:00:00,interval,after_hours,A,False
Eagle_office_Sonya,profile_band,2017-11-05 21:00:00,2017-11-05 21:00:00,1,6.193051518830556,2017-11-05 21:00:00,point,after_hours,A,False
Eagle_office_Sonya,profile_band,2017-11-06 03:00:00,2017-11-06 04:00:00,2,5.524400506189256,2017-11-06 03:00:00,point,after_hours,A,False
Eagle_office_Sonya,profile_band_sustained+profile_band,2017-11-06 19:00:00,2017-11-07 07:00:00,13,4.365088977548777,2017-11-07 04:00:00,interval,after_hours,A,False
Eagle_office_Sonya,profile_band,2017-11-07 03:00:00,2017-11-07 04:00:00,2,6.423721518824716,2017-11-07 03:00:00,point,after_hours,A,False
Eagle_office_Sonya,profile_band+profile_band_sustained,2017-11-07 20:00:00,2017-11-08 07:00:00,12,7.521865889212827,2017-11-08 01:00:00,interval,after_hours,A,False
Eagle_office_Sonya,profile_band,2017-11-08 12:00:00,2017-11-08 12:00:00,1,5.063938618925831,2017-11-08 12:00:00,point,spike,A,False
Eagle_office_Sonya,profile_band_sustained,2017-11-08 12:00:00,2017-11-08 17:00:00,6,2.994711105082978,2017-11-08 17:00:00,interval,sustained_high,A,False
Eagle_office_Sonya,profile_band,2017-11-08 23:00:00,2017-11-08 23:00:00,1,6.115702479338842,2017-11-08 23:00:00,point,after_hours,A,False
Eagle_office_Sonya,profile_band,2017-11-09 02:00:00,2017-11-09 12:00:00,11,9.011196546607312,2017-11-09 04:00:00,interval,sustained_high,A,False
Eagle_office_Sonya,profile_band,2017-11-09 19:00:00,2017-11-10 00:00:00,6,5.825825825825825,2017-11-10 00:00:00,interval,after_hours,A,False
Eagle_office_Sonya,profile_band,2017-11-10 03:00:00,2017-11-10 04:00:00,2,7.737226277372262,2017-11-10 03:00:00,point,after_hours,A,False
Eagle_office_Sonya,profile_band,2017-11-10 07:00:00,2017-11-10 09:00:00,3,5.713333492037042,2017-11-10 07:00:00,interval,after_hours,A,False
Eagle_office_Sonya,profile_band,2017-11-10 12:00:00,2017-11-11 09:00:00,22,12.771084337349397,2017-11-10 17:00:00,interval,after_hours,A,False
Eagle_office_Sonya,profile_band,2017-11-11 13:00:00,2017-11-11 14:00:00,2,4.653986240388507,2017-11-11 14:00:00,point,after_hours,A,False
Eagle_office_Sonya,profile_band,2017-11-11 17:00:00,2017-11-11 17:00:00,1,6.906906906906906,2017-11-11 17:00:00,point,after_hours,A,False
Eagle_office_Sonya,profile_band+profile_band_sustained,2017-11-12 17:00:00,2017-11-14 07:00:00,39,7.904191616766467,2017-11-13 02:00:00,interval,after_hours,A,False
Eagle_office_Sonya,profile_band_sustained+profile_band,2017-11-14 12:00:00,2017-11-16 04:00:00,41,6.267029972752043,2017-11-15 23:00:00,interval,after_hours,A,False
Eagle_office_Sonya,profile_band,2017-11-14 13:00:00,2017-11-14 13:00:00,1,5.73317145555106,2017-11-14 13:00:00,point,spike,A,False
Eagle_office_Sonya,profile_band,2017-11-15 05:00:00,2017-11-15 05:00:00,1,4.541571113809074,2017-11-15 05:00:00,point,after_hours,A,False
Eagle_office_Sonya,profile_band,2017-11-15 09:00:00,2017-11-15 09:00:00,1,4.245324191999746,2017-11-15 09:00:00,point,spike,A,False
Eagle_office_Sonya,profile_band,2017-11-15 12:00:00,2017-11-15 12:00:00,1,5.588637721377503,2017-11-15 12:00:00,point,spike,A,False
Eagle_office_Sonya,profile_band_sustained,2017-11-16 21:00:00,2017-11-17 04:00:00,8,2.758819079038292,2017-11-17 04:00:00,interval,after_hours,A,False
Eagle_office_Sonya,profile_band_sustained+profile_band,2017-11-18 00:00:00,2017-11-18 09:00:00,10,10.319708619991907,2017-11-18 04:00:00,interval,after_hours,A,False
Eagle_office_Sonya,profile_band,2017-11-18 00:00:00,2017-11-18 00:00:00,1,4.750733137829912,2017-11-18 00:00:00,point,after_hours,A,False
Eagle_office_Sonya,profile_band,2017-11-21 14:00:00,2017-11-21 14:00:00,1,4.339622641509433,2017-11-21 14:00:00,point,spike,A,False
Eagle_office_Yadira,profile_band,2017-01-07 05:00:00,2017-01-07 05:00:00,1,4.973038609340549,2017-01-07 05:00:00,point,after_hours,A,False
Eagle_office_Yadira,profile_band,2017-01-09 08:00:00,2017-01-09 08:00:00,1,4.320810076181861,2017-01-09 08:00:00,point,spike,A,False
Eagle_office_Yadira,profile_band,2017-01-10 08:00:00,2017-01-10 08:00:00,1,4.574950157815005,2017-01-10 08:00:00,point,spike,A,False
Eagle_office_Yadira,profile_band+profile_band_sustained,2017-01-11 05:00:00,2017-01-11 11:00:00,7,17.119273972578927,2017-01-11 06:00:00,interval,sustained_high,A,False
Eagle_office_Yadira,profile_band+profile_band_sustained,2017-01-12 05:00:00,2017-01-12 11:00:00,7,17.272316686114085,2017-01-12 06:00:00,interval,sustained_high,A,False
Eagle_office_Yadira,profile_band+profile_band_sustained,2017-01-13 05:00:00,2017-01-13 12:00:00,8,18.019179130068263,2017-01-13 06:00:00,interval,sustained_high,A,False
Eagle_office_Yadira,profile_band,2017-01-17 11:00:00,2017-01-17 11:00:00,1,7.543218630209301,2017-01-17 11:00:00,point,spike,A,False
Eagle_office_Yadira,profile_band,2017-01-18 11:00:00,2017-01-18 12:00:00,2,6.608064269289836,2017-01-18 11:00:00,point,spike,A,False
Eagle_office_Yadira,profile_band,2017-01-19 11:00:00,2017-01-19 11:00:00,1,5.5618698577551715,2017-01-19 11:00:00,point,spike,A,False
Eagle_office_Yadira,profile_band,2017-01-26 21:00:00,2017-01-26 21:00:00,1,4.103982682756508,2017-01-26 21:00:00,point,after_hours,A,False
Eagle_office_Yadira,profile_band,2017-01-30 21:00:00,2017-01-30 22:00:00,2,5.001079452732265,2017-01-30 22:00:00,point,after_hours,A,False
Eagle_office_Yadira,profile_band,2017-02-19 19:00:00,2017-02-19 19:00:00,1,4.512254790960139,2017-02-19 19:00:00,point,after_hours,A,True
Eagle_office_Yadira,profile_band_sustained+profile_band,2017-02-20 11:00:00,2017-02-20 23:00:00,13,17.170181450900525,2017-02-20 16:00:00,interval,after_hours,A,True
Eagle_office_Yadira,profile_band,2017-02-21 12:00:00,2017-02-21 12:00:00,1,4.351452886251915,2017-02-21 12:00:00,point,spike,A,True
Eagle_office_Yadira,profile_band,2017-02-23 12:00:00,2017-02-23 12:00:00,1,4.994726024560043,2017-02-23 12:00:00,point,spike,A,True
Eagle_office_Yadira,profile_band,2017-02-27 05:00:00,2017-02-27 05:00:00,1,4.894519237981326,2017-02-27 05:00:00,point,after_hours,A,True
Eagle_office_Yadira,profile_band,2017-03-13 10:00:00,2017-03-13 10:00:00,1,8.181706703303828,2017-03-13 10:00:00,point,spike,A,False
Eagle_office_Yadira,profile_band_sustained+profile_band,2017-03-14 05:00:00,2017-03-14 11:00:00,7,9.938626453278447,2017-03-14 08:00:00,interval,sustained_high,A,False
Eagle_office_Yadira,profile_band_sustained+profile_band,2017-03-15 05:00:00,2017-03-15 10:00:00,6,10.087605979732528,2017-03-15 08:00:00,interval,sustained_high,A,False
Eagle_office_Yadira,profile_band_sustained+profile_band,2017-03-16 05:00:00,2017-03-16 10:00:00,6,10.997161184985858,2017-03-16 06:00:00,interval,sustained_high,A,False
Eagle_office_Yadira,profile_band_sustained+profile_band,2017-03-17 06:00:00,2017-03-17 10:00:00,5,4.948964042722321,2017-03-17 06:00:00,interval,sustained_high,A,False
Eagle_office_Yadira,profile_band,2017-03-18 10:00:00,2017-03-18 10:00:00,1,5.6746040277482495,2017-03-18 10:00:00,point,after_hours,A,False
Eagle_office_Yadira,profile_band,2017-03-25 10:00:00,2017-03-25 10:00:00,1,4.271669835555952,2017-03-25 10:00:00,point,after_hours,A,False
Eagle_office_Yadira,profile_band,2017-04-14 12:00:00,2017-04-14 12:00:00,1,5.213406161535889,2017-04-14 12:00:00,point,spike,A,False
Eagle_office_Yadira,profile_band_sustained+profile_band,2017-05-19 04:00:00,2017-05-19 09:00:00,6,18.93099445531785,2017-05-19 06:00:00,interval,sustained_high,A,False
Eagle_office_Yadira,profile_band_sustained+profile_band,2017-05-20 04:00:00,2017-05-20 09:00:00,6,7.7974739799630495,2017-05-20 04:00:00,interval,after_hours,A,False
Eagle_office_Yadira,profile_band+profile_band_sustained,2017-05-21 04:00:00,2017-05-21 09:00:00,6,6.256754043641169,2017-05-21 06:00:00,interval,after_hours,A,False
Eagle_office_Yadira,profile_band,2017-05-21 09:00:00,2017-05-21 09:00:00,1,4.712618031940346,2017-05-21 09:00:00,point,after_hours,A,False
Eagle_office_Yadira,profile_band,2017-05-22 04:00:00,2017-05-22 04:00:00,1,6.536742151092448,2017-05-22 04:00:00,point,after_hours,A,False
Eagle_office_Yadira,profile_band_sustained+profile_band,2017-05-22 22:00:00,2017-05-23 00:00:00,3,11.210159288179721,2017-05-23 00:00:00,interval,after_hours,A,True
Eagle_office_Yadira,profile_band,2017-07-31 04:00:00,2017-07-31 04:00:00,1,4.143506528593916,2017-07-31 04:00:00,point,after_hours,A,False
Eagle_office_Yadira,profile_band,2017-08-14 04:00:00,2017-08-14 04:00:00,1,4.188597391087295,2017-08-14 04:00:00,point,after_hours,A,False
Eagle_office_Yadira,profile_band,2017-08-21 04:00:00,2017-08-21 04:00:00,1,5.176581839203934,2017-08-21 04:00:00,point,after_hours,A,False
Eagle_office_Yadira,profile_band,2017-08-21 15:00:00,2017-08-21 15:00:00,1,4.360628350916933,2017-08-21 15:00:00,point,spike,A,False
Eagle_office_Yadira,profile_band_sustained+profile_band,2017-08-22 12:00:00,2017-08-23 00:00:00,13,10.215417420340437,2017-08-22 19:00:00,interval,sustained_high,A,False
Eagle_office_Yadira,profile_band_sustained+profile_band,2017-08-23 08:00:00,2017-08-24 00:00:00,17,8.474798774161505,2017-08-23 21:00:00,interval,sustained_high,A,False
Eagle_office_Yadira,profile_band_sustained+profile_band,2017-08-24 11:00:00,2017-08-25 00:00:00,14,7.659108000007441,2017-08-24 14:00:00,interval,sustained_high,A,False
Eagle_office_Yadira,profile_band_sustained+profile_band,2017-08-25 12:00:00,2017-08-25 19:00:00,8,6.222283214112313,2017-08-25 14:00:00,interval,sustained_high,A,False
Eagle_office_Yadira,profile_band,2017-08-27 22:00:00,2017-08-27 22:00:00,1,4.553668094292996,2017-08-27 22:00:00,point,after_hours,A,False
Eagle_office_Yadira,profile_band,2017-08-28 04:00:00,2017-08-28 04:00:00,1,4.941983331936098,2017-08-28 04:00:00,point,after_hours,A,False
Eagle_office_Yadira,profile_band_sustained+profile_band,2017-08-28 12:00:00,2017-08-29 00:00:00,13,7.386122484651985,2017-08-28 21:00:00,interval,sustained_high,A,False
Eagle_office_Yadira,profile_band_sustained+profile_band,2017-08-29 12:00:00,2017-08-30 02:00:00,15,7.210894310627387,2017-08-29 14:00:00,interval,after_hours,A,False
Eagle_office_Yadira,profile_band_sustained+profile_band,2017-08-30 11:00:00,2017-08-31 01:00:00,15,7.311690187117286,2017-08-30 21:00:00,interval,sustained_high,A,False
Eagle_office_Yadira,profile_band,2017-08-30 11:00:00,2017-08-30 11:00:00,1,5.423872221871947,2017-08-30 11:00:00,point,spike,A,False
Eagle_office_Yadira,profile_band,2017-08-30 14:00:00,2017-08-30 14:00:00,1,4.436135046569713,2017-08-30 14:00:00,point,spike,A,False
Eagle_office_Yadira,profile_band_sustained+profile_band,2017-08-31 11:00:00,2017-09-01 00:00:00,14,5.722861569056035,2017-08-31 21:00:00,interval,sustained_high,A,False
Eagle_office_Yadira,profile_band,2017-09-01 14:00:00,2017-09-01 14:00:00,1,4.608875231468155,2017-09-01 14:00:00,point,spike,A,False
Eagle_office_Yadira,profile_band_sustained+profile_band,2017-09-04 10:00:00,2017-09-05 00:00:00,15,13.241324643000697,2017-09-04 15:00:00,interval,after_hours,A,False
Eagle_office_Yadira,profile_band_sustained+profile_band,2017-09-05 19:00:00,2017-09-05 23:00:00,5,8.14856974810461,2017-09-05 21:00:00,interval,after_hours,A,False
Eagle_office_Yadira,profile_band+profile_band_sustained,2017-09-06 21:00:00,2017-09-06 23:00:00,3,5.0685458624178485,2017-09-06 21:00:00,interval,after_hours,A,False
Eagle_office_Yadira,profile_band,2017-09-15 05:00:00,2017-09-15 05:00:00,1,4.096586181012711,2017-09-15 05:00:00,point,after_hours,A,False
Eagle_office_Yadira,profile_band,2017-09-27 04:00:00,2017-09-27 05:00:00,2,5.25803315964411,2017-09-27 04:00:00,point,after_hours,A,False
Eagle_office_Yadira,profile_band_sustained+profile_band,2017-10-09 10:00:00,2017-10-09 22:00:00,13,17.03710243019573,2017-10-09 14:00:00,interval,after_hours,A,False
Eagle_office_Yadira,profile_band,2017-10-24 15:00:00,2017-10-24 15:00:00,1,4.292147677946528,2017-10-24 15:00:00,point,spike,A,False
Eagle_office_Yadira,profile_band,2017-10-29 17:00:00,2017-10-29 17:00:00,1,5.614816256410775,2017-10-29 17:00:00,point,after_hours,A,False
Eagle_office_Yadira,profile_band,2017-11-06 04:00:00,2017-11-06 05:00:00,2,10.8660674622926,2017-11-06 04:00:00,point,after_hours,A,False
Eagle_office_Yadira,profile_band,2017-11-07 04:00:00,2017-11-07 04:00:00,1,8.686272502152729,2017-11-07 04:00:00,point,after_hours,A,False
Eagle_office_Yadira,profile_band,2017-11-08 04:00:00,2017-11-08 04:00:00,1,6.417744170820545,2017-11-08 04:00:00,point,after_hours,A,False
Eagle_office_Yadira,profile_band,2017-11-09 04:00:00,2017-11-09 04:00:00,1,6.80280827760893,2017-11-09 04:00:00,point,after_hours,A,False
Eagle_office_Yadira,profile_band,2017-11-10 04:00:00,2017-11-10 04:00:00,1,9.545416392459849,2017-11-10 04:00:00,point,after_hours,A,False
Eagle_office_Yadira,profile_band_sustained+profile_band,2017-11-10 11:00:00,2017-11-10 21:00:00,11,11.693715482732443,2017-11-10 17:00:00,interval,after_hours,A,False
Eagle_office_Yadira,profile_band,2017-11-11 04:00:00,2017-11-11 04:00:00,1,8.737983818583078,2017-11-11 04:00:00,point,after_hours,A,False
Eagle_office_Yadira,profile_band,2017-11-13 04:00:00,2017-11-13 04:00:00,1,7.914326083317261,2017-11-13 04:00:00,point,after_hours,A,False
Eagle_office_Yadira,profile_band,2017-11-14 04:00:00,2017-11-14 04:00:00,1,7.536133948039904,2017-11-14 04:00:00,point,after_hours,A,False
Eagle_office_Yadira,profile_band,2017-11-15 04:00:00,2017-11-15 04:00:00,1,6.761459980431383,2017-11-15 04:00:00,point,after_hours,A,False
Eagle_office_Yadira,profile_band,2017-11-16 04:00:00,2017-11-16 04:00:00,1,6.1888445665733665,2017-11-16 04:00:00,point,after_hours,A,False
Eagle_office_Yadira,profile_band,2017-11-17 04:00:00,2017-11-17 04:00:00,1,4.579458423823492,2017-11-17 04:00:00,point,after_hours,A,False
Eagle_office_Yadira,profile_band,2017-11-20 04:00:00,2017-11-20 04:00:00,1,4.49159574653964,2017-11-20 04:00:00,point,after_hours,A,False
Eagle_office_Yadira,profile_band,2017-11-29 06:00:00,2017-11-29 06:00:00,1,4.457435570730796,2017-11-29 06:00:00,point,after_hours,A,False
Eagle_office_Yadira,profile_band,2017-12-10 14:00:00,2017-12-10 15:00:00,2,5.773341966956643,2017-12-10 15:00:00,point,after_hours,A,True
Eagle_office_Yadira,profile_band,2017-12-13 08:00:00,2017-12-13 08:00:00,1,4.033408952729863,2017-12-13 08:00:00,point,spike,A,False
Eagle_office_Yadira,profile_band,2017-12-14 08:00:00,2017-12-14 10:00:00,3,6.596442147111684,2017-12-14 08:00:00,interval,sustained_high,A,False
Eagle_office_Yadira,profile_band,2017-12-18 08:00:00,2017-12-18 08:00:00,1,4.134675729113168,2017-12-18 08:00:00,point,spike,A,False
Fox_office_Alice,profile_band+profile_band_sustained,2017-02-20 09:00:00,2017-02-20 21:00:00,13,4.762330531442262,2017-02-20 10:00:00,interval,after_hours,A,False
Fox_office_Alice,profile_band+profile_band_sustained,2017-06-25 22:00:00,2017-06-26 00:00:00,3,17.602516821081824,2017-06-25 22:00:00,interval,after_hours,A,True
Fox_office_Alice,profile_band_sustained,2017-11-17 21:00:00,2017-11-18 14:00:00,18,2.8311420799561575,2017-11-18 02:00:00,interval,after_hours,A,True
Fox_office_Alice,profile_band_sustained,2017-11-18 19:00:00,2017-11-20 16:00:00,46,3.162191991035264,2017-11-19 16:00:00,interval,after_hours,A,True
Fox_office_Alice,profile_band_sustained,2017-11-20 21:00:00,2017-11-21 10:00:00,14,2.8074486138626775,2017-11-21 05:00:00,interval,after_hours,A,True
Fox_office_Alice,profile_band_sustained,2017-11-23 04:00:00,2017-11-23 10:00:00,7,2.852893802475798,2017-11-23 10:00:00,interval,after_hours,A,True
Fox_office_Alice,profile_band,2017-12-16 13:00:00,2017-12-16 14:00:00,2,10.275968375294802,2017-12-16 14:00:00,point,after_hours,A,True
Fox_office_Alice,profile_band_sustained,2017-12-16 13:00:00,2017-12-16 14:00:00,2,2.8734107374205426,2017-12-16 18:00:00,interval,after_hours,A,True
Fox_office_Berniece,profile_band+profile_band_sustained,2017-01-02 02:00:00,2017-01-02 11:00:00,10,24.868193112041904,2017-01-02 07:00:00,interval,after_hours,A,False
Fox_office_Berniece,profile_band+profile_band_sustained,2017-01-16 02:00:00,2017-01-16 09:00:00,8,24.609277285644804,2017-01-16 05:00:00,interval,after_hours,A,False
Fox_office_Berniece,profile_band,2017-01-19 16:00:00,2017-01-19 16:00:00,1,4.113740595698201,2017-01-19 16:00:00,point,spike,A,False
Fox_office_Berniece,profile_band,2017-01-23 22:00:00,2017-01-23 23:00:00,2,7.01707073738208,2017-01-23 22:00:00,point,after_hours,A,False
Fox_office_Berniece,profile_band,2017-01-28 00:00:00,2017-01-28 00:00:00,1,4.148947834763314,2017-01-28 00:00:00,point,after_hours,A,False
Fox_office_Berniece,profile_band,2017-02-05 09:00:00,2017-02-05 09:00:00,1,4.657542157823217,2017-02-05 09:00:00,point,after_hours,A,True
Fox_office_Berniece,profile_band,2017-02-05 22:00:00,2017-02-05 23:00:00,2,6.119029323127836,2017-02-05 22:00:00,point,after_hours,A,False
Fox_office_Berniece,profile_band_sustained+profile_band,2017-02-07 18:00:00,2017-02-08 01:00:00,8,12.741362618215035,2017-02-07 23:00:00,interval,after_hours,A,False
Fox_office_Berniece,profile_band+profile_band_sustained,2017-02-08 18:00:00,2017-02-09 01:00:00,8,18.563281194856877,2017-02-08 23:00:00,interval,after_hours,A,False
Fox_office_Berniece,profile_band+profile_band_sustained,2017-02-09 19:00:00,2017-02-10 01:00:00,7,10.445267257387215,2017-02-09 23:00:00,interval,after_hours,A,False
Fox_office_Berniece,profile_band_sustained+profile_band,2017-02-10 19:00:00,2017-02-13 01:00:00,55,27.159058790183785,2017-02-11 22:00:00,interval,after_hours,A,False
Fox_office_Berniece,profile_band+profile_band_sustained,2017-02-13 18:00:00,2017-02-14 01:00:00,8,7.451410240709358,2017-02-13 20:00:00,interval,after_hours,A,False
Fox_office_Berniece,profile_band_sustained+profile_band,2017-02-14 18:00:00,2017-02-15 01:00:00,8,6.882284211793227,2017-02-14 21:00:00,interval,after_hours,A,False
Fox_office_Berniece,profile_band,2017-02-15 01:00:00,2017-02-15 01:00:00,1,5.388693684239808,2017-02-15 01:00:00,point,after_hours,A,False
Fox_office_Berniece,profile_band+profile_band_sustained,2017-02-15 19:00:00,2017-02-16 01:00:00,7,7.223813351040613,2017-02-15 21:00:00,interval,after_hours,A,False
Fox_office_Berniece,profile_band_sustained,2017-02-16 19:00:00,2017-02-17 01:00:00,7,3.5653903158217286,2017-02-17 01:00:00,interval,after_hours,A,False
Fox_office_Berniece,profile_band,2017-02-16 20:00:00,2017-02-16 20:00:00,1,4.585876262221983,2017-02-16 20:00:00,point,after_hours,A,False
Fox_office_Berniece,profile_band,2017-02-17 01:00:00,2017-02-17 01:00:00,1,4.181540982584182,2017-02-17 01:00:00,point,after_hours,A,False
Fox_office_Berniece,profile_band_sustained+profile_band,2017-02-17 19:00:00,2017-02-19 23:00:00,53,27.54360466502989,2017-02-18 22:00:00,interval,after_hours,A,False
Fox_office_Berniece,profile_band,2017-02-17 20:00:00,2017-02-17 21:00:00,2,4.441060588482988,2017-02-17 21:00:00,point,after_hours,A,False
Fox_office_Berniece,profile_band,2017-02-18 05:00:00,2017-02-18 05:00:00,1,4.4709570654083635,2017-02-18 05:00:00,point,after_hours,A,False
Fox_office_Berniece,profile_band,2017-02-21 01:00:00,2017-02-21 01:00:00,1,4.689360141060826,2017-02-21 01:00:00,point,after_hours,A,False
Fox_office_Berniece,profile_band_sustained,2017-02-23 07:00:00,2017-02-23 19:00:00,13,4.253907379916474,2017-02-23 18:00:00,interval,sustained_high,A,False
Fox_office_Berniece,profile_band,2017-02-23 16:00:00,2017-02-23 17:00:00,2,6.675902460038423,2017-02-23 17:00:00,point,spike,A,False
Fox_office_Berniece,profile_band_sustained,2017-02-24 07:00:00,2017-02-24 18:00:00,12,3.5226043132797926,2017-02-24 12:00:00,interval,sustained_high,A,False
Fox_office_Berniece,profile_band,2017-02-24 09:00:00,2017-02-24 09:00:00,1,4.789953943560585,2017-02-24 09:00:00,point,spike,A,False
Fox_office_Berniece,profile_band,2017-02-24 17:00:00,2017-02-24 17:00:00,1,4.702458131076925,2017-02-24 17:00:00,point,spike,A,False
Fox_office_Berniece,profile_band_sustained,2017-02-27 12:00:00,2017-02-27 18:00:00,7,3.986596674309441,2017-02-27 17:00:00,interval,sustained_high,A,False
Fox_office_Berniece,profile_band,2017-02-27 16:00:00,2017-02-27 17:00:00,2,6.320370345084254,2017-02-27 17:00:00,point,spike,A,False
Fox_office_Berniece,profile_band,2017-05-09 17:00:00,2017-05-09 18:00:00,2,4.88449918472988,2017-05-09 18:00:00,point,spike,A,False
Fox_office_Berniece,profile_band_sustained+profile_band,2017-09-03 11:00:00,2017-09-05 03:00:00,41,6.666665509382722,2017-09-04 11:00:00,interval,after_hours,A,False
Fox_office_Berniece,profile_band,2017-09-04 06:00:00,2017-09-04 06:00:00,1,4.003329565598764,2017-09-04 06:00:00,point,after_hours,A,False
Fox_office_Berniece,profile_band_sustained+profile_band,2017-09-05 09:00:00,2017-09-05 23:00:00,15,5.742171144475878,2017-09-05 19:00:00,interval,sustained_high,A,False
Fox_office_Berniece,profile_band_sustained,2017-09-06 11:00:00,2017-09-07 03:00:00,17,3.8627473781616355,2017-09-06 21:00:00,interval,after_hours,A,False
Fox_office_Berniece,profile_band,2017-09-06 19:00:00,2017-09-06 19:00:00,1,5.837693362117201,2017-09-06 19:00:00,point,after_hours,A,False
Fox_office_Berniece,profile_band_sustained,2017-09-07 11:00:00,2017-09-07 21:00:00,11,3.7340526808220087,2017-09-07 21:00:00,interval,sustained_high,A,False
Fox_office_Berniece,profile_band,2017-09-07 19:00:00,2017-09-07 19:00:00,1,5.123760827986109,2017-09-07 19:00:00,point,after_hours,A,False
Fox_office_Berniece,profile_band_sustained+profile_band,2017-09-26 03:00:00,2017-09-26 16:00:00,14,5.816735455746035,2017-09-26 09:00:00,interval,sustained_high,A,False
Fox_office_Berniece,profile_band,2017-11-02 17:00:00,2017-11-02 17:00:00,1,4.486757703148178,2017-11-02 17:00:00,point,spike,A,False
Fox_office_Berniece,profile_band,2017-11-05 23:00:00,2017-11-05 23:00:00,1,5.643018644939947,2017-11-05 23:00:00,point,after_hours,A,False
Fox_office_Berniece,profile_band_sustained,2017-11-05 23:00:00,2017-11-06 06:00:00,8,3.607294007383817,2017-11-06 04:00:00,interval,after_hours,A,False
Fox_office_Berniece,profile_band,2017-11-07 17:00:00,2017-11-07 17:00:00,1,4.753990396105388,2017-11-07 17:00:00,point,spike,A,False
Fox_office_Berniece,profile_band_sustained+profile_band,2017-11-09 23:00:00,2017-11-10 17:00:00,19,34.291584140638165,2017-11-10 06:00:00,interval,after_hours,A,True
Fox_office_Berniece,profile_band,2017-11-09 23:00:00,2017-11-09 23:00:00,1,11.545230266068545,2017-11-09 23:00:00,point,after_hours,A,True
Fox_office_Berniece,profile_band,2017-11-14 00:00:00,2017-11-14 01:00:00,2,4.537479856026934,2017-11-14 01:00:00,point,after_hours,A,False
Fox_office_Berniece,profile_band_sustained+profile_band,2017-11-14 13:00:00,2017-11-14 17:00:00,5,4.447737328800154,2017-11-14 16:00:00,interval,sustained_high,A,False
Fox_office_Berniece,profile_band_sustained+profile_band,2017-11-20 22:00:00,2017-11-21 04:00:00,7,7.9287014127850135,2017-11-21 01:00:00,interval,after_hours,A,False
Fox_office_Berniece,profile_band+profile_band_sustained,2017-11-23 02:00:00,2017-11-23 20:00:00,19,32.156631511857704,2017-11-23 15:00:00,interval,after_hours,A,True
Fox_office_Berniece,profile_band_sustained+profile_band,2017-11-27 22:00:00,2017-11-28 01:00:00,4,5.85877043846492,2017-11-28 00:00:00,interval,after_hours,A,True
Fox_office_Berniece,profile_band,2017-11-29 10:00:00,2017-11-29 10:00:00,1,4.008203235299996,2017-11-29 10:00:00,point,spike,A,True
Fox_office_Berniece,profile_band+profile_band_sustained,2017-12-03 11:00:00,2017-12-04 01:00:00,15,8.023698540524672,2017-12-03 14:00:00,interval,after_hours,A,True
Fox_office_Berniece,profile_band_sustained+profile_band,2017-12-04 22:00:00,2017-12-05 11:00:00,14,6.682059540379624,2017-12-04 23:00:00,interval,after_hours,A,True
Fox_office_Berniece,profile_band,2017-12-05 10:00:00,2017-12-05 10:00:00,1,4.120087010490518,2017-12-05 10:00:00,point,spike,A,True
Fox_office_Berniece,profile_band,2017-12-06 02:00:00,2017-12-06 03:00:00,2,4.917628161396542,2017-12-06 02:00:00,point,after_hours,A,True
Fox_office_Berniece,profile_band_sustained+profile_band,2017-12-08 02:00:00,2017-12-08 10:00:00,9,5.534982449563257,2017-12-08 02:00:00,interval,after_hours,A,True
Fox_office_Berniece,profile_band_sustained+profile_band,2017-12-08 22:00:00,2017-12-10 09:00:00,36,11.08936889226422,2017-12-09 03:00:00,interval,after_hours,A,True
Fox_office_Berniece,profile_band,2017-12-09 19:00:00,2017-12-09 19:00:00,1,4.6066975510022905,2017-12-09 19:00:00,point,after_hours,A,True
Fox_office_Berniece,profile_band,2017-12-10 08:00:00,2017-12-10 09:00:00,2,5.21093723707688,2017-12-10 09:00:00,point,after_hours,A,True
Fox_office_Berniece,profile_band_sustained,2017-12-11 22:00:00,2017-12-12 07:00:00,10,3.7641357471892705,2017-12-12 03:00:00,interval,after_hours,A,True
Fox_office_Berniece,profile_band_sustained,2017-12-16 01:00:00,2017-12-16 09:00:00,9,4.405894770664671,2017-12-16 09:00:00,interval,after_hours,A,True
Fox_office_Berniece,profile_band,2017-12-16 05:00:00,2017-12-16 05:00:00,1,4.6657825525859735,2017-12-16 05:00:00,point,after_hours,A,True
Fox_office_Berniece,profile_band,2017-12-16 08:00:00,2017-12-16 09:00:00,2,6.201101014860995,2017-12-16 09:00:00,point,after_hours,A,True
Fox_office_Berniece,profile_band_sustained,2017-12-16 19:00:00,2017-12-17 05:00:00,11,3.667850815210849,2017-12-17 01:00:00,interval,after_hours,A,True
Fox_office_Berniece,profile_band,2017-12-16 20:00:00,2017-12-16 20:00:00,1,4.450161317314669,2017-12-16 20:00:00,point,after_hours,A,True
Fox_office_Berniece,profile_band,2017-12-17 01:00:00,2017-12-17 01:00:00,1,6.75976759810855,2017-12-17 01:00:00,point,after_hours,A,True
Fox_office_Berniece,profile_band,2017-12-17 23:00:00,2017-12-17 23:00:00,1,4.430898550334146,2017-12-17 23:00:00,point,after_hours,A,True
Fox_office_Berniece,profile_band,2017-12-22 00:00:00,2017-12-22 00:00:00,1,4.22039884133585,2017-12-22 00:00:00,point,after_hours,A,False
Fox_office_Berniece,profile_band,2017-12-22 11:00:00,2017-12-22 12:00:00,2,5.268259764754273,2017-12-22 12:00:00,point,spike,A,False
Fox_office_Berniece,profile_band_sustained+profile_band,2017-12-22 23:00:00,2017-12-23 21:00:00,23,14.973389339074519,2017-12-23 12:00:00,interval,after_hours,A,False
Fox_office_Berniece,profile_band,2017-12-23 04:00:00,2017-12-23 05:00:00,2,5.65702131858402,2017-12-23 04:00:00,point,after_hours,A,False
Fox_office_Berniece,profile_band,2017-12-24 04:00:00,2017-12-24 04:00:00,1,4.264623989373218,2017-12-24 04:00:00,point,after_hours,A,False
Fox_office_Berniece,profile_band+profile_band_sustained,2017-12-24 12:00:00,2017-12-24 20:00:00,9,8.486033562932736,2017-12-24 15:00:00,interval,after_hours,A,False
Fox_office_Berniece,profile_band+profile_band_sustained,2017-12-25 02:00:00,2017-12-25 16:00:00,15,20.14981256303982,2017-12-25 10:00:00,interval,after_hours,A,False
Fox_office_Carson,profile_band,2017-01-25 09:00:00,2017-01-25 10:00:00,2,4.456721237611666,2017-01-25 09:00:00,point,spike,A,False
Fox_office_Carson,profile_band_sustained,2017-01-25 09:00:00,2017-01-25 11:00:00,3,2.9403958733827498,2017-01-25 12:00:00,interval,sustained_high,A,False
Fox_office_Carson,profile_band,2017-01-26 09:00:00,2017-01-26 09:00:00,1,4.139941951452504,2017-01-26 09:00:00,point,spike,A,False
Fox_office_Carson,profile_band_sustained+profile_band,2017-02-03 22:00:00,2017-02-04 05:00:00,8,20.27036951154458,2017-02-04 01:00:00,interval,after_hours,A,True
Fox_office_Carson,profile_band,2017-02-20 23:00:00,2017-02-20 23:00:00,1,5.879332408387584,2017-02-20 23:00:00,point,after_hours,A,False
Fox_office_Carson,profile_band_sustained+profile_band,2017-03-03 23:00:00,2017-03-04 04:00:00,6,7.8291517904188614,2017-03-04 00:00:00,interval,after_hours,A,False
Fox_office_Carson,profile_band+profile_band_sustained,2017-03-04 22:00:00,2017-03-05 04:00:00,7,33.228743296295875,2017-03-05 00:00:00,interval,after_hours,A,True
Fox_office_Carson,profile_band_sustained,2017-03-05 22:00:00,2017-03-06 04:00:00,7,3.318351116281672,2017-03-06 04:00:00,interval,after_hours,A,False
Fox_office_Carson,profile_band,2017-03-05 23:00:00,2017-03-05 23:00:00,1,4.997568699974891,2017-03-05 23:00:00,point,after_hours,A,False
Fox_office_Carson,profile_band,2017-03-07 23:00:00,2017-03-07 23:00:00,1,4.786919155792125,2017-03-07 23:00:00,point,after_hours,A,False
Fox_office_Carson,profile_band+profile_band_sustained,2017-03-11 00:00:00,2017-03-11 03:00:00,4,5.500479520222786,2017-03-11 00:00:00,interval,after_hours,A,False
Fox_office_Carson,profile_band,2017-03-16 05:00:00,2017-03-16 05:00:00,1,8.905805068563376,2017-03-16 05:00:00,point,after_hours,A,False
Fox_office_Carson,profile_band_sustained,2017-03-16 05:00:00,2017-03-16 06:00:00,2,3.489080207306112,2017-03-16 06:00:00,interval,after_hours,A,False
Fox_office_Carson,profile_band,2017-03-17 05:00:00,2017-03-17 05:00:00,1,9.342179442682031,2017-03-17 05:00:00,point,after_hours,A,False
Fox_office_Carson,profile_band_sustained,2017-03-17 05:00:00,2017-03-17 06:00:00,2,3.472707926139025,2017-03-17 06:00:00,interval,after_hours,A,False
Fox_office_Carson,profile_band_sustained,2017-03-18 00:00:00,2017-03-18 06:00:00,7,4.677786959180494,2017-03-18 06:00:00,interval,after_hours,A,False
Fox_office_Carson,profile_band,2017-03-18 05:00:00,2017-03-18 06:00:00,2,12.039006406639738,2017-03-18 05:00:00,point,after_hours,A,False
Fox_office_Carson,profile_band,2017-03-19 05:00:00,2017-03-19 06:00:00,2,11.377068506619299,2017-03-19 05:00:00,point,after_hours,A,False
Fox_office_Carson,profile_band_sustained,2017-03-19 05:00:00,2017-03-19 06:00:00,2,3.7842827098641045,2017-03-19 06:00:00,interval,after_hours,A,False
Fox_office_Carson,profile_band,2017-03-20 05:00:00,2017-03-20 05:00:00,1,8.295302705599742,2017-03-20 05:00:00,point,after_hours,A,False
Fox_office_Carson,profile_band_sustained,2017-03-20 05:00:00,2017-03-20 06:00:00,2,2.8580910644686592,2017-03-20 06:00:00,interval,after_hours,A,False
Fox_office_Carson,profile_band,2017-03-21 05:00:00,2017-03-21 05:00:00,1,4.843532876704465,2017-03-21 05:00:00,point,after_hours,A,False
Fox_office_Carson,profile_band,2017-03-25 05:00:00,2017-03-25 06:00:00,2,9.663119621984244,2017-03-25 05:00:00,point,after_hours,A,False
Fox_office_Carson,profile_band_sustained,2017-03-25 05:00:00,2017-03-25 06:00:00,2,3.276526984510044,2017-03-25 06:00:00,interval,after_hours,A,False
Fox_office_Carson,profile_band,2017-03-26 05:00:00,2017-03-26 05:00:00,1,4.089020989313286,2017-03-26 05:00:00,point,after_hours,A,False
Fox_office_Carson,profile_band_sustained,2017-04-07 11:00:00,2017-04-07 15:00:00,5,3.0772803012852203,2017-04-07 15:00:00,interval,sustained_high,A,False
Fox_office_Carson,profile_band,2017-04-07 14:00:00,2017-04-07 14:00:00,1,4.076611793617035,2017-04-07 14:00:00,point,spike,A,False
Fox_office_Carson,profile_band_sustained,2017-04-08 08:00:00,2017-04-08 13:00:00,6,3.264336654942403,2017-04-08 13:00:00,interval,after_hours,A,False
Fox_office_Carson,profile_band,2017-04-08 09:00:00,2017-04-08 09:00:00,1,4.325874806068891,2017-04-08 09:00:00,point,after_hours,A,False
Fox_office_Carson,profile_band_sustained,2017-04-11 08:00:00,2017-04-11 11:00:00,4,2.888252143328683,2017-04-11 12:00:00,interval,sustained_high,A,False
Fox_office_Carson,profile_band,2017-04-11 09:00:00,2017-04-11 09:00:00,1,4.701939957682514,2017-04-11 09:00:00,point,spike,A,False
Fox_office_Carson,profile_band+profile_band_sustained,2017-04-23 08:00:00,2017-04-23 18:00:00,11,9.24070592519467,2017-04-23 08:00:00,interval,after_hours,A,True
Fox_office_Carson,profile_band_sustained,2017-06-03 06:00:00,2017-06-03 15:00:00,10,2.878338499675875,2017-06-03 16:00:00,interval,after_hours,A,False
Fox_office_Carson,profile_band,2017-06-05 08:00:00,2017-06-05 08:00:00,1,4.121605576329946,2017-06-05 08:00:00,point,spike,A,False
Fox_office_Carson,profile_band,2017-06-06 08:00:00,2017-06-06 08:00:00,1,4.121605576329946,2017-06-06 08:00:00,point,spike,A,False
Fox_office_Carson,profile_band_sustained,2017-07-11 15:00:00,2017-07-11 21:00:00,7,3.1068983533841603,2017-07-11 21:00:00,interval,sustained_high,A,False
Fox_office_Carson,profile_band_sustained,2017-08-04 00:00:00,2017-08-04 05:00:00,6,2.9792887008149087,2017-08-04 05:00:00,interval,after_hours,A,False
Fox_office_Carson,profile_band,2017-08-04 01:00:00,2017-08-04 01:00:00,1,4.0364641692622945,2017-08-04 01:00:00,point,after_hours,A,False
Fox_office_Carson,profile_band,2017-08-05 22:00:00,2017-08-05 22:00:00,1,4.5698315056569525,2017-08-05 22:00:00,point,after_hours,A,False
Fox_office_Carson,profile_band_sustained+profile_band,2017-09-04 22:00:00,2017-09-05 06:00:00,9,23.603166916581696,2017-09-04 23:00:00,interval,after_hours,A,True
Fox_office_Carson,profile_band,2017-09-05 05:00:00,2017-09-05 05:00:00,1,4.268005357637492,2017-09-05 05:00:00,point,after_hours,A,False
Fox_office_Carson,profile_band,2017-09-24 22:00:00,2017-09-24 23:00:00,2,6.240615398819516,2017-09-24 23:00:00,point,after_hours,A,False
Fox_office_Carson,profile_band_sustained,2017-09-24 22:00:00,2017-09-25 07:00:00,10,3.7814318490089125,2017-09-25 03:00:00,interval,after_hours,A,False
Fox_office_Carson,profile_band_sustained,2017-09-25 23:00:00,2017-09-26 07:00:00,9,3.32280936833787,2017-09-26 04:00:00,interval,after_hours,A,False
Fox_office_Carson,profile_band,2017-09-26 02:00:00,2017-09-26 02:00:00,1,4.772688609670155,2017-09-26 02:00:00,point,after_hours,A,False
Fox_office_Carson,profile_band_sustained+profile_band,2017-09-27 22:00:00,2017-09-28 04:00:00,7,6.19567933139278,2017-09-28 02:00:00,interval,after_hours,A,False
Fox_office_Carson,profile_band_sustained+profile_band,2017-09-30 00:00:00,2017-09-30 06:00:00,7,8.009331324882389,2017-09-30 01:00:00,interval,after_hours,A,False
Fox_office_Carson,profile_band+profile_band_sustained,2017-10-09 08:00:00,2017-10-09 21:00:00,14,9.286276852358863,2017-10-09 13:00:00,interval,after_hours,A,False
Fox_office_Carson,profile_band,2017-10-09 19:00:00,2017-10-09 20:00:00,2,4.123020527561751,2017-10-09 20:00:00,point,after_hours,A,False
Fox_office_Carson,profile_band,2017-10-19 21:00:00,2017-10-19 21:00:00,1,4.333496809667112,2017-10-19 21:00:00,point,after_hours,A,False
Fox_office_Carson,profile_band,2017-10-21 08:00:00,2017-10-21 08:00:00,1,4.596391524524963,2017-10-21 08:00:00,point,after_hours,A,False
Fox_office_Carson,profile_band_sustained,2017-10-21 08:00:00,2017-10-21 11:00:00,4,2.8303446969521335,2017-10-21 12:00:00,interval,after_hours,A,False
Fox_office_Carson,profile_band_sustained,2017-10-22 08:00:00,2017-10-22 10:00:00,3,2.8723342733987383,2017-10-22 12:00:00,interval,after_hours,A,False
Fox_office_Carson,profile_band,2017-10-24 21:00:00,2017-10-24 21:00:00,1,4.1038658218574335,2017-10-24 21:00:00,point,after_hours,A,False
Fox_office_Carson,profile_band_sustained,2017-11-04 00:00:00,2017-11-04 05:00:00,6,3.4774165193758932,2017-11-04 05:00:00,interval,after_hours,A,True
Fox_office_Carson,profile_band,2017-11-04 03:00:00,2017-11-04 03:00:00,1,4.085434265100121,2017-11-04 03:00:00,point,after_hours,A,True
Fox_office_Carson,profile_band_sustained,2017-11-05 13:00:00,2017-11-05 17:00:00,5,3.1810200802992834,2017-11-05 17:00:00,interval,after_hours,A,True
Fox_office_Carson,profile_band,2017-11-05 14:00:00,2017-11-05 14:00:00,1,4.477570076157805,2017-11-05 14:00:00,point,after_hours,A,True
Fox_office_Carson,profile_band_sustained+profile_band,2017-11-06 05:00:00,2017-11-06 15:00:00,11,5.900800748873163,2017-11-06 06:00:00,interval,sustained_high,A,True
Fox_office_Carson,profile_band,2017-11-08 16:00:00,2017-11-08 16:00:00,1,4.087293567753488,2017-11-08 16:00:00,point,spike,A,True
Fox_office_Carson,profile_band_sustained,2017-11-09 05:00:00,2017-11-09 16:00:00,12,2.8812756450417525,2017-11-09 10:00:00,interval,sustained_high,A,True
Fox_office_Carson,profile_band_sustained+profile_band,2017-11-10 23:00:00,2017-11-12 22:00:00,48,5.36154095901231,2017-11-11 14:00:00,interval,after_hours,A,True
Fox_office_Carson,profile_band,2017-11-11 00:00:00,2017-11-11 00:00:00,1,4.281912519397683,2017-11-11 00:00:00,point,after_hours,A,True
Fox_office_Carson,profile_band,2017-11-11 05:00:00,2017-11-11 06:00:00,2,8.567724951082662,2017-11-11 05:00:00,point,after_hours,A,True
Fox_office_Carson,profile_band,2017-11-12 05:00:00,2017-11-12 06:00:00,2,8.03638616005427,2017-11-12 06:00:00,point,after_hours,A,True
Fox_office_Carson,profile_band,2017-11-12 14:00:00,2017-11-12 14:00:00,1,4.1537469648978504,2017-11-12 14:00:00,point,after_hours,A,True
Fox_office_Carson,profile_band_sustained,2017-11-13 02:00:00,2017-11-13 11:00:00,10,4.449980013430465,2017-11-13 09:00:00,interval,sustained_high,A,True
Fox_office_Carson,profile_band,2017-11-13 05:00:00,2017-11-13 06:00:00,2,6.710286675444905,2017-11-13 06:00:00,point,after_hours,A,True
Fox_office_Carson,profile_band_sustained,2017-11-14 05:00:00,2017-11-14 11:00:00,7,3.5783431090103157,2017-11-14 10:00:00,interval,sustained_high,A,True
Fox_office_Carson,profile_band,2017-11-14 06:00:00,2017-11-14 06:00:00,1,5.774142024873411,2017-11-14 06:00:00,point,after_hours,A,True
Fox_office_Carson,profile_band,2017-12-20 07:00:00,2017-12-20 07:00:00,1,4.03052346632314,2017-12-20 07:00:00,point,spike,A,False
Fox_office_Carson,profile_band_sustained,2017-12-23 09:00:00,2017-12-23 16:00:00,8,3.036774197259866,2017-12-23 16:00:00,interval,after_hours,A,False
Fox_office_Carson,profile_band,2017-12-23 16:00:00,2017-12-23 16:00:00,1,4.054460460602675,2017-12-23 16:00:00,point,after_hours,A,False
Fox_office_Demetrius,profile_band_sustained+profile_band,2017-05-07 19:00:00,2017-05-07 23:00:00,5,12.60230097531074,2017-05-07 21:00:00,interval,after_hours,A,False
Fox_office_Demetrius,profile_band_sustained+profile_band,2017-06-07 17:00:00,2017-06-07 22:00:00,6,10.42548310452573,2017-06-07 21:00:00,interval,after_hours,A,False
Fox_office_Demetrius,profile_band,2017-06-15 07:00:00,2017-06-15 08:00:00,2,10.824317669845756,2017-06-15 07:00:00,point,spike,A,True
Fox_office_Demetrius,profile_band,2017-06-16 19:00:00,2017-06-16 20:00:00,2,13.302555933833217,2017-06-16 19:00:00,point,after_hours,A,False
Fox_office_Demetrius,profile_band,2017-07-08 15:00:00,2017-07-08 15:00:00,1,11.083414492930995,2017-07-08 15:00:00,point,after_hours,A,False
Fox_office_Demetrius,profile_band,2017-09-04 04:00:00,2017-09-04 04:00:00,1,26.25976914852564,2017-09-04 04:00:00,point,after_hours,A,False
Fox_office_Demetrius,profile_band,2017-09-11 04:00:00,2017-09-11 04:00:00,1,21.33941681098099,2017-09-11 04:00:00,point,after_hours,A,False
Fox_office_Demetrius,profile_band,2017-09-18 04:00:00,2017-09-18 04:00:00,1,20.622995933657858,2017-09-18 04:00:00,point,after_hours,A,False
Fox_office_Demetrius,profile_band,2017-09-25 04:00:00,2017-09-25 04:00:00,1,16.250318433839237,2017-09-25 04:00:00,point,after_hours,A,False
Fox_office_Demetrius,profile_band,2017-10-02 04:00:00,2017-10-02 04:00:00,1,21.302277254151377,2017-10-02 04:00:00,point,after_hours,A,False
Fox_office_Demetrius,profile_band,2017-10-03 02:00:00,2017-10-03 03:00:00,2,30.65488154585062,2017-10-03 02:00:00,point,after_hours,A,False
Fox_office_Demetrius,profile_band,2017-10-04 00:00:00,2017-10-04 00:00:00,1,21.220896079898377,2017-10-04 00:00:00,point,after_hours,A,False
Fox_office_Demetrius,profile_band,2017-10-04 12:00:00,2017-10-04 13:00:00,2,14.134707418136498,2017-10-04 12:00:00,point,spike,A,False
Fox_office_Demetrius,profile_band_sustained+profile_band,2017-10-06 06:00:00,2017-10-06 17:00:00,12,11.814300108812239,2017-10-06 08:00:00,interval,sustained_high,A,False
Fox_office_Demetrius,profile_band,2017-10-06 23:00:00,2017-10-07 00:00:00,2,27.984989213485672,2017-10-07 00:00:00,point,after_hours,A,False
Fox_office_Demetrius,profile_band,2017-10-07 18:00:00,2017-10-07 19:00:00,2,15.318970358435143,2017-10-07 19:00:00,point,after_hours,A,False
Fox_office_Demetrius,profile_band,2017-10-08 03:00:00,2017-10-08 04:00:00,2,26.422427087876006,2017-10-08 03:00:00,point,after_hours,A,False
Fox_office_Demetrius,profile_band_sustained+profile_band,2017-10-09 01:00:00,2017-10-09 10:00:00,10,26.14736379557686,2017-10-09 04:00:00,interval,after_hours,A,False
Fox_office_Demetrius,profile_band,2017-10-16 04:00:00,2017-10-16 04:00:00,1,19.054524760746343,2017-10-16 04:00:00,point,after_hours,A,False
Fox_office_Demetrius,profile_band_sustained+profile_band,2017-10-17 19:00:00,2017-10-18 15:00:00,21,18.347047999736958,2017-10-17 19:00:00,interval,after_hours,A,False
Fox_office_Demetrius,profile_band,2017-10-18 02:00:00,2017-10-18 03:00:00,2,31.74426460669835,2017-10-18 03:00:00,point,after_hours,A,False
Fox_office_Demetrius,profile_band,2017-10-18 14:00:00,2017-10-18 15:00:00,2,12.904377371429035,2017-10-18 15:00:00,point,spike,A,False
Fox_office_Demetrius,profile_band,2017-10-19 12:00:00,2017-10-19 13:00:00,2,11.171012791601122,2017-10-19 13:00:00,point,spike,A,False
Fox_office_Demetrius,profile_band,2017-10-19 20:00:00,2017-10-19 21:00:00,2,13.931083539759436,2017-10-19 20:00:00,point,after_hours,A,False
Fox_office_Demetrius,profile_band_sustained+profile_band,2017-10-20 12:00:00,2017-10-21 00:00:00,13,11.552282825498528,2017-10-20 17:00:00,interval,sustained_high,A,True
Fox_office_Demetrius,profile_band,2017-10-20 21:00:00,2017-10-20 21:00:00,1,17.04702133177659,2017-10-20 21:00:00,point,after_hours,A,True
Fox_office_Demetrius,profile_band,2017-10-21 00:00:00,2017-10-21 00:00:00,1,15.709001623646197,2017-10-21 00:00:00,point,after_hours,A,True
Fox_office_Demetrius,profile_band,2017-10-21 19:00:00,2017-10-21 19:00:00,1,14.060266377036804,2017-10-21 19:00:00,point,after_hours,A,True
Fox_office_Demetrius,profile_band,2017-10-21 23:00:00,2017-10-21 23:00:00,1,27.28794054099984,2017-10-21 23:00:00,point,after_hours,A,True
Fox_office_Demetrius,profile_band,2017-10-22 02:00:00,2017-10-22 02:00:00,1,22.254513246145194,2017-10-22 02:00:00,point,after_hours,A,True
Fox_office_Demetrius,profile_band,2017-10-22 21:00:00,2017-10-22 21:00:00,1,22.344298910543536,2017-10-22 21:00:00,point,after_hours,A,True
Fox_office_Demetrius,profile_band,2017-10-23 04:00:00,2017-10-23 04:00:00,1,16.794072691571575,2017-10-23 04:00:00,point,after_hours,A,True
Fox_office_Demetrius,profile_band_sustained+profile_band,2017-10-24 00:00:00,2017-10-25 17:00:00,42,17.034357287127207,2017-10-25 04:00:00,interval,sustained_high,A,True
Fox_office_Demetrius,profile_band,2017-10-24 02:00:00,2017-10-24 02:00:00,1,17.743030679414115,2017-10-24 02:00:00,point,after_hours,A,True
Fox_office_Demetrius,profile_band,2017-10-24 21:00:00,2017-10-24 21:00:00,1,17.211973249305416,2017-10-24 21:00:00,point,after_hours,A,True
Fox_office_Demetrius,profile_band,2017-10-27 00:00:00,2017-10-27 00:00:00,1,14.856203733074201,2017-10-27 00:00:00,point,after_hours,A,True
Fox_office_Demetrius,profile_band,2017-10-27 03:00:00,2017-10-27 03:00:00,1,21.23879634436429,2017-10-27 03:00:00,point,after_hours,A,True
Fox_office_Demetrius,profile_band,2017-10-27 20:00:00,2017-10-27 20:00:00,1,15.393919521078157,2017-10-27 20:00:00,point,after_hours,A,True
Fox_office_Demetrius,profile_band,2017-10-28 01:00:00,2017-10-28 02:00:00,2,15.482642304570568,2017-10-28 01:00:00,point,after_hours,A,True
Fox_office_Demetrius,profile_band_sustained+profile_band,2017-10-28 20:00:00,2017-10-29 04:00:00,9,17.324873674719417,2017-10-29 01:00:00,interval,after_hours,A,True
Fox_office_Demetrius,profile_band,2017-10-28 21:00:00,2017-10-28 21:00:00,1,19.18735854475841,2017-10-28 21:00:00,point,after_hours,A,True
Fox_office_Demetrius,profile_band_sustained+profile_band,2017-10-29 23:00:00,2017-10-31 13:00:00,39,13.876167641019972,2017-10-31 07:00:00,interval,after_hours,A,True
Fox_office_Demetrius,profile_band,2017-10-30 04:00:00,2017-10-30 05:00:00,2,20.914249579704883,2017-10-30 04:00:00,point,after_hours,A,True
Fox_office_Demetrius,profile_band,2017-10-30 15:00:00,2017-10-30 15:00:00,1,13.32224666059711,2017-10-30 15:00:00,point,spike,A,True
Fox_office_Demetrius,profile_band,2017-10-30 21:00:00,2017-10-30 21:00:00,1,18.367169922369023,2017-10-30 21:00:00,point,after_hours,A,True
Fox_office_Demetrius,profile_band,2017-10-31 00:00:00,2017-10-31 01:00:00,2,12.372609958828443,2017-10-31 01:00:00,point,after_hours,A,True
Fox_office_Demetrius,profile_band,2017-10-31 13:00:00,2017-10-31 13:00:00,1,10.326929510582344,2017-10-31 13:00:00,point,spike,A,True
Fox_office_Demetrius,profile_band,2017-10-31 19:00:00,2017-10-31 19:00:00,1,14.260750291805257,2017-10-31 19:00:00,point,after_hours,A,True
Fox_office_Demetrius,profile_band,2017-11-01 00:00:00,2017-11-01 01:00:00,2,10.772670655092677,2017-11-01 00:00:00,point,after_hours,A,True
Fox_office_Demetrius,profile_band,2017-11-01 04:00:00,2017-11-01 04:00:00,1,23.871932859355528,2017-11-01 04:00:00,point,after_hours,A,True
Fox_office_Demetrius,profile_band,2017-11-02 06:00:00,2017-11-02 06:00:00,1,15.705456381843742,2017-11-02 06:00:00,point,after_hours,A,True
Fox_office_Demetrius,profile_band,2017-11-02 16:00:00,2017-11-02 16:00:00,1,11.453153429100675,2017-11-02 16:00:00,point,spike,A,True
Fox_office_Demetrius,profile_band,2017-11-03 03:00:00,2017-11-03 03:00:00,1,12.143488589127392,2017-11-03 03:00:00,point,after_hours,A,True
Fox_office_Demetrius,profile_band,2017-11-03 19:00:00,2017-11-03 19:00:00,1,13.515237633389363,2017-11-03 19:00:00,point,after_hours,A,True
Fox_office_Demetrius,profile_band,2017-11-04 00:00:00,2017-11-04 00:00:00,1,19.567572509442126,2017-11-04 00:00:00,point,after_hours,A,True
Fox_office_Demetrius,profile_band,2017-11-04 20:00:00,2017-11-04 20:00:00,1,17.529677808172934,2017-11-04 20:00:00,point,after_hours,A,True
Fox_office_Demetrius,profile_band,2017-11-05 00:00:00,2017-11-05 00:00:00,1,14.468043101989847,2017-11-05 00:00:00,point,after_hours,A,True
Fox_office_Demetrius,profile_band_sustained+profile_band,2017-11-05 19:00:00,2017-11-06 21:00:00,27,11.022026038454513,2017-11-06 11:00:00,interval,after_hours,A,True
Fox_office_Demetrius,profile_band_sustained+profile_band,2017-11-07 02:00:00,2017-11-07 21:00:00,20,11.375552175796042,2017-11-07 15:00:00,interval,sustained_high,A,True
Fox_office_Demetrius,profile_band,2017-11-08 11:00:00,2017-11-08 11:00:00,1,10.396809878559095,2017-11-08 11:00:00,point,spike,A,True
Fox_office_Demetrius,profile_band,2017-11-08 15:00:00,2017-11-08 15:00:00,1,13.681223388853493,2017-11-08 15:00:00,point,spike,A,True
Fox_office_Demetrius,profile_band_sustained+profile_band,2017-11-09 04:00:00,2017-11-10 22:00:00,43,17.142145296142694,2017-11-10 01:00:00,interval,after_hours,A,True
Fox_office_Demetrius,profile_band,2017-11-14 16:00:00,2017-11-14 16:00:00,1,20.093812820471452,2017-11-14 16:00:00,point,spike,A,True
Fox_office_Demetrius,profile_band,2017-11-15 12:00:00,2017-11-15 12:00:00,1,13.769518774490688,2017-11-15 12:00:00,point,spike,A,True
Fox_office_Demetrius,profile_band,2017-11-16 16:00:00,2017-11-16 16:00:00,1,17.667901845367872,2017-11-16 16:00:00,point,spike,A,True
Fox_office_Demetrius,profile_band,2017-11-17 00:00:00,2017-11-17 00:00:00,1,17.885511033120142,2017-11-17 00:00:00,point,after_hours,A,True
Fox_office_Demetrius,profile_band,2017-11-27 16:00:00,2017-11-27 16:00:00,1,10.359901347191677,2017-11-27 16:00:00,point,spike,A,False
Fox_office_Demetrius,profile_band+profile_band_sustained,2017-12-04 22:00:00,2017-12-05 09:00:00,12,17.986591356175683,2017-12-05 00:00:00,interval,after_hours,A,False
Fox_office_Demetrius,profile_band+profile_band_sustained,2017-12-05 20:00:00,2017-12-06 09:00:00,14,29.07895379674722,2017-12-06 01:00:00,interval,after_hours,A,False
Fox_office_Demetrius,profile_band_sustained+profile_band,2017-12-07 16:00:00,2017-12-08 14:00:00,23,15.041568896118653,2017-12-08 01:00:00,interval,after_hours,A,False
Fox_office_Demetrius,profile_band_sustained+profile_band,2017-12-08 18:00:00,2017-12-09 14:00:00,21,23.68884584900619,2017-12-09 02:00:00,interval,after_hours,A,False
Fox_office_Demetrius,profile_band_sustained+profile_band,2017-12-09 17:00:00,2017-12-10 04:00:00,12,10.79948069043448,2017-12-10 00:00:00,interval,after_hours,A,False
Fox_office_Demetrius,profile_band,2017-12-10 21:00:00,2017-12-10 21:00:00,1,14.707417014619336,2017-12-10 21:00:00,point,after_hours,A,False
Fox_office_Easter,profile_band,2017-01-02 05:00:00,2017-01-02 05:00:00,1,53.14487583211032,2017-01-02 05:00:00,point,after_hours,A,False
Fox_office_Easter,profile_band_sustained,2017-01-02 05:00:00,2017-01-02 05:00:00,1,9.321252208735784,2017-01-02 05:00:00,interval,after_hours,A,False
Fox_office_Easter,profile_band+profile_band_sustained,2017-01-02 08:00:00,2017-01-02 20:00:00,13,98.07370173298037,2017-01-02 08:00:00,interval,after_hours,A,False
Fox_office_Easter,profile_band,2017-01-03 18:00:00,2017-01-03 19:00:00,2,4.885856156910058,2017-01-03 18:00:00,point,spike,A,False
Fox_office_Easter,profile_band,2017-01-04 08:00:00,2017-01-04 08:00:00,1,4.861887159620661,2017-01-04 08:00:00,point,spike,A,False
Fox_office_Easter,profile_band,2017-01-09 08:00:00,2017-01-09 08:00:00,1,4.706905441555765,2017-01-09 08:00:00,point,spike,A,False
Fox_office_Easter,profile_band,2017-01-16 05:00:00,2017-01-16 05:00:00,1,61.59945066273845,2017-01-16 05:00:00,point,after_hours,A,False
Fox_office_Easter,profile_band_sustained,2017-01-16 05:00:00,2017-01-16 05:00:00,1,10.525389378007663,2017-01-16 05:00:00,interval,after_hours,A,False
Fox_office_Easter,profile_band+profile_band_sustained,2017-01-16 08:00:00,2017-01-16 20:00:00,13,75.82865794045722,2017-01-16 08:00:00,interval,after_hours,A,False
Fox_office_Easter,profile_band,2017-01-22 12:00:00,2017-01-22 12:00:00,1,4.431386757534612,2017-01-22 12:00:00,point,after_hours,A,False
Fox_office_Easter,profile_band,2017-02-16 01:00:00,2017-02-16 01:00:00,1,4.107884175924815,2017-02-16 01:00:00,point,after_hours,A,False
Fox_office_Easter,profile_band,2017-02-18 22:00:00,2017-02-18 22:00:00,1,4.011420403300774,2017-02-18 22:00:00,point,after_hours,A,False
Fox_office_Easter,profile_band,2017-02-20 05:00:00,2017-02-20 05:00:00,1,31.816599787584536,2017-02-20 05:00:00,point,after_hours,A,False
Fox_office_Easter,profile_band_sustained,2017-02-20 05:00:00,2017-02-20 05:00:00,1,6.401229419795643,2017-02-20 05:00:00,interval,after_hours,A,False
Fox_office_Easter,profile_band+profile_band_sustained,2017-02-20 08:00:00,2017-02-20 20:00:00,13,67.66818981494043,2017-02-20 08:00:00,interval,after_hours,A,False
Fox_office_Easter,profile_band_sustained+profile_band,2017-03-23 09:00:00,2017-03-23 20:00:00,12,6.362972228248922,2017-03-23 14:00:00,interval,sustained_high,A,True
Fox_office_Easter,profile_band_sustained+profile_band,2017-03-24 06:00:00,2017-03-24 20:00:00,15,7.50089200365648,2017-03-24 09:00:00,interval,sustained_high,A,True
Fox_office_Easter,profile_band_sustained+profile_band,2017-03-27 08:00:00,2017-03-27 20:00:00,13,4.399791198185361,2017-03-27 16:00:00,interval,sustained_high,A,True
Fox_office_Easter,profile_band,2017-03-27 09:00:00,2017-03-27 09:00:00,1,6.218236810319613,2017-03-27 09:00:00,point,spike,A,True
Fox_office_Easter,profile_band_sustained+profile_band,2017-03-28 08:00:00,2017-03-29 00:00:00,17,7.663302247898376,2017-03-28 16:00:00,interval,sustained_high,A,True
Fox_office_Easter,profile_band,2017-03-28 09:00:00,2017-03-28 10:00:00,2,6.316367017901491,2017-03-28 09:00:00,point,spike,A,True
Fox_office_Easter,profile_band_sustained+profile_band,2017-03-29 04:00:00,2017-03-29 22:00:00,19,6.8425630355215485,2017-03-29 16:00:00,interval,sustained_high,A,True
Fox_office_Easter,profile_band,2017-03-29 09:00:00,2017-03-29 10:00:00,2,6.9581485515951975,2017-03-29 09:00:00,point,spike,A,True
Fox_office_Easter,profile_band,2017-03-29 20:00:00,2017-03-29 20:00:00,1,4.4856853053776815,2017-03-29 20:00:00,point,after_hours,A,True
Fox_office_Easter,profile_band_sustained+profile_band,2017-03-30 08:00:00,2017-03-30 20:00:00,13,8.754349322359712,2017-03-30 10:00:00,interval,sustained_high,A,True
Fox_office_Easter,profile_band_sustained+profile_band,2017-03-31 08:00:00,2017-03-31 22:00:00,15,6.618140591897054,2017-03-31 10:00:00,interval,sustained_high,A,True
Fox_office_Easter,profile_band_sustained,2017-04-03 04:00:00,2017-04-03 20:00:00,17,4.515705964008942,2017-04-03 12:00:00,interval,sustained_high,A,True
Fox_office_Easter,profile_band,2017-04-03 09:00:00,2017-04-03 10:00:00,2,10.64457268919055,2017-04-03 09:00:00,point,spike,A,True
Fox_office_Easter,profile_band,2017-04-04 09:00:00,2017-04-04 09:00:00,1,5.571034725291248,2017-04-04 09:00:00,point,spike,A,True
Fox_office_Easter,profile_band,2017-04-04 20:00:00,2017-04-04 20:00:00,1,4.145413981106248,2017-04-04 20:00:00,point,after_hours,A,True
Fox_office_Easter,profile_band+profile_band_sustained,2017-05-18 21:00:00,2017-05-19 04:00:00,8,7.630851329844381,2017-05-19 01:00:00,interval,after_hours,A,False
Fox_office_Easter,profile_band+profile_band_sustained,2017-05-19 21:00:00,2017-05-22 04:00:00,56,14.603173609286035,2017-05-20 12:00:00,interval,after_hours,A,False
Fox_office_Easter,profile_band+profile_band_sustained,2017-05-22 21:00:00,2017-05-23 04:00:00,8,7.565507046009439,2017-05-23 01:00:00,interval,after_hours,A,False
Fox_office_Easter,profile_band_sustained+profile_band,2017-05-23 21:00:00,2017-05-24 04:00:00,8,5.387910534643521,2017-05-24 01:00:00,interval,after_hours,A,False
Fox_office_Easter,profile_band_sustained+profile_band,2017-05-24 21:00:00,2017-05-25 04:00:00,8,5.357900236620107,2017-05-25 04:00:00,interval,after_hours,A,False
Fox_office_Easter,profile_band_sustained,2017-05-25 21:00:00,2017-05-26 04:00:00,8,4.200204377211098,2017-05-26 04:00:00,interval,after_hours,A,False
Fox_office_Easter,profile_band,2017-05-26 03:00:00,2017-05-26 04:00:00,2,5.281306073412713,2017-05-26 04:00:00,point,after_hours,A,False
Fox_office_Easter,profile_band_sustained+profile_band,2017-05-26 23:00:00,2017-05-28 23:00:00,49,12.121189727440555,2017-05-27 23:00:00,interval,after_hours,A,False
Fox_office_Easter,profile_band,2017-05-28 07:00:00,2017-05-28 07:00:00,1,4.193101275526754,2017-05-28 07:00:00,point,after_hours,A,False
Fox_office_Easter,profile_band,2017-05-30 03:00:00,2017-05-30 03:00:00,1,4.074837188241148,2017-05-30 03:00:00,point,after_hours,A,False
Fox_office_Easter,profile_band,2017-05-31 03:00:00,2017-05-31 04:00:00,2,4.722777306309871,2017-05-31 04:00:00,point,after_hours,A,False
Fox_office_Easter,profile_band_sustained+profile_band,2017-05-31 21:00:00,2017-06-01 05:00:00,9,9.531286796122192,2017-06-01 03:00:00,interval,after_hours,A,True
Fox_office_Easter,profile_band_sustained+profile_band,2017-07-02 08:00:00,2017-07-02 18:00:00,11,12.875059889461367,2017-07-02 10:00:00,interval,after_hours,A,True
Fox_office_Easter,profile_band_sustained+profile_band,2017-07-04 05:00:00,2017-07-04 19:00:00,15,8.20849835352285,2017-07-04 06:00:00,interval,after_hours,A,False
Fox_office_Easter,profile_band,2017-08-28 06:00:00,2017-08-28 06:00:00,1,4.507508852622664,2017-08-28 06:00:00,point,after_hours,A,False
Fox_office_Easter,profile_band_sustained+profile_band,2017-09-04 05:00:00,2017-09-04 19:00:00,15,12.961957752308448,2017-09-04 06:00:00,interval,after_hours,A,False
Fox_office_Easter,profile_band,2017-09-25 23:00:00,2017-09-26 00:00:00,2,30.945170176022273,2017-09-25 23:00:00,point,after_hours,A,True
Fox_office_Easter,profile_band_sustained,2017-09-25 23:00:00,2017-09-26 00:00:00,2,9.76051165047736,2017-09-26 00:00:00,interval,after_hours,A,True
Fox_office_Easter,profile_band_sustained+profile_band,2017-10-09 05:00:00,2017-10-09 20:00:00,16,23.78594231496747,2017-10-09 10:00:00,interval,after_hours,A,False
Fox_office_Easter,profile_band,2017-10-26 23:00:00,2017-10-26 23:00:00,1,4.875083800667005,2017-10-26 23:00:00,point,after_hours,A,False
Fox_office_Easter,profile_band_sustained+profile_band,2017-11-10 05:00:00,2017-11-10 20:00:00,16,14.421454032496687,2017-11-10 15:00:00,interval,after_hours,A,False
Fox_office_Easter,profile_band,2017-11-20 06:00:00,2017-11-20 07:00:00,2,16.223369302475035,2017-11-20 07:00:00,point,spike,A,False
Fox_office_Easter,profile_band_sustained,2017-11-20 06:00:00,2017-11-20 08:00:00,3,5.362073012048627,2017-11-20 10:00:00,interval,sustained_high,A,False
Fox_office_Easter,profile_band,2017-11-21 06:00:00,2017-11-21 07:00:00,2,11.859449337413988,2017-11-21 07:00:00,point,spike,A,False
Fox_office_Easter,profile_band_sustained,2017-11-21 06:00:00,2017-11-21 07:00:00,2,3.85979710980804,2017-11-21 10:00:00,interval,sustained_high,A,False
Fox_office_Easter,profile_band+profile_band_sustained,2017-11-22 06:00:00,2017-11-22 08:00:00,3,9.777653841804566,2017-11-22 07:00:00,interval,sustained_high,A,False
Fox_office_Easter,profile_band_sustained+profile_band,2017-11-23 05:00:00,2017-11-23 20:00:00,16,20.876015367529938,2017-11-23 06:00:00,interval,after_hours,A,False
Fox_office_Easter,profile_band_sustained+profile_band,2017-11-27 23:00:00,2017-11-28 11:00:00,13,4.673834150223191,2017-11-28 04:00:00,interval,after_hours,A,False
Fox_office_Easter,profile_band_sustained+profile_band,2017-11-28 17:00:00,2017-11-29 07:00:00,15,7.3650250866103395,2017-11-29 07:00:00,interval,after_hours,A,False
Fox_office_Easter,profile_band,2017-11-30 02:00:00,2017-11-30 03:00:00,2,4.540578739486695,2017-11-30 03:00:00,point,after_hours,A,False
Fox_office_Easter,profile_band_sustained+profile_band,2017-11-30 19:00:00,2017-12-01 04:00:00,10,5.0721695335323345,2017-12-01 04:00:00,interval,after_hours,A,False
Fox_office_Easter,profile_band,2017-11-30 23:00:00,2017-11-30 23:00:00,1,5.155036723973091,2017-11-30 23:00:00,point,after_hours,A,False
Fox_office_Easter,profile_band_sustained,2017-12-01 23:00:00,2017-12-02 10:00:00,12,3.945062843839479,2017-12-02 08:00:00,interval,after_hours,A,False
Fox_office_Easter,profile_band,2017-12-02 00:00:00,2017-12-02 00:00:00,1,5.023424303209459,2017-12-02 00:00:00,point,after_hours,A,False
Fox_office_Easter,profile_band,2017-12-02 03:00:00,2017-12-02 04:00:00,2,4.1853741232937915,2017-12-02 03:00:00,point,after_hours,A,False
Fox_office_Easter,profile_band,2017-12-02 07:00:00,2017-12-02 08:00:00,2,5.274152736298339,2017-12-02 07:00:00,point,after_hours,A,False
Fox_office_Easter,profile_band_sustained+profile_band,2017-12-05 09:00:00,2017-12-05 18:00:00,10,27.801509847827468,2017-12-05 14:00:00,interval,sustained_high,A,True
Fox_office_Easter,profile_band,2017-12-06 06:00:00,2017-12-06 07:00:00,2,5.23965041217899,2017-12-06 06:00:00,point,spike,A,False
Fox_office_Easter,profile_band,2017-12-08 06:00:00,2017-12-08 07:00:00,2,5.065283117788759,2017-12-08 06:00:00,point,spike,A,False
Fox_office_Easter,profile_band,2017-12-18 05:00:00,2017-12-18 05:00:00,1,4.201459292790122,2017-12-18 05:00:00,point,after_hours,A,False
Fox_office_Easter,profile_band,2017-12-18 09:00:00,2017-12-18 09:00:00,1,7.161270210012129,2017-12-18 09:00:00,point,spike,A,False
Fox_office_Easter,profile_band,2017-12-25 05:00:00,2017-12-25 05:00:00,1,21.88517141735639,2017-12-25 05:00:00,point,after_hours,A,False
Fox_office_Easter,profile_band+profile_band_sustained,2017-12-25 09:00:00,2017-12-25 20:00:00,12,86.2893075300948,2017-12-25 09:00:00,interval,after_hours,A,False
Fox_office_Edythe,profile_band,2017-01-03 13:00:00,2017-01-03 13:00:00,1,7.497392305662042,2017-01-03 13:00:00,point,spike,A,True
Fox_office_Edythe,profile_band_sustained+profile_band,2017-02-09 20:00:00,2017-02-10 05:00:00,10,7.979735988816298,2017-02-10 04:00:00,interval,after_hours,A,True
Fox_office_Edythe,profile_band+profile_band_sustained,2017-02-20 08:00:00,2017-02-20 23:00:00,16,13.063357196023944,2017-02-20 13:00:00,interval,after_hours,A,False
Fox_office_Edythe,profile_band_sustained+profile_band,2017-03-18 00:00:00,2017-03-18 13:00:00,14,4.567261984918309,2017-03-18 03:00:00,interval,after_hours,A,False
Fox_office_Edythe,profile_band,2017-03-18 09:00:00,2017-03-18 09:00:00,1,4.038193880262388,2017-03-18 09:00:00,point,after_hours,A,False
Fox_office_Edythe,profile_band_sustained+profile_band,2017-03-18 21:00:00,2017-03-19 11:00:00,15,4.513453115681763,2017-03-19 05:00:00,interval,after_hours,A,False
Fox_office_Edythe,profile_band,2017-03-19 09:00:00,2017-03-19 09:00:00,1,4.528259647928509,2017-03-19 09:00:00,point,after_hours,A,False
Fox_office_Edythe,profile_band_sustained,2017-03-25 05:00:00,2017-03-25 11:00:00,7,2.87614717276049,2017-03-25 13:00:00,interval,after_hours,A,False
Fox_office_Edythe,profile_band,2017-03-25 09:00:00,2017-03-25 09:00:00,1,4.959631085762317,2017-03-25 09:00:00,point,after_hours,A,False
Fox_office_Edythe,profile_band_sustained,2017-03-26 03:00:00,2017-03-26 09:00:00,7,3.209723266457679,2017-03-26 08:00:00,interval,after_hours,A,False
Fox_office_Edythe,profile_band,2017-03-26 05:00:00,2017-03-26 05:00:00,1,4.4931554901459245,2017-03-26 05:00:00,point,after_hours,A,False
Fox_office_Edythe,profile_band_sustained+profile_band,2017-05-23 05:00:00,2017-05-23 07:00:00,3,34.104656941091875,2017-05-23 06:00:00,interval,after_hours,A,True
Fox_office_Edythe,profile_band_sustained,2017-06-12 08:00:00,2017-06-12 15:00:00,8,3.203709507397988,2017-06-12 13:00:00,interval,sustained_high,A,False
Fox_office_Edythe,profile_band_sustained,2017-06-13 08:00:00,2017-06-13 15:00:00,8,3.611056459123358,2017-06-13 14:00:00,interval,sustained_high,A,False
Fox_office_Edythe,profile_band,2017-06-13 10:00:00,2017-06-13 11:00:00,2,4.686386313236927,2017-06-13 11:00:00,point,spike,A,False
Fox_office_Edythe,profile_band,2017-06-14 10:00:00,2017-06-14 11:00:00,2,5.11435913390158,2017-06-14 10:00:00,point,spike,A,False
Fox_office_Edythe,profile_band_sustained,2017-06-14 10:00:00,2017-06-14 16:00:00,7,3.7074089857828327,2017-06-14 15:00:00,interval,sustained_high,A,False
Fox_office_Edythe,profile_band+profile_band_sustained,2017-06-15 10:00:00,2017-06-15 16:00:00,7,5.603941019848857,2017-06-15 13:00:00,interval,sustained_high,A,False
Fox_office_Edythe,profile_band_sustained+profile_band,2017-06-16 09:00:00,2017-06-16 16:00:00,8,5.278451682083214,2017-06-16 10:00:00,interval,sustained_high,A,False
Fox_office_Edythe,profile_band_sustained,2017-06-19 08:00:00,2017-06-19 17:00:00,10,3.6107175159926324,2017-06-19 14:00:00,interval,sustained_high,A,False
Fox_office_Edythe,profile_band,2017-06-19 10:00:00,2017-06-19 10:00:00,1,4.6554078544335535,2017-06-19 10:00:00,point,spike,A,False
Fox_office_Edythe,profile_band,2017-06-19 13:00:00,2017-06-19 14:00:00,2,4.494363876967107,2017-06-19 14:00:00,point,spike,A,False
Fox_office_Edythe,profile_band,2017-06-19 23:00:00,2017-06-19 23:00:00,1,4.5928196755878785,2017-06-19 23:00:00,point,after_hours,A,False
Fox_office_Edythe,profile_band_sustained+profile_band,2017-06-20 10:00:00,2017-06-21 02:00:00,17,4.8133306231493975,2017-06-21 00:00:00,interval,sustained_high,A,False
Fox_office_Edythe,profile_band,2017-06-20 10:00:00,2017-06-20 10:00:00,1,4.313504067039548,2017-06-20 10:00:00,point,spike,A,False
Fox_office_Edythe,profile_band,2017-06-20 13:00:00,2017-06-20 14:00:00,2,4.7676953636566655,2017-06-20 13:00:00,point,spike,A,False
Fox_office_Edythe,profile_band_sustained,2017-06-21 09:00:00,2017-06-21 16:00:00,8,3.412800710073647,2017-06-21 14:00:00,interval,sustained_high,A,False
Fox_office_Edythe,profile_band,2017-06-21 13:00:00,2017-06-21 14:00:00,2,4.647833529797843,2017-06-21 14:00:00,point,spike,A,False
Fox_office_Edythe,profile_band_sustained,2017-06-21 22:00:00,2017-06-22 01:00:00,4,3.487176368192785,2017-06-22 03:00:00,interval,after_hours,A,False
Fox_office_Edythe,profile_band,2017-06-21 23:00:00,2017-06-22 00:00:00,2,6.13047312115328,2017-06-22 00:00:00,point,after_hours,A,False
Fox_office_Edythe,profile_band_sustained,2017-06-22 09:00:00,2017-06-22 17:00:00,9,3.3898102724197545,2017-06-22 14:00:00,interval,sustained_high,A,False
Fox_office_Edythe,profile_band,2017-06-22 10:00:00,2017-06-22 10:00:00,1,4.039589183685458,2017-06-22 10:00:00,point,spike,A,False
Fox_office_Edythe,profile_band,2017-06-22 13:00:00,2017-06-22 13:00:00,1,4.912798026785465,2017-06-22 13:00:00,point,spike,A,False
Fox_office_Edythe,profile_band_sustained+profile_band,2017-06-22 22:00:00,2017-06-23 02:00:00,5,5.559582736775539,2017-06-23 01:00:00,interval,after_hours,A,False
Fox_office_Edythe,profile_band_sustained,2017-06-23 22:00:00,2017-06-24 01:00:00,4,3.4525635927937497,2017-06-24 03:00:00,interval,after_hours,A,False
Fox_office_Edythe,profile_band,2017-06-23 23:00:00,2017-06-24 00:00:00,2,7.3002164453914915,2017-06-24 00:00:00,point,after_hours,A,False
Fox_office_Edythe,profile_band,2017-07-01 00:00:00,2017-07-01 01:00:00,2,5.614696089427786,2017-07-01 01:00:00,point,after_hours,A,False
Fox_office_Edythe,profile_band_sustained,2017-07-01 00:00:00,2017-07-01 02:00:00,3,2.7032341294365456,2017-07-01 04:00:00,interval,after_hours,A,False
Fox_office_Edythe,profile_band_sustained,2017-08-14 10:00:00,2017-08-14 13:00:00,4,2.7335491300589516,2017-08-14 14:00:00,interval,sustained_high,A,False
Fox_office_Edythe,profile_band_sustained,2017-08-15 09:00:00,2017-08-15 14:00:00,6,3.1249019381492498,2017-08-15 14:00:00,interval,sustained_high,A,False
Fox_office_Edythe,profile_band_sustained+profile_band,2017-08-17 08:00:00,2017-08-17 15:00:00,8,5.323640758009319,2017-08-17 13:00:00,interval,sustained_high,A,False
Fox_office_Edythe,profile_band,2017-08-21 08:00:00,2017-08-21 08:00:00,1,4.070843553563582,2017-08-21 08:00:00,point,spike,A,False
Fox_office_Edythe,profile_band_sustained,2017-08-21 08:00:00,2017-08-21 19:00:00,12,3.1662200508418583,2017-08-21 13:00:00,interval,sustained_high,A,False
Fox_office_Edythe,profile_band_sustained,2017-08-22 08:00:00,2017-08-22 20:00:00,13,3.5961356375451765,2017-08-22 15:00:00,interval,sustained_high,A,False
Fox_office_Edythe,profile_band,2017-08-22 12:00:00,2017-08-22 13:00:00,2,4.3314714871011875,2017-08-22 13:00:00,point,spike,A,False
Fox_office_Edythe,profile_band_sustained,2017-08-23 17:00:00,2017-08-23 21:00:00,5,2.5532392199884613,2017-08-23 21:00:00,interval,after_hours,A,False
Fox_office_Edythe,profile_band_sustained,2017-08-25 02:00:00,2017-08-25 07:00:00,6,3.351654578696413,2017-08-25 07:00:00,interval,after_hours,A,False
Fox_office_Edythe,profile_band_sustained,2017-08-26 08:00:00,2017-08-26 13:00:00,6,3.9778258864687905,2017-08-26 13:00:00,interval,after_hours,A,False
Fox_office_Edythe,profile_band,2017-08-26 10:00:00,2017-08-26 11:00:00,2,6.263134942910651,2017-08-26 10:00:00,point,after_hours,A,False
Fox_office_Edythe,profile_band_sustained,2017-09-13 21:00:00,2017-09-14 00:00:00,4,2.668477681968446,2017-09-14 01:00:00,interval,after_hours,A,False
Fox_office_Edythe,profile_band_sustained+profile_band,2017-10-05 21:00:00,2017-10-06 07:00:00,11,8.01958654347206,2017-10-06 03:00:00,interval,after_hours,A,False
Fox_office_Edythe,profile_band_sustained+profile_band,2017-10-07 04:00:00,2017-10-08 19:00:00,40,10.27461920446686,2017-10-07 20:00:00,interval,after_hours,A,True
Fox_office_Edythe,profile_band_sustained,2017-10-09 06:00:00,2017-10-09 08:00:00,3,2.8019864864063373,2017-10-09 09:00:00,interval,after_hours,A,True
Fox_office_Edythe,profile_band,2017-10-09 07:00:00,2017-10-09 07:00:00,1,4.308266203192265,2017-10-09 07:00:00,point,after_hours,A,True
Fox_office_Edythe,profile_band+profile_band_sustained,2017-10-09 14:00:00,2017-10-09 23:00:00,10,4.760010827602934,2017-10-09 15:00:00,interval,after_hours,A,True
Fox_office_Edythe,profile_band_sustained+profile_band,2017-10-10 03:00:00,2017-10-10 06:00:00,4,4.595298186986187,2017-10-10 04:00:00,interval,after_hours,A,True
Fox_office_Edythe,profile_band_sustained,2017-10-12 03:00:00,2017-10-12 06:00:00,4,2.9268317445390717,2017-10-12 08:00:00,interval,after_hours,A,True
Fox_office_Edythe,profile_band_sustained,2017-10-13 02:00:00,2017-10-13 07:00:00,6,3.570961251147572,2017-10-13 07:00:00,interval,after_hours,A,True
Fox_office_Edythe,profile_band,2017-10-13 04:00:00,2017-10-13 04:00:00,1,4.823749524363656,2017-10-13 04:00:00,point,after_hours,A,True
Fox_office_Edythe,profile_band_sustained,2017-10-14 20:00:00,2017-10-14 23:00:00,4,3.1994145296355057,2017-10-14 23:00:00,interval,after_hours,A,True
Fox_office_Edythe,profile_band,2017-10-14 22:00:00,2017-10-14 23:00:00,2,4.143109854840473,2017-10-14 23:00:00,point,after_hours,A,True
Fox_office_Edythe,profile_band_sustained,2017-10-16 22:00:00,2017-10-17 06:00:00,9,3.6744297456430837,2017-10-17 07:00:00,interval,after_hours,A,True
Fox_office_Edythe,profile_band,2017-10-17 03:00:00,2017-10-17 04:00:00,2,5.3710589607103305,2017-10-17 03:00:00,point,after_hours,A,True
Fox_office_Edythe,profile_band,2017-10-18 03:00:00,2017-10-18 03:00:00,1,4.039515661685452,2017-10-18 03:00:00,point,after_hours,A,True
Fox_office_Edythe,profile_band_sustained,2017-10-18 03:00:00,2017-10-18 06:00:00,4,2.72739203696211,2017-10-18 07:00:00,interval,after_hours,A,True
Fox_office_Edythe,profile_band_sustained,2017-10-20 03:00:00,2017-10-20 07:00:00,5,2.7465031988487474,2017-10-20 07:00:00,interval,after_hours,A,True
Fox_office_Edythe,profile_band_sustained+profile_band,2017-12-14 20:00:00,2017-12-15 05:00:00,10,10.305003743474076,2017-12-14 23:00:00,interval,after_hours,A,True
Fox_office_Edythe,profile_band_sustained,2017-12-30 02:00:00,2017-12-31 06:00:00,29,3.6894261259451038,2017-12-30 19:00:00,interval,after_hours,A,False
Fox_office_Edythe,profile_band,2017-12-30 17:00:00,2017-12-30 17:00:00,1,4.0942562592047125,2017-12-30 17:00:00,point,after_hours,A,False
Rat_office_Colby,profile_band_sustained+profile_band,2017-01-07 19:00:00,2017-01-08 08:00:00,14,5.420622581385393,2017-01-07 22:00:00,interval,after_hours,A,False
Rat_office_Colby,profile_band_sustained+profile_band,2017-01-08 19:00:00,2017-01-09 01:00:00,7,6.619680159032819,2017-01-08 22:00:00,interval,after_hours,A,False
Rat_office_Colby,profile_band_sustained+profile_band,2017-01-09 08:00:00,2017-01-09 13:00:00,6,5.004528920615476,2017-01-09 10:00:00,interval,sustained_high,A,False
Rat_office_Colby,profile_band_sustained,2017-01-10 09:00:00,2017-01-10 13:00:00,5,3.2294473406661073,2017-01-10 13:00:00,interval,sustained_high,A,False
Rat_office_Colby,profile_band_sustained+profile_band,2017-02-07 14:00:00,2017-02-08 04:00:00,15,6.001163792100179,2017-02-08 02:00:00,interval,after_hours,A,False
Rat_office_Colby,profile_band_sustained+profile_band,2017-02-09 20:00:00,2017-02-10 09:00:00,14,5.659619825788294,2017-02-10 02:00:00,interval,after_hours,A,False
Rat_office_Colby,profile_band_sustained+profile_band,2017-02-18 16:00:00,2017-02-18 20:00:00,5,4.540732113163503,2017-02-18 17:00:00,interval,after_hours,A,False
Rat_office_Colby,profile_band_sustained,2017-02-19 13:00:00,2017-02-19 21:00:00,9,3.3360175466466013,2017-02-19 21:00:00,interval,after_hours,A,False
Rat_office_Colby,profile_band,2017-02-19 20:00:00,2017-02-19 20:00:00,1,5.024423302784276,2017-02-19 20:00:00,point,after_hours,A,False
Rat_office_Colby,profile_band_sustained,2017-02-23 13:00:00,2017-02-23 17:00:00,5,3.079033931646622,2017-02-23 18:00:00,interval,sustained_high,A,False
Rat_office_Colby,profile_band,2017-02-23 14:00:00,2017-02-23 14:00:00,1,4.264633266842058,2017-02-23 14:00:00,point,spike,A,False
Rat_office_Colby,profile_band_sustained,2017-02-24 00:00:00,2017-02-24 01:00:00,2,2.5189968259262225,2017-02-24 01:00:00,interval,after_hours,A,False
Rat_office_Colby,profile_band_sustained,2017-02-25 00:00:00,2017-02-25 03:00:00,4,2.921590325163931,2017-02-25 03:00:00,interval,after_hours,A,False
Rat_office_Colby,profile_band_sustained,2017-02-25 11:00:00,2017-02-25 15:00:00,5,2.5366504293976972,2017-02-25 16:00:00,interval,after_hours,A,False
Rat_office_Colby,profile_band+profile_band_sustained,2017-03-11 05:00:00,2017-03-11 13:00:00,9,5.962699598723709,2017-03-11 07:00:00,interval,after_hours,A,False
Rat_office_Colby,profile_band_sustained,2017-03-13 02:00:00,2017-03-13 07:00:00,6,2.9620648310592284,2017-03-13 07:00:00,interval,after_hours,A,False
Rat_office_Colby,profile_band_sustained,2017-03-14 02:00:00,2017-03-14 05:00:00,4,2.6985837591389537,2017-03-14 06:00:00,interval,after_hours,A,False
Rat_office_Colby,profile_band_sustained+profile_band,2017-03-14 22:00:00,2017-03-15 12:00:00,15,5.502996779619346,2017-03-15 03:00:00,interval,after_hours,A,False
Rat_office_Colby,profile_band_sustained,2017-03-16 00:00:00,2017-03-16 07:00:00,8,3.881203579086689,2017-03-16 06:00:00,interval,after_hours,A,False
Rat_office_Colby,profile_band,2017-03-16 03:00:00,2017-03-16 03:00:00,1,5.032510568915195,2017-03-16 03:00:00,point,after_hours,A,False
Rat_office_Colby,profile_band_sustained,2017-03-17 03:00:00,2017-03-17 07:00:00,5,2.561560571782468,2017-03-17 07:00:00,interval,after_hours,A,False
Rat_office_Colby,profile_band_sustained,2017-03-25 17:00:00,2017-03-25 19:00:00,3,2.597057716250377,2017-03-25 22:00:00,interval,after_hours,A,False
Rat_office_Colby,profile_band_sustained,2017-03-27 22:00:00,2017-03-28 02:00:00,5,2.7249918458530864,2017-03-28 03:00:00,interval,after_hours,A,False
Rat_office_Colby,profile_band_sustained,2017-03-28 10:00:00,2017-03-28 12:00:00,3,3.0253011255037716,2017-03-28 12:00:00,interval,sustained_high,A,False
Rat_office_Colby,profile_band_sustained,2017-04-29 00:00:00,2017-04-29 12:00:00,13,3.5864432850067556,2017-04-29 09:00:00,interval,after_hours,A,False
Rat_office_Colby,profile_band_sustained,2017-04-29 17:00:00,2017-04-29 23:00:00,7,2.836265390965316,2017-04-29 23:00:00,interval,after_hours,A,False
Rat_office_Colby,profile_band_sustained,2017-04-30 03:00:00,2017-04-30 10:00:00,8,3.0351562717304144,2017-04-30 08:00:00,interval,after_hours,A,False
Rat_office_Colby,profile_band_sustained,2017-05-20 03:00:00,2017-05-20 07:00:00,5,2.789866175639107,2017-05-20 08:00:00,interval,after_hours,A,False
Rat_office_Colby,profile_band_sustained,2017-05-29 04:00:00,2017-05-29 06:00:00,3,2.5869346881024167,2017-05-29 08:00:00,interval,after_hours,A,False
Rat_office_Colby,profile_band_sustained,2017-05-31 05:00:00,2017-05-31 07:00:00,3,2.513514952128124,2017-05-31 10:00:00,interval,after_hours,A,False
Rat_office_Colby,profile_band_sustained,2017-10-08 15:00:00,2017-10-08 19:00:00,5,6.687082695733383,2017-10-08 19:00:00,interval,after_hours,A,True
Rat_office_Colby,profile_band,2017-10-08 19:00:00,2017-10-08 19:00:00,1,26.804382580943294,2017-10-08 19:00:00,point,after_hours,A,True
Rat_office_Colby,profile_band_sustained,2017-10-09 10:00:00,2017-10-09 17:00:00,8,2.683184072798048,2017-10-09 15:00:00,interval,after_hours,A,False
Rat_office_Colby,profile_band,2017-11-10 19:00:00,2017-11-10 20:00:00,2,17.11701221627523,2017-11-10 19:00:00,point,after_hours,A,True
Rat_office_Colby,profile_band_sustained,2017-11-10 19:00:00,2017-11-10 20:00:00,2,5.046358032681318,2017-11-10 23:00:00,interval,after_hours,A,True
Rat_office_Colby,profile_band_sustained+profile_band,2017-12-09 10:00:00,2017-12-09 17:00:00,8,4.869501969937756,2017-12-09 13:00:00,interval,after_hours,A,False
Rat_office_Colby,profile_band_sustained,2017-12-12 20:00:00,2017-12-13 11:00:00,16,3.1738656992792027,2017-12-13 08:00:00,interval,after_hours,A,False
Rat_office_Colby,profile_band_sustained,2017-12-27 18:00:00,2017-12-28 08:00:00,15,3.9051123216040726,2017-12-28 03:00:00,interval,after_hours,A,False
Rat_office_Colby,profile_band,2017-12-28 02:00:00,2017-12-28 03:00:00,2,4.3642812249977405,2017-12-28 03:00:00,point,after_hours,A,False
Rat_office_Colby,profile_band,2017-12-28 07:00:00,2017-12-28 07:00:00,1,4.405213452194663,2017-12-28 07:00:00,point,spike,A,False
Rat_office_Colby,profile_band_sustained,2017-12-28 18:00:00,2017-12-29 07:00:00,14,3.7050070197490417,2017-12-29 03:00:00,interval,after_hours,A,False
Rat_office_Colby,profile_band,2017-12-29 03:00:00,2017-12-29 03:00:00,1,4.020807518071395,2017-12-29 03:00:00,point,after_hours,A,False
Rat_office_Colby,profile_band_sustained,2017-12-29 23:00:00,2017-12-30 03:00:00,5,2.8284606349185495,2017-12-30 03:00:00,interval,after_hours,A,False
Rat_office_Colby,profile_band,2017-12-30 15:00:00,2017-12-30 15:00:00,1,4.028223692198514,2017-12-30 15:00:00,point,after_hours,A,False
Rat_office_Colby,profile_band_sustained,2017-12-30 15:00:00,2017-12-31 04:00:00,14,3.2878407732851396,2017-12-31 03:00:00,interval,after_hours,A,False
Bull_office_Chantel,isolation_forest,2017-01-31 23:00:00,2017-01-31 23:00:00,1,0.6496351052019471,2017-01-31 23:00:00,,after_hours,A,False
Bull_office_Chantel,isolation_forest,2017-04-26 17:00:00,2017-04-26 18:00:00,2,0.6918157737248586,2017-04-26 17:00:00,,spike,A,True
Bull_office_Chantel,isolation_forest,2017-06-11 16:00:00,2017-06-11 16:00:00,1,0.6667746043142329,2017-06-11 16:00:00,,after_hours,A,True
Bull_office_Chantel,isolation_forest,2017-09-02 06:00:00,2017-09-02 07:00:00,2,0.6950059875104955,2017-09-02 06:00:00,,after_hours,A,False
Bull_office_Chantel,isolation_forest,2017-09-02 10:00:00,2017-09-02 11:00:00,2,0.6490840703196108,2017-09-02 10:00:00,,after_hours,A,False
Bull_office_Chantel,isolation_forest,2017-09-02 16:00:00,2017-09-02 18:00:00,3,0.6700475189994478,2017-09-02 17:00:00,,after_hours,A,False
Bull_office_Chantel,isolation_forest,2017-09-02 23:00:00,2017-09-02 23:00:00,1,0.6539367737553582,2017-09-02 23:00:00,,after_hours,A,False
Bull_office_Chantel,isolation_forest,2017-09-09 19:00:00,2017-09-09 19:00:00,1,0.6528828889594037,2017-09-09 19:00:00,,after_hours,A,False
Bull_office_Chantel,isolation_forest,2017-10-07 23:00:00,2017-10-07 23:00:00,1,0.6524242857672355,2017-10-07 23:00:00,,after_hours,A,False
Bull_office_Chantel,isolation_forest,2017-11-11 22:00:00,2017-11-11 23:00:00,2,0.6810538217229614,2017-11-11 22:00:00,,after_hours,A,True
Bull_office_Chantel,isolation_forest,2017-11-20 09:00:00,2017-11-20 09:00:00,1,0.6532490235697318,2017-11-20 09:00:00,,spike,A,False
Bull_office_Chantel,isolation_forest,2017-11-24 11:00:00,2017-11-24 11:00:00,1,0.6649459435386268,2017-11-24 11:00:00,,spike,A,False
Bull_office_Chantel,isolation_forest,2017-11-24 18:00:00,2017-11-24 18:00:00,1,0.6506998319767424,2017-11-24 18:00:00,,spike,A,False
Bull_office_Chantel,isolation_forest,2017-11-24 21:00:00,2017-11-24 21:00:00,1,0.6563770822497141,2017-11-24 21:00:00,,after_hours,A,False
Bull_office_Lilla,isolation_forest,2017-01-07 00:00:00,2017-01-07 00:00:00,1,0.6693707928527773,2017-01-07 00:00:00,,after_hours,A,False
Bull_office_Lilla,isolation_forest,2017-01-07 10:00:00,2017-01-07 10:00:00,1,0.6612708815200616,2017-01-07 10:00:00,,after_hours,A,False
Bull_office_Lilla,isolation_forest,2017-01-07 21:00:00,2017-01-08 00:00:00,4,0.662268950342377,2017-01-07 21:00:00,,after_hours,A,False
Bull_office_Lilla,isolation_forest,2017-01-08 10:00:00,2017-01-08 10:00:00,1,0.6603839532242537,2017-01-08 10:00:00,,after_hours,A,False
Bull_office_Lilla,isolation_forest,2017-01-19 13:00:00,2017-01-19 14:00:00,2,0.6619560574652994,2017-01-19 13:00:00,,spike,A,False
Bull_office_Lilla,isolation_forest,2017-03-25 00:00:00,2017-03-25 05:00:00,6,0.7078142378959682,2017-03-25 03:00:00,,after_hours,A,True
Bull_office_Lilla,isolation_forest,2017-07-04 08:00:00,2017-07-04 09:00:00,2,0.6539544665413218,2017-07-04 08:00:00,,after_hours,A,False
Bull_office_Lilla,isolation_forest,2017-07-25 15:00:00,2017-07-25 16:00:00,2,0.7072394382716479,2017-07-25 15:00:00,,spike,A,False
Bull_office_Lilla,isolation_forest,2017-07-30 05:00:00,2017-07-30 05:00:00,1,0.7087032745404003,2017-07-30 05:00:00,,after_hours,A,True
Bull_office_Lilla,isolation_forest,2017-08-27 07:00:00,2017-08-27 09:00:00,3,0.7126677919529233,2017-08-27 07:00:00,,after_hours,A,True
Bull_office_Lilla,isolation_forest,2017-08-27 21:00:00,2017-08-27 21:00:00,1,0.6693224010885139,2017-08-27 21:00:00,,after_hours,A,False
Bull_office_Lilla,isolation_forest,2017-09-04 08:00:00,2017-09-04 09:00:00,2,0.6620992863754189,2017-09-04 09:00:00,,after_hours,A,False
Bull_office_Lilla,isolation_forest,2017-10-09 07:00:00,2017-10-09 11:00:00,5,0.6837381011725895,2017-10-09 10:00:00,,after_hours,A,False
Bull_office_Lilla,isolation_forest,2017-10-22 08:00:00,2017-10-22 18:00:00,11,0.6998298880579531,2017-10-22 10:00:00,,after_hours,A,True
Bull_office_Lilla,isolation_forest,2017-10-28 05:00:00,2017-10-28 10:00:00,6,0.6674589327710803,2017-10-28 10:00:00,,after_hours,A,False
Bull_office_Lilla,isolation_forest,2017-11-10 07:00:00,2017-11-10 10:00:00,4,0.680156414456898,2017-11-10 09:00:00,,after_hours,A,False
Bull_office_Lilla,isolation_forest,2017-11-20 09:00:00,2017-11-20 09:00:00,1,0.7126175046630634,2017-11-20 09:00:00,,spike,A,False
Bull_office_Lilla,isolation_forest,2017-11-20 12:00:00,2017-11-20 12:00:00,1,0.6637059781014671,2017-11-20 12:00:00,,spike,A,False
Bull_office_Lilla,isolation_forest,2017-11-24 03:00:00,2017-11-24 03:00:00,1,0.6736186380179334,2017-11-24 03:00:00,,after_hours,A,False
Bull_office_Lilla,isolation_forest,2017-11-24 11:00:00,2017-11-24 21:00:00,11,0.725460572730089,2017-11-24 11:00:00,,spike,A,False
Bull_office_Lilla,isolation_forest,2017-11-28 12:00:00,2017-11-28 13:00:00,2,0.7035981804777555,2017-11-28 12:00:00,,spike,A,False
Bull_office_Lilla,isolation_forest,2017-12-07 09:00:00,2017-12-07 10:00:00,2,0.6945990662659683,2017-12-07 09:00:00,,spike,A,False
Bull_office_Lilla,isolation_forest,2017-12-22 08:00:00,2017-12-22 08:00:00,1,0.6505498990487835,2017-12-22 08:00:00,,spike,A,False
Bull_office_Lilla,isolation_forest,2017-12-22 12:00:00,2017-12-22 12:00:00,1,0.6518294111886174,2017-12-22 12:00:00,,spike,A,False
Bull_office_Rob,isolation_forest,2017-01-02 08:00:00,2017-01-02 13:00:00,6,0.685937112616079,2017-01-02 09:00:00,,after_hours,A,False
Bull_office_Rob,isolation_forest,2017-01-02 18:00:00,2017-01-02 18:00:00,1,0.6621607359925239,2017-01-02 18:00:00,,after_hours,A,False
Bull_office_Rob,isolation_forest,2017-03-22 23:00:00,2017-03-23 05:00:00,7,0.6953304277902985,2017-03-23 02:00:00,,after_hours,A,True
Bull_office_Rob,isolation_forest,2017-05-20 19:00:00,2017-05-20 19:00:00,1,0.6683959291800904,2017-05-20 19:00:00,,after_hours,A,False
Bull_office_Rob,isolation_forest,2017-05-20 22:00:00,2017-05-21 02:00:00,5,0.7175829576762114,2017-05-20 23:00:00,,after_hours,A,False
Bull_office_Rob,isolation_forest,2017-05-21 23:00:00,2017-05-21 23:00:00,1,0.6629223746255463,2017-05-21 23:00:00,,after_hours,A,False
Bull_office_Rob,isolation_forest,2017-05-27 08:00:00,2017-05-27 18:00:00,11,0.6895150552621516,2017-05-27 10:00:00,,after_hours,A,True
Bull_office_Rob,isolation_forest,2017-08-08 10:00:00,2017-08-08 10:00:00,1,0.684881943441282,2017-08-08 10:00:00,,spike,A,False
Bull_office_Rob,isolation_forest,2017-09-17 22:00:00,2017-09-17 22:00:00,1,0.6837658935060086,2017-09-17 22:00:00,,after_hours,A,True
Bull_office_Rob,isolation_forest,2017-10-09 20:00:00,2017-10-09 20:00:00,1,0.690767340531038,2017-10-09 20:00:00,,after_hours,A,False
Bull_office_Rob,isolation_forest,2017-11-10 09:00:00,2017-11-10 09:00:00,1,0.6643527769389898,2017-11-10 09:00:00,,after_hours,A,False
Bull_office_Rob,isolation_forest,2017-11-10 13:00:00,2017-11-10 14:00:00,2,0.6705867327316779,2017-11-10 13:00:00,,after_hours,A,False
Bull_office_Rob,isolation_forest,2017-11-10 19:00:00,2017-11-10 19:00:00,1,0.6677057361211266,2017-11-10 19:00:00,,after_hours,A,False
Bull_office_Rob,isolation_forest,2017-11-20 09:00:00,2017-11-20 09:00:00,1,0.6776761382793305,2017-11-20 09:00:00,,spike,A,False
Bull_office_Rob,isolation_forest,2017-11-24 11:00:00,2017-11-24 12:00:00,2,0.7074140004096132,2017-11-24 11:00:00,,spike,A,False
Bull_office_Rob,isolation_forest,2017-11-28 12:00:00,2017-11-28 12:00:00,1,0.6801345133299864,2017-11-28 12:00:00,,spike,A,False
Bull_office_Rob,isolation_forest,2017-12-26 09:00:00,2017-12-26 09:00:00,1,0.6616897765467745,2017-12-26 09:00:00,,spike,A,False
Bull_office_Rob,isolation_forest,2017-12-26 17:00:00,2017-12-26 17:00:00,1,0.6634112156508889,2017-12-26 17:00:00,,spike,A,False
Bull_office_Rob,isolation_forest,2017-12-27 09:00:00,2017-12-27 10:00:00,2,0.6838117211725536,2017-12-27 09:00:00,,spike,A,False
Bull_office_Rob,isolation_forest,2017-12-27 17:00:00,2017-12-27 17:00:00,1,0.6622577914368737,2017-12-27 17:00:00,,spike,A,False
Bull_office_Rob,isolation_forest,2017-12-28 09:00:00,2017-12-28 11:00:00,3,0.6815023413487824,2017-12-28 09:00:00,,spike,A,False
Bull_office_Rob,isolation_forest,2017-12-29 09:00:00,2017-12-29 09:00:00,1,0.6748341298317023,2017-12-29 09:00:00,,spike,A,False
Eagle_office_Demetra,isolation_forest,2017-01-07 05:00:00,2017-01-07 05:00:00,1,0.6987379208021051,2017-01-07 05:00:00,,after_hours,A,False
Eagle_office_Demetra,isolation_forest,2017-01-07 12:00:00,2017-01-07 14:00:00,3,0.6816183010466907,2017-01-07 12:00:00,,after_hours,A,False
Eagle_office_Demetra,isolation_forest,2017-01-14 12:00:00,2017-01-14 12:00:00,1,0.6895312280161348,2017-01-14 12:00:00,,after_hours,A,False
Eagle_office_Demetra,isolation_forest,2017-01-15 12:00:00,2017-01-15 12:00:00,1,0.6927425974545829,2017-01-15 12:00:00,,after_hours,A,False
Eagle_office_Demetra,isolation_forest,2017-01-16 12:00:00,2017-01-16 13:00:00,2,0.6909870239336321,2017-01-16 12:00:00,,after_hours,A,False
Eagle_office_Demetra,isolation_forest,2017-01-16 18:00:00,2017-01-16 18:00:00,1,0.6788919506260508,2017-01-16 18:00:00,,after_hours,A,False
Eagle_office_Demetra,isolation_forest,2017-03-12 11:00:00,2017-03-12 11:00:00,1,0.7076401839868353,2017-03-12 11:00:00,,after_hours,A,False
Eagle_office_Demetra,isolation_forest,2017-03-13 11:00:00,2017-03-13 11:00:00,1,0.7097565216305124,2017-03-13 11:00:00,,spike,A,False
Eagle_office_Demetra,isolation_forest,2017-03-14 11:00:00,2017-03-14 11:00:00,1,0.7113631757185235,2017-03-14 11:00:00,,spike,A,False
Eagle_office_Demetra,isolation_forest,2017-03-16 11:00:00,2017-03-16 11:00:00,1,0.6981782846853472,2017-03-16 11:00:00,,spike,A,False
Eagle_office_Demetra,isolation_forest,2017-03-17 11:00:00,2017-03-17 11:00:00,1,0.6998335663635984,2017-03-17 11:00:00,,spike,A,False
Eagle_office_Demetra,isolation_forest,2017-03-18 04:00:00,2017-03-18 04:00:00,1,0.6766565526212461,2017-03-18 04:00:00,,after_hours,A,False
Eagle_office_Demetra,isolation_forest,2017-03-18 11:00:00,2017-03-18 11:00:00,1,0.7041773678673932,2017-03-18 11:00:00,,after_hours,A,False
Eagle_office_Demetra,isolation_forest,2017-03-19 11:00:00,2017-03-19 11:00:00,1,0.6810892418356933,2017-03-19 11:00:00,,after_hours,A,False
Eagle_office_Demetra,isolation_forest,2017-03-20 11:00:00,2017-03-20 11:00:00,1,0.6945558947215794,2017-03-20 11:00:00,,spike,A,False
Eagle_office_Demetra,isolation_forest,2017-03-21 11:00:00,2017-03-21 11:00:00,1,0.7071775623555151,2017-03-21 11:00:00,,spike,A,False
Eagle_office_Demetra,isolation_forest,2017-03-22 11:00:00,2017-03-22 11:00:00,1,0.6973173131506166,2017-03-22 11:00:00,,spike,A,False
Eagle_office_Demetra,isolation_forest,2017-03-23 11:00:00,2017-03-23 11:00:00,1,0.6786425739629053,2017-03-23 11:00:00,,spike,A,False
Eagle_office_Demetra,isolation_forest,2017-05-10 05:00:00,2017-05-10 06:00:00,2,0.6910491433510028,2017-05-10 05:00:00,,after_hours,A,False
Eagle_office_Demetra,isolation_forest,2017-05-11 04:00:00,2017-05-11 06:00:00,3,0.7291625519799032,2017-05-11 04:00:00,,after_hours,A,False
Eagle_office_Demetra,isolation_forest,2017-05-12 04:00:00,2017-05-12 06:00:00,3,0.7237121947057181,2017-05-12 04:00:00,,after_hours,A,False
Eagle_office_Demetra,isolation_forest,2017-05-13 04:00:00,2017-05-13 06:00:00,3,0.7305056684288115,2017-05-13 04:00:00,,after_hours,A,False
Eagle_office_Demetra,isolation_forest,2017-05-14 04:00:00,2017-05-14 04:00:00,1,0.7275461787137728,2017-05-14 04:00:00,,after_hours,A,False
Eagle_office_Demetra,isolation_forest,2017-05-20 06:00:00,2017-05-20 11:00:00,6,0.7258249566674767,2017-05-20 06:00:00,,after_hours,A,False
Eagle_office_Demetra,isolation_forest,2017-05-22 04:00:00,2017-05-22 04:00:00,1,0.7390167514680849,2017-05-22 04:00:00,,after_hours,A,False
Eagle_office_Demetra,isolation_forest,2017-11-06 04:00:00,2017-11-06 04:00:00,1,0.6997611718545015,2017-11-06 04:00:00,,after_hours,A,False
Eagle_office_Demetra,isolation_forest,2017-11-07 04:00:00,2017-11-07 04:00:00,1,0.7071485758365805,2017-11-07 04:00:00,,after_hours,A,False
Eagle_office_Demetra,isolation_forest,2017-11-08 04:00:00,2017-11-08 04:00:00,1,0.7023415676278906,2017-11-08 04:00:00,,after_hours,A,False
Eagle_office_Demetra,isolation_forest,2017-11-09 04:00:00,2017-11-09 04:00:00,1,0.7020289307846002,2017-11-09 04:00:00,,after_hours,A,False
Eagle_office_Demetra,isolation_forest,2017-11-10 04:00:00,2017-11-10 04:00:00,1,0.7321339261805545,2017-11-10 04:00:00,,after_hours,A,False
Eagle_office_Demetra,isolation_forest,2017-11-10 11:00:00,2017-11-10 11:00:00,1,0.6933546169267859,2017-11-10 11:00:00,,after_hours,A,False
Eagle_office_Demetra,isolation_forest,2017-11-11 04:00:00,2017-11-11 04:00:00,1,0.7408146863051897,2017-11-11 04:00:00,,after_hours,A,False
Eagle_office_Demetra,isolation_forest,2017-11-11 11:00:00,2017-11-11 11:00:00,1,0.7011723611689193,2017-11-11 11:00:00,,after_hours,A,False
Eagle_office_Demetra,isolation_forest,2017-11-12 04:00:00,2017-11-12 04:00:00,1,0.7309918948175198,2017-11-12 04:00:00,,after_hours,A,False
Eagle_office_Demetra,isolation_forest,2017-11-12 11:00:00,2017-11-12 11:00:00,1,0.6831524598121018,2017-11-12 11:00:00,,after_hours,A,False
Eagle_office_Demetra,isolation_forest,2017-11-13 04:00:00,2017-11-13 04:00:00,1,0.6879499080766373,2017-11-13 04:00:00,,after_hours,A,False
Eagle_office_Demetra,isolation_forest,2017-11-14 04:00:00,2017-11-14 04:00:00,1,0.6928812183179058,2017-11-14 04:00:00,,after_hours,A,False
Eagle_office_Demetra,isolation_forest,2017-11-15 04:00:00,2017-11-15 04:00:00,1,0.688860827898726,2017-11-15 04:00:00,,after_hours,A,False
Eagle_office_Demetra,isolation_forest,2017-11-16 04:00:00,2017-11-16 04:00:00,1,0.68106888652332,2017-11-16 04:00:00,,after_hours,A,False
Eagle_office_Demetra,isolation_forest,2017-11-18 04:00:00,2017-11-18 04:00:00,1,0.7227653747351441,2017-11-18 04:00:00,,after_hours,A,False
Eagle_office_Demetra,isolation_forest,2017-12-13 01:00:00,2017-12-13 03:00:00,3,0.7080570046347149,2017-12-13 03:00:00,,after_hours,A,True
Eagle_office_Demetra,isolation_forest,2017-12-24 12:00:00,2017-12-24 12:00:00,1,0.6763638878383319,2017-12-24 12:00:00,,after_hours,A,False
Eagle_office_Demetra,isolation_forest,2017-12-25 12:00:00,2017-12-25 12:00:00,1,0.6735767384949829,2017-12-25 12:00:00,,after_hours,A,False
Eagle_office_Donovan,isolation_forest,2017-01-07 17:00:00,2017-01-07 18:00:00,2,0.7102093505490334,2017-01-07 17:00:00,,after_hours,A,True
Eagle_office_Donovan,isolation_forest,2017-02-11 00:00:00,2017-02-11 00:00:00,1,0.647584821333014,2017-02-11 00:00:00,,after_hours,A,False
Eagle_office_Donovan,isolation_forest,2017-02-20 23:00:00,2017-02-20 23:00:00,1,0.7176212952887764,2017-02-20 23:00:00,,after_hours,A,False
Eagle_office_Donovan,isolation_forest,2017-04-30 04:00:00,2017-04-30 05:00:00,2,0.7106705654622144,2017-04-30 04:00:00,,after_hours,A,True
Eagle_office_Donovan,isolation_forest,2017-05-01 00:00:00,2017-05-01 00:00:00,1,0.6701387369559304,2017-05-01 00:00:00,,after_hours,A,False
Eagle_office_Donovan,isolation_forest,2017-05-09 06:00:00,2017-05-09 10:00:00,5,0.6940104309191794,2017-05-09 09:00:00,,spike,A,False
Eagle_office_Donovan,isolation_forest,2017-05-11 01:00:00,2017-05-11 10:00:00,10,0.6991958324456125,2017-05-11 06:00:00,,after_hours,A,False
Eagle_office_Donovan,isolation_forest,2017-05-13 00:00:00,2017-05-13 18:00:00,19,0.7220199317821615,2017-05-13 01:00:00,,after_hours,A,False
Eagle_office_Donovan,isolation_forest,2017-05-16 01:00:00,2017-05-16 10:00:00,10,0.6902783672699518,2017-05-16 06:00:00,,after_hours,A,False
Eagle_office_Donovan,isolation_forest,2017-05-20 01:00:00,2017-05-20 17:00:00,17,0.7070048906302902,2017-05-20 11:00:00,,after_hours,A,False
Eagle_office_Donovan,isolation_forest,2017-07-04 10:00:00,2017-07-04 10:00:00,1,0.6875678681088243,2017-07-04 10:00:00,,after_hours,A,False
Eagle_office_Donovan,isolation_forest,2017-07-04 22:00:00,2017-07-04 22:00:00,1,0.6996005775930352,2017-07-04 22:00:00,,after_hours,A,False
Eagle_office_Donovan,isolation_forest,2017-09-04 10:00:00,2017-09-05 00:00:00,15,0.7392683116667054,2017-09-04 22:00:00,,after_hours,A,False
Eagle_office_Donovan,isolation_forest,2017-09-12 01:00:00,2017-09-12 10:00:00,10,0.694898491110739,2017-09-12 06:00:00,,after_hours,A,False
Eagle_office_Donovan,isolation_forest,2017-09-14 01:00:00,2017-09-14 10:00:00,10,0.6971329938604393,2017-09-14 09:00:00,,after_hours,A,False
Eagle_office_Donovan,isolation_forest,2017-10-09 22:00:00,2017-10-09 23:00:00,2,0.6725876287846635,2017-10-09 22:00:00,,after_hours,A,False
Eagle_office_Donovan,isolation_forest,2017-10-28 10:00:00,2017-10-28 10:00:00,1,0.6550087172375219,2017-10-28 10:00:00,,after_hours,A,False
Eagle_office_Donovan,isolation_forest,2017-11-10 11:00:00,2017-11-11 09:00:00,23,0.7451837658721653,2017-11-10 22:00:00,,after_hours,A,False
Eagle_office_Donovan,isolation_forest,2017-11-18 22:00:00,2017-11-18 22:00:00,1,0.6501784353230744,2017-11-18 22:00:00,,after_hours,A,False
Eagle_office_Efrain,isolation_forest,2017-01-07 05:00:00,2017-01-07 05:00:00,1,0.64745017475788,2017-01-07 05:00:00,,after_hours,A,False
Eagle_office_Efrain,isolation_forest,2017-01-08 01:00:00,2017-01-08 01:00:00,1,0.6640478829376826,2017-01-08 01:00:00,,after_hours,A,False
Eagle_office_Efrain,isolation_forest,2017-01-14 10:00:00,2017-01-14 10:00:00,1,0.666530127863317,2017-01-14 10:00:00,,after_hours,A,False
Eagle_office_Efrain,isolation_forest,2017-01-15 01:00:00,2017-01-15 01:00:00,1,0.6575220757159421,2017-01-15 01:00:00,,after_hours,A,False
Eagle_office_Efrain,isolation_forest,2017-02-21 08:00:00,2017-02-21 08:00:00,1,0.6899770190569046,2017-02-21 08:00:00,,spike,A,True
Eagle_office_Efrain,isolation_forest,2017-04-15 17:00:00,2017-04-15 18:00:00,2,0.7159297488797547,2017-04-15 17:00:00,,after_hours,A,False
Eagle_office_Efrain,isolation_forest,2017-05-20 05:00:00,2017-05-20 08:00:00,4,0.690613835792999,2017-05-20 05:00:00,,after_hours,A,False
Eagle_office_Efrain,isolation_forest,2017-05-21 05:00:00,2017-05-21 08:00:00,4,0.712474195559177,2017-05-21 05:00:00,,after_hours,A,False
Eagle_office_Efrain,isolation_forest,2017-07-09 07:00:00,2017-07-09 07:00:00,1,0.6477417009542886,2017-07-09 07:00:00,,after_hours,A,False
Eagle_office_Efrain,isolation_forest,2017-07-18 23:00:00,2017-07-19 01:00:00,3,0.7102982050196276,2017-07-18 23:00:00,,after_hours,A,True
Eagle_office_Efrain,isolation_forest,2017-07-19 16:00:00,2017-07-19 16:00:00,1,0.6627238372300883,2017-07-19 16:00:00,,spike,A,False
Eagle_office_Efrain,isolation_forest,2017-07-31 05:00:00,2017-07-31 05:00:00,1,0.6538628904281873,2017-07-31 05:00:00,,after_hours,A,False
Eagle_office_Efrain,isolation_forest,2017-08-05 06:00:00,2017-08-05 06:00:00,1,0.6649528583519859,2017-08-05 06:00:00,,after_hours,A,False
Eagle_office_Efrain,isolation_forest,2017-08-14 07:00:00,2017-08-14 07:00:00,1,0.6640904906249143,2017-08-14 07:00:00,,spike,A,False
Eagle_office_Efrain,isolation_forest,2017-08-15 21:00:00,2017-08-15 21:00:00,1,0.6833919102881677,2017-08-15 21:00:00,,after_hours,A,True
Eagle_office_Efrain,isolation_forest,2017-08-19 09:00:00,2017-08-19 09:00:00,1,0.6656207939683998,2017-08-19 09:00:00,,after_hours,A,False
Eagle_office_Efrain,isolation_forest,2017-08-20 05:00:00,2017-08-20 05:00:00,1,0.6725273176612542,2017-08-20 05:00:00,,after_hours,A,False
Eagle_office_Efrain,isolation_forest,2017-08-24 03:00:00,2017-08-24 03:00:00,1,0.6618808653997452,2017-08-24 03:00:00,,after_hours,A,False
Eagle_office_Efrain,isolation_forest,2017-08-27 05:00:00,2017-08-27 05:00:00,1,0.6892176132782716,2017-08-27 05:00:00,,after_hours,A,False
Eagle_office_Efrain,isolation_forest,2017-09-01 13:00:00,2017-09-01 13:00:00,1,0.66449217271813,2017-09-01 13:00:00,,spike,A,False
Eagle_office_Efrain,isolation_forest,2017-09-07 06:00:00,2017-09-07 06:00:00,1,0.6470526686310977,2017-09-07 06:00:00,,after_hours,A,False
Eagle_office_Efrain,isolation_forest,2017-09-21 23:00:00,2017-09-21 23:00:00,1,0.6823830412680117,2017-09-21 23:00:00,,after_hours,A,False
Eagle_office_Efrain,isolation_forest,2017-09-22 08:00:00,2017-09-22 08:00:00,1,0.6631140431628092,2017-09-22 08:00:00,,spike,A,False
Eagle_office_Efrain,isolation_forest,2017-09-24 08:00:00,2017-09-24 08:00:00,1,0.6612123866983174,2017-09-24 08:00:00,,after_hours,A,False
Eagle_office_Efrain,isolation_forest,2017-11-05 00:00:00,2017-11-05 02:00:00,3,0.6697773257370196,2017-11-05 02:00:00,,after_hours,A,False
Eagle_office_Efrain,isolation_forest,2017-11-05 12:00:00,2017-11-05 17:00:00,6,0.7337600881856331,2017-11-05 12:00:00,,after_hours,A,False
Eagle_office_Efrain,isolation_forest,2017-11-08 03:00:00,2017-11-08 03:00:00,1,0.6541106946266191,2017-11-08 03:00:00,,after_hours,A,False
Eagle_office_Efrain,isolation_forest,2017-12-05 12:00:00,2017-12-05 12:00:00,1,0.6870542420217632,2017-12-05 12:00:00,,spike,A,False
Eagle_office_Efrain,isolation_forest,2017-12-06 15:00:00,2017-12-06 15:00:00,1,0.6670621260669416,2017-12-06 15:00:00,,spike,A,False
Eagle_office_Francis,isolation_forest,2017-01-07 11:00:00,2017-01-07 11:00:00,1,0.6499722123456326,2017-01-07 11:00:00,,after_hours,A,False
Eagle_office_Francis,isolation_forest,2017-01-07 20:00:00,2017-01-07 20:00:00,1,0.7017142758569253,2017-01-07 20:00:00,,after_hours,A,False
Eagle_office_Francis,isolation_forest,2017-01-08 02:00:00,2017-01-08 12:00:00,11,0.7264687963362166,2017-01-08 07:00:00,,after_hours,A,True
Eagle_office_Francis,isolation_forest,2017-01-08 16:00:00,2017-01-08 16:00:00,1,0.6616866684366282,2017-01-08 16:00:00,,after_hours,A,False
Eagle_office_Francis,isolation_forest,2017-01-08 20:00:00,2017-01-08 23:00:00,4,0.6408275584813147,2017-01-08 23:00:00,,after_hours,A,False
Eagle_office_Francis,isolation_forest,2017-01-09 03:00:00,2017-01-09 03:00:00,1,0.6593992881859047,2017-01-09 03:00:00,,after_hours,A,False
Eagle_office_Francis,isolation_forest,2017-01-31 06:00:00,2017-01-31 06:00:00,1,0.6442991710707517,2017-01-31 06:00:00,,after_hours,A,False
Eagle_office_Francis,isolation_forest,2017-02-05 02:00:00,2017-02-05 02:00:00,1,0.6435296894224735,2017-02-05 02:00:00,,after_hours,A,False
Eagle_office_Francis,isolation_forest,2017-02-10 07:00:00,2017-02-10 07:00:00,1,0.6731603741219312,2017-02-10 07:00:00,,spike,A,False
Eagle_office_Francis,isolation_forest,2017-02-10 13:00:00,2017-02-10 13:00:00,1,0.6445008934410617,2017-02-10 13:00:00,,spike,A,False
Eagle_office_Francis,isolation_forest,2017-02-10 20:00:00,2017-02-10 20:00:00,1,0.6580177412538739,2017-02-10 20:00:00,,after_hours,A,False
Eagle_office_Francis,isolation_forest,2017-02-11 03:00:00,2017-02-11 05:00:00,3,0.7129141238221849,2017-02-11 03:00:00,,after_hours,A,False
Eagle_office_Francis,isolation_forest,2017-02-13 22:00:00,2017-02-13 22:00:00,1,0.6592587903605314,2017-02-13 22:00:00,,after_hours,A,False
Eagle_office_Francis,isolation_forest,2017-02-14 11:00:00,2017-02-14 12:00:00,2,0.6373499234293193,2017-02-14 11:00:00,,spike,A,False
Eagle_office_Francis,isolation_forest,2017-02-16 08:00:00,2017-02-16 08:00:00,1,0.645849582870358,2017-02-16 08:00:00,,spike,A,False
Eagle_office_Francis,isolation_forest,2017-02-18 08:00:00,2017-02-18 08:00:00,1,0.6804800558342986,2017-02-18 08:00:00,,after_hours,A,False
Eagle_office_Francis,isolation_forest,2017-02-18 23:00:00,2017-02-18 23:00:00,1,0.6387076301858853,2017-02-18 23:00:00,,after_hours,A,False
Eagle_office_Francis,isolation_forest,2017-02-20 16:00:00,2017-02-20 22:00:00,7,0.6675044500889075,2017-02-20 22:00:00,,after_hours,A,False
Eagle_office_Francis,isolation_forest,2017-03-04 20:00:00,2017-03-04 20:00:00,1,0.6361848663981943,2017-03-04 20:00:00,,after_hours,A,False
Eagle_office_Francis,isolation_forest,2017-03-05 03:00:00,2017-03-05 03:00:00,1,0.6383669532671343,2017-03-05 03:00:00,,after_hours,A,False
Eagle_office_Francis,isolation_forest,2017-03-05 13:00:00,2017-03-05 15:00:00,3,0.6921225643491361,2017-03-05 15:00:00,,after_hours,A,False
Eagle_office_Francis,isolation_forest,2017-03-11 10:00:00,2017-03-11 12:00:00,3,0.6434226953156673,2017-03-11 12:00:00,,after_hours,A,False
Eagle_office_Francis,isolation_forest,2017-03-16 15:00:00,2017-03-16 15:00:00,1,0.6875290937460834,2017-03-16 15:00:00,,spike,A,False
Eagle_office_Francis,isolation_forest,2017-08-28 00:00:00,2017-08-28 00:00:00,1,0.6522758518845152,2017-08-28 00:00:00,,after_hours,A,False
Eagle_office_Francis,isolation_forest,2017-08-28 09:00:00,2017-08-28 09:00:00,1,0.6627803586161408,2017-08-28 09:00:00,,spike,A,False
Eagle_office_Francis,isolation_forest,2017-10-09 16:00:00,2017-10-09 23:00:00,8,0.6694683855360077,2017-10-09 18:00:00,,after_hours,A,True
Eagle_office_Francis,isolation_forest,2017-10-10 05:00:00,2017-10-10 06:00:00,2,0.6959257276123751,2017-10-10 05:00:00,,after_hours,A,True
Eagle_office_Francis,isolation_forest,2017-10-10 12:00:00,2017-10-10 12:00:00,1,0.6488973138254791,2017-10-10 12:00:00,,spike,A,True
Eagle_office_Francis,isolation_forest,2017-10-17 10:00:00,2017-10-17 10:00:00,1,0.65023391574856,2017-10-17 10:00:00,,spike,A,True
Eagle_office_Francis,isolation_forest,2017-10-18 07:00:00,2017-10-18 07:00:00,1,0.6550924310883164,2017-10-18 07:00:00,,spike,A,True
Eagle_office_Francis,isolation_forest,2017-10-18 19:00:00,2017-10-18 19:00:00,1,0.6399967504972439,2017-10-18 19:00:00,,after_hours,A,True
Eagle_office_Francis,isolation_forest,2017-10-21 11:00:00,2017-10-21 11:00:00,1,0.6646422316947134,2017-10-21 11:00:00,,after_hours,A,True
Eagle_office_Francis,isolation_forest,2017-11-11 08:00:00,2017-11-11 08:00:00,1,0.6550385226101069,2017-11-11 08:00:00,,after_hours,A,False
Eagle_office_Francis,isolation_forest,2017-11-26 13:00:00,2017-11-26 13:00:00,1,0.65384687104934,2017-11-26 13:00:00,,after_hours,A,False
Eagle_office_Francis,isolation_forest,2017-11-28 01:00:00,2017-11-28 01:00:00,1,0.7025169770081331,2017-11-28 01:00:00,,after_hours,A,True
Eagle_office_Francis,isolation_forest,2017-12-16 06:00:00,2017-12-16 06:00:00,1,0.6562894638644482,2017-12-16 06:00:00,,after_hours,A,False
Eagle_office_Francis,isolation_forest,2017-12-26 11:00:00,2017-12-26 11:00:00,1,0.6459850793370857,2017-12-26 11:00:00,,spike,A,False
Eagle_office_Jackie,isolation_forest,2017-01-21 18:00:00,2017-01-21 18:00:00,1,0.6526141038048121,2017-01-21 18:00:00,,after_hours,A,False
Eagle_office_Jackie,isolation_forest,2017-02-11 22:00:00,2017-02-11 22:00:00,1,0.6418246173815403,2017-02-11 22:00:00,,after_hours,A,False
Eagle_office_Jackie,isolation_forest,2017-02-12 22:00:00,2017-02-12 22:00:00,1,0.6347745351740368,2017-02-12 22:00:00,,after_hours,A,False
Eagle_office_Jackie,isolation_forest,2017-02-19 14:00:00,2017-02-19 14:00:00,1,0.6562569447855416,2017-02-19 14:00:00,,after_hours,A,False
Eagle_office_Jackie,isolation_forest,2017-02-20 16:00:00,2017-02-20 16:00:00,1,0.664711278376087,2017-02-20 16:00:00,,after_hours,A,False
Eagle_office_Jackie,isolation_forest,2017-02-20 19:00:00,2017-02-20 21:00:00,3,0.6853841003162687,2017-02-20 19:00:00,,after_hours,A,False
Eagle_office_Jackie,isolation_forest,2017-02-25 13:00:00,2017-02-25 16:00:00,4,0.7224788815296757,2017-02-25 15:00:00,,after_hours,A,True
Eagle_office_Jackie,isolation_forest,2017-02-25 19:00:00,2017-02-25 20:00:00,2,0.6363609252684577,2017-02-25 19:00:00,,after_hours,A,False
Eagle_office_Jackie,isolation_forest,2017-02-25 23:00:00,2017-02-26 02:00:00,4,0.6571021440595014,2017-02-26 01:00:00,,after_hours,A,False
Eagle_office_Jackie,isolation_forest,2017-02-26 08:00:00,2017-02-26 10:00:00,3,0.7016999936104491,2017-02-26 08:00:00,,after_hours,A,False
Eagle_office_Jackie,isolation_forest,2017-03-14 15:00:00,2017-03-14 15:00:00,1,0.6410838395623554,2017-03-14 15:00:00,,spike,A,False
Eagle_office_Jackie,isolation_forest,2017-03-15 21:00:00,2017-03-15 21:00:00,1,0.6327789545992724,2017-03-15 21:00:00,,after_hours,A,False
Eagle_office_Jackie,isolation_forest,2017-03-16 08:00:00,2017-03-16 08:00:00,1,0.648310715390982,2017-03-16 08:00:00,,spike,A,False
Eagle_office_Jackie,isolation_forest,2017-04-09 06:00:00,2017-04-09 06:00:00,1,0.6803129419612706,2017-04-09 06:00:00,,after_hours,A,False
Eagle_office_Jackie,isolation_forest,2017-04-18 13:00:00,2017-04-18 13:00:00,1,0.654901829809107,2017-04-18 13:00:00,,spike,A,False
Eagle_office_Jackie,isolation_forest,2017-04-20 17:00:00,2017-04-20 17:00:00,1,0.6577808187824269,2017-04-20 17:00:00,,spike,A,False
Eagle_office_Jackie,isolation_forest,2017-04-20 23:00:00,2017-04-20 23:00:00,1,0.6728958563572217,2017-04-20 23:00:00,,after_hours,A,False
Eagle_office_Jackie,isolation_forest,2017-04-21 10:00:00,2017-04-21 10:00:00,1,0.6599647819109824,2017-04-21 10:00:00,,spike,A,False
Eagle_office_Jackie,isolation_forest,2017-04-22 00:00:00,2017-04-22 00:00:00,1,0.6369545920277109,2017-04-22 00:00:00,,after_hours,A,False
Eagle_office_Jackie,isolation_forest,2017-04-22 22:00:00,2017-04-22 22:00:00,1,0.6722304941649616,2017-04-22 22:00:00,,after_hours,A,False
Eagle_office_Jackie,isolation_forest,2017-04-23 23:00:00,2017-04-23 23:00:00,1,0.6613170874733462,2017-04-23 23:00:00,,after_hours,A,False
Eagle_office_Jackie,isolation_forest,2017-04-26 13:00:00,2017-04-26 13:00:00,1,0.6427888140366083,2017-04-26 13:00:00,,spike,A,False
Eagle_office_Jackie,isolation_forest,2017-04-29 22:00:00,2017-04-29 22:00:00,1,0.6323499693754473,2017-04-29 22:00:00,,after_hours,A,False
Eagle_office_Jackie,isolation_forest,2017-05-05 13:00:00,2017-05-05 13:00:00,1,0.6496616057836045,2017-05-05 13:00:00,,spike,A,False
Eagle_office_Jackie,isolation_forest,2017-05-06 00:00:00,2017-05-06 00:00:00,1,0.6356851822144902,2017-05-06 00:00:00,,after_hours,A,False
Eagle_office_Jackie,isolation_forest,2017-06-10 22:00:00,2017-06-10 22:00:00,1,0.6695677933661577,2017-06-10 22:00:00,,after_hours,A,False
Eagle_office_Jackie,isolation_forest,2017-06-11 15:00:00,2017-06-11 15:00:00,1,0.6442541772670206,2017-06-11 15:00:00,,after_hours,A,False
Eagle_office_Jackie,isolation_forest,2017-06-24 16:00:00,2017-06-24 16:00:00,1,0.6905917835367759,2017-06-24 16:00:00,,after_hours,A,False
Eagle_office_Jackie,isolation_forest,2017-06-25 07:00:00,2017-06-25 07:00:00,1,0.6516414974329985,2017-06-25 07:00:00,,after_hours,A,False
Eagle_office_Jackie,isolation_forest,2017-07-04 12:00:00,2017-07-04 12:00:00,1,0.6401635132301525,2017-07-04 12:00:00,,after_hours,A,False
Eagle_office_Jackie,isolation_forest,2017-07-04 18:00:00,2017-07-04 18:00:00,1,0.6486750286682181,2017-07-04 18:00:00,,after_hours,A,False
Eagle_office_Jackie,isolation_forest,2017-07-13 14:00:00,2017-07-13 14:00:00,1,0.6449461459477805,2017-07-13 14:00:00,,spike,A,False
Eagle_office_Jackie,isolation_forest,2017-07-16 20:00:00,2017-07-16 20:00:00,1,0.676576206457916,2017-07-16 20:00:00,,after_hours,A,False
Eagle_office_Jackie,isolation_forest,2017-08-16 23:00:00,2017-08-16 23:00:00,1,0.651670595345661,2017-08-16 23:00:00,,after_hours,A,False
Eagle_office_Jackie,isolation_forest,2017-08-23 19:00:00,2017-08-23 20:00:00,2,0.6440326547701164,2017-08-23 19:00:00,,after_hours,A,False
Eagle_office_Jackie,isolation_forest,2017-08-24 15:00:00,2017-08-24 15:00:00,1,0.6513681396416626,2017-08-24 15:00:00,,spike,A,False
Eagle_office_Jackie,isolation_forest,2017-08-24 18:00:00,2017-08-24 18:00:00,1,0.7054873947182587,2017-08-24 18:00:00,,spike,A,False
Eagle_office_Jackie,isolation_forest,2017-08-25 20:00:00,2017-08-25 20:00:00,1,0.6625438777129047,2017-08-25 20:00:00,,after_hours,A,False
Eagle_office_Jackie,isolation_forest,2017-08-31 08:00:00,2017-08-31 08:00:00,1,0.6296630708443274,2017-08-31 08:00:00,,spike,A,False
Eagle_office_Jackie,isolation_forest,2017-09-04 15:00:00,2017-09-04 23:00:00,9,0.6890286243523979,2017-09-04 18:00:00,,after_hours,A,False
Eagle_office_Jackie,isolation_forest,2017-10-01 19:00:00,2017-10-01 19:00:00,1,0.686747567204074,2017-10-01 19:00:00,,after_hours,A,True
Eagle_office_Jackie,isolation_forest,2017-10-09 18:00:00,2017-10-10 01:00:00,8,0.7142348350730294,2017-10-09 22:00:00,,after_hours,A,False
Eagle_office_Jackie,isolation_forest,2017-10-10 06:00:00,2017-10-10 06:00:00,1,0.6474089908979591,2017-10-10 06:00:00,,after_hours,A,False
Eagle_office_Jackie,isolation_forest,2017-10-25 08:00:00,2017-10-25 08:00:00,1,0.6517032153336306,2017-10-25 08:00:00,,spike,A,False
Eagle_office_Jackie,isolation_forest,2017-11-01 07:00:00,2017-11-01 07:00:00,1,0.6374027222820768,2017-11-01 07:00:00,,spike,A,False
Eagle_office_Jackie,isolation_forest,2017-11-07 16:00:00,2017-11-07 16:00:00,1,0.6428227939136884,2017-11-07 16:00:00,,spike,A,False
Eagle_office_Jackie,isolation_forest,2017-11-08 22:00:00,2017-11-08 22:00:00,1,0.6567016262689465,2017-11-08 22:00:00,,after_hours,A,False
Eagle_office_Jackie,isolation_forest,2017-11-10 15:00:00,2017-11-11 02:00:00,12,0.7176243031680821,2017-11-10 20:00:00,,after_hours,A,False
Eagle_office_Jackie,isolation_forest,2017-11-11 05:00:00,2017-11-11 06:00:00,2,0.6356934888589526,2017-11-11 05:00:00,,after_hours,A,False
Eagle_office_Jackie,isolation_forest,2017-11-22 20:00:00,2017-11-23 03:00:00,8,0.662249593120764,2017-11-23 01:00:00,,after_hours,A,False
Eagle_office_Jackie,isolation_forest,2017-11-23 21:00:00,2017-11-23 21:00:00,1,0.6342296166641064,2017-11-23 21:00:00,,after_hours,A,False
Eagle_office_Jackie,isolation_forest,2017-11-25 07:00:00,2017-11-25 07:00:00,1,0.6683278704630249,2017-11-25 07:00:00,,after_hours,A,False
Eagle_office_Jackie,isolation_forest,2017-12-03 18:00:00,2017-12-03 18:00:00,1,0.6693395235585206,2017-12-03 18:00:00,,after_hours,A,False
Eagle_office_Jackie,isolation_forest,2017-12-09 19:00:00,2017-12-09 20:00:00,2,0.6692984192653045,2017-12-09 20:00:00,,after_hours,A,False
Eagle_office_Jackie,isolation_forest,2017-12-10 16:00:00,2017-12-10 16:00:00,1,0.6411648822271004,2017-12-10 16:00:00,,after_hours,A,False
Eagle_office_Jackie,isolation_forest,2017-12-13 01:00:00,2017-12-13 01:00:00,1,0.6457899601043847,2017-12-13 01:00:00,,after_hours,A,False
Eagle_office_Jackie,isolation_forest,2017-12-18 09:00:00,2017-12-18 09:00:00,1,0.6851652273734451,2017-12-18 09:00:00,,spike,A,False
Eagle_office_Jackie,isolation_forest,2017-12-27 12:00:00,2017-12-27 12:00:00,1,0.6307961118798675,2017-12-27 12:00:00,,spike,A,False
Eagle_office_Jackie,isolation_forest,2017-12-27 16:00:00,2017-12-27 16:00:00,1,0.6319482556966142,2017-12-27 16:00:00,,spike,A,False
Eagle_office_Lillian,isolation_forest,2017-02-11 20:00:00,2017-02-11 20:00:00,1,0.696519688319357,2017-02-11 20:00:00,,after_hours,A,False
Eagle_office_Lillian,isolation_forest,2017-02-12 00:00:00,2017-02-12 00:00:00,1,0.6853151167585496,2017-02-12 00:00:00,,after_hours,A,False
Eagle_office_Lillian,isolation_forest,2017-02-12 08:00:00,2017-02-12 08:00:00,1,0.6900958303652771,2017-02-12 08:00:00,,after_hours,A,False
Eagle_office_Lillian,isolation_forest,2017-02-17 06:00:00,2017-02-17 10:00:00,5,0.6926210742088535,2017-02-17 10:00:00,,spike,A,True
Eagle_office_Lillian,isolation_forest,2017-02-18 02:00:00,2017-02-18 08:00:00,7,0.7024731919834653,2017-02-18 02:00:00,,after_hours,A,False
Eagle_office_Lillian,isolation_forest,2017-02-18 20:00:00,2017-02-18 20:00:00,1,0.7057099807932629,2017-02-18 20:00:00,,after_hours,A,False
Eagle_office_Lillian,isolation_forest,2017-02-20 16:00:00,2017-02-20 16:00:00,1,0.696962485881398,2017-02-20 16:00:00,,after_hours,A,False
Eagle_office_Lillian,isolation_forest,2017-02-24 00:00:00,2017-02-24 01:00:00,2,0.699527212786725,2017-02-24 00:00:00,,after_hours,A,False
Eagle_office_Lillian,isolation_forest,2017-02-25 03:00:00,2017-02-25 23:00:00,21,0.7119026261520255,2017-02-25 11:00:00,,after_hours,A,False
Eagle_office_Lillian,isolation_forest,2017-02-26 04:00:00,2017-02-26 04:00:00,1,0.7051772283575288,2017-02-26 04:00:00,,after_hours,A,False
Eagle_office_Lillian,isolation_forest,2017-02-26 09:00:00,2017-02-26 09:00:00,1,0.7039480983999609,2017-02-26 09:00:00,,after_hours,A,False
Eagle_office_Lillian,isolation_forest,2017-03-02 00:00:00,2017-03-02 02:00:00,3,0.7112412453406186,2017-03-02 01:00:00,,after_hours,A,False
Eagle_office_Lillian,isolation_forest,2017-03-04 22:00:00,2017-03-05 00:00:00,3,0.7013096643082394,2017-03-05 00:00:00,,after_hours,A,False
Eagle_office_Lillian,isolation_forest,2017-03-05 04:00:00,2017-03-05 10:00:00,7,0.7189488554956163,2017-03-05 10:00:00,,after_hours,A,False
Eagle_office_Lillian,isolation_forest,2017-03-05 16:00:00,2017-03-05 16:00:00,1,0.6888802507300903,2017-03-05 16:00:00,,after_hours,A,False
Eagle_office_Lillian,isolation_forest,2017-03-05 19:00:00,2017-03-06 00:00:00,6,0.7133654543302236,2017-03-05 21:00:00,,after_hours,A,False
Eagle_office_Lillian,isolation_forest,2017-03-11 17:00:00,2017-03-11 17:00:00,1,0.6854086909427425,2017-03-11 17:00:00,,after_hours,A,False
Eagle_office_Lillian,isolation_forest,2017-03-11 21:00:00,2017-03-11 23:00:00,3,0.6869233124599173,2017-03-11 21:00:00,,after_hours,A,False
Eagle_office_Lillian,isolation_forest,2017-03-12 02:00:00,2017-03-12 04:00:00,3,0.7136510426313766,2017-03-12 04:00:00,,after_hours,A,False
Eagle_office_Lillian,isolation_forest,2017-03-12 08:00:00,2017-03-12 14:00:00,7,0.71434258084027,2017-03-12 10:00:00,,after_hours,A,False
Eagle_office_Lillian,isolation_forest,2017-03-28 10:00:00,2017-03-28 21:00:00,12,0.6969834607806974,2017-03-28 12:00:00,,spike,A,False
Eagle_office_Lillian,isolation_forest,2017-03-29 23:00:00,2017-03-30 01:00:00,3,0.6946908977186673,2017-03-30 01:00:00,,after_hours,A,False
Eagle_office_Lillian,isolation_forest,2017-04-05 00:00:00,2017-04-05 02:00:00,3,0.7112412453406186,2017-04-05 01:00:00,,after_hours,A,False
Eagle_office_Lillian,isolation_forest,2017-04-06 20:00:00,2017-04-06 21:00:00,2,0.695911431130704,2017-04-06 20:00:00,,after_hours,A,False
Eagle_office_Lillian,isolation_forest,2017-04-09 06:00:00,2017-04-09 06:00:00,1,0.6878873297519317,2017-04-09 06:00:00,,after_hours,A,False
Eagle_office_Lillian,isolation_forest,2017-04-15 23:00:00,2017-04-16 00:00:00,2,0.6974948895763922,2017-04-15 23:00:00,,after_hours,A,True
Eagle_office_Lillian,isolation_forest,2017-04-21 02:00:00,2017-04-21 05:00:00,4,0.6893130252799987,2017-04-21 02:00:00,,after_hours,A,False
Eagle_office_Lillian,isolation_forest,2017-04-22 00:00:00,2017-04-23 07:00:00,32,0.7027014599398905,2017-04-22 02:00:00,,after_hours,A,False
Eagle_office_Lillian,isolation_forest,2017-04-23 19:00:00,2017-04-23 19:00:00,1,0.7120070503959384,2017-04-23 19:00:00,,after_hours,A,False
Eagle_office_Lillian,isolation_forest,2017-04-26 01:00:00,2017-04-26 07:00:00,7,0.7045360267821978,2017-04-26 01:00:00,,after_hours,A,False
Eagle_office_Lillian,isolation_forest,2017-04-26 11:00:00,2017-04-26 20:00:00,10,0.6988903874202883,2017-04-26 18:00:00,,spike,A,False
Eagle_office_Lillian,isolation_forest,2017-04-27 20:00:00,2017-04-28 05:00:00,10,0.7066927536744945,2017-04-27 20:00:00,,after_hours,A,False
Eagle_office_Lillian,isolation_forest,2017-04-29 12:00:00,2017-05-01 03:00:00,40,0.7139277240701968,2017-04-30 02:00:00,,after_hours,A,False
Eagle_office_Lillian,isolation_forest,2017-05-20 16:00:00,2017-05-20 17:00:00,2,0.7036338059507079,2017-05-20 17:00:00,,after_hours,A,False
Eagle_office_Lillian,isolation_forest,2017-05-25 07:00:00,2017-05-25 07:00:00,1,0.6872427708482021,2017-05-25 07:00:00,,spike,A,False
Eagle_office_Lillian,isolation_forest,2017-05-28 16:00:00,2017-05-28 22:00:00,7,0.7151860811318953,2017-05-28 16:00:00,,after_hours,A,False
Eagle_office_Lillian,isolation_forest,2017-06-17 03:00:00,2017-06-17 04:00:00,2,0.710335523736946,2017-06-17 03:00:00,,after_hours,A,False
Eagle_office_Lillian,isolation_forest,2017-06-17 07:00:00,2017-06-18 16:00:00,34,0.7245004152600122,2017-06-18 02:00:00,,after_hours,A,False
Eagle_office_Lillian,isolation_forest,2017-06-18 19:00:00,2017-06-18 20:00:00,2,0.6916685876484302,2017-06-18 19:00:00,,after_hours,A,False
Eagle_office_Lillian,isolation_forest,2017-06-19 12:00:00,2017-06-19 16:00:00,5,0.7061566686550561,2017-06-19 12:00:00,,spike,A,False
Eagle_office_Lillian,isolation_forest,2017-08-22 00:00:00,2017-08-22 00:00:00,1,0.6909514175536539,2017-08-22 00:00:00,,after_hours,A,False
Eagle_office_Lillian,isolation_forest,2017-09-17 03:00:00,2017-09-17 03:00:00,1,0.7026205637405561,2017-09-17 03:00:00,,after_hours,A,False
Eagle_office_Lillian,isolation_forest,2017-10-02 17:00:00,2017-10-07 17:00:00,121,0.7250187145727225,2017-10-07 01:00:00,,after_hours,A,False
Eagle_office_Lillian,isolation_forest,2017-10-09 05:00:00,2017-10-11 18:00:00,62,0.7149353307000245,2017-10-09 13:00:00,,after_hours,A,False
Eagle_office_Lillian,isolation_forest,2017-10-11 22:00:00,2017-10-12 20:00:00,23,0.704730436248279,2017-10-12 12:00:00,,spike,A,False
Eagle_office_Lillian,isolation_forest,2017-10-15 02:00:00,2017-10-15 02:00:00,1,0.6864050661749665,2017-10-15 02:00:00,,after_hours,A,False
Eagle_office_Lillian,isolation_forest,2017-10-29 03:00:00,2017-10-29 03:00:00,1,0.7057668752457223,2017-10-29 03:00:00,,after_hours,A,False
Eagle_office_Lillian,isolation_forest,2017-11-08 22:00:00,2017-11-08 22:00:00,1,0.685721794708739,2017-11-08 22:00:00,,after_hours,A,False
Eagle_office_Lillian,isolation_forest,2017-11-10 11:00:00,2017-11-10 12:00:00,2,0.6950146802818765,2017-11-10 11:00:00,,after_hours,A,False
Eagle_office_Lillian,isolation_forest,2017-11-11 00:00:00,2017-11-11 00:00:00,1,0.713358268007403,2017-11-11 00:00:00,,after_hours,A,False
Eagle_office_Lillian,isolation_forest,2017-11-11 04:00:00,2017-11-11 05:00:00,2,0.7218806662329121,2017-11-11 04:00:00,,after_hours,A,False
Eagle_office_Lillian,isolation_forest,2017-11-11 12:00:00,2017-11-11 13:00:00,2,0.7086099660321098,2017-11-11 12:00:00,,after_hours,A,False
Eagle_office_Lillian,isolation_forest,2017-11-11 16:00:00,2017-11-11 17:00:00,2,0.6998879325959503,2017-11-11 16:00:00,,after_hours,A,False
Eagle_office_Lillian,isolation_forest,2017-11-11 20:00:00,2017-11-11 22:00:00,3,0.716680912711973,2017-11-11 20:00:00,,after_hours,A,False
Eagle_office_Lillian,isolation_forest,2017-11-12 02:00:00,2017-11-12 02:00:00,1,0.7045173985880795,2017-11-12 02:00:00,,after_hours,A,False
Eagle_office_Lillian,isolation_forest,2017-11-12 06:00:00,2017-11-12 07:00:00,2,0.7214430310888996,2017-11-12 06:00:00,,after_hours,A,False
Eagle_office_Lillian,isolation_forest,2017-11-12 11:00:00,2017-11-12 12:00:00,2,0.716872813109285,2017-11-12 11:00:00,,after_hours,A,False
Eagle_office_Lillian,isolation_forest,2017-11-12 17:00:00,2017-11-12 17:00:00,1,0.6975179364629903,2017-11-12 17:00:00,,after_hours,A,False
Eagle_office_Lillian,isolation_forest,2017-11-12 23:00:00,2017-11-12 23:00:00,1,0.7038044578275783,2017-11-12 23:00:00,,after_hours,A,False
Eagle_office_Lillian,isolation_forest,2017-11-13 03:00:00,2017-11-13 05:00:00,3,0.7021876659353754,2017-11-13 03:00:00,,after_hours,A,False
Eagle_office_Lillian,isolation_forest,2017-11-14 00:00:00,2017-11-14 00:00:00,1,0.6892500361216898,2017-11-14 00:00:00,,after_hours,A,False
Eagle_office_Lillian,isolation_forest,2017-11-15 23:00:00,2017-11-15 23:00:00,1,0.6943249985572224,2017-11-15 23:00:00,,after_hours,A,False
Eagle_office_Lillian,isolation_forest,2017-11-16 02:00:00,2017-11-16 03:00:00,2,0.6902386688737087,2017-11-16 02:00:00,,after_hours,A,False
Eagle_office_Lillian,isolation_forest,2017-11-18 01:00:00,2017-11-18 03:00:00,3,0.700674816387851,2017-11-18 03:00:00,,after_hours,A,False
Eagle_office_Lillian,isolation_forest,2017-11-18 12:00:00,2017-11-18 12:00:00,1,0.7051820752730693,2017-11-18 12:00:00,,after_hours,A,False
Eagle_office_Lillian,isolation_forest,2017-11-18 20:00:00,2017-11-19 01:00:00,6,0.7081013920800567,2017-11-18 20:00:00,,after_hours,A,False
Eagle_office_Lillian,isolation_forest,2017-11-19 07:00:00,2017-11-19 07:00:00,1,0.6932215681132967,2017-11-19 07:00:00,,after_hours,A,False
Eagle_office_Lillian,isolation_forest,2017-12-06 06:00:00,2017-12-06 06:00:00,1,0.6871192360786841,2017-12-06 06:00:00,,after_hours,A,True
Eagle_office_Lillian,isolation_forest,2017-12-06 13:00:00,2017-12-06 13:00:00,1,0.6906961080673193,2017-12-06 13:00:00,,spike,A,True
Eagle_office_Lillian,isolation_forest,2017-12-13 04:00:00,2017-12-13 04:00:00,1,0.6863731657383849,2017-12-13 04:00:00,,after_hours,A,True
Eagle_office_Lillian,isolation_forest,2017-12-15 06:00:00,2017-12-15 06:00:00,1,0.6855068799751588,2017-12-15 06:00:00,,after_hours,A,True
Eagle_office_Lillian,isolation_forest,2017-12-16 11:00:00,2017-12-16 17:00:00,7,0.7125208397269994,2017-12-16 11:00:00,,after_hours,A,True
Eagle_office_Lillian,isolation_forest,2017-12-16 22:00:00,2017-12-17 00:00:00,3,0.7119594906940292,2017-12-16 22:00:00,,after_hours,A,True
Eagle_office_Patrice,isolation_forest,2017-01-10 01:00:00,2017-01-10 01:00:00,1,0.6467825682369202,2017-01-10 01:00:00,,after_hours,A,True
Eagle_office_Patrice,isolation_forest,2017-01-10 04:00:00,2017-01-10 05:00:00,2,0.6985247174935889,2017-01-10 04:00:00,,after_hours,A,True
Eagle_office_Patrice,isolation_forest,2017-02-20 17:00:00,2017-02-20 19:00:00,3,0.6888194723069115,2017-02-20 19:00:00,,after_hours,A,False
Eagle_office_Patrice,isolation_forest,2017-02-20 23:00:00,2017-02-20 23:00:00,1,0.6906618587144505,2017-02-20 23:00:00,,after_hours,A,False
Eagle_office_Patrice,isolation_forest,2017-03-15 11:00:00,2017-03-15 11:00:00,1,0.6650818403333608,2017-03-15 11:00:00,,spike,A,False
Eagle_office_Patrice,isolation_forest,2017-04-04 04:00:00,2017-04-04 05:00:00,2,0.699571842686821,2017-04-04 04:00:00,,after_hours,A,True
Eagle_office_Patrice,isolation_forest,2017-08-23 21:00:00,2017-08-23 21:00:00,1,0.6680833866662671,2017-08-23 21:00:00,,after_hours,A,False
Eagle_office_Patrice,isolation_forest,2017-08-24 17:00:00,2017-08-24 17:00:00,1,0.6659924961268118,2017-08-24 17:00:00,,spike,A,False
Eagle_office_Patrice,isolation_forest,2017-08-25 00:00:00,2017-08-25 00:00:00,1,0.6593436720920562,2017-08-25 00:00:00,,after_hours,A,False
Eagle_office_Patrice,isolation_forest,2017-08-25 11:00:00,2017-08-25 11:00:00,1,0.6651018517397472,2017-08-25 11:00:00,,spike,A,False
Eagle_office_Patrice,isolation_forest,2017-08-26 02:00:00,2017-08-26 02:00:00,1,0.6680195164510501,2017-08-26 02:00:00,,after_hours,A,False
Eagle_office_Patrice,isolation_forest,2017-08-28 16:00:00,2017-08-28 17:00:00,2,0.7078243584054763,2017-08-28 16:00:00,,spike,A,True
Eagle_office_Patrice,isolation_forest,2017-08-28 23:00:00,2017-08-28 23:00:00,1,0.6715856425409158,2017-08-28 23:00:00,,after_hours,A,False
Eagle_office_Patrice,isolation_forest,2017-08-29 12:00:00,2017-08-29 15:00:00,4,0.711870223605213,2017-08-29 12:00:00,,spike,A,False
Eagle_office_Patrice,isolation_forest,2017-09-04 11:00:00,2017-09-05 04:00:00,18,0.7469515848155488,2017-09-04 19:00:00,,after_hours,A,False
Eagle_office_Patrice,isolation_forest,2017-09-05 09:00:00,2017-09-05 09:00:00,1,0.6466055215297121,2017-09-05 09:00:00,,spike,A,False
Eagle_office_Patrice,isolation_forest,2017-09-05 15:00:00,2017-09-05 15:00:00,1,0.6483971988330164,2017-09-05 15:00:00,,spike,A,False
Eagle_office_Patrice,isolation_forest,2017-09-10 15:00:00,2017-09-10 18:00:00,4,0.7270760326893937,2017-09-10 15:00:00,,after_hours,A,True
Eagle_office_Patrice,isolation_forest,2017-10-09 12:00:00,2017-10-10 08:00:00,21,0.7545572370920511,2017-10-09 19:00:00,,after_hours,A,False
Eagle_office_Patrice,isolation_forest,2017-11-10 12:00:00,2017-11-11 06:00:00,19,0.7433052698059195,2017-11-10 21:00:00,,after_hours,A,True
Eagle_office_Patrice,isolation_forest,2017-11-11 11:00:00,2017-11-11 16:00:00,6,0.6944341627082906,2017-11-11 11:00:00,,after_hours,A,True
Eagle_office_Patrice,isolation_forest,2017-11-14 03:00:00,2017-11-14 03:00:00,1,0.6794240148133389,2017-11-14 03:00:00,,after_hours,A,True
Eagle_office_Patrice,isolation_forest,2017-11-23 00:00:00,2017-11-23 00:00:00,1,0.66544392725829,2017-11-23 00:00:00,,after_hours,A,False
Eagle_office_Randolph,isolation_forest,2017-02-20 23:00:00,2017-02-20 23:00:00,1,0.6852010048701882,2017-02-20 23:00:00,,after_hours,A,False
Eagle_office_Randolph,isolation_forest,2017-05-14 09:00:00,2017-05-14 09:00:00,1,0.6850696056722761,2017-05-14 09:00:00,,after_hours,A,False
Eagle_office_Randolph,isolation_forest,2017-05-20 02:00:00,2017-05-20 02:00:00,1,0.6808526880984903,2017-05-20 02:00:00,,after_hours,A,False
Eagle_office_Randolph,isolation_forest,2017-06-24 12:00:00,2017-06-24 12:00:00,1,0.6687427776161079,2017-06-24 12:00:00,,after_hours,A,False
Eagle_office_Randolph,isolation_forest,2017-07-04 10:00:00,2017-07-04 10:00:00,1,0.670166019963032,2017-07-04 10:00:00,,after_hours,A,False
Eagle_office_Randolph,isolation_forest,2017-07-20 01:00:00,2017-07-20 01:00:00,1,0.6774051749333247,2017-07-20 01:00:00,,after_hours,A,False
Eagle_office_Randolph,isolation_forest,2017-09-01 04:00:00,2017-09-01 06:00:00,3,0.7048354637523904,2017-09-01 05:00:00,,after_hours,A,True
Eagle_office_Randolph,isolation_forest,2017-10-09 21:00:00,2017-10-09 21:00:00,1,0.6717016821859869,2017-10-09 21:00:00,,after_hours,A,False
Eagle_office_Randolph,isolation_forest,2017-11-10 10:00:00,2017-11-10 10:00:00,1,0.6735765773406999,2017-11-10 10:00:00,,after_hours,A,False
Eagle_office_Randolph,isolation_forest,2017-11-10 23:00:00,2017-11-11 01:00:00,3,0.6828341977007838,2017-11-10 23:00:00,,after_hours,A,False
Eagle_office_Randolph,isolation_forest,2017-11-11 23:00:00,2017-11-11 23:00:00,1,0.6855800046232419,2017-11-11 23:00:00,,after_hours,A,True
Eagle_office_Randolph,isolation_forest,2017-12-22 05:00:00,2017-12-22 05:00:00,1,0.6684502160030174,2017-12-22 05:00:00,,after_hours,A,True
Eagle_office_Randolph,isolation_forest,2017-12-23 03:00:00,2017-12-23 03:00:00,1,0.6750497000965175,2017-12-23 03:00:00,,after_hours,A,False
Eagle_office_Sonya,isolation_forest,2017-01-08 08:00:00,2017-01-08 08:00:00,1,0.6548949692916701,2017-01-08 08:00:00,,after_hours,A,False
Eagle_office_Sonya,isolation_forest,2017-02-20 23:00:00,2017-02-20 23:00:00,1,0.6885130670937254,2017-02-20 23:00:00,,after_hours,A,True
Eagle_office_Sonya,isolation_forest,2017-02-24 08:00:00,2017-02-24 08:00:00,1,0.6824266425748043,2017-02-24 08:00:00,,spike,A,True
Eagle_office_Sonya,isolation_forest,2017-02-24 14:00:00,2017-02-24 14:00:00,1,0.6712391699341451,2017-02-24 14:00:00,,spike,A,True
Eagle_office_Sonya,isolation_forest,2017-02-28 04:00:00,2017-02-28 15:00:00,12,0.7128158370466854,2017-02-28 09:00:00,,spike,A,True
Eagle_office_Sonya,isolation_forest,2017-02-28 22:00:00,2017-03-01 00:00:00,3,0.7147466660472358,2017-02-28 22:00:00,,after_hours,A,True
Eagle_office_Sonya,isolation_forest,2017-03-04 09:00:00,2017-03-04 23:00:00,15,0.7090267895585383,2017-03-04 11:00:00,,after_hours,A,True
Eagle_office_Sonya,isolation_forest,2017-03-05 03:00:00,2017-03-05 12:00:00,10,0.7024182647709947,2017-03-05 03:00:00,,after_hours,A,True
Eagle_office_Sonya,isolation_forest,2017-03-05 20:00:00,2017-03-05 20:00:00,1,0.6592730896733844,2017-03-05 20:00:00,,after_hours,A,True
Eagle_office_Sonya,isolation_forest,2017-03-05 23:00:00,2017-03-06 02:00:00,4,0.6546951692631664,2017-03-06 00:00:00,,after_hours,A,True
Eagle_office_Sonya,isolation_forest,2017-03-06 06:00:00,2017-03-06 14:00:00,9,0.7085993387892744,2017-03-06 07:00:00,,spike,A,True
Eagle_office_Sonya,isolation_forest,2017-03-10 00:00:00,2017-03-10 00:00:00,1,0.6476141974022945,2017-03-10 00:00:00,,after_hours,A,True
Eagle_office_Sonya,isolation_forest,2017-03-12 10:00:00,2017-03-12 10:00:00,1,0.6776938178325689,2017-03-12 10:00:00,,after_hours,A,True
Eagle_office_Sonya,isolation_forest,2017-03-13 10:00:00,2017-03-13 14:00:00,5,0.6951580427975306,2017-03-13 11:00:00,,spike,A,True
Eagle_office_Sonya,isolation_forest,2017-03-13 23:00:00,2017-03-13 23:00:00,1,0.6452261183297998,2017-03-13 23:00:00,,after_hours,A,True
Eagle_office_Sonya,isolation_forest,2017-03-14 09:00:00,2017-03-14 09:00:00,1,0.646396132049316,2017-03-14 09:00:00,,spike,A,True
Eagle_office_Sonya,isolation_forest,2017-03-15 10:00:00,2017-03-15 10:00:00,1,0.6466578394498678,2017-03-15 10:00:00,,spike,A,True
Eagle_office_Sonya,isolation_forest,2017-03-16 10:00:00,2017-03-16 10:00:00,1,0.6632978084423837,2017-03-16 10:00:00,,spike,A,True
Eagle_office_Sonya,isolation_forest,2017-03-17 02:00:00,2017-03-17 02:00:00,1,0.6424044842359495,2017-03-17 02:00:00,,after_hours,A,True
Eagle_office_Sonya,isolation_forest,2017-03-17 10:00:00,2017-03-17 10:00:00,1,0.6469640269944397,2017-03-17 10:00:00,,spike,A,True
Eagle_office_Sonya,isolation_forest,2017-04-02 19:00:00,2017-04-02 19:00:00,1,0.6639369421819551,2017-04-02 19:00:00,,after_hours,A,False
Eagle_office_Sonya,isolation_forest,2017-06-03 04:00:00,2017-06-03 04:00:00,1,0.6578438051578254,2017-06-03 04:00:00,,after_hours,A,False
Eagle_office_Sonya,isolation_forest,2017-06-04 06:00:00,2017-06-04 06:00:00,1,0.6670763762355485,2017-06-04 06:00:00,,after_hours,A,False
Eagle_office_Sonya,isolation_forest,2017-09-09 00:00:00,2017-09-09 00:00:00,1,0.6589350339983296,2017-09-09 00:00:00,,after_hours,A,False
Eagle_office_Sonya,isolation_forest,2017-09-12 13:00:00,2017-09-12 15:00:00,3,0.6948486612565977,2017-09-12 15:00:00,,spike,A,True
Eagle_office_Sonya,isolation_forest,2017-10-15 15:00:00,2017-10-15 17:00:00,3,0.7052676504978224,2017-10-15 15:00:00,,after_hours,A,True
Eagle_office_Sonya,isolation_forest,2017-10-16 08:00:00,2017-10-16 09:00:00,2,0.6934487871721573,2017-10-16 08:00:00,,spike,A,False
Eagle_office_Sonya,isolation_forest,2017-10-24 03:00:00,2017-10-24 03:00:00,1,0.6418449449375573,2017-10-24 03:00:00,,after_hours,A,False
Eagle_office_Sonya,isolation_forest,2017-11-06 03:00:00,2017-11-06 03:00:00,1,0.6624463538232461,2017-11-06 03:00:00,,after_hours,A,False
Eagle_office_Sonya,isolation_forest,2017-11-07 03:00:00,2017-11-07 03:00:00,1,0.6580942829630484,2017-11-07 03:00:00,,after_hours,A,False
Eagle_office_Sonya,isolation_forest,2017-11-08 01:00:00,2017-11-08 03:00:00,3,0.6799654317059691,2017-11-08 01:00:00,,after_hours,A,False
Eagle_office_Sonya,isolation_forest,2017-11-08 12:00:00,2017-11-08 12:00:00,1,0.6467114593523404,2017-11-08 12:00:00,,spike,A,False
Eagle_office_Sonya,isolation_forest,2017-11-09 03:00:00,2017-11-09 12:00:00,10,0.7030903882854359,2017-11-09 04:00:00,,spike,A,False
Eagle_office_Sonya,isolation_forest,2017-11-09 17:00:00,2017-11-09 17:00:00,1,0.6593509357940432,2017-11-09 17:00:00,,spike,A,False
Eagle_office_Sonya,isolation_forest,2017-11-09 20:00:00,2017-11-09 20:00:00,1,0.6414325048236964,2017-11-09 20:00:00,,after_hours,A,False
Eagle_office_Sonya,isolation_forest,2017-11-10 00:00:00,2017-11-10 04:00:00,5,0.7040847980649607,2017-11-10 03:00:00,,after_hours,A,False
Eagle_office_Sonya,isolation_forest,2017-11-10 07:00:00,2017-11-10 09:00:00,3,0.6645313769053989,2017-11-10 07:00:00,,after_hours,A,False
Eagle_office_Sonya,isolation_forest,2017-11-12 17:00:00,2017-11-13 05:00:00,13,0.6947567530229677,2017-11-12 19:00:00,,after_hours,A,False
Eagle_office_Sonya,isolation_forest,2017-11-13 08:00:00,2017-11-13 08:00:00,1,0.6602890926956204,2017-11-13 08:00:00,,spike,A,False
Eagle_office_Sonya,isolation_forest,2017-11-13 12:00:00,2017-11-13 14:00:00,3,0.6785507136381496,2017-11-13 12:00:00,,spike,A,False
Eagle_office_Sonya,isolation_forest,2017-11-13 19:00:00,2017-11-14 05:00:00,11,0.6577410398070768,2017-11-14 03:00:00,,after_hours,A,False
Eagle_office_Sonya,isolation_forest,2017-11-14 13:00:00,2017-11-14 13:00:00,1,0.6587047859069026,2017-11-14 13:00:00,,spike,A,False
Eagle_office_Sonya,isolation_forest,2017-11-14 16:00:00,2017-11-14 16:00:00,1,0.6725856873338872,2017-11-14 16:00:00,,spike,A,False
Eagle_office_Sonya,isolation_forest,2017-11-15 03:00:00,2017-11-15 03:00:00,1,0.6662756506705225,2017-11-15 03:00:00,,after_hours,A,False
Eagle_office_Sonya,isolation_forest,2017-11-15 12:00:00,2017-11-15 12:00:00,1,0.6555652562024601,2017-11-15 12:00:00,,spike,A,False
Eagle_office_Sonya,isolation_forest,2017-11-18 03:00:00,2017-11-18 10:00:00,8,0.6870824304293068,2017-11-18 04:00:00,,after_hours,A,False
Eagle_office_Sonya,isolation_forest,2017-11-18 15:00:00,2017-11-18 15:00:00,1,0.6606082598523826,2017-11-18 15:00:00,,after_hours,A,False
Eagle_office_Sonya,isolation_forest,2017-11-19 02:00:00,2017-11-19 02:00:00,1,0.6544255955162306,2017-11-19 02:00:00,,after_hours,A,False
Eagle_office_Yadira,isolation_forest,2017-01-07 12:00:00,2017-01-07 12:00:00,1,0.6431919693220947,2017-01-07 12:00:00,,after_hours,A,False
Eagle_office_Yadira,isolation_forest,2017-01-07 19:00:00,2017-01-07 19:00:00,1,0.6389516016682194,2017-01-07 19:00:00,,after_hours,A,False
Eagle_office_Yadira,isolation_forest,2017-01-11 05:00:00,2017-01-11 07:00:00,3,0.6397438914095774,2017-01-11 05:00:00,,after_hours,A,False
Eagle_office_Yadira,isolation_forest,2017-01-12 05:00:00,2017-01-12 07:00:00,3,0.6782410434627182,2017-01-12 05:00:00,,after_hours,A,False
Eagle_office_Yadira,isolation_forest,2017-01-13 05:00:00,2017-01-13 07:00:00,3,0.6775530597195678,2017-01-13 05:00:00,,after_hours,A,False
Eagle_office_Yadira,isolation_forest,2017-01-14 00:00:00,2017-01-14 06:00:00,7,0.6862250156344145,2017-01-14 00:00:00,,after_hours,A,False
Eagle_office_Yadira,isolation_forest,2017-01-14 11:00:00,2017-01-14 11:00:00,1,0.6459116336797437,2017-01-14 11:00:00,,after_hours,A,False
Eagle_office_Yadira,isolation_forest,2017-01-14 23:00:00,2017-01-15 00:00:00,2,0.6385094901884694,2017-01-15 00:00:00,,after_hours,A,False
Eagle_office_Yadira,isolation_forest,2017-01-15 11:00:00,2017-01-15 13:00:00,3,0.648781633334767,2017-01-15 11:00:00,,after_hours,A,False
Eagle_office_Yadira,isolation_forest,2017-01-16 00:00:00,2017-01-16 00:00:00,1,0.6514235737009317,2017-01-16 00:00:00,,after_hours,A,False
Eagle_office_Yadira,isolation_forest,2017-01-16 11:00:00,2017-01-16 11:00:00,1,0.6600078786445455,2017-01-16 11:00:00,,after_hours,A,False
Eagle_office_Yadira,isolation_forest,2017-01-17 11:00:00,2017-01-17 11:00:00,1,0.6423381163058026,2017-01-17 11:00:00,,spike,A,False
Eagle_office_Yadira,isolation_forest,2017-02-20 12:00:00,2017-02-20 12:00:00,1,0.6376739922105716,2017-02-20 12:00:00,,after_hours,A,True
Eagle_office_Yadira,isolation_forest,2017-02-20 15:00:00,2017-02-20 23:00:00,9,0.6936301989694835,2017-02-20 16:00:00,,after_hours,A,True
Eagle_office_Yadira,isolation_forest,2017-02-25 21:00:00,2017-02-25 21:00:00,1,0.661043198062435,2017-02-25 21:00:00,,after_hours,A,True
Eagle_office_Yadira,isolation_forest,2017-03-16 05:00:00,2017-03-16 06:00:00,2,0.6420489898243045,2017-03-16 06:00:00,,after_hours,A,False
Eagle_office_Yadira,isolation_forest,2017-05-19 04:00:00,2017-05-19 09:00:00,6,0.6713842996344862,2017-05-19 04:00:00,,spike,A,False
Eagle_office_Yadira,isolation_forest,2017-05-20 04:00:00,2017-05-20 05:00:00,2,0.685458156267291,2017-05-20 04:00:00,,after_hours,A,False
Eagle_office_Yadira,isolation_forest,2017-05-22 22:00:00,2017-05-22 22:00:00,1,0.650727291562957,2017-05-22 22:00:00,,after_hours,A,True
Eagle_office_Yadira,isolation_forest,2017-09-04 14:00:00,2017-09-04 22:00:00,9,0.6597653495364362,2017-09-04 19:00:00,,after_hours,A,False
Eagle_office_Yadira,isolation_forest,2017-10-09 13:00:00,2017-10-09 22:00:00,10,0.7002921715004486,2017-10-09 17:00:00,,after_hours,A,False
Eagle_office_Yadira,isolation_forest,2017-11-06 04:00:00,2017-11-06 04:00:00,1,0.6525861979159352,2017-11-06 04:00:00,,after_hours,A,False
Eagle_office_Yadira,isolation_forest,2017-11-07 04:00:00,2017-11-07 04:00:00,1,0.6508302914615018,2017-11-07 04:00:00,,after_hours,A,False
Eagle_office_Yadira,isolation_forest,2017-11-10 04:00:00,2017-11-10 04:00:00,1,0.643905417911361,2017-11-10 04:00:00,,after_hours,A,False
Eagle_office_Yadira,isolation_forest,2017-11-10 17:00:00,2017-11-10 19:00:00,3,0.6571940759962145,2017-11-10 17:00:00,,after_hours,A,False
Eagle_office_Yadira,isolation_forest,2017-11-11 04:00:00,2017-11-11 04:00:00,1,0.6722524312370216,2017-11-11 04:00:00,,after_hours,A,False
Eagle_office_Yadira,isolation_forest,2017-11-22 23:00:00,2017-11-23 00:00:00,2,0.6432580795448798,2017-11-23 00:00:00,,after_hours,A,False
Eagle_office_Yadira,isolation_forest,2017-11-23 13:00:00,2017-11-23 16:00:00,4,0.660242136325616,2017-11-23 15:00:00,,after_hours,A,False
Eagle_office_Yadira,isolation_forest,2017-11-23 19:00:00,2017-11-23 23:00:00,5,0.644092917805808,2017-11-23 23:00:00,,after_hours,A,False
Eagle_office_Yadira,isolation_forest,2017-11-24 15:00:00,2017-11-25 00:00:00,10,0.6518555683680095,2017-11-24 23:00:00,,after_hours,A,False
Eagle_office_Yadira,isolation_forest,2017-11-25 06:00:00,2017-11-25 06:00:00,1,0.6576846701818191,2017-11-25 06:00:00,,after_hours,A,False
Eagle_office_Yadira,isolation_forest,2017-11-25 13:00:00,2017-11-25 16:00:00,4,0.6510939891299181,2017-11-25 16:00:00,,after_hours,A,False
Eagle_office_Yadira,isolation_forest,2017-12-10 14:00:00,2017-12-10 14:00:00,1,0.6525546060976849,2017-12-10 14:00:00,,after_hours,A,True
Eagle_office_Yadira,isolation_forest,2017-12-27 11:00:00,2017-12-27 11:00:00,1,0.6477142974797006,2017-12-27 11:00:00,,spike,A,False
Eagle_office_Yadira,isolation_forest,2017-12-28 11:00:00,2017-12-28 11:00:00,1,0.6381126053201934,2017-12-28 11:00:00,,spike,A,False
Eagle_office_Yadira,isolation_forest,2017-12-30 16:00:00,2017-12-30 16:00:00,1,0.6502248630897358,2017-12-30 16:00:00,,after_hours,A,False
Fox_office_Alice,isolation_forest,2017-01-02 01:00:00,2017-01-02 01:00:00,1,0.6801301521845352,2017-01-02 01:00:00,,after_hours,A,False
Fox_office_Alice,isolation_forest,2017-01-16 01:00:00,2017-01-16 01:00:00,1,0.6799001077212451,2017-01-16 01:00:00,,after_hours,A,False
Fox_office_Alice,isolation_forest,2017-01-23 11:00:00,2017-01-23 11:00:00,1,0.6361324689388761,2017-01-23 11:00:00,,spike,A,False
Fox_office_Alice,isolation_forest,2017-01-24 14:00:00,2017-01-24 14:00:00,1,0.7113663149412826,2017-01-24 14:00:00,,spike,A,False
Fox_office_Alice,isolation_forest,2017-02-03 11:00:00,2017-02-03 12:00:00,2,0.6974175862778661,2017-02-03 11:00:00,,spike,A,False
Fox_office_Alice,isolation_forest,2017-02-06 12:00:00,2017-02-06 12:00:00,1,0.6398652289024928,2017-02-06 12:00:00,,spike,A,False
Fox_office_Alice,isolation_forest,2017-02-20 09:00:00,2017-02-20 23:00:00,15,0.6993249675119623,2017-02-20 17:00:00,,after_hours,A,False
Fox_office_Alice,isolation_forest,2017-03-15 08:00:00,2017-03-15 08:00:00,1,0.7304580272968085,2017-03-15 08:00:00,,spike,A,False
Fox_office_Alice,isolation_forest,2017-04-08 01:00:00,2017-04-08 04:00:00,4,0.754038332668306,2017-04-08 02:00:00,,after_hours,A,False
Fox_office_Alice,isolation_forest,2017-04-08 12:00:00,2017-04-08 13:00:00,2,0.7280321203533968,2017-04-08 12:00:00,,after_hours,A,False
Fox_office_Alice,isolation_forest,2017-04-09 00:00:00,2017-04-09 03:00:00,4,0.7529818706825386,2017-04-09 01:00:00,,after_hours,A,False
Fox_office_Alice,isolation_forest,2017-04-09 11:00:00,2017-04-09 11:00:00,1,0.7483539956180547,2017-04-09 11:00:00,,after_hours,A,False
Fox_office_Alice,isolation_forest,2017-04-23 12:00:00,2017-04-23 12:00:00,1,0.6804235783918373,2017-04-23 12:00:00,,after_hours,A,False
Fox_office_Alice,isolation_forest,2017-06-25 22:00:00,2017-06-26 09:00:00,12,0.7388940317946772,2017-06-25 22:00:00,,after_hours,A,True
Fox_office_Alice,isolation_forest,2017-06-26 12:00:00,2017-06-26 19:00:00,8,0.6682195553942012,2017-06-26 17:00:00,,spike,A,False
Fox_office_Alice,isolation_forest,2017-07-06 10:00:00,2017-07-06 10:00:00,1,0.6685987865642531,2017-07-06 10:00:00,,spike,A,False
Fox_office_Alice,isolation_forest,2017-07-10 07:00:00,2017-07-10 07:00:00,1,0.6657581334696044,2017-07-10 07:00:00,,spike,A,False
Fox_office_Alice,isolation_forest,2017-07-30 23:00:00,2017-07-31 00:00:00,2,0.7403312249517706,2017-07-30 23:00:00,,after_hours,A,False
Fox_office_Alice,isolation_forest,2017-08-04 08:00:00,2017-08-04 08:00:00,1,0.741526787696771,2017-08-04 08:00:00,,spike,A,False
Fox_office_Alice,isolation_forest,2017-08-04 11:00:00,2017-08-04 11:00:00,1,0.7065983276323676,2017-08-04 11:00:00,,spike,A,False
Fox_office_Alice,isolation_forest,2017-08-05 06:00:00,2017-08-05 06:00:00,1,0.6322801848585305,2017-08-05 06:00:00,,after_hours,A,False
Fox_office_Alice,isolation_forest,2017-08-05 10:00:00,2017-08-05 14:00:00,5,0.6890306958218751,2017-08-05 12:00:00,,after_hours,A,False
Fox_office_Alice,isolation_forest,2017-09-07 07:00:00,2017-09-07 07:00:00,1,0.664903708159388,2017-09-07 07:00:00,,spike,A,False
Fox_office_Alice,isolation_forest,2017-11-04 08:00:00,2017-11-04 09:00:00,2,0.722916265228875,2017-11-04 08:00:00,,after_hours,A,False
Fox_office_Alice,isolation_forest,2017-11-16 09:00:00,2017-11-16 11:00:00,3,0.7342591725718787,2017-11-16 10:00:00,,spike,A,True
Fox_office_Alice,isolation_forest,2017-11-16 18:00:00,2017-11-16 18:00:00,1,0.6371626773139097,2017-11-16 18:00:00,,spike,A,True
Fox_office_Alice,isolation_forest,2017-11-16 21:00:00,2017-11-16 21:00:00,1,0.6384876576597422,2017-11-16 21:00:00,,after_hours,A,True
Fox_office_Alice,isolation_forest,2017-11-17 05:00:00,2017-11-17 09:00:00,5,0.6339843168508585,2017-11-17 09:00:00,,spike,A,True
Fox_office_Alice,isolation_forest,2017-11-18 00:00:00,2017-11-18 10:00:00,11,0.6601930814795515,2017-11-18 00:00:00,,after_hours,A,True
Fox_office_Alice,isolation_forest,2017-11-18 13:00:00,2017-11-18 13:00:00,1,0.6305938945020542,2017-11-18 13:00:00,,after_hours,A,True
Fox_office_Alice,isolation_forest,2017-11-18 23:00:00,2017-11-19 00:00:00,2,0.641420150309442,2017-11-19 00:00:00,,after_hours,A,True
Fox_office_Alice,isolation_forest,2017-11-19 12:00:00,2017-11-19 13:00:00,2,0.6407758400812781,2017-11-19 12:00:00,,after_hours,A,True
Fox_office_Alice,isolation_forest,2017-11-19 22:00:00,2017-11-19 22:00:00,1,0.6332667677097369,2017-11-19 22:00:00,,after_hours,A,True
Fox_office_Alice,isolation_forest,2017-11-20 04:00:00,2017-11-20 04:00:00,1,0.6410243021701706,2017-11-20 04:00:00,,after_hours,A,True
Fox_office_Alice,isolation_forest,2017-11-21 00:00:00,2017-11-21 00:00:00,1,0.6422415653472343,2017-11-21 00:00:00,,after_hours,A,True
Fox_office_Alice,isolation_forest,2017-11-23 00:00:00,2017-11-23 12:00:00,13,0.6836008949877543,2017-11-23 00:00:00,,after_hours,A,True
Fox_office_Alice,isolation_forest,2017-11-23 15:00:00,2017-11-23 23:00:00,9,0.6703905280628362,2017-11-23 18:00:00,,after_hours,A,True
Fox_office_Alice,isolation_forest,2017-12-16 13:00:00,2017-12-16 15:00:00,3,0.7078058768934199,2017-12-16 13:00:00,,after_hours,A,True
Fox_office_Alice,isolation_forest,2017-12-17 00:00:00,2017-12-17 13:00:00,14,0.7123141739873606,2017-12-17 03:00:00,,after_hours,A,False
Fox_office_Alice,isolation_forest,2017-12-22 20:00:00,2017-12-22 20:00:00,1,0.7173841313437479,2017-12-22 20:00:00,,after_hours,A,False
Fox_office_Alice,isolation_forest,2017-12-23 13:00:00,2017-12-23 13:00:00,1,0.6394512475831013,2017-12-23 13:00:00,,after_hours,A,False
Fox_office_Berniece,isolation_forest,2017-01-02 02:00:00,2017-01-02 02:00:00,1,0.68530259856771,2017-01-02 02:00:00,,after_hours,A,False
Fox_office_Berniece,isolation_forest,2017-01-02 05:00:00,2017-01-02 12:00:00,8,0.7323627205611355,2017-01-02 08:00:00,,after_hours,A,False
Fox_office_Berniece,isolation_forest,2017-01-16 02:00:00,2017-01-16 02:00:00,1,0.7008071499554216,2017-01-16 02:00:00,,after_hours,A,False
Fox_office_Berniece,isolation_forest,2017-01-16 07:00:00,2017-01-16 09:00:00,3,0.7046159745010997,2017-01-16 09:00:00,,after_hours,A,False
Fox_office_Berniece,isolation_forest,2017-02-08 18:00:00,2017-02-08 18:00:00,1,0.6756962241929502,2017-02-08 18:00:00,,spike,A,False
Fox_office_Berniece,isolation_forest,2017-02-08 22:00:00,2017-02-08 22:00:00,1,0.7082377783547947,2017-02-08 22:00:00,,after_hours,A,False
Fox_office_Berniece,isolation_forest,2017-02-09 22:00:00,2017-02-09 22:00:00,1,0.6843254404873479,2017-02-09 22:00:00,,after_hours,A,False
Fox_office_Berniece,isolation_forest,2017-02-11 22:00:00,2017-02-12 00:00:00,3,0.7274611897142527,2017-02-11 22:00:00,,after_hours,A,False
Fox_office_Berniece,isolation_forest,2017-02-12 09:00:00,2017-02-12 09:00:00,1,0.6841542245086703,2017-02-12 09:00:00,,after_hours,A,False
Fox_office_Berniece,isolation_forest,2017-02-12 22:00:00,2017-02-12 23:00:00,2,0.7075587119996678,2017-02-12 22:00:00,,after_hours,A,False
Fox_office_Berniece,isolation_forest,2017-02-18 10:00:00,2017-02-18 10:00:00,1,0.6865884475456817,2017-02-18 10:00:00,,after_hours,A,False
Fox_office_Berniece,isolation_forest,2017-02-18 15:00:00,2017-02-18 15:00:00,1,0.6793965429192312,2017-02-18 15:00:00,,after_hours,A,False
Fox_office_Berniece,isolation_forest,2017-02-18 19:00:00,2017-02-19 15:00:00,21,0.7650566739423676,2017-02-18 22:00:00,,after_hours,A,False
Fox_office_Berniece,isolation_forest,2017-02-19 18:00:00,2017-02-19 23:00:00,6,0.7289214585449385,2017-02-19 22:00:00,,after_hours,A,False
Fox_office_Berniece,isolation_forest,2017-11-10 05:00:00,2017-11-10 18:00:00,14,0.7527041630550928,2017-11-10 06:00:00,,after_hours,A,False
Fox_office_Berniece,isolation_forest,2017-11-23 03:00:00,2017-11-23 18:00:00,16,0.7440439800694874,2017-11-23 07:00:00,,after_hours,A,True
Fox_office_Berniece,isolation_forest,2017-12-25 02:00:00,2017-12-25 05:00:00,4,0.6883131503648428,2017-12-25 02:00:00,,after_hours,A,False
Fox_office_Berniece,isolation_forest,2017-12-25 08:00:00,2017-12-25 11:00:00,4,0.744352411759078,2017-12-25 10:00:00,,after_hours,A,False
Fox_office_Carson,isolation_forest,2017-01-16 18:00:00,2017-01-16 22:00:00,5,0.6695227969061562,2017-01-16 21:00:00,,after_hours,A,False
Fox_office_Carson,isolation_forest,2017-02-03 11:00:00,2017-02-03 11:00:00,1,0.6635119168490732,2017-02-03 11:00:00,,spike,A,False
Fox_office_Carson,isolation_forest,2017-02-03 22:00:00,2017-02-04 06:00:00,9,0.7213710541841407,2017-02-03 22:00:00,,after_hours,A,True
Fox_office_Carson,isolation_forest,2017-02-28 23:00:00,2017-02-28 23:00:00,1,0.6638579068395635,2017-02-28 23:00:00,,after_hours,A,False
Fox_office_Carson,isolation_forest,2017-03-01 23:00:00,2017-03-02 00:00:00,2,0.6859701144011087,2017-03-02 00:00:00,,after_hours,A,False
Fox_office_Carson,isolation_forest,2017-03-02 04:00:00,2017-03-02 04:00:00,1,0.6600498471629787,2017-03-02 04:00:00,,after_hours,A,False
Fox_office_Carson,isolation_forest,2017-03-02 07:00:00,2017-03-02 07:00:00,1,0.6765697127251158,2017-03-02 07:00:00,,spike,A,False
Fox_office_Carson,isolation_forest,2017-03-02 16:00:00,2017-03-02 18:00:00,3,0.670752783233749,2017-03-02 16:00:00,,spike,A,False
Fox_office_Carson,isolation_forest,2017-03-03 00:00:00,2017-03-03 00:00:00,1,0.675356391989751,2017-03-03 00:00:00,,after_hours,A,False
Fox_office_Carson,isolation_forest,2017-03-05 00:00:00,2017-03-05 01:00:00,2,0.7341781629207375,2017-03-05 00:00:00,,after_hours,A,True
Fox_office_Carson,isolation_forest,2017-03-05 04:00:00,2017-03-05 04:00:00,1,0.667967838700825,2017-03-05 04:00:00,,after_hours,A,False
Fox_office_Carson,isolation_forest,2017-03-05 23:00:00,2017-03-05 23:00:00,1,0.6735719715607364,2017-03-05 23:00:00,,after_hours,A,False
Fox_office_Carson,isolation_forest,2017-03-16 05:00:00,2017-03-16 05:00:00,1,0.6877011718846825,2017-03-16 05:00:00,,after_hours,A,False
Fox_office_Carson,isolation_forest,2017-03-17 05:00:00,2017-03-17 05:00:00,1,0.6854130523087858,2017-03-17 05:00:00,,after_hours,A,False
Fox_office_Carson,isolation_forest,2017-03-18 00:00:00,2017-03-18 00:00:00,1,0.6872843397436377,2017-03-18 00:00:00,,after_hours,A,False
Fox_office_Carson,isolation_forest,2017-03-18 05:00:00,2017-03-18 05:00:00,1,0.7051894864426367,2017-03-18 05:00:00,,after_hours,A,False
Fox_office_Carson,isolation_forest,2017-03-19 00:00:00,2017-03-19 00:00:00,1,0.6799346869496184,2017-03-19 00:00:00,,after_hours,A,False
Fox_office_Carson,isolation_forest,2017-03-19 05:00:00,2017-03-19 05:00:00,1,0.6611456437706339,2017-03-19 05:00:00,,after_hours,A,False
Fox_office_Carson,isolation_forest,2017-03-20 00:00:00,2017-03-20 00:00:00,1,0.6613174109818273,2017-03-20 00:00:00,,after_hours,A,False
Fox_office_Carson,isolation_forest,2017-03-21 00:00:00,2017-03-21 00:00:00,1,0.6622462173567396,2017-03-21 00:00:00,,after_hours,A,False
Fox_office_Carson,isolation_forest,2017-04-23 08:00:00,2017-04-23 08:00:00,1,0.6697275693264122,2017-04-23 08:00:00,,after_hours,A,True
Fox_office_Carson,isolation_forest,2017-07-04 12:00:00,2017-07-04 22:00:00,11,0.6838864924682854,2017-07-04 21:00:00,,after_hours,A,False
Fox_office_Carson,isolation_forest,2017-07-29 05:00:00,2017-07-29 23:00:00,19,0.6856515072561026,2017-07-29 06:00:00,,after_hours,A,False
Fox_office_Carson,isolation_forest,2017-07-30 05:00:00,2017-07-30 06:00:00,2,0.6701686199252082,2017-07-30 06:00:00,,after_hours,A,False
Fox_office_Carson,isolation_forest,2017-07-30 23:00:00,2017-07-30 23:00:00,1,0.6731131984466403,2017-07-30 23:00:00,,after_hours,A,False
Fox_office_Carson,isolation_forest,2017-09-04 23:00:00,2017-09-05 01:00:00,3,0.7237997550168994,2017-09-04 23:00:00,,after_hours,A,True
Fox_office_Carson,isolation_forest,2017-09-05 05:00:00,2017-09-05 05:00:00,1,0.67159578301266,2017-09-05 05:00:00,,after_hours,A,False
Fox_office_Carson,isolation_forest,2017-09-24 22:00:00,2017-09-24 23:00:00,2,0.6746972794059019,2017-09-24 23:00:00,,after_hours,A,False
Fox_office_Carson,isolation_forest,2017-11-12 06:00:00,2017-11-12 06:00:00,1,0.6716286691146337,2017-11-12 06:00:00,,after_hours,A,True
Fox_office_Carson,isolation_forest,2017-11-14 06:00:00,2017-11-14 06:00:00,1,0.6669389865984912,2017-11-14 06:00:00,,after_hours,A,True
Fox_office_Carson,isolation_forest,2017-12-25 18:00:00,2017-12-25 18:00:00,1,0.664916921264567,2017-12-25 18:00:00,,after_hours,A,False
Fox_office_Carson,isolation_forest,2017-12-25 22:00:00,2017-12-25 22:00:00,1,0.6755348843351423,2017-12-25 22:00:00,,after_hours,A,False
Fox_office_Carson,isolation_forest,2017-12-26 18:00:00,2017-12-26 18:00:00,1,0.6657528328275117,2017-12-26 18:00:00,,spike,A,False
Fox_office_Demetrius,isolation_forest,2017-06-07 20:00:00,2017-06-07 22:00:00,3,0.6813556434318946,2017-06-07 21:00:00,,after_hours,A,False
Fox_office_Demetrius,isolation_forest,2017-06-15 07:00:00,2017-06-15 08:00:00,2,0.6850494694250524,2017-06-15 07:00:00,,spike,A,True
Fox_office_Demetrius,isolation_forest,2017-09-04 04:00:00,2017-09-04 06:00:00,3,0.7114462231088824,2017-09-04 04:00:00,,after_hours,A,False
Fox_office_Demetrius,isolation_forest,2017-09-11 04:00:00,2017-09-11 04:00:00,1,0.71421610995914,2017-09-11 04:00:00,,after_hours,A,False
Fox_office_Demetrius,isolation_forest,2017-09-18 04:00:00,2017-09-18 04:00:00,1,0.70616663918537,2017-09-18 04:00:00,,after_hours,A,False
Fox_office_Demetrius,isolation_forest,2017-09-25 04:00:00,2017-09-25 04:00:00,1,0.6908976154506695,2017-09-25 04:00:00,,after_hours,A,False
Fox_office_Demetrius,isolation_forest,2017-10-02 04:00:00,2017-10-02 04:00:00,1,0.7082012201866937,2017-10-02 04:00:00,,after_hours,A,False
Fox_office_Demetrius,isolation_forest,2017-10-03 02:00:00,2017-10-03 03:00:00,2,0.7123238116768635,2017-10-03 02:00:00,,after_hours,A,False
Fox_office_Demetrius,isolation_forest,2017-10-04 00:00:00,2017-10-04 01:00:00,2,0.7178318116461639,2017-10-04 00:00:00,,after_hours,A,False
Fox_office_Demetrius,isolation_forest,2017-10-04 12:00:00,2017-10-04 12:00:00,1,0.6923244139673702,2017-10-04 12:00:00,,spike,A,False
Fox_office_Demetrius,isolation_forest,2017-10-05 07:00:00,2017-10-05 07:00:00,1,0.6928650140195698,2017-10-05 07:00:00,,spike,A,False
Fox_office_Demetrius,isolation_forest,2017-10-06 23:00:00,2017-10-07 00:00:00,2,0.7129897641874325,2017-10-07 00:00:00,,after_hours,A,False
Fox_office_Demetrius,isolation_forest,2017-10-07 06:00:00,2017-10-07 08:00:00,3,0.7125564965556445,2017-10-07 06:00:00,,after_hours,A,False
Fox_office_Demetrius,isolation_forest,2017-10-07 12:00:00,2017-10-07 14:00:00,3,0.7128346414229408,2017-10-07 12:00:00,,after_hours,A,False
Fox_office_Demetrius,isolation_forest,2017-10-07 18:00:00,2017-10-07 20:00:00,3,0.7309701994312793,2017-10-07 18:00:00,,after_hours,A,False
Fox_office_Demetrius,isolation_forest,2017-10-08 03:00:00,2017-10-08 05:00:00,3,0.7389004684115472,2017-10-08 03:00:00,,after_hours,A,False
Fox_office_Demetrius,isolation_forest,2017-10-08 09:00:00,2017-10-08 10:00:00,2,0.6984581589253546,2017-10-08 09:00:00,,after_hours,A,False
Fox_office_Demetrius,isolation_forest,2017-10-08 18:00:00,2017-10-08 18:00:00,1,0.7025707898897453,2017-10-08 18:00:00,,after_hours,A,False
Fox_office_Demetrius,isolation_forest,2017-10-09 04:00:00,2017-10-09 20:00:00,17,0.7089245595563688,2017-10-09 04:00:00,,after_hours,A,False
Fox_office_Demetrius,isolation_forest,2017-10-16 04:00:00,2017-10-16 04:00:00,1,0.7033686387815358,2017-10-16 04:00:00,,after_hours,A,False
Fox_office_Demetrius,isolation_forest,2017-10-17 19:00:00,2017-10-17 21:00:00,3,0.6884139614655618,2017-10-17 19:00:00,,after_hours,A,False
Fox_office_Demetrius,isolation_forest,2017-10-18 02:00:00,2017-10-18 03:00:00,2,0.709992923180204,2017-10-18 03:00:00,,after_hours,A,False
Fox_office_Demetrius,isolation_forest,2017-10-20 17:00:00,2017-10-20 17:00:00,1,0.6825298155235949,2017-10-20 17:00:00,,spike,A,True
Fox_office_Demetrius,isolation_forest,2017-10-20 21:00:00,2017-10-20 21:00:00,1,0.6984039476794061,2017-10-20 21:00:00,,after_hours,A,True
Fox_office_Demetrius,isolation_forest,2017-10-21 00:00:00,2017-10-21 00:00:00,1,0.7187287137424048,2017-10-21 00:00:00,,after_hours,A,True
Fox_office_Demetrius,isolation_forest,2017-10-21 07:00:00,2017-10-21 07:00:00,1,0.6941588763632277,2017-10-21 07:00:00,,after_hours,A,True
Fox_office_Demetrius,isolation_forest,2017-10-21 14:00:00,2017-10-21 15:00:00,2,0.6918706170927349,2017-10-21 14:00:00,,after_hours,A,True
Fox_office_Demetrius,isolation_forest,2017-10-21 19:00:00,2017-10-21 20:00:00,2,0.7158810469471725,2017-10-21 19:00:00,,after_hours,A,True
Fox_office_Demetrius,isolation_forest,2017-10-21 23:00:00,2017-10-22 03:00:00,5,0.7264519971887408,2017-10-21 23:00:00,,after_hours,A,True
Fox_office_Demetrius,isolation_forest,2017-10-22 06:00:00,2017-10-22 07:00:00,2,0.682296014162121,2017-10-22 06:00:00,,after_hours,A,True
Fox_office_Demetrius,isolation_forest,2017-10-22 21:00:00,2017-10-22 21:00:00,1,0.7152396358663371,2017-10-22 21:00:00,,after_hours,A,True
Fox_office_Demetrius,isolation_forest,2017-10-23 04:00:00,2017-10-23 04:00:00,1,0.6896169020866035,2017-10-23 04:00:00,,after_hours,A,True
Fox_office_Demetrius,isolation_forest,2017-10-24 02:00:00,2017-10-24 02:00:00,1,0.6906307982710687,2017-10-24 02:00:00,,after_hours,A,True
Fox_office_Demetrius,isolation_forest,2017-10-24 21:00:00,2017-10-24 21:00:00,1,0.706339199837884,2017-10-24 21:00:00,,after_hours,A,True
Fox_office_Demetrius,isolation_forest,2017-10-25 00:00:00,2017-10-25 01:00:00,2,0.6966709816403305,2017-10-25 00:00:00,,after_hours,A,True
Fox_office_Demetrius,isolation_forest,2017-10-27 00:00:00,2017-10-27 00:00:00,1,0.7094679895603684,2017-10-27 00:00:00,,after_hours,A,True
Fox_office_Demetrius,isolation_forest,2017-10-27 03:00:00,2017-10-27 03:00:00,1,0.7038461167626463,2017-10-27 03:00:00,,after_hours,A,True
Fox_office_Demetrius,isolation_forest,2017-10-27 20:00:00,2017-10-27 20:00:00,1,0.6896948124334443,2017-10-27 20:00:00,,after_hours,A,True
Fox_office_Demetrius,isolation_forest,2017-10-28 01:00:00,2017-10-28 02:00:00,2,0.6929618832620511,2017-10-28 01:00:00,,after_hours,A,True
Fox_office_Demetrius,isolation_forest,2017-10-28 07:00:00,2017-10-28 08:00:00,2,0.6835874254095539,2017-10-28 07:00:00,,after_hours,A,True
Fox_office_Demetrius,isolation_forest,2017-10-28 12:00:00,2017-10-28 13:00:00,2,0.6881785330830029,2017-10-28 12:00:00,,after_hours,A,True
Fox_office_Demetrius,isolation_forest,2017-10-28 21:00:00,2017-10-28 21:00:00,1,0.7133422691584688,2017-10-28 21:00:00,,after_hours,A,True
Fox_office_Demetrius,isolation_forest,2017-10-29 01:00:00,2017-10-29 05:00:00,5,0.7242377792058018,2017-10-29 01:00:00,,after_hours,A,True
Fox_office_Demetrius,isolation_forest,2017-10-30 04:00:00,2017-10-30 05:00:00,2,0.6969909386904273,2017-10-30 04:00:00,,after_hours,A,True
Fox_office_Demetrius,isolation_forest,2017-10-30 21:00:00,2017-10-30 21:00:00,1,0.7096886170613284,2017-10-30 21:00:00,,after_hours,A,True
Fox_office_Demetrius,isolation_forest,2017-10-31 06:00:00,2017-10-31 09:00:00,4,0.701975144808979,2017-10-31 07:00:00,,spike,A,True
Fox_office_Demetrius,isolation_forest,2017-10-31 19:00:00,2017-10-31 19:00:00,1,0.6826551930546929,2017-10-31 19:00:00,,after_hours,A,True
Fox_office_Demetrius,isolation_forest,2017-11-01 00:00:00,2017-11-01 01:00:00,2,0.7094874628281495,2017-11-01 00:00:00,,after_hours,A,True
Fox_office_Demetrius,isolation_forest,2017-11-01 04:00:00,2017-11-01 04:00:00,1,0.711837853670507,2017-11-01 04:00:00,,after_hours,A,True
Fox_office_Demetrius,isolation_forest,2017-11-02 06:00:00,2017-11-02 06:00:00,1,0.6987741361311078,2017-11-02 06:00:00,,after_hours,A,True
Fox_office_Demetrius,isolation_forest,2017-11-03 03:00:00,2017-11-03 03:00:00,1,0.7019086161090026,2017-11-03 03:00:00,,after_hours,A,True
Fox_office_Demetrius,isolation_forest,2017-11-04 00:00:00,2017-11-04 00:00:00,1,0.7237275239193505,2017-11-04 00:00:00,,after_hours,A,True
Fox_office_Demetrius,isolation_forest,2017-11-04 06:00:00,2017-11-04 09:00:00,4,0.6896276713450149,2017-11-04 06:00:00,,after_hours,A,True
Fox_office_Demetrius,isolation_forest,2017-11-04 12:00:00,2017-11-04 21:00:00,10,0.7208064769916309,2017-11-04 20:00:00,,after_hours,A,True
Fox_office_Demetrius,isolation_forest,2017-11-05 00:00:00,2017-11-05 00:00:00,1,0.7265993678284832,2017-11-05 00:00:00,,after_hours,A,True
Fox_office_Demetrius,isolation_forest,2017-11-05 19:00:00,2017-11-05 19:00:00,1,0.6923539290630861,2017-11-05 19:00:00,,after_hours,A,True
Fox_office_Demetrius,isolation_forest,2017-11-06 03:00:00,2017-11-06 04:00:00,2,0.6922879580433452,2017-11-06 03:00:00,,after_hours,A,True
Fox_office_Demetrius,isolation_forest,2017-11-09 04:00:00,2017-11-09 04:00:00,1,0.6885814776890222,2017-11-09 04:00:00,,after_hours,A,True
Fox_office_Demetrius,isolation_forest,2017-11-09 08:00:00,2017-11-09 10:00:00,3,0.6860039271422304,2017-11-09 08:00:00,,spike,A,True
Fox_office_Demetrius,isolation_forest,2017-11-09 20:00:00,2017-11-09 20:00:00,1,0.6984407359568199,2017-11-09 20:00:00,,after_hours,A,True
Fox_office_Demetrius,isolation_forest,2017-11-10 01:00:00,2017-11-10 02:00:00,2,0.7142036864374217,2017-11-10 01:00:00,,after_hours,A,True
Fox_office_Demetrius,isolation_forest,2017-11-10 07:00:00,2017-11-11 00:00:00,18,0.7271198227985697,2017-11-10 16:00:00,,after_hours,A,True
Fox_office_Demetrius,isolation_forest,2017-11-14 16:00:00,2017-11-14 16:00:00,1,0.7115463819403454,2017-11-14 16:00:00,,spike,A,True
Fox_office_Demetrius,isolation_forest,2017-11-14 23:00:00,2017-11-15 00:00:00,2,0.6906250464749923,2017-11-14 23:00:00,,after_hours,A,True
Fox_office_Demetrius,isolation_forest,2017-11-16 07:00:00,2017-11-16 07:00:00,1,0.6835476772212693,2017-11-16 07:00:00,,spike,A,True
Fox_office_Demetrius,isolation_forest,2017-11-16 16:00:00,2017-11-16 16:00:00,1,0.6998206088822702,2017-11-16 16:00:00,,spike,A,True
Fox_office_Demetrius,isolation_forest,2017-11-17 00:00:00,2017-11-17 00:00:00,1,0.6992443952407505,2017-11-17 00:00:00,,after_hours,A,True
Fox_office_Demetrius,isolation_forest,2017-12-05 21:00:00,2017-12-06 09:00:00,13,0.7242994359441598,2017-12-06 00:00:00,,after_hours,A,False
Fox_office_Demetrius,isolation_forest,2017-12-08 01:00:00,2017-12-08 07:00:00,7,0.6868758475018543,2017-12-08 03:00:00,,after_hours,A,False
Fox_office_Demetrius,isolation_forest,2017-12-08 20:00:00,2017-12-10 04:00:00,33,0.7414982779574295,2017-12-10 00:00:00,,after_hours,A,False
Fox_office_Demetrius,isolation_forest,2017-12-10 21:00:00,2017-12-10 21:00:00,1,0.711783593698173,2017-12-10 21:00:00,,after_hours,A,False
Fox_office_Demetrius,isolation_forest,2017-12-17 02:00:00,2017-12-17 02:00:00,1,0.695276969577212,2017-12-17 02:00:00,,after_hours,A,False
Fox_office_Demetrius,isolation_forest,2017-12-22 16:00:00,2017-12-23 23:00:00,32,0.7057443604298242,2017-12-23 03:00:00,,after_hours,A,False
Fox_office_Easter,isolation_forest,2017-01-02 05:00:00,2017-01-02 05:00:00,1,0.7593867713639454,2017-01-02 05:00:00,,after_hours,A,False
Fox_office_Easter,isolation_forest,2017-01-02 09:00:00,2017-01-02 21:00:00,13,0.7808101201211183,2017-01-02 09:00:00,,after_hours,A,False
Fox_office_Easter,isolation_forest,2017-01-03 05:00:00,2017-01-03 05:00:00,1,0.7335205184220707,2017-01-03 05:00:00,,after_hours,A,False
Fox_office_Easter,isolation_forest,2017-01-16 05:00:00,2017-01-16 05:00:00,1,0.7642835031735268,2017-01-16 05:00:00,,after_hours,A,False
Fox_office_Easter,isolation_forest,2017-01-16 09:00:00,2017-01-16 21:00:00,13,0.7679738103936785,2017-01-16 09:00:00,,after_hours,A,False
Fox_office_Easter,isolation_forest,2017-02-20 05:00:00,2017-02-20 05:00:00,1,0.7476158658184756,2017-02-20 05:00:00,,after_hours,A,False
Fox_office_Easter,isolation_forest,2017-02-20 09:00:00,2017-02-20 20:00:00,12,0.7535183762786987,2017-02-20 17:00:00,,after_hours,A,False
Fox_office_Easter,isolation_forest,2017-09-04 06:00:00,2017-09-04 06:00:00,1,0.6913891882743242,2017-09-04 06:00:00,,after_hours,A,False
Fox_office_Easter,isolation_forest,2017-09-25 23:00:00,2017-09-26 00:00:00,2,0.7287299416363167,2017-09-25 23:00:00,,after_hours,A,True
Fox_office_Easter,isolation_forest,2017-10-09 08:00:00,2017-10-09 08:00:00,1,0.6990636939232941,2017-10-09 08:00:00,,after_hours,A,False
Fox_office_Easter,isolation_forest,2017-10-09 15:00:00,2017-10-09 17:00:00,3,0.6959525731392889,2017-10-09 16:00:00,,after_hours,A,False
Fox_office_Easter,isolation_forest,2017-11-23 06:00:00,2017-11-23 06:00:00,1,0.7087269421728368,2017-11-23 06:00:00,,after_hours,A,False
Fox_office_Easter,isolation_forest,2017-12-05 14:00:00,2017-12-05 15:00:00,2,0.7331764439657705,2017-12-05 14:00:00,,spike,A,True
Fox_office_Easter,isolation_forest,2017-12-25 05:00:00,2017-12-25 05:00:00,1,0.7183461307099523,2017-12-25 05:00:00,,after_hours,A,False
Fox_office_Easter,isolation_forest,2017-12-25 10:00:00,2017-12-25 21:00:00,12,0.7542388756198766,2017-12-25 10:00:00,,after_hours,A,False
Fox_office_Easter,isolation_forest,2017-12-26 05:00:00,2017-12-26 05:00:00,1,0.7061729420108064,2017-12-26 05:00:00,,after_hours,A,False
Fox_office_Edythe,isolation_forest,2017-01-03 13:00:00,2017-01-03 13:00:00,1,0.6650339210910833,2017-01-03 13:00:00,,spike,A,True
Fox_office_Edythe,isolation_forest,2017-01-24 14:00:00,2017-01-24 14:00:00,1,0.6529826572912174,2017-01-24 14:00:00,,spike,A,False
Fox_office_Edythe,isolation_forest,2017-02-10 01:00:00,2017-02-10 06:00:00,6,0.6745878976346449,2017-02-10 05:00:00,,after_hours,A,True
Fox_office_Edythe,isolation_forest,2017-02-11 02:00:00,2017-02-11 02:00:00,1,0.6335171807869093,2017-02-11 02:00:00,,after_hours,A,False
Fox_office_Edythe,isolation_forest,2017-02-20 08:00:00,2017-02-21 00:00:00,17,0.7217852380933094,2017-02-20 17:00:00,,after_hours,A,False
Fox_office_Edythe,isolation_forest,2017-03-18 00:00:00,2017-03-18 00:00:00,1,0.6548355866325019,2017-03-18 00:00:00,,after_hours,A,False
Fox_office_Edythe,isolation_forest,2017-03-19 03:00:00,2017-03-19 05:00:00,3,0.6390636496656773,2017-03-19 05:00:00,,after_hours,A,False
Fox_office_Edythe,isolation_forest,2017-03-26 05:00:00,2017-03-26 05:00:00,1,0.6398322078813447,2017-03-26 05:00:00,,after_hours,A,False
Fox_office_Edythe,isolation_forest,2017-04-08 01:00:00,2017-04-08 03:00:00,3,0.680216549131531,2017-04-08 02:00:00,,after_hours,A,False
Fox_office_Edythe,isolation_forest,2017-04-08 12:00:00,2017-04-08 12:00:00,1,0.6603488032403614,2017-04-08 12:00:00,,after_hours,A,False
Fox_office_Edythe,isolation_forest,2017-04-09 00:00:00,2017-04-09 02:00:00,3,0.6868478978359439,2017-04-09 00:00:00,,after_hours,A,False
Fox_office_Edythe,isolation_forest,2017-04-09 11:00:00,2017-04-09 11:00:00,1,0.6756334808141977,2017-04-09 11:00:00,,after_hours,A,False
Fox_office_Edythe,isolation_forest,2017-04-22 07:00:00,2017-04-22 07:00:00,1,0.6445071859170596,2017-04-22 07:00:00,,after_hours,A,False
Fox_office_Edythe,isolation_forest,2017-05-23 05:00:00,2017-05-23 08:00:00,4,0.702662347556804,2017-05-23 05:00:00,,spike,A,True
Fox_office_Edythe,isolation_forest,2017-05-23 21:00:00,2017-05-23 21:00:00,1,0.6375709292486068,2017-05-23 21:00:00,,after_hours,A,False
Fox_office_Edythe,isolation_forest,2017-06-21 23:00:00,2017-06-21 23:00:00,1,0.6561964251411804,2017-06-21 23:00:00,,after_hours,A,False
Fox_office_Edythe,isolation_forest,2017-06-22 10:00:00,2017-06-22 10:00:00,1,0.6339087552842584,2017-06-22 10:00:00,,spike,A,False
Fox_office_Edythe,isolation_forest,2017-06-22 13:00:00,2017-06-22 13:00:00,1,0.6449738312024967,2017-06-22 13:00:00,,spike,A,False
Fox_office_Edythe,isolation_forest,2017-06-24 00:00:00,2017-06-24 01:00:00,2,0.667416764135591,2017-06-24 00:00:00,,after_hours,A,False
Fox_office_Edythe,isolation_forest,2017-07-01 00:00:00,2017-07-01 00:00:00,1,0.6485220023959017,2017-07-01 00:00:00,,after_hours,A,False
Fox_office_Edythe,isolation_forest,2017-07-30 23:00:00,2017-07-30 23:00:00,1,0.6856088610938005,2017-07-30 23:00:00,,after_hours,A,False
Fox_office_Edythe,isolation_forest,2017-08-04 08:00:00,2017-08-04 08:00:00,1,0.6994239866898468,2017-08-04 08:00:00,,spike,A,False
Fox_office_Edythe,isolation_forest,2017-08-05 12:00:00,2017-08-05 12:00:00,1,0.6370271650602154,2017-08-05 12:00:00,,after_hours,A,False
Fox_office_Edythe,isolation_forest,2017-08-26 10:00:00,2017-08-26 11:00:00,2,0.6424962198968543,2017-08-26 11:00:00,,after_hours,A,False
Fox_office_Edythe,isolation_forest,2017-10-06 04:00:00,2017-10-06 07:00:00,4,0.6795976334061945,2017-10-06 07:00:00,,after_hours,A,False
Fox_office_Edythe,isolation_forest,2017-10-07 04:00:00,2017-10-07 04:00:00,1,0.6359078406724827,2017-10-07 04:00:00,,after_hours,A,False
Fox_office_Edythe,isolation_forest,2017-10-07 07:00:00,2017-10-08 21:00:00,39,0.7144662179394082,2017-10-08 01:00:00,,after_hours,A,True
Fox_office_Edythe,isolation_forest,2017-10-09 03:00:00,2017-10-09 10:00:00,8,0.6793641821603768,2017-10-09 07:00:00,,after_hours,A,True
Fox_office_Edythe,isolation_forest,2017-10-09 13:00:00,2017-10-09 18:00:00,6,0.6593541335552309,2017-10-09 14:00:00,,after_hours,A,True
Fox_office_Edythe,isolation_forest,2017-11-04 08:00:00,2017-11-04 08:00:00,1,0.6540863784047788,2017-11-04 08:00:00,,after_hours,A,True
Fox_office_Edythe,isolation_forest,2017-11-23 00:00:00,2017-11-23 00:00:00,1,0.6348366653825155,2017-11-23 00:00:00,,after_hours,A,False
Fox_office_Edythe,isolation_forest,2017-11-24 13:00:00,2017-11-24 19:00:00,7,0.654309813805768,2017-11-24 18:00:00,,spike,A,False
Fox_office_Edythe,isolation_forest,2017-12-14 23:00:00,2017-12-15 06:00:00,8,0.6850318497755368,2017-12-15 05:00:00,,after_hours,A,True
Fox_office_Edythe,isolation_forest,2017-12-22 20:00:00,2017-12-22 20:00:00,1,0.6677109841287759,2017-12-22 20:00:00,,after_hours,A,False
Rat_office_Colby,isolation_forest,2017-06-16 00:00:00,2017-06-16 00:00:00,1,0.6726264687751554,2017-06-16 00:00:00,,after_hours,A,False
Rat_office_Colby,isolation_forest,2017-06-16 04:00:00,2017-06-19 00:00:00,69,0.7203865812481395,2017-06-16 19:00:00,,after_hours,A,False
Rat_office_Colby,isolation_forest,2017-08-28 00:00:00,2017-08-29 13:00:00,38,0.7258189439345997,2017-08-28 19:00:00,,spike,A,False
Rat_office_Colby,isolation_forest,2017-08-29 17:00:00,2017-08-30 13:00:00,21,0.6680095107568411,2017-08-30 00:00:00,,after_hours,A,False
Rat_office_Colby,isolation_forest,2017-08-30 17:00:00,2017-09-01 00:00:00,32,0.6777908687237914,2017-08-31 23:00:00,,after_hours,A,False
Rat_office_Colby,isolation_forest,2017-09-01 08:00:00,2017-09-01 10:00:00,3,0.6603786450302059,2017-09-01 09:00:00,,spike,A,False
Rat_office_Colby,isolation_forest,2017-10-08 19:00:00,2017-10-08 19:00:00,1,0.7224933263761906,2017-10-08 19:00:00,,after_hours,A,True
Rat_office_Colby,isolation_forest,2017-11-05 00:00:00,2017-11-05 00:00:00,1,0.7006302574837087,2017-11-05 00:00:00,,after_hours,A,False
Rat_office_Colby,isolation_forest,2017-11-10 19:00:00,2017-11-10 20:00:00,2,0.7078181610785681,2017-11-10 19:00:00,,after_hours,A,True
Rat_office_Colby,isolation_forest,2017-11-14 01:00:00,2017-11-15 01:00:00,25,0.7133413705206917,2017-11-14 18:00:00,,after_hours,A,False
Rat_office_Colby,isolation_forest,2017-12-16 17:00:00,2017-12-17 01:00:00,9,0.724191259107343,2017-12-17 00:00:00,,after_hours,A,False
Bull_office_Chantel,lightgbm,2017-01-14 06:00:00,2017-01-14 16:00:00,11,6.9394298516525605,2017-01-14 15:00:00,,after_hours,A,False
Bull_office_Chantel,lightgbm,2017-01-14 20:00:00,2017-01-15 01:00:00,6,6.224956818229103,2017-01-14 23:00:00,,after_hours,A,False
Bull_office_Chantel,lightgbm,2017-01-15 06:00:00,2017-01-15 07:00:00,2,4.923548161211273,2017-01-15 06:00:00,,after_hours,A,False
Bull_office_Chantel,lightgbm,2017-01-15 12:00:00,2017-01-15 15:00:00,4,4.858596597590003,2017-01-15 14:00:00,,after_hours,A,False
Bull_office_Chantel,lightgbm,2017-01-15 21:00:00,2017-01-15 21:00:00,1,4.290971896837804,2017-01-15 21:00:00,,after_hours,A,False
Bull_office_Chantel,lightgbm,2017-01-16 09:00:00,2017-01-16 17:00:00,9,6.442141785796951,2017-01-16 12:00:00,,after_hours,A,False
Bull_office_Chantel,lightgbm,2017-01-16 20:00:00,2017-01-16 21:00:00,2,5.074741628508384,2017-01-16 21:00:00,,after_hours,A,False
Bull_office_Chantel,lightgbm,2017-01-21 13:00:00,2017-01-21 13:00:00,1,4.698462914942645,2017-01-21 13:00:00,,after_hours,A,False
Bull_office_Chantel,lightgbm,2017-01-21 21:00:00,2017-01-21 21:00:00,1,4.458421674959636,2017-01-21 21:00:00,,after_hours,A,False
Bull_office_Chantel,lightgbm,2017-01-31 13:00:00,2017-02-01 15:00:00,27,6.467823308153992,2017-02-01 06:00:00,,spike,A,False
Bull_office_Chantel,lightgbm,2017-02-08 03:00:00,2017-02-08 03:00:00,1,4.1833723996867995,2017-02-08 03:00:00,,after_hours,A,False
Bull_office_Chantel,lightgbm,2017-02-20 09:00:00,2017-02-20 16:00:00,8,6.850610687226585,2017-02-20 10:00:00,,after_hours,A,False
Bull_office_Chantel,lightgbm,2017-02-25 07:00:00,2017-02-25 20:00:00,14,7.2560458911654795,2017-02-25 11:00:00,,after_hours,A,False
Bull_office_Chantel,lightgbm,2017-03-25 10:00:00,2017-03-25 18:00:00,9,7.3934461975989265,2017-03-25 12:00:00,,after_hours,A,False
Bull_office_Chantel,lightgbm,2017-04-08 09:00:00,2017-04-08 16:00:00,8,5.768685303395672,2017-04-08 11:00:00,,after_hours,A,False
Bull_office_Chantel,lightgbm,2017-04-15 11:00:00,2017-04-15 12:00:00,2,4.873542497149732,2017-04-15 12:00:00,,after_hours,A,False
Bull_office_Chantel,lightgbm,2017-04-15 16:00:00,2017-04-15 17:00:00,2,4.503494178496859,2017-04-15 17:00:00,,after_hours,A,False
Bull_office_Chantel,lightgbm,2017-04-20 07:00:00,2017-04-20 07:00:00,1,9.654747189888923,2017-04-20 07:00:00,,spike,A,False
Bull_office_Chantel,lightgbm,2017-04-26 17:00:00,2017-04-26 18:00:00,2,13.313282032428628,2017-04-26 18:00:00,,spike,A,True
Bull_office_Chantel,lightgbm,2017-05-09 03:00:00,2017-05-09 03:00:00,1,4.302490911190043,2017-05-09 03:00:00,,after_hours,A,False
Bull_office_Chantel,lightgbm,2017-05-31 08:00:00,2017-05-31 08:00:00,1,4.17305881495432,2017-05-31 08:00:00,,spike,A,False
Bull_office_Chantel,lightgbm,2017-06-03 07:00:00,2017-06-03 11:00:00,5,5.917823733596391,2017-06-03 08:00:00,,after_hours,A,False
Bull_office_Chantel,lightgbm,2017-06-11 16:00:00,2017-06-11 16:00:00,1,7.169297319979548,2017-06-11 16:00:00,,after_hours,A,True
Bull_office_Chantel,lightgbm,2017-06-17 09:00:00,2017-06-17 11:00:00,3,5.793121825458184,2017-06-17 09:00:00,,after_hours,A,True
Bull_office_Chantel,lightgbm,2017-07-02 07:00:00,2017-07-02 07:00:00,1,4.385520114144082,2017-07-02 07:00:00,,after_hours,A,False
Bull_office_Chantel,lightgbm,2017-07-15 17:00:00,2017-07-15 19:00:00,3,4.184704724097844,2017-07-15 17:00:00,,after_hours,A,False
Bull_office_Chantel,lightgbm,2017-07-16 02:00:00,2017-07-16 02:00:00,1,4.212849236783985,2017-07-16 02:00:00,,after_hours,A,False
Bull_office_Chantel,lightgbm,2017-07-20 02:00:00,2017-07-20 03:00:00,2,4.999451068117227,2017-07-20 02:00:00,,after_hours,A,False
Bull_office_Chantel,lightgbm,2017-07-20 17:00:00,2017-07-20 23:00:00,7,6.250261448239369,2017-07-20 20:00:00,,after_hours,A,False
Bull_office_Chantel,lightgbm,2017-07-21 02:00:00,2017-07-21 03:00:00,2,4.843315560997835,2017-07-21 02:00:00,,after_hours,A,False
Bull_office_Chantel,lightgbm,2017-07-21 10:00:00,2017-07-21 10:00:00,1,4.369913871919849,2017-07-21 10:00:00,,spike,A,False
Bull_office_Chantel,lightgbm,2017-07-21 17:00:00,2017-07-22 00:00:00,8,5.061276591139904,2017-07-21 22:00:00,,after_hours,A,False
Bull_office_Chantel,lightgbm,2017-07-22 06:00:00,2017-07-22 09:00:00,4,4.59182930373993,2017-07-22 07:00:00,,after_hours,A,False
Bull_office_Chantel,lightgbm,2017-07-22 16:00:00,2017-07-22 17:00:00,2,5.48690026335385,2017-07-22 16:00:00,,after_hours,A,False
Bull_office_Chantel,lightgbm,2017-07-23 00:00:00,2017-07-23 03:00:00,4,4.627767287912936,2017-07-23 02:00:00,,after_hours,A,False
Bull_office_Chantel,lightgbm,2017-07-23 06:00:00,2017-07-23 06:00:00,1,4.671874751127878,2017-07-23 06:00:00,,after_hours,A,False
Bull_office_Chantel,lightgbm,2017-07-23 17:00:00,2017-07-23 20:00:00,4,4.750796828126871,2017-07-23 20:00:00,,after_hours,A,False
Bull_office_Chantel,lightgbm,2017-07-24 19:00:00,2017-07-24 20:00:00,2,4.7174828073166335,2017-07-24 20:00:00,,after_hours,A,False
Bull_office_Chantel,lightgbm,2017-07-25 02:00:00,2017-07-25 03:00:00,2,5.454013842824564,2017-07-25 03:00:00,,after_hours,A,False
Bull_office_Chantel,lightgbm,2017-07-25 17:00:00,2017-07-25 20:00:00,4,5.1106111226534,2017-07-25 19:00:00,,spike,A,False
Bull_office_Chantel,lightgbm,2017-07-26 00:00:00,2017-07-26 04:00:00,5,6.305914210540993,2017-07-26 03:00:00,,after_hours,A,False
Bull_office_Chantel,lightgbm,2017-07-26 19:00:00,2017-07-26 21:00:00,3,5.045744824139847,2017-07-26 20:00:00,,after_hours,A,False
Bull_office_Chantel,lightgbm,2017-07-27 00:00:00,2017-07-27 03:00:00,4,4.546822850742963,2017-07-27 02:00:00,,after_hours,A,False
Bull_office_Chantel,lightgbm,2017-07-28 10:00:00,2017-07-28 10:00:00,1,4.548002285057433,2017-07-28 10:00:00,,spike,A,False
Bull_office_Chantel,lightgbm,2017-07-29 09:00:00,2017-07-29 10:00:00,2,5.009412077441845,2017-07-29 10:00:00,,after_hours,A,False
Bull_office_Chantel,lightgbm,2017-07-29 13:00:00,2017-07-29 14:00:00,2,5.423491852382615,2017-07-29 13:00:00,,after_hours,A,False
Bull_office_Chantel,lightgbm,2017-07-29 17:00:00,2017-07-29 18:00:00,2,4.399654777592758,2017-07-29 17:00:00,,after_hours,A,False
Bull_office_Chantel,lightgbm,2017-07-30 14:00:00,2017-07-30 22:00:00,9,7.002451063246707,2017-07-30 18:00:00,,after_hours,A,False
Bull_office_Chantel,lightgbm,2017-07-31 19:00:00,2017-07-31 20:00:00,2,4.360471460774493,2017-07-31 19:00:00,,after_hours,A,False
Bull_office_Chantel,lightgbm,2017-08-01 18:00:00,2017-08-01 19:00:00,2,4.249167961036797,2017-08-01 18:00:00,,spike,A,False
Bull_office_Chantel,lightgbm,2017-08-05 07:00:00,2017-08-05 15:00:00,9,7.071360372876308,2017-08-05 14:00:00,,after_hours,A,False
Bull_office_Chantel,lightgbm,2017-08-05 18:00:00,2017-08-05 22:00:00,5,6.233999780733441,2017-08-05 20:00:00,,after_hours,A,False
Bull_office_Chantel,lightgbm,2017-08-08 13:00:00,2017-08-08 13:00:00,1,41.104406626737386,2017-08-08 13:00:00,,spike,A,False
Bull_office_Chantel,lightgbm,2017-08-12 15:00:00,2017-08-12 16:00:00,2,4.577985013743555,2017-08-12 16:00:00,,after_hours,A,False
Bull_office_Chantel,lightgbm,2017-08-12 19:00:00,2017-08-12 20:00:00,2,4.5643177166972695,2017-08-12 19:00:00,,after_hours,A,False
Bull_office_Chantel,lightgbm,2017-09-01 14:00:00,2017-09-01 17:00:00,4,4.360760531833165,2017-09-01 17:00:00,,spike,A,False
Bull_office_Chantel,lightgbm,2017-09-02 00:00:00,2017-09-02 17:00:00,18,8.139159220606016,2017-09-02 06:00:00,,after_hours,A,False
Bull_office_Chantel,lightgbm,2017-09-09 02:00:00,2017-09-09 06:00:00,5,5.540569591956617,2017-09-09 06:00:00,,after_hours,A,False
Bull_office_Chantel,lightgbm,2017-09-09 14:00:00,2017-09-09 21:00:00,8,6.776285221246163,2017-09-09 17:00:00,,after_hours,A,False
Bull_office_Chantel,lightgbm,2017-10-06 15:00:00,2017-10-08 01:00:00,35,11.133251856243755,2017-10-07 17:00:00,,after_hours,A,False
Bull_office_Chantel,lightgbm,2017-10-20 17:00:00,2017-10-20 17:00:00,1,4.21820091299097,2017-10-20 17:00:00,,spike,A,True
Bull_office_Chantel,lightgbm,2017-10-20 20:00:00,2017-10-20 20:00:00,1,4.524459800782689,2017-10-20 20:00:00,,after_hours,A,True
Bull_office_Chantel,lightgbm,2017-10-21 02:00:00,2017-10-21 16:00:00,15,7.605762832650338,2017-10-21 09:00:00,,after_hours,A,True
Bull_office_Chantel,lightgbm,2017-11-05 21:00:00,2017-11-05 21:00:00,1,4.374385467992764,2017-11-05 21:00:00,,after_hours,A,True
Bull_office_Chantel,lightgbm,2017-11-10 10:00:00,2017-11-11 23:00:00,38,9.172100147677511,2017-11-11 22:00:00,,after_hours,A,True
Bull_office_Chantel,lightgbm,2017-11-20 11:00:00,2017-11-20 11:00:00,1,18.65335835074153,2017-11-20 11:00:00,,spike,A,False
Bull_office_Chantel,lightgbm,2017-11-24 05:00:00,2017-11-24 05:00:00,1,7.143583391651423,2017-11-24 05:00:00,,after_hours,A,False
Bull_office_Chantel,lightgbm,2017-11-24 10:00:00,2017-11-24 10:00:00,1,44.086818075178485,2017-11-24 10:00:00,,spike,A,False
Bull_office_Chantel,lightgbm,2017-11-24 18:00:00,2017-11-24 18:00:00,1,4.7127410237924385,2017-11-24 18:00:00,,spike,A,False
Bull_office_Chantel,lightgbm,2017-11-28 13:00:00,2017-11-28 13:00:00,1,4.757147747345419,2017-11-28 13:00:00,,spike,A,False
Bull_office_Chantel,lightgbm,2017-12-11 23:00:00,2017-12-11 23:00:00,1,5.451485250579415,2017-12-11 23:00:00,,after_hours,A,False
Bull_office_Chantel,lightgbm,2017-12-19 18:00:00,2017-12-19 23:00:00,6,6.9521231192201025,2017-12-19 19:00:00,,after_hours,A,False
Bull_office_Chantel,lightgbm,2017-12-20 14:00:00,2017-12-20 17:00:00,4,5.447917955921783,2017-12-20 16:00:00,,spike,A,False
Bull_office_Lilla,lightgbm,2017-01-02 04:00:00,2017-01-02 20:00:00,17,8.907238740104592,2017-01-02 14:00:00,,after_hours,A,False
Bull_office_Lilla,lightgbm,2017-01-04 20:00:00,2017-01-04 20:00:00,1,4.239688155266916,2017-01-04 20:00:00,,after_hours,A,False
Bull_office_Lilla,lightgbm,2017-01-06 14:00:00,2017-01-06 18:00:00,5,6.037828304995804,2017-01-06 15:00:00,,spike,A,False
Bull_office_Lilla,lightgbm,2017-01-07 00:00:00,2017-01-08 23:00:00,48,15.66864362975371,2017-01-07 20:00:00,,after_hours,A,False
Bull_office_Lilla,lightgbm,2017-01-13 16:00:00,2017-01-13 16:00:00,1,4.958299692667862,2017-01-13 16:00:00,,spike,A,False
Bull_office_Lilla,lightgbm,2017-01-14 11:00:00,2017-01-14 20:00:00,10,6.96024403825541,2017-01-14 18:00:00,,after_hours,A,False
Bull_office_Lilla,lightgbm,2017-01-15 16:00:00,2017-01-15 19:00:00,4,5.0021854585709375,2017-01-15 17:00:00,,after_hours,A,False
Bull_office_Lilla,lightgbm,2017-01-17 08:00:00,2017-01-17 16:00:00,9,5.873182055063687,2017-01-17 14:00:00,,spike,A,False
Bull_office_Lilla,lightgbm,2017-01-19 14:00:00,2017-01-19 14:00:00,1,16.252348951551436,2017-01-19 14:00:00,,spike,A,False
Bull_office_Lilla,lightgbm,2017-01-21 15:00:00,2017-01-21 15:00:00,1,4.368926337889369,2017-01-21 15:00:00,,after_hours,A,False
Bull_office_Lilla,lightgbm,2017-01-24 15:00:00,2017-01-24 15:00:00,1,4.212996223153274,2017-01-24 15:00:00,,spike,A,False
Bull_office_Lilla,lightgbm,2017-02-06 02:00:00,2017-02-06 02:00:00,1,4.13100869149068,2017-02-06 02:00:00,,after_hours,A,True
Bull_office_Lilla,lightgbm,2017-02-06 15:00:00,2017-02-06 16:00:00,2,4.388365013727328,2017-02-06 16:00:00,,spike,A,True
Bull_office_Lilla,lightgbm,2017-02-07 13:00:00,2017-02-07 17:00:00,5,5.04128104637354,2017-02-07 13:00:00,,spike,A,True
Bull_office_Lilla,lightgbm,2017-02-08 15:00:00,2017-02-08 15:00:00,1,4.228489327830245,2017-02-08 15:00:00,,spike,A,True
Bull_office_Lilla,lightgbm,2017-02-11 14:00:00,2017-02-11 18:00:00,5,5.611948560858323,2017-02-11 16:00:00,,after_hours,A,True
Bull_office_Lilla,lightgbm,2017-02-18 15:00:00,2017-02-18 17:00:00,3,4.4148889898255135,2017-02-18 15:00:00,,after_hours,A,True
Bull_office_Lilla,lightgbm,2017-03-24 21:00:00,2017-03-25 05:00:00,9,9.572668266015155,2017-03-25 02:00:00,,after_hours,A,True
Bull_office_Lilla,lightgbm,2017-04-20 07:00:00,2017-04-20 07:00:00,1,16.2119092035581,2017-04-20 07:00:00,,spike,A,False
Bull_office_Lilla,lightgbm,2017-05-29 08:00:00,2017-05-29 09:00:00,2,5.149351814235863,2017-05-29 09:00:00,,after_hours,A,False
Bull_office_Lilla,lightgbm,2017-07-04 07:00:00,2017-07-04 09:00:00,3,6.39246984502493,2017-07-04 09:00:00,,after_hours,A,False
Bull_office_Lilla,lightgbm,2017-07-25 16:00:00,2017-07-25 16:00:00,1,14.379448100901348,2017-07-25 16:00:00,,spike,A,False
Bull_office_Lilla,lightgbm,2017-07-30 05:00:00,2017-07-30 05:00:00,1,20.48459930308904,2017-07-30 05:00:00,,after_hours,A,True
Bull_office_Lilla,lightgbm,2017-08-08 13:00:00,2017-08-08 13:00:00,1,24.816957837305935,2017-08-08 13:00:00,,spike,A,False
Bull_office_Lilla,lightgbm,2017-08-27 07:00:00,2017-08-27 08:00:00,2,28.457927861130443,2017-08-27 07:00:00,,after_hours,A,True
Bull_office_Lilla,lightgbm,2017-09-04 07:00:00,2017-09-04 09:00:00,3,6.816755053974069,2017-09-04 09:00:00,,after_hours,A,False
Bull_office_Lilla,lightgbm,2017-10-02 17:00:00,2017-10-02 17:00:00,1,23.686787294300046,2017-10-02 17:00:00,,spike,A,False
Bull_office_Lilla,lightgbm,2017-10-09 07:00:00,2017-10-09 10:00:00,4,9.470054098628308,2017-10-09 09:00:00,,after_hours,A,False
Bull_office_Lilla,lightgbm,2017-10-22 08:00:00,2017-10-22 12:00:00,5,11.493869357746725,2017-10-22 09:00:00,,after_hours,A,True
Bull_office_Lilla,lightgbm,2017-10-22 15:00:00,2017-10-22 18:00:00,4,5.438228246231734,2017-10-22 18:00:00,,after_hours,A,True
Bull_office_Lilla,lightgbm,2017-10-28 09:00:00,2017-10-28 09:00:00,1,4.412771147745897,2017-10-28 09:00:00,,after_hours,A,False
Bull_office_Lilla,lightgbm,2017-11-10 07:00:00,2017-11-10 09:00:00,3,8.459566270534582,2017-11-10 09:00:00,,after_hours,A,False
Bull_office_Lilla,lightgbm,2017-11-20 11:00:00,2017-11-20 11:00:00,1,33.462186252081494,2017-11-20 11:00:00,,spike,A,False
Bull_office_Lilla,lightgbm,2017-11-24 05:00:00,2017-11-24 05:00:00,1,12.057142054990502,2017-11-24 05:00:00,,after_hours,A,False
Bull_office_Lilla,lightgbm,2017-11-24 10:00:00,2017-11-24 10:00:00,1,64.8881221612231,2017-11-24 10:00:00,,spike,A,False
Bull_office_Lilla,lightgbm,2017-11-28 13:00:00,2017-11-28 13:00:00,1,13.714575639697118,2017-11-28 13:00:00,,spike,A,False
Bull_office_Lilla,lightgbm,2017-12-07 10:00:00,2017-12-07 10:00:00,1,9.18863689914742,2017-12-07 10:00:00,,spike,A,False
Bull_office_Lilla,lightgbm,2017-12-15 01:00:00,2017-12-15 01:00:00,1,4.211067799657639,2017-12-15 01:00:00,,after_hours,A,False
Bull_office_Rob,lightgbm,2017-01-04 08:00:00,2017-01-04 13:00:00,6,5.378048655459183,2017-01-04 13:00:00,,spike,A,False
Bull_office_Rob,lightgbm,2017-01-06 06:00:00,2017-01-06 20:00:00,15,8.862814212900082,2017-01-06 19:00:00,,spike,A,False
Bull_office_Rob,lightgbm,2017-01-07 07:00:00,2017-01-07 18:00:00,12,9.985282861547294,2017-01-07 12:00:00,,after_hours,A,False
Bull_office_Rob,lightgbm,2017-01-10 01:00:00,2017-01-10 01:00:00,1,4.095983768524997,2017-01-10 01:00:00,,after_hours,A,False
Bull_office_Rob,lightgbm,2017-01-11 00:00:00,2017-01-11 01:00:00,2,4.692706792984603,2017-01-11 00:00:00,,after_hours,A,False
Bull_office_Rob,lightgbm,2017-01-16 19:00:00,2017-01-16 20:00:00,2,4.95387096068441,2017-01-16 20:00:00,,after_hours,A,False
Bull_office_Rob,lightgbm,2017-01-17 18:00:00,2017-01-17 18:00:00,1,4.0326386445239395,2017-01-17 18:00:00,,spike,A,False
Bull_office_Rob,lightgbm,2017-01-18 18:00:00,2017-01-18 21:00:00,4,6.780459951232346,2017-01-18 20:00:00,,after_hours,A,False
Bull_office_Rob,lightgbm,2017-01-20 19:00:00,2017-01-20 20:00:00,2,4.123424703373204,2017-01-20 19:00:00,,after_hours,A,False
Bull_office_Rob,lightgbm,2017-01-22 15:00:00,2017-01-22 21:00:00,7,5.611374538946308,2017-01-22 15:00:00,,after_hours,A,False
Bull_office_Rob,lightgbm,2017-02-20 06:00:00,2017-02-20 20:00:00,15,15.849191571649174,2017-02-20 12:00:00,,after_hours,A,False
Bull_office_Rob,lightgbm,2017-03-19 19:00:00,2017-03-19 19:00:00,1,4.813862010063559,2017-03-19 19:00:00,,after_hours,A,False
Bull_office_Rob,lightgbm,2017-03-22 20:00:00,2017-03-23 05:00:00,10,24.943082305578095,2017-03-23 03:00:00,,after_hours,A,True
Bull_office_Rob,lightgbm,2017-03-24 21:00:00,2017-03-25 07:00:00,11,11.320635774376893,2017-03-24 23:00:00,,after_hours,A,False
Bull_office_Rob,lightgbm,2017-03-26 20:00:00,2017-03-26 23:00:00,4,7.510009114216676,2017-03-26 21:00:00,,after_hours,A,False
Bull_office_Rob,lightgbm,2017-03-27 02:00:00,2017-03-27 07:00:00,6,5.733065868577654,2017-03-27 03:00:00,,after_hours,A,False
Bull_office_Rob,lightgbm,2017-04-01 11:00:00,2017-04-01 22:00:00,12,6.186101174449952,2017-04-01 21:00:00,,after_hours,A,False
Bull_office_Rob,lightgbm,2017-04-20 07:00:00,2017-04-20 07:00:00,1,18.81160675472355,2017-04-20 07:00:00,,spike,A,False
Bull_office_Rob,lightgbm,2017-04-21 05:00:00,2017-04-21 05:00:00,1,4.305123173102172,2017-04-21 05:00:00,,after_hours,A,False
Bull_office_Rob,lightgbm,2017-04-26 03:00:00,2017-04-26 05:00:00,3,4.575790635376137,2017-04-26 03:00:00,,after_hours,A,False
Bull_office_Rob,lightgbm,2017-05-12 23:00:00,2017-05-13 02:00:00,4,5.7137420576129445,2017-05-13 00:00:00,,after_hours,A,False
Bull_office_Rob,lightgbm,2017-05-13 05:00:00,2017-05-13 05:00:00,1,4.14289147509049,2017-05-13 05:00:00,,after_hours,A,False
Bull_office_Rob,lightgbm,2017-05-14 18:00:00,2017-05-14 18:00:00,1,4.616090721799372,2017-05-14 18:00:00,,after_hours,A,False
Bull_office_Rob,lightgbm,2017-05-14 22:00:00,2017-05-14 22:00:00,1,4.769535654798211,2017-05-14 22:00:00,,after_hours,A,False
Bull_office_Rob,lightgbm,2017-05-16 09:00:00,2017-05-16 09:00:00,1,4.055588687499127,2017-05-16 09:00:00,,spike,A,False
Bull_office_Rob,lightgbm,2017-05-16 13:00:00,2017-05-16 13:00:00,1,4.358673423366152,2017-05-16 13:00:00,,spike,A,False
Bull_office_Rob,lightgbm,2017-05-20 12:00:00,2017-05-20 12:00:00,1,4.522828574744366,2017-05-20 12:00:00,,after_hours,A,False
Bull_office_Rob,lightgbm,2017-05-20 16:00:00,2017-05-21 10:00:00,19,28.675402429941965,2017-05-20 23:00:00,,after_hours,A,False
Bull_office_Rob,lightgbm,2017-05-23 02:00:00,2017-05-23 02:00:00,1,4.312263905149605,2017-05-23 02:00:00,,after_hours,A,False
Bull_office_Rob,lightgbm,2017-05-27 02:00:00,2017-05-27 02:00:00,1,4.115385062531806,2017-05-27 02:00:00,,after_hours,A,False
Bull_office_Rob,lightgbm,2017-05-27 08:00:00,2017-05-27 18:00:00,11,18.03190070415438,2017-05-27 10:00:00,,after_hours,A,True
Bull_office_Rob,lightgbm,2017-05-29 06:00:00,2017-05-29 06:00:00,1,5.143600582079861,2017-05-29 06:00:00,,after_hours,A,False
Bull_office_Rob,lightgbm,2017-06-01 21:00:00,2017-06-01 21:00:00,1,4.397140674161434,2017-06-01 21:00:00,,after_hours,A,False
Bull_office_Rob,lightgbm,2017-06-17 20:00:00,2017-06-17 20:00:00,1,4.769348457026047,2017-06-17 20:00:00,,after_hours,A,False
Bull_office_Rob,lightgbm,2017-07-04 06:00:00,2017-07-04 06:00:00,1,6.807033103842254,2017-07-04 06:00:00,,after_hours,A,False
Bull_office_Rob,lightgbm,2017-07-04 20:00:00,2017-07-04 20:00:00,1,4.762323505158197,2017-07-04 20:00:00,,after_hours,A,False
Bull_office_Rob,lightgbm,2017-08-08 13:00:00,2017-08-08 13:00:00,1,52.62863268953879,2017-08-08 13:00:00,,spike,A,False
Bull_office_Rob,lightgbm,2017-08-29 21:00:00,2017-08-30 01:00:00,5,6.378234974939943,2017-08-29 22:00:00,,after_hours,A,False
Bull_office_Rob,lightgbm,2017-09-03 19:00:00,2017-09-03 22:00:00,4,5.7751378065322445,2017-09-03 20:00:00,,after_hours,A,False
Bull_office_Rob,lightgbm,2017-09-04 06:00:00,2017-09-04 06:00:00,1,5.926027362273732,2017-09-04 06:00:00,,after_hours,A,False
Bull_office_Rob,lightgbm,2017-09-04 20:00:00,2017-09-04 20:00:00,1,7.750900145852925,2017-09-04 20:00:00,,after_hours,A,False
Bull_office_Rob,lightgbm,2017-09-05 22:00:00,2017-09-05 22:00:00,1,5.62500517238121,2017-09-05 22:00:00,,after_hours,A,False
Bull_office_Rob,lightgbm,2017-09-06 01:00:00,2017-09-06 01:00:00,1,4.275310052753322,2017-09-06 01:00:00,,after_hours,A,False
Bull_office_Rob,lightgbm,2017-09-06 22:00:00,2017-09-06 22:00:00,1,6.55751035015518,2017-09-06 22:00:00,,after_hours,A,False
Bull_office_Rob,lightgbm,2017-09-15 23:00:00,2017-09-15 23:00:00,1,4.134258890290587,2017-09-15 23:00:00,,after_hours,A,False
Bull_office_Rob,lightgbm,2017-09-17 22:00:00,2017-09-17 22:00:00,1,23.72986546136055,2017-09-17 22:00:00,,after_hours,A,True
Bull_office_Rob,lightgbm,2017-10-09 06:00:00,2017-10-09 20:00:00,15,13.844725622794952,2017-10-09 10:00:00,,after_hours,A,False
Bull_office_Rob,lightgbm,2017-10-18 01:00:00,2017-10-18 01:00:00,1,4.344716072555383,2017-10-18 01:00:00,,after_hours,A,False
Bull_office_Rob,lightgbm,2017-11-07 19:00:00,2017-11-07 19:00:00,1,4.6426865621463405,2017-11-07 19:00:00,,after_hours,A,False
Bull_office_Rob,lightgbm,2017-11-08 01:00:00,2017-11-08 02:00:00,2,4.663866735131157,2017-11-08 01:00:00,,after_hours,A,False
Bull_office_Rob,lightgbm,2017-11-10 09:00:00,2017-11-10 16:00:00,8,11.175626481756145,2017-11-10 12:00:00,,after_hours,A,False
Bull_office_Rob,lightgbm,2017-11-10 19:00:00,2017-11-10 20:00:00,2,9.801366024861151,2017-11-10 19:00:00,,after_hours,A,False
Bull_office_Rob,lightgbm,2017-11-20 11:00:00,2017-11-20 11:00:00,1,33.14190653792414,2017-11-20 11:00:00,,spike,A,False
Bull_office_Rob,lightgbm,2017-11-24 05:00:00,2017-11-24 05:00:00,1,12.953734220692033,2017-11-24 05:00:00,,after_hours,A,False
Bull_office_Rob,lightgbm,2017-11-24 10:00:00,2017-11-24 10:00:00,1,32.85866081880639,2017-11-24 10:00:00,,spike,A,False
Bull_office_Rob,lightgbm,2017-11-28 13:00:00,2017-11-28 13:00:00,1,12.906364303507774,2017-11-28 13:00:00,,spike,A,False
Bull_office_Rob,lightgbm,2017-11-28 21:00:00,2017-11-28 21:00:00,1,4.549982844245964,2017-11-28 21:00:00,,after_hours,A,False
Bull_office_Rob,lightgbm,2017-12-05 00:00:00,2017-12-05 00:00:00,1,4.284246620681442,2017-12-05 00:00:00,,after_hours,A,False
Bull_office_Rob,lightgbm,2017-12-05 06:00:00,2017-12-05 06:00:00,1,4.442922010437372,2017-12-05 06:00:00,,after_hours,A,False
Bull_office_Rob,lightgbm,2017-12-06 20:00:00,2017-12-06 21:00:00,2,14.619842832753095,2017-12-06 21:00:00,,after_hours,A,True
Bull_office_Rob,lightgbm,2017-12-07 10:00:00,2017-12-07 11:00:00,2,5.382828513491812,2017-12-07 11:00:00,,spike,A,False
Bull_office_Rob,lightgbm,2017-12-10 19:00:00,2017-12-10 22:00:00,4,4.630342060961342,2017-12-10 19:00:00,,after_hours,A,False
Bull_office_Rob,lightgbm,2017-12-31 16:00:00,2017-12-31 22:00:00,7,4.817191088058854,2017-12-31 17:00:00,,after_hours,A,False
Eagle_office_Demetra,lightgbm,2017-01-02 12:00:00,2017-01-02 22:00:00,11,7.569496816591255,2017-01-02 14:00:00,,after_hours,A,False
Eagle_office_Demetra,lightgbm,2017-01-06 12:00:00,2017-01-07 05:00:00,18,49.84306932366804,2017-01-07 00:00:00,,after_hours,A,False
Eagle_office_Demetra,lightgbm,2017-01-07 12:00:00,2017-01-08 04:00:00,17,45.46702169585621,2017-01-07 19:00:00,,after_hours,A,False
Eagle_office_Demetra,lightgbm,2017-01-08 14:00:00,2017-01-08 23:00:00,10,38.40629285977029,2017-01-08 19:00:00,,after_hours,A,False
Eagle_office_Demetra,lightgbm,2017-01-10 00:00:00,2017-01-10 04:00:00,5,7.0922215317482635,2017-01-10 00:00:00,,after_hours,A,False
Eagle_office_Demetra,lightgbm,2017-01-14 00:00:00,2017-01-14 04:00:00,5,30.925442450896345,2017-01-14 00:00:00,,after_hours,A,False
Eagle_office_Demetra,lightgbm,2017-01-14 12:00:00,2017-01-15 04:00:00,17,50.76168098982802,2017-01-14 15:00:00,,after_hours,A,False
Eagle_office_Demetra,lightgbm,2017-01-15 12:00:00,2017-01-16 04:00:00,17,56.07858677655905,2017-01-15 17:00:00,,after_hours,A,False
Eagle_office_Demetra,lightgbm,2017-01-16 09:00:00,2017-01-16 09:00:00,1,5.543775801844443,2017-01-16 09:00:00,,after_hours,A,False
Eagle_office_Demetra,lightgbm,2017-01-16 12:00:00,2017-01-16 23:00:00,12,75.16815288086224,2017-01-16 14:00:00,,after_hours,A,False
Eagle_office_Demetra,lightgbm,2017-01-20 05:00:00,2017-01-20 05:00:00,1,5.950943568146443,2017-01-20 05:00:00,,after_hours,A,False
Eagle_office_Demetra,lightgbm,2017-02-03 11:00:00,2017-02-03 11:00:00,1,11.528474788373982,2017-02-03 11:00:00,,spike,A,False
Eagle_office_Demetra,lightgbm,2017-02-20 14:00:00,2017-02-20 23:00:00,10,8.554338382237072,2017-02-20 14:00:00,,after_hours,A,False
Eagle_office_Demetra,lightgbm,2017-03-01 08:00:00,2017-03-01 08:00:00,1,10.764413736630912,2017-03-01 08:00:00,,spike,A,False
Eagle_office_Demetra,lightgbm,2017-03-05 05:00:00,2017-03-05 11:00:00,7,12.877111081777926,2017-03-05 07:00:00,,after_hours,A,False
Eagle_office_Demetra,lightgbm,2017-03-12 11:00:00,2017-03-12 11:00:00,1,31.448665074186714,2017-03-12 11:00:00,,after_hours,A,False
Eagle_office_Demetra,lightgbm,2017-03-13 11:00:00,2017-03-13 11:00:00,1,31.051746325216705,2017-03-13 11:00:00,,spike,A,False
Eagle_office_Demetra,lightgbm,2017-03-14 09:00:00,2017-03-14 11:00:00,3,32.13881796515567,2017-03-14 11:00:00,,spike,A,False
Eagle_office_Demetra,lightgbm,2017-03-15 11:00:00,2017-03-15 11:00:00,1,19.12168187646638,2017-03-15 11:00:00,,spike,A,False
Eagle_office_Demetra,lightgbm,2017-03-16 11:00:00,2017-03-16 16:00:00,6,33.08300136182486,2017-03-16 11:00:00,,spike,A,False
Eagle_office_Demetra,lightgbm,2017-03-17 11:00:00,2017-03-17 13:00:00,3,35.38399077304314,2017-03-17 11:00:00,,spike,A,False
Eagle_office_Demetra,lightgbm,2017-03-18 11:00:00,2017-03-18 11:00:00,1,33.81165797071777,2017-03-18 11:00:00,,after_hours,A,False
Eagle_office_Demetra,lightgbm,2017-03-19 11:00:00,2017-03-19 11:00:00,1,11.665618459056109,2017-03-19 11:00:00,,after_hours,A,False
Eagle_office_Demetra,lightgbm,2017-03-20 11:00:00,2017-03-20 11:00:00,1,16.569889440086992,2017-03-20 11:00:00,,spike,A,False
Eagle_office_Demetra,lightgbm,2017-03-21 11:00:00,2017-03-21 11:00:00,1,19.913034106338706,2017-03-21 11:00:00,,spike,A,False
Eagle_office_Demetra,lightgbm,2017-03-22 10:00:00,2017-03-22 11:00:00,2,33.35119668849106,2017-03-22 11:00:00,,spike,A,False
Eagle_office_Demetra,lightgbm,2017-03-23 11:00:00,2017-03-23 11:00:00,1,23.445870236654255,2017-03-23 11:00:00,,spike,A,False
Eagle_office_Demetra,lightgbm,2017-03-24 11:00:00,2017-03-24 11:00:00,1,22.381571376979057,2017-03-24 11:00:00,,spike,A,False
Eagle_office_Demetra,lightgbm,2017-03-25 11:00:00,2017-03-25 11:00:00,1,8.675515638593724,2017-03-25 11:00:00,,after_hours,A,False
Eagle_office_Demetra,lightgbm,2017-03-27 11:00:00,2017-03-27 11:00:00,1,8.954111283970281,2017-03-27 11:00:00,,spike,A,False
Eagle_office_Demetra,lightgbm,2017-03-31 10:00:00,2017-03-31 10:00:00,1,8.154943832661724,2017-03-31 10:00:00,,spike,A,False
Eagle_office_Demetra,lightgbm,2017-04-02 04:00:00,2017-04-02 04:00:00,1,12.184889005292122,2017-04-02 04:00:00,,after_hours,A,False
Eagle_office_Demetra,lightgbm,2017-05-10 05:00:00,2017-05-10 06:00:00,2,26.03614247529714,2017-05-10 06:00:00,,after_hours,A,False
Eagle_office_Demetra,lightgbm,2017-05-10 10:00:00,2017-05-10 10:00:00,1,7.276319876758774,2017-05-10 10:00:00,,spike,A,False
Eagle_office_Demetra,lightgbm,2017-05-11 04:00:00,2017-05-11 06:00:00,3,24.530082085217586,2017-05-11 04:00:00,,after_hours,A,False
Eagle_office_Demetra,lightgbm,2017-05-12 04:00:00,2017-05-12 06:00:00,3,26.23246623511731,2017-05-12 06:00:00,,after_hours,A,False
Eagle_office_Demetra,lightgbm,2017-05-13 04:00:00,2017-05-13 06:00:00,3,27.42474816830442,2017-05-13 06:00:00,,after_hours,A,False
Eagle_office_Demetra,lightgbm,2017-05-14 04:00:00,2017-05-14 06:00:00,3,27.314683449131117,2017-05-14 04:00:00,,after_hours,A,False
Eagle_office_Demetra,lightgbm,2017-05-20 06:00:00,2017-05-20 10:00:00,5,33.62616950803406,2017-05-20 06:00:00,,after_hours,A,False
Eagle_office_Demetra,lightgbm,2017-05-22 04:00:00,2017-05-22 04:00:00,1,29.69816888344262,2017-05-22 04:00:00,,after_hours,A,False
Eagle_office_Demetra,lightgbm,2017-08-04 10:00:00,2017-08-04 10:00:00,1,9.386158101741279,2017-08-04 10:00:00,,spike,A,False
Eagle_office_Demetra,lightgbm,2017-08-07 16:00:00,2017-08-07 16:00:00,1,5.356599605706239,2017-08-07 16:00:00,,spike,A,False
Eagle_office_Demetra,lightgbm,2017-08-11 12:00:00,2017-08-11 12:00:00,1,6.4452487823337,2017-08-11 12:00:00,,spike,A,False
Eagle_office_Demetra,lightgbm,2017-08-29 10:00:00,2017-08-29 11:00:00,2,12.182914866786774,2017-08-29 10:00:00,,spike,A,False
Eagle_office_Demetra,lightgbm,2017-09-04 13:00:00,2017-09-04 21:00:00,9,9.555119262603395,2017-09-04 15:00:00,,after_hours,A,False
Eagle_office_Demetra,lightgbm,2017-09-07 21:00:00,2017-09-07 22:00:00,2,19.981552519101047,2017-09-07 21:00:00,,after_hours,A,True
Eagle_office_Demetra,lightgbm,2017-10-09 06:00:00,2017-10-09 06:00:00,1,5.597474861088645,2017-10-09 06:00:00,,after_hours,A,False
Eagle_office_Demetra,lightgbm,2017-10-12 10:00:00,2017-10-12 10:00:00,1,10.503595206934168,2017-10-12 10:00:00,,spike,A,False
Eagle_office_Demetra,lightgbm,2017-10-23 10:00:00,2017-10-23 10:00:00,1,12.589941710422863,2017-10-23 10:00:00,,spike,A,False
Eagle_office_Demetra,lightgbm,2017-11-03 12:00:00,2017-11-03 14:00:00,3,5.917914694127433,2017-11-03 12:00:00,,spike,A,False
Eagle_office_Demetra,lightgbm,2017-11-06 04:00:00,2017-11-06 04:00:00,1,29.148766159291732,2017-11-06 04:00:00,,after_hours,A,False
Eagle_office_Demetra,lightgbm,2017-11-07 04:00:00,2017-11-07 04:00:00,1,29.45578824964049,2017-11-07 04:00:00,,after_hours,A,False
Eagle_office_Demetra,lightgbm,2017-11-08 04:00:00,2017-11-08 04:00:00,1,29.790426516881542,2017-11-08 04:00:00,,after_hours,A,False
Eagle_office_Demetra,lightgbm,2017-11-09 04:00:00,2017-11-09 04:00:00,1,29.799691647317534,2017-11-09 04:00:00,,after_hours,A,False
Eagle_office_Demetra,lightgbm,2017-11-10 04:00:00,2017-11-10 10:00:00,7,39.21127981373118,2017-11-10 04:00:00,,after_hours,A,False
Eagle_office_Demetra,lightgbm,2017-11-10 14:00:00,2017-11-10 22:00:00,9,6.118693131327301,2017-11-10 17:00:00,,after_hours,A,False
Eagle_office_Demetra,lightgbm,2017-11-11 04:00:00,2017-11-11 04:00:00,1,36.59824015683333,2017-11-11 04:00:00,,after_hours,A,False
Eagle_office_Demetra,lightgbm,2017-11-12 04:00:00,2017-11-12 04:00:00,1,36.14529264000792,2017-11-12 04:00:00,,after_hours,A,False
Eagle_office_Demetra,lightgbm,2017-11-13 04:00:00,2017-11-13 04:00:00,1,23.30668029707672,2017-11-13 04:00:00,,after_hours,A,False
Eagle_office_Demetra,lightgbm,2017-11-14 04:00:00,2017-11-14 04:00:00,1,21.20628469426071,2017-11-14 04:00:00,,after_hours,A,False
Eagle_office_Demetra,lightgbm,2017-11-15 04:00:00,2017-11-15 04:00:00,1,21.335909380254286,2017-11-15 04:00:00,,after_hours,A,False
Eagle_office_Demetra,lightgbm,2017-11-16 04:00:00,2017-11-16 04:00:00,1,17.64709405091865,2017-11-16 04:00:00,,after_hours,A,False
Eagle_office_Demetra,lightgbm,2017-11-17 04:00:00,2017-11-17 04:00:00,1,18.92708454939633,2017-11-17 04:00:00,,after_hours,A,False
Eagle_office_Demetra,lightgbm,2017-11-18 04:00:00,2017-11-18 04:00:00,1,28.5705796755863,2017-11-18 04:00:00,,after_hours,A,False
Eagle_office_Demetra,lightgbm,2017-11-19 11:00:00,2017-11-19 11:00:00,1,5.961863332011945,2017-11-19 11:00:00,,after_hours,A,False
Eagle_office_Demetra,lightgbm,2017-11-20 04:00:00,2017-11-20 04:00:00,1,22.473580037909944,2017-11-20 04:00:00,,after_hours,A,False
Eagle_office_Demetra,lightgbm,2017-11-22 11:00:00,2017-11-22 11:00:00,1,7.197603038905626,2017-11-22 11:00:00,,spike,A,False
Eagle_office_Demetra,lightgbm,2017-11-23 11:00:00,2017-11-23 11:00:00,1,8.369196032586865,2017-11-23 11:00:00,,after_hours,A,False
Eagle_office_Demetra,lightgbm,2017-12-01 11:00:00,2017-12-01 11:00:00,1,10.30560161855984,2017-12-01 11:00:00,,spike,A,False
Eagle_office_Demetra,lightgbm,2017-12-02 13:00:00,2017-12-02 20:00:00,8,7.0407394109732,2017-12-02 20:00:00,,after_hours,A,False
Eagle_office_Demetra,lightgbm,2017-12-03 17:00:00,2017-12-03 18:00:00,2,6.105591695464037,2017-12-03 18:00:00,,after_hours,A,False
Eagle_office_Demetra,lightgbm,2017-12-13 01:00:00,2017-12-13 03:00:00,3,32.24065437822666,2017-12-13 02:00:00,,after_hours,A,True
Eagle_office_Demetra,lightgbm,2017-12-18 06:00:00,2017-12-18 06:00:00,1,13.618517543037262,2017-12-18 06:00:00,,after_hours,A,False
Eagle_office_Donovan,lightgbm,2017-01-04 20:00:00,2017-01-04 22:00:00,3,8.550175473948308,2017-01-04 20:00:00,,after_hours,A,False
Eagle_office_Donovan,lightgbm,2017-01-05 11:00:00,2017-01-05 17:00:00,7,14.230013587634783,2017-01-05 11:00:00,,spike,A,False
Eagle_office_Donovan,lightgbm,2017-01-06 11:00:00,2017-01-06 17:00:00,7,7.775213817356233,2017-01-06 11:00:00,,spike,A,False
Eagle_office_Donovan,lightgbm,2017-01-06 20:00:00,2017-01-08 23:00:00,52,87.19918035605062,2017-01-07 17:00:00,,after_hours,A,True
Eagle_office_Donovan,lightgbm,2017-01-09 10:00:00,2017-01-10 01:00:00,16,9.379770107947266,2017-01-09 18:00:00,,spike,A,False
Eagle_office_Donovan,lightgbm,2017-01-10 11:00:00,2017-01-11 03:00:00,17,11.890342743733038,2017-01-10 21:00:00,,after_hours,A,False
Eagle_office_Donovan,lightgbm,2017-01-11 11:00:00,2017-01-11 14:00:00,4,8.937280152642302,2017-01-11 14:00:00,,spike,A,False
Eagle_office_Donovan,lightgbm,2017-01-12 18:00:00,2017-01-12 18:00:00,1,6.975370119612947,2017-01-12 18:00:00,,spike,A,False
Eagle_office_Donovan,lightgbm,2017-01-19 20:00:00,2017-01-19 21:00:00,2,7.573921163455365,2017-01-19 21:00:00,,after_hours,A,False
Eagle_office_Donovan,lightgbm,2017-01-20 21:00:00,2017-01-21 01:00:00,5,7.38794714833779,2017-01-21 00:00:00,,after_hours,A,False
Eagle_office_Donovan,lightgbm,2017-01-21 13:00:00,2017-01-21 19:00:00,7,9.714422704931689,2017-01-21 17:00:00,,after_hours,A,False
Eagle_office_Donovan,lightgbm,2017-01-23 22:00:00,2017-01-24 01:00:00,4,7.235136497796625,2017-01-24 00:00:00,,after_hours,A,False
Eagle_office_Donovan,lightgbm,2017-01-30 23:00:00,2017-01-30 23:00:00,1,7.22004379346762,2017-01-30 23:00:00,,after_hours,A,False
Eagle_office_Donovan,lightgbm,2017-02-04 00:00:00,2017-02-04 08:00:00,9,9.525179873560544,2017-02-04 02:00:00,,after_hours,A,False
Eagle_office_Donovan,lightgbm,2017-02-04 14:00:00,2017-02-04 16:00:00,3,13.34788843967078,2017-02-04 16:00:00,,after_hours,A,False
Eagle_office_Donovan,lightgbm,2017-02-12 08:00:00,2017-02-12 15:00:00,8,13.892228862035148,2017-02-12 09:00:00,,after_hours,A,True
Eagle_office_Donovan,lightgbm,2017-02-20 12:00:00,2017-02-20 23:00:00,12,13.199249070564136,2017-02-20 23:00:00,,after_hours,A,False
Eagle_office_Donovan,lightgbm,2017-03-04 00:00:00,2017-03-04 11:00:00,12,9.054345141381743,2017-03-04 07:00:00,,after_hours,A,False
Eagle_office_Donovan,lightgbm,2017-03-12 07:00:00,2017-03-12 07:00:00,1,7.023317050502078,2017-03-12 07:00:00,,after_hours,A,False
Eagle_office_Donovan,lightgbm,2017-03-13 06:00:00,2017-03-13 10:00:00,5,11.624198213993088,2017-03-13 10:00:00,,spike,A,False
Eagle_office_Donovan,lightgbm,2017-03-14 07:00:00,2017-03-14 10:00:00,4,13.014050502093191,2017-03-14 10:00:00,,spike,A,False
Eagle_office_Donovan,lightgbm,2017-03-15 00:00:00,2017-03-15 03:00:00,4,9.050805371720086,2017-03-15 00:00:00,,after_hours,A,False
Eagle_office_Donovan,lightgbm,2017-03-15 07:00:00,2017-03-15 14:00:00,8,11.382775783658703,2017-03-15 10:00:00,,spike,A,False
Eagle_office_Donovan,lightgbm,2017-03-16 02:00:00,2017-03-16 19:00:00,18,10.792332221771995,2017-03-16 10:00:00,,spike,A,False
Eagle_office_Donovan,lightgbm,2017-03-17 07:00:00,2017-03-17 14:00:00,8,10.686015779270575,2017-03-17 14:00:00,,spike,A,False
Eagle_office_Donovan,lightgbm,2017-03-18 13:00:00,2017-03-18 20:00:00,8,16.380462962859042,2017-03-18 14:00:00,,after_hours,A,False
Eagle_office_Donovan,lightgbm,2017-03-19 13:00:00,2017-03-19 20:00:00,8,7.598495994650114,2017-03-19 18:00:00,,after_hours,A,False
Eagle_office_Donovan,lightgbm,2017-03-20 07:00:00,2017-03-20 10:00:00,4,9.941827960787831,2017-03-20 10:00:00,,spike,A,False
Eagle_office_Donovan,lightgbm,2017-03-24 10:00:00,2017-03-24 16:00:00,7,8.211842855300059,2017-03-24 13:00:00,,spike,A,False
Eagle_office_Donovan,lightgbm,2017-04-06 02:00:00,2017-04-06 02:00:00,1,9.158290711045485,2017-04-06 02:00:00,,after_hours,A,False
Eagle_office_Donovan,lightgbm,2017-04-07 09:00:00,2017-04-07 09:00:00,1,7.074053894417683,2017-04-07 09:00:00,,spike,A,False
Eagle_office_Donovan,lightgbm,2017-04-08 03:00:00,2017-04-08 08:00:00,6,7.628536517997551,2017-04-08 05:00:00,,after_hours,A,False
Eagle_office_Donovan,lightgbm,2017-04-30 04:00:00,2017-04-30 05:00:00,2,23.526315327655773,2017-04-30 05:00:00,,after_hours,A,True
Eagle_office_Donovan,lightgbm,2017-05-09 01:00:00,2017-05-09 10:00:00,10,18.53217143390027,2017-05-09 08:00:00,,after_hours,A,False
Eagle_office_Donovan,lightgbm,2017-05-11 01:00:00,2017-05-11 10:00:00,10,18.890342376876117,2017-05-11 08:00:00,,after_hours,A,False
Eagle_office_Donovan,lightgbm,2017-05-13 00:00:00,2017-05-13 18:00:00,19,19.06925231217041,2017-05-13 08:00:00,,after_hours,A,False
Eagle_office_Donovan,lightgbm,2017-05-16 01:00:00,2017-05-16 09:00:00,9,17.780354152802044,2017-05-16 08:00:00,,after_hours,A,False
Eagle_office_Donovan,lightgbm,2017-05-20 01:00:00,2017-05-20 17:00:00,17,19.243245195261316,2017-05-20 09:00:00,,after_hours,A,False
Eagle_office_Donovan,lightgbm,2017-06-15 00:00:00,2017-06-15 07:00:00,8,29.07778362776545,2017-06-15 04:00:00,,after_hours,A,True
Eagle_office_Donovan,lightgbm,2017-06-16 01:00:00,2017-06-16 09:00:00,9,10.83299980548804,2017-06-16 02:00:00,,after_hours,A,False
Eagle_office_Donovan,lightgbm,2017-06-20 09:00:00,2017-06-20 09:00:00,1,11.690384469910322,2017-06-20 09:00:00,,spike,A,False
Eagle_office_Donovan,lightgbm,2017-06-24 00:00:00,2017-06-24 00:00:00,1,10.413424975202913,2017-06-24 00:00:00,,after_hours,A,False
Eagle_office_Donovan,lightgbm,2017-07-04 10:00:00,2017-07-04 14:00:00,5,11.627916109784573,2017-07-04 10:00:00,,after_hours,A,False
Eagle_office_Donovan,lightgbm,2017-07-04 22:00:00,2017-07-04 23:00:00,2,13.674574873344685,2017-07-04 22:00:00,,after_hours,A,False
Eagle_office_Donovan,lightgbm,2017-07-08 11:00:00,2017-07-08 14:00:00,4,13.328753241908801,2017-07-08 14:00:00,,after_hours,A,False
Eagle_office_Donovan,lightgbm,2017-07-10 12:00:00,2017-07-10 12:00:00,1,7.139350999249281,2017-07-10 12:00:00,,spike,A,False
Eagle_office_Donovan,lightgbm,2017-09-04 10:00:00,2017-09-04 23:00:00,14,28.76624411185192,2017-09-04 12:00:00,,after_hours,A,False
Eagle_office_Donovan,lightgbm,2017-09-06 01:00:00,2017-09-06 01:00:00,1,9.95961476422294,2017-09-06 01:00:00,,after_hours,A,False
Eagle_office_Donovan,lightgbm,2017-09-12 01:00:00,2017-09-12 09:00:00,9,17.851265598913397,2017-09-12 06:00:00,,after_hours,A,False
Eagle_office_Donovan,lightgbm,2017-09-14 01:00:00,2017-09-14 09:00:00,9,18.273608695592998,2017-09-14 08:00:00,,after_hours,A,False
Eagle_office_Donovan,lightgbm,2017-10-09 10:00:00,2017-10-09 23:00:00,14,21.526835614950325,2017-10-09 22:00:00,,after_hours,A,False
Eagle_office_Donovan,lightgbm,2017-10-21 00:00:00,2017-10-21 00:00:00,1,8.53048435078063,2017-10-21 00:00:00,,after_hours,A,False
Eagle_office_Donovan,lightgbm,2017-10-28 08:00:00,2017-10-28 11:00:00,4,9.356822279636049,2017-10-28 10:00:00,,after_hours,A,False
Eagle_office_Donovan,lightgbm,2017-11-05 22:00:00,2017-11-05 22:00:00,1,9.225421606021538,2017-11-05 22:00:00,,after_hours,A,False
Eagle_office_Donovan,lightgbm,2017-11-07 20:00:00,2017-11-07 22:00:00,3,9.422531667878756,2017-11-07 22:00:00,,after_hours,A,False
Eagle_office_Donovan,lightgbm,2017-11-08 01:00:00,2017-11-08 01:00:00,1,7.520619114211674,2017-11-08 01:00:00,,after_hours,A,False
Eagle_office_Donovan,lightgbm,2017-11-09 01:00:00,2017-11-09 01:00:00,1,6.981790044273436,2017-11-09 01:00:00,,after_hours,A,False
Eagle_office_Donovan,lightgbm,2017-11-10 00:00:00,2017-11-10 02:00:00,3,13.630499200728625,2017-11-10 01:00:00,,after_hours,A,False
Eagle_office_Donovan,lightgbm,2017-11-10 11:00:00,2017-11-11 09:00:00,23,20.878739100166197,2017-11-10 14:00:00,,after_hours,A,False
Eagle_office_Donovan,lightgbm,2017-11-12 22:00:00,2017-11-12 22:00:00,1,9.912917696251919,2017-11-12 22:00:00,,after_hours,A,False
Eagle_office_Donovan,lightgbm,2017-11-13 08:00:00,2017-11-13 08:00:00,1,7.199439460984218,2017-11-13 08:00:00,,spike,A,False
Eagle_office_Donovan,lightgbm,2017-11-16 01:00:00,2017-11-16 04:00:00,4,7.183709419934172,2017-11-16 04:00:00,,after_hours,A,False
Eagle_office_Donovan,lightgbm,2017-11-16 07:00:00,2017-11-16 09:00:00,3,7.097247832699818,2017-11-16 09:00:00,,spike,A,False
Eagle_office_Donovan,lightgbm,2017-11-17 05:00:00,2017-11-17 08:00:00,4,8.498856460875908,2017-11-17 05:00:00,,spike,A,False
Eagle_office_Donovan,lightgbm,2017-11-18 01:00:00,2017-11-18 05:00:00,5,8.523474766274521,2017-11-18 03:00:00,,after_hours,A,False
Eagle_office_Donovan,lightgbm,2017-11-18 22:00:00,2017-11-18 22:00:00,1,9.744386999337639,2017-11-18 22:00:00,,after_hours,A,False
Eagle_office_Donovan,lightgbm,2017-12-01 23:00:00,2017-12-02 01:00:00,3,10.796285045581127,2017-12-02 00:00:00,,after_hours,A,False
Eagle_office_Donovan,lightgbm,2017-12-02 18:00:00,2017-12-02 22:00:00,5,7.07022851281118,2017-12-02 22:00:00,,after_hours,A,False
Eagle_office_Donovan,lightgbm,2017-12-09 00:00:00,2017-12-09 09:00:00,10,8.561742421138632,2017-12-09 02:00:00,,after_hours,A,False
Eagle_office_Donovan,lightgbm,2017-12-09 15:00:00,2017-12-10 09:00:00,19,8.87838936339966,2017-12-10 00:00:00,,after_hours,A,False
Eagle_office_Donovan,lightgbm,2017-12-16 01:00:00,2017-12-16 02:00:00,2,7.1835696972323655,2017-12-16 01:00:00,,after_hours,A,False
Eagle_office_Donovan,lightgbm,2017-12-30 02:00:00,2017-12-30 03:00:00,2,8.006250243177092,2017-12-30 03:00:00,,after_hours,A,False
Eagle_office_Donovan,lightgbm,2017-12-30 17:00:00,2017-12-30 22:00:00,6,9.809757610590022,2017-12-30 19:00:00,,after_hours,A,False
Eagle_office_Efrain,lightgbm,2017-01-01 11:00:00,2017-01-01 12:00:00,2,10.540094015068194,2017-01-01 11:00:00,,after_hours,A,False
Eagle_office_Efrain,lightgbm,2017-01-01 23:00:00,2017-01-02 04:00:00,6,8.220354326199935,2017-01-02 00:00:00,,after_hours,A,False
Eagle_office_Efrain,lightgbm,2017-01-04 01:00:00,2017-01-04 04:00:00,4,9.93334107744946,2017-01-04 04:00:00,,after_hours,A,False
Eagle_office_Efrain,lightgbm,2017-01-05 01:00:00,2017-01-05 04:00:00,4,12.166600374273145,2017-01-05 01:00:00,,after_hours,A,False
Eagle_office_Efrain,lightgbm,2017-01-06 01:00:00,2017-01-06 04:00:00,4,11.760979899584663,2017-01-06 03:00:00,,after_hours,A,False
Eagle_office_Efrain,lightgbm,2017-01-07 01:00:00,2017-01-07 05:00:00,5,18.738736101639525,2017-01-07 02:00:00,,after_hours,A,False
Eagle_office_Efrain,lightgbm,2017-01-08 01:00:00,2017-01-08 08:00:00,8,18.075874147492648,2017-01-08 03:00:00,,after_hours,A,False
Eagle_office_Efrain,lightgbm,2017-01-10 01:00:00,2017-01-10 04:00:00,4,11.71707496809585,2017-01-10 03:00:00,,after_hours,A,False
Eagle_office_Efrain,lightgbm,2017-01-10 10:00:00,2017-01-10 12:00:00,3,9.451433536232877,2017-01-10 11:00:00,,spike,A,False
Eagle_office_Efrain,lightgbm,2017-01-13 03:00:00,2017-01-13 05:00:00,3,8.5288717529828,2017-01-13 05:00:00,,after_hours,A,False
Eagle_office_Efrain,lightgbm,2017-01-14 01:00:00,2017-01-14 06:00:00,6,17.0664899290918,2017-01-14 03:00:00,,after_hours,A,False
Eagle_office_Efrain,lightgbm,2017-01-14 10:00:00,2017-01-14 12:00:00,3,9.345859948840884,2017-01-14 10:00:00,,after_hours,A,False
Eagle_office_Efrain,lightgbm,2017-01-15 01:00:00,2017-01-15 04:00:00,4,16.831094980090683,2017-01-15 03:00:00,,after_hours,A,False
Eagle_office_Efrain,lightgbm,2017-01-16 10:00:00,2017-01-16 12:00:00,3,8.220813147758737,2017-01-16 10:00:00,,after_hours,A,False
Eagle_office_Efrain,lightgbm,2017-01-18 05:00:00,2017-01-18 07:00:00,3,8.183613410760856,2017-01-18 07:00:00,,after_hours,A,False
Eagle_office_Efrain,lightgbm,2017-01-19 10:00:00,2017-01-19 10:00:00,1,9.800524041251798,2017-01-19 10:00:00,,spike,A,False
Eagle_office_Efrain,lightgbm,2017-01-23 05:00:00,2017-01-23 05:00:00,1,10.417927087857404,2017-01-23 05:00:00,,after_hours,A,False
Eagle_office_Efrain,lightgbm,2017-01-24 05:00:00,2017-01-24 05:00:00,1,11.400849186753803,2017-01-24 05:00:00,,after_hours,A,False
Eagle_office_Efrain,lightgbm,2017-01-25 05:00:00,2017-01-25 05:00:00,1,10.490083529279513,2017-01-25 05:00:00,,after_hours,A,False
Eagle_office_Efrain,lightgbm,2017-01-25 14:00:00,2017-01-25 14:00:00,1,8.565149236294454,2017-01-25 14:00:00,,spike,A,False
Eagle_office_Efrain,lightgbm,2017-01-26 14:00:00,2017-01-26 14:00:00,1,8.603686943055656,2017-01-26 14:00:00,,spike,A,False
Eagle_office_Efrain,lightgbm,2017-02-21 08:00:00,2017-02-21 08:00:00,1,8.854191736208985,2017-02-21 08:00:00,,spike,A,True
Eagle_office_Efrain,lightgbm,2017-03-17 09:00:00,2017-03-17 09:00:00,1,8.308690994149389,2017-03-17 09:00:00,,spike,A,False
Eagle_office_Efrain,lightgbm,2017-03-20 02:00:00,2017-03-20 03:00:00,2,8.418756473443716,2017-03-20 03:00:00,,after_hours,A,False
Eagle_office_Efrain,lightgbm,2017-04-07 04:00:00,2017-04-07 05:00:00,2,8.341132226392954,2017-04-07 05:00:00,,after_hours,A,False
Eagle_office_Efrain,lightgbm,2017-04-11 04:00:00,2017-04-11 04:00:00,1,8.784189903376967,2017-04-11 04:00:00,,after_hours,A,False
Eagle_office_Efrain,lightgbm,2017-04-15 10:00:00,2017-04-15 21:00:00,12,14.0055038542428,2017-04-15 17:00:00,,after_hours,A,False
Eagle_office_Efrain,lightgbm,2017-05-03 21:00:00,2017-05-04 01:00:00,5,9.118439746623787,2017-05-04 01:00:00,,after_hours,A,False
Eagle_office_Efrain,lightgbm,2017-05-20 04:00:00,2017-05-20 08:00:00,5,10.677492678516604,2017-05-20 05:00:00,,after_hours,A,False
Eagle_office_Efrain,lightgbm,2017-05-21 05:00:00,2017-05-21 08:00:00,4,10.437803252389012,2017-05-21 05:00:00,,after_hours,A,False
Eagle_office_Efrain,lightgbm,2017-06-23 08:00:00,2017-06-23 08:00:00,1,8.230750612925206,2017-06-23 08:00:00,,spike,A,False
Eagle_office_Efrain,lightgbm,2017-07-09 03:00:00,2017-07-09 03:00:00,1,8.289819178701011,2017-07-09 03:00:00,,after_hours,A,False
Eagle_office_Efrain,lightgbm,2017-07-09 07:00:00,2017-07-09 07:00:00,1,9.656871140542295,2017-07-09 07:00:00,,after_hours,A,False
Eagle_office_Efrain,lightgbm,2017-07-12 07:00:00,2017-07-12 07:00:00,1,8.492328237612242,2017-07-12 07:00:00,,spike,A,False
Eagle_office_Efrain,lightgbm,2017-07-14 04:00:00,2017-07-14 04:00:00,1,9.193722878494553,2017-07-14 04:00:00,,after_hours,A,False
Eagle_office_Efrain,lightgbm,2017-07-17 03:00:00,2017-07-17 04:00:00,2,8.292992407393156,2017-07-17 03:00:00,,after_hours,A,False
Eagle_office_Efrain,lightgbm,2017-07-18 23:00:00,2017-07-19 01:00:00,3,25.4586533497407,2017-07-19 01:00:00,,after_hours,A,True
Eagle_office_Efrain,lightgbm,2017-07-19 16:00:00,2017-07-19 16:00:00,1,8.105754694364913,2017-07-19 16:00:00,,spike,A,False
Eagle_office_Efrain,lightgbm,2017-07-21 15:00:00,2017-07-21 15:00:00,1,8.714662578635446,2017-07-21 15:00:00,,spike,A,False
Eagle_office_Efrain,lightgbm,2017-07-23 06:00:00,2017-07-23 06:00:00,1,8.538610537677345,2017-07-23 06:00:00,,after_hours,A,False
Eagle_office_Efrain,lightgbm,2017-07-31 05:00:00,2017-07-31 05:00:00,1,11.353975521939299,2017-07-31 05:00:00,,after_hours,A,False
Eagle_office_Efrain,lightgbm,2017-08-03 04:00:00,2017-08-03 04:00:00,1,10.8924620253416,2017-08-03 04:00:00,,after_hours,A,False
Eagle_office_Efrain,lightgbm,2017-08-04 04:00:00,2017-08-04 05:00:00,2,9.680305446710122,2017-08-04 04:00:00,,after_hours,A,False
Eagle_office_Efrain,lightgbm,2017-08-04 08:00:00,2017-08-04 08:00:00,1,9.936505624038,2017-08-04 08:00:00,,spike,A,False
Eagle_office_Efrain,lightgbm,2017-08-08 08:00:00,2017-08-08 08:00:00,1,9.368985599821363,2017-08-08 08:00:00,,spike,A,False
Eagle_office_Efrain,lightgbm,2017-08-14 07:00:00,2017-08-14 07:00:00,1,8.81603442126041,2017-08-14 07:00:00,,spike,A,False
Eagle_office_Efrain,lightgbm,2017-08-15 21:00:00,2017-08-15 21:00:00,1,13.428625860157847,2017-08-15 21:00:00,,after_hours,A,True
Eagle_office_Efrain,lightgbm,2017-08-19 09:00:00,2017-08-19 09:00:00,1,8.964538938839528,2017-08-19 09:00:00,,after_hours,A,False
Eagle_office_Efrain,lightgbm,2017-08-20 05:00:00,2017-08-20 05:00:00,1,8.116222827283929,2017-08-20 05:00:00,,after_hours,A,False
Eagle_office_Efrain,lightgbm,2017-08-24 03:00:00,2017-08-24 03:00:00,1,10.094686881593283,2017-08-24 03:00:00,,after_hours,A,False
Eagle_office_Efrain,lightgbm,2017-08-27 05:00:00,2017-08-27 05:00:00,1,9.20072351415184,2017-08-27 05:00:00,,after_hours,A,False
Eagle_office_Efrain,lightgbm,2017-09-01 11:00:00,2017-09-01 15:00:00,5,7.917151852235384,2017-09-01 13:00:00,,spike,A,False
Eagle_office_Efrain,lightgbm,2017-09-05 05:00:00,2017-09-05 05:00:00,1,9.441844709444979,2017-09-05 05:00:00,,after_hours,A,False
Eagle_office_Efrain,lightgbm,2017-09-06 09:00:00,2017-09-06 09:00:00,1,9.309921765024013,2017-09-06 09:00:00,,spike,A,False
Eagle_office_Efrain,lightgbm,2017-09-07 06:00:00,2017-09-07 08:00:00,3,10.205189533763289,2017-09-07 06:00:00,,spike,A,False
Eagle_office_Efrain,lightgbm,2017-09-13 03:00:00,2017-09-13 04:00:00,2,10.646780521510616,2017-09-13 04:00:00,,after_hours,A,False
Eagle_office_Efrain,lightgbm,2017-09-19 14:00:00,2017-09-19 14:00:00,1,9.273760714244286,2017-09-19 14:00:00,,spike,A,False
Eagle_office_Efrain,lightgbm,2017-09-21 23:00:00,2017-09-21 23:00:00,1,11.885244486341543,2017-09-21 23:00:00,,after_hours,A,False
Eagle_office_Efrain,lightgbm,2017-09-22 03:00:00,2017-09-22 08:00:00,6,11.174580783294221,2017-09-22 08:00:00,,after_hours,A,False
Eagle_office_Efrain,lightgbm,2017-09-24 08:00:00,2017-09-24 08:00:00,1,10.73621872306391,2017-09-24 08:00:00,,after_hours,A,False
Eagle_office_Efrain,lightgbm,2017-09-25 00:00:00,2017-09-25 06:00:00,7,7.9634160342524485,2017-09-25 00:00:00,,after_hours,A,False
Eagle_office_Efrain,lightgbm,2017-09-28 08:00:00,2017-09-28 08:00:00,1,8.08563528808037,2017-09-28 08:00:00,,spike,A,False
Eagle_office_Efrain,lightgbm,2017-10-04 03:00:00,2017-10-04 03:00:00,1,7.917100766815058,2017-10-04 03:00:00,,after_hours,A,False
Eagle_office_Efrain,lightgbm,2017-10-09 12:00:00,2017-10-09 18:00:00,7,8.960085897422477,2017-10-09 18:00:00,,after_hours,A,False
Eagle_office_Efrain,lightgbm,2017-10-24 07:00:00,2017-10-24 10:00:00,4,8.005549811058689,2017-10-24 07:00:00,,spike,A,False
Eagle_office_Efrain,lightgbm,2017-11-04 21:00:00,2017-11-05 02:00:00,6,10.097657729228526,2017-11-05 02:00:00,,after_hours,A,False
Eagle_office_Efrain,lightgbm,2017-11-05 12:00:00,2017-11-05 17:00:00,6,12.966983189767028,2017-11-05 12:00:00,,after_hours,A,False
Eagle_office_Efrain,lightgbm,2017-11-08 03:00:00,2017-11-08 03:00:00,1,11.594345658012116,2017-11-08 03:00:00,,after_hours,A,False
Eagle_office_Efrain,lightgbm,2017-11-09 03:00:00,2017-11-09 03:00:00,1,8.358577544783026,2017-11-09 03:00:00,,after_hours,A,False
Eagle_office_Efrain,lightgbm,2017-12-05 12:00:00,2017-12-05 12:00:00,1,9.19161605318598,2017-12-05 12:00:00,,spike,A,False
Eagle_office_Efrain,lightgbm,2017-12-06 06:00:00,2017-12-06 15:00:00,10,10.164688368513083,2017-12-06 15:00:00,,spike,A,False
Eagle_office_Efrain,lightgbm,2017-12-08 20:00:00,2017-12-08 20:00:00,1,8.656146581203414,2017-12-08 20:00:00,,after_hours,A,False
Eagle_office_Efrain,lightgbm,2017-12-30 02:00:00,2017-12-30 03:00:00,2,8.791813354670914,2017-12-30 03:00:00,,after_hours,A,False
Eagle_office_Francis,lightgbm,2017-01-05 18:00:00,2017-01-05 19:00:00,2,4.860110131036212,2017-01-05 19:00:00,,spike,A,False
Eagle_office_Francis,lightgbm,2017-01-06 12:00:00,2017-01-06 14:00:00,3,4.753433188832769,2017-01-06 14:00:00,,spike,A,False
Eagle_office_Francis,lightgbm,2017-01-07 11:00:00,2017-01-07 11:00:00,1,4.52878414646674,2017-01-07 11:00:00,,after_hours,A,False
Eagle_office_Francis,lightgbm,2017-01-07 20:00:00,2017-01-07 20:00:00,1,6.44071586107163,2017-01-07 20:00:00,,after_hours,A,False
Eagle_office_Francis,lightgbm,2017-01-08 02:00:00,2017-01-08 02:00:00,1,4.6301111201441945,2017-01-08 02:00:00,,after_hours,A,False
Eagle_office_Francis,lightgbm,2017-01-08 05:00:00,2017-01-08 12:00:00,8,35.373012156492955,2017-01-08 07:00:00,,after_hours,A,True
Eagle_office_Francis,lightgbm,2017-01-08 23:00:00,2017-01-08 23:00:00,1,4.466807582268171,2017-01-08 23:00:00,,after_hours,A,False
Eagle_office_Francis,lightgbm,2017-01-09 13:00:00,2017-01-09 13:00:00,1,4.183805886828984,2017-01-09 13:00:00,,spike,A,False
Eagle_office_Francis,lightgbm,2017-01-09 19:00:00,2017-01-09 19:00:00,1,5.247478412077055,2017-01-09 19:00:00,,after_hours,A,False
Eagle_office_Francis,lightgbm,2017-01-11 05:00:00,2017-01-11 05:00:00,1,4.395104390969478,2017-01-11 05:00:00,,after_hours,A,False
Eagle_office_Francis,lightgbm,2017-01-13 00:00:00,2017-01-13 00:00:00,1,5.1924812738097,2017-01-13 00:00:00,,after_hours,A,False
Eagle_office_Francis,lightgbm,2017-01-16 20:00:00,2017-01-16 20:00:00,1,4.130062403002197,2017-01-16 20:00:00,,after_hours,A,False
Eagle_office_Francis,lightgbm,2017-01-20 18:00:00,2017-01-20 18:00:00,1,6.392615437557932,2017-01-20 18:00:00,,spike,A,False
Eagle_office_Francis,lightgbm,2017-01-26 13:00:00,2017-01-26 13:00:00,1,4.236979578186478,2017-01-26 13:00:00,,spike,A,False
Eagle_office_Francis,lightgbm,2017-02-04 05:00:00,2017-02-04 05:00:00,1,4.545674007990816,2017-02-04 05:00:00,,after_hours,A,False
Eagle_office_Francis,lightgbm,2017-02-10 07:00:00,2017-02-10 07:00:00,1,5.971282530457587,2017-02-10 07:00:00,,spike,A,False
Eagle_office_Francis,lightgbm,2017-02-10 13:00:00,2017-02-10 13:00:00,1,4.198448688755507,2017-02-10 13:00:00,,spike,A,False
Eagle_office_Francis,lightgbm,2017-02-10 20:00:00,2017-02-10 20:00:00,1,4.089627521962253,2017-02-10 20:00:00,,after_hours,A,False
Eagle_office_Francis,lightgbm,2017-02-11 03:00:00,2017-02-11 03:00:00,1,4.613342299721711,2017-02-11 03:00:00,,after_hours,A,False
Eagle_office_Francis,lightgbm,2017-02-13 13:00:00,2017-02-13 15:00:00,3,7.967985444380509,2017-02-13 13:00:00,,spike,A,False
Eagle_office_Francis,lightgbm,2017-02-13 22:00:00,2017-02-13 22:00:00,1,4.278557556386528,2017-02-13 22:00:00,,after_hours,A,False
Eagle_office_Francis,lightgbm,2017-02-17 10:00:00,2017-02-17 10:00:00,1,4.446283631880793,2017-02-17 10:00:00,,spike,A,False
Eagle_office_Francis,lightgbm,2017-02-18 08:00:00,2017-02-18 08:00:00,1,4.42286952371699,2017-02-18 08:00:00,,after_hours,A,False
Eagle_office_Francis,lightgbm,2017-02-18 23:00:00,2017-02-18 23:00:00,1,4.520089529423628,2017-02-18 23:00:00,,after_hours,A,False
Eagle_office_Francis,lightgbm,2017-02-20 14:00:00,2017-02-20 18:00:00,5,5.431675280935054,2017-02-20 17:00:00,,after_hours,A,False
Eagle_office_Francis,lightgbm,2017-02-20 21:00:00,2017-02-20 22:00:00,2,4.494495622053122,2017-02-20 21:00:00,,after_hours,A,False
Eagle_office_Francis,lightgbm,2017-03-05 15:00:00,2017-03-05 15:00:00,1,6.600840458086945,2017-03-05 15:00:00,,after_hours,A,False
Eagle_office_Francis,lightgbm,2017-03-09 05:00:00,2017-03-09 05:00:00,1,4.176482201212448,2017-03-09 05:00:00,,after_hours,A,False
Eagle_office_Francis,lightgbm,2017-03-09 09:00:00,2017-03-09 09:00:00,1,4.094991281262288,2017-03-09 09:00:00,,spike,A,False
Eagle_office_Francis,lightgbm,2017-03-15 14:00:00,2017-03-15 14:00:00,1,4.4181119040793915,2017-03-15 14:00:00,,spike,A,False
Eagle_office_Francis,lightgbm,2017-03-16 15:00:00,2017-03-16 15:00:00,1,6.889423282602589,2017-03-16 15:00:00,,spike,A,False
Eagle_office_Francis,lightgbm,2017-03-17 15:00:00,2017-03-17 15:00:00,1,4.048174837576031,2017-03-17 15:00:00,,spike,A,False
Eagle_office_Francis,lightgbm,2017-06-05 18:00:00,2017-06-05 18:00:00,1,4.388524877957962,2017-06-05 18:00:00,,spike,A,False
Eagle_office_Francis,lightgbm,2017-08-28 00:00:00,2017-08-28 00:00:00,1,4.8369862235470755,2017-08-28 00:00:00,,after_hours,A,False
Eagle_office_Francis,lightgbm,2017-08-28 09:00:00,2017-08-28 09:00:00,1,4.710162767018005,2017-08-28 09:00:00,,spike,A,False
Eagle_office_Francis,lightgbm,2017-10-09 15:00:00,2017-10-09 21:00:00,7,6.067854089148736,2017-10-09 17:00:00,,after_hours,A,True
Eagle_office_Francis,lightgbm,2017-10-10 05:00:00,2017-10-10 05:00:00,1,4.602738690877166,2017-10-10 05:00:00,,after_hours,A,True
Eagle_office_Francis,lightgbm,2017-10-16 07:00:00,2017-10-16 07:00:00,1,4.102421735397562,2017-10-16 07:00:00,,spike,A,True
Eagle_office_Francis,lightgbm,2017-10-17 10:00:00,2017-10-17 10:00:00,1,4.301985231715996,2017-10-17 10:00:00,,spike,A,True
Eagle_office_Francis,lightgbm,2017-10-18 07:00:00,2017-10-18 07:00:00,1,4.195494743543526,2017-10-18 07:00:00,,spike,A,True
Eagle_office_Francis,lightgbm,2017-10-18 19:00:00,2017-10-18 21:00:00,3,4.367967017047462,2017-10-18 19:00:00,,after_hours,A,True
Eagle_office_Francis,lightgbm,2017-10-21 11:00:00,2017-10-21 11:00:00,1,4.783012860140014,2017-10-21 11:00:00,,after_hours,A,True
Eagle_office_Francis,lightgbm,2017-11-10 18:00:00,2017-11-10 21:00:00,4,4.201549031187054,2017-11-10 18:00:00,,after_hours,A,False
Eagle_office_Francis,lightgbm,2017-11-26 13:00:00,2017-11-26 13:00:00,1,4.049333237036267,2017-11-26 13:00:00,,after_hours,A,False
Eagle_office_Francis,lightgbm,2017-11-28 01:00:00,2017-11-28 01:00:00,1,12.400278613520449,2017-11-28 01:00:00,,after_hours,A,True
Eagle_office_Francis,lightgbm,2017-11-28 19:00:00,2017-11-28 19:00:00,1,4.08503171541932,2017-11-28 19:00:00,,after_hours,A,False
Eagle_office_Francis,lightgbm,2017-12-16 06:00:00,2017-12-16 06:00:00,1,5.743036666733334,2017-12-16 06:00:00,,after_hours,A,False
Eagle_office_Francis,lightgbm,2017-12-26 11:00:00,2017-12-26 11:00:00,1,5.35455105721549,2017-12-26 11:00:00,,spike,A,False
Eagle_office_Jackie,lightgbm,2017-01-20 16:00:00,2017-01-20 16:00:00,1,4.301685184848882,2017-01-20 16:00:00,,spike,A,False
Eagle_office_Jackie,lightgbm,2017-01-20 19:00:00,2017-01-20 19:00:00,1,4.907984414490343,2017-01-20 19:00:00,,after_hours,A,False
Eagle_office_Jackie,lightgbm,2017-01-21 18:00:00,2017-01-21 18:00:00,1,4.34917347800254,2017-01-21 18:00:00,,after_hours,A,False
Eagle_office_Jackie,lightgbm,2017-01-23 19:00:00,2017-01-24 00:00:00,6,7.507992628724939,2017-01-23 19:00:00,,after_hours,A,False
Eagle_office_Jackie,lightgbm,2017-01-26 19:00:00,2017-01-26 20:00:00,2,4.278224583760513,2017-01-26 20:00:00,,after_hours,A,False
Eagle_office_Jackie,lightgbm,2017-02-03 18:00:00,2017-02-03 18:00:00,1,4.3245512159009705,2017-02-03 18:00:00,,spike,A,False
Eagle_office_Jackie,lightgbm,2017-02-19 14:00:00,2017-02-19 14:00:00,1,5.638465596155392,2017-02-19 14:00:00,,after_hours,A,False
Eagle_office_Jackie,lightgbm,2017-02-20 16:00:00,2017-02-20 16:00:00,1,5.127744762755692,2017-02-20 16:00:00,,after_hours,A,False
Eagle_office_Jackie,lightgbm,2017-02-20 19:00:00,2017-02-20 20:00:00,2,7.257975621029163,2017-02-20 19:00:00,,after_hours,A,False
Eagle_office_Jackie,lightgbm,2017-02-25 13:00:00,2017-02-25 15:00:00,3,20.69335411033546,2017-02-25 15:00:00,,after_hours,A,True
Eagle_office_Jackie,lightgbm,2017-02-26 08:00:00,2017-02-26 08:00:00,1,4.329730287710404,2017-02-26 08:00:00,,after_hours,A,False
Eagle_office_Jackie,lightgbm,2017-03-02 07:00:00,2017-03-02 07:00:00,1,5.122874234712346,2017-03-02 07:00:00,,spike,A,False
Eagle_office_Jackie,lightgbm,2017-03-09 05:00:00,2017-03-09 05:00:00,1,4.970295810336478,2017-03-09 05:00:00,,after_hours,A,False
Eagle_office_Jackie,lightgbm,2017-03-14 15:00:00,2017-03-14 17:00:00,3,5.312788835246132,2017-03-14 15:00:00,,spike,A,False
Eagle_office_Jackie,lightgbm,2017-03-15 21:00:00,2017-03-15 21:00:00,1,4.386418949683213,2017-03-15 21:00:00,,after_hours,A,False
Eagle_office_Jackie,lightgbm,2017-03-16 08:00:00,2017-03-16 08:00:00,1,6.039075842276927,2017-03-16 08:00:00,,spike,A,False
Eagle_office_Jackie,lightgbm,2017-03-23 18:00:00,2017-03-23 19:00:00,2,5.070032975413922,2017-03-23 19:00:00,,spike,A,False
Eagle_office_Jackie,lightgbm,2017-03-27 20:00:00,2017-03-27 20:00:00,1,4.349962814548994,2017-03-27 20:00:00,,after_hours,A,False
Eagle_office_Jackie,lightgbm,2017-04-08 07:00:00,2017-04-08 07:00:00,1,4.852188750466191,2017-04-08 07:00:00,,after_hours,A,False
Eagle_office_Jackie,lightgbm,2017-04-09 06:00:00,2017-04-09 06:00:00,1,7.3828420201015685,2017-04-09 06:00:00,,after_hours,A,False
Eagle_office_Jackie,lightgbm,2017-04-11 15:00:00,2017-04-11 15:00:00,1,4.40406451414409,2017-04-11 15:00:00,,spike,A,False
Eagle_office_Jackie,lightgbm,2017-04-17 22:00:00,2017-04-17 22:00:00,1,4.7785764487119256,2017-04-17 22:00:00,,after_hours,A,False
Eagle_office_Jackie,lightgbm,2017-04-18 13:00:00,2017-04-18 13:00:00,1,4.472106225558651,2017-04-18 13:00:00,,spike,A,False
Eagle_office_Jackie,lightgbm,2017-04-21 10:00:00,2017-04-21 10:00:00,1,4.928778588747786,2017-04-21 10:00:00,,spike,A,False
Eagle_office_Jackie,lightgbm,2017-04-22 22:00:00,2017-04-22 22:00:00,1,5.625418173002539,2017-04-22 22:00:00,,after_hours,A,False
Eagle_office_Jackie,lightgbm,2017-04-23 23:00:00,2017-04-23 23:00:00,1,8.20497161775239,2017-04-23 23:00:00,,after_hours,A,False
Eagle_office_Jackie,lightgbm,2017-04-29 22:00:00,2017-04-29 22:00:00,1,4.609121253888153,2017-04-29 22:00:00,,after_hours,A,False
Eagle_office_Jackie,lightgbm,2017-04-30 19:00:00,2017-04-30 20:00:00,2,6.2847996779932025,2017-04-30 20:00:00,,after_hours,A,False
Eagle_office_Jackie,lightgbm,2017-05-01 14:00:00,2017-05-01 14:00:00,1,4.2591908204408355,2017-05-01 14:00:00,,spike,A,False
Eagle_office_Jackie,lightgbm,2017-05-05 13:00:00,2017-05-05 13:00:00,1,5.58168932050918,2017-05-05 13:00:00,,spike,A,False
Eagle_office_Jackie,lightgbm,2017-05-06 00:00:00,2017-05-06 00:00:00,1,4.2153941272134015,2017-05-06 00:00:00,,after_hours,A,False
Eagle_office_Jackie,lightgbm,2017-05-07 04:00:00,2017-05-07 04:00:00,1,5.375396412631225,2017-05-07 04:00:00,,after_hours,A,False
Eagle_office_Jackie,lightgbm,2017-05-08 13:00:00,2017-05-08 13:00:00,1,4.410897033685117,2017-05-08 13:00:00,,spike,A,False
Eagle_office_Jackie,lightgbm,2017-06-06 05:00:00,2017-06-06 05:00:00,1,5.696205940836194,2017-06-06 05:00:00,,after_hours,A,False
Eagle_office_Jackie,lightgbm,2017-06-06 09:00:00,2017-06-06 09:00:00,1,4.404791696309745,2017-06-06 09:00:00,,spike,A,False
Eagle_office_Jackie,lightgbm,2017-06-10 22:00:00,2017-06-10 22:00:00,1,5.672299312034082,2017-06-10 22:00:00,,after_hours,A,False
Eagle_office_Jackie,lightgbm,2017-06-21 13:00:00,2017-06-21 13:00:00,1,4.964666957143862,2017-06-21 13:00:00,,spike,A,False
Eagle_office_Jackie,lightgbm,2017-06-24 07:00:00,2017-06-24 07:00:00,1,5.026627359821472,2017-06-24 07:00:00,,after_hours,A,False
Eagle_office_Jackie,lightgbm,2017-06-24 16:00:00,2017-06-24 16:00:00,1,6.5433368645923355,2017-06-24 16:00:00,,after_hours,A,False
Eagle_office_Jackie,lightgbm,2017-06-25 07:00:00,2017-06-25 07:00:00,1,5.263323844745025,2017-06-25 07:00:00,,after_hours,A,False
Eagle_office_Jackie,lightgbm,2017-06-26 21:00:00,2017-06-26 21:00:00,1,4.332971213473813,2017-06-26 21:00:00,,after_hours,A,False
Eagle_office_Jackie,lightgbm,2017-06-28 03:00:00,2017-06-28 03:00:00,1,5.063281592707634,2017-06-28 03:00:00,,after_hours,A,False
Eagle_office_Jackie,lightgbm,2017-07-04 12:00:00,2017-07-04 12:00:00,1,4.9494818043282685,2017-07-04 12:00:00,,after_hours,A,False
Eagle_office_Jackie,lightgbm,2017-07-13 14:00:00,2017-07-13 14:00:00,1,4.446105810270353,2017-07-13 14:00:00,,spike,A,False
Eagle_office_Jackie,lightgbm,2017-07-16 20:00:00,2017-07-16 20:00:00,1,5.5737353623850225,2017-07-16 20:00:00,,after_hours,A,False
Eagle_office_Jackie,lightgbm,2017-08-16 23:00:00,2017-08-16 23:00:00,1,4.549712212426568,2017-08-16 23:00:00,,after_hours,A,False
Eagle_office_Jackie,lightgbm,2017-08-17 19:00:00,2017-08-17 19:00:00,1,4.372886965002175,2017-08-17 19:00:00,,after_hours,A,False
Eagle_office_Jackie,lightgbm,2017-08-22 22:00:00,2017-08-22 22:00:00,1,4.489966258001847,2017-08-22 22:00:00,,after_hours,A,False
Eagle_office_Jackie,lightgbm,2017-08-23 19:00:00,2017-08-23 20:00:00,2,5.766825149859021,2017-08-23 19:00:00,,after_hours,A,False
Eagle_office_Jackie,lightgbm,2017-08-24 15:00:00,2017-08-24 15:00:00,1,5.010964924089262,2017-08-24 15:00:00,,spike,A,False
Eagle_office_Jackie,lightgbm,2017-08-24 18:00:00,2017-08-24 18:00:00,1,5.9169934829104935,2017-08-24 18:00:00,,spike,A,False
Eagle_office_Jackie,lightgbm,2017-08-25 20:00:00,2017-08-25 21:00:00,2,5.365095618947114,2017-08-25 20:00:00,,after_hours,A,False
Eagle_office_Jackie,lightgbm,2017-08-31 08:00:00,2017-08-31 08:00:00,1,4.5409771372877135,2017-08-31 08:00:00,,spike,A,False
Eagle_office_Jackie,lightgbm,2017-09-04 15:00:00,2017-09-04 15:00:00,1,5.1654736743291965,2017-09-04 15:00:00,,after_hours,A,False
Eagle_office_Jackie,lightgbm,2017-09-04 18:00:00,2017-09-04 21:00:00,4,6.667396885053719,2017-09-04 18:00:00,,after_hours,A,False
Eagle_office_Jackie,lightgbm,2017-09-26 18:00:00,2017-09-26 18:00:00,1,4.38814853073635,2017-09-26 18:00:00,,spike,A,False
Eagle_office_Jackie,lightgbm,2017-10-01 19:00:00,2017-10-01 19:00:00,1,20.144787334133987,2017-10-01 19:00:00,,after_hours,A,True
Eagle_office_Jackie,lightgbm,2017-10-09 15:00:00,2017-10-09 18:00:00,4,10.326783561969435,2017-10-09 18:00:00,,after_hours,A,False
Eagle_office_Jackie,lightgbm,2017-10-09 22:00:00,2017-10-09 23:00:00,2,6.645476715323887,2017-10-09 22:00:00,,after_hours,A,False
Eagle_office_Jackie,lightgbm,2017-10-24 18:00:00,2017-10-24 18:00:00,1,4.303682766836164,2017-10-24 18:00:00,,spike,A,False
Eagle_office_Jackie,lightgbm,2017-10-25 08:00:00,2017-10-25 08:00:00,1,4.665109633338198,2017-10-25 08:00:00,,spike,A,False
Eagle_office_Jackie,lightgbm,2017-11-01 07:00:00,2017-11-01 07:00:00,1,5.628151412951949,2017-11-01 07:00:00,,spike,A,False
Eagle_office_Jackie,lightgbm,2017-11-02 18:00:00,2017-11-02 18:00:00,1,5.243858329009028,2017-11-02 18:00:00,,spike,A,False
Eagle_office_Jackie,lightgbm,2017-11-07 16:00:00,2017-11-07 16:00:00,1,4.57836174075153,2017-11-07 16:00:00,,spike,A,False
Eagle_office_Jackie,lightgbm,2017-11-08 22:00:00,2017-11-08 23:00:00,2,6.21870819398002,2017-11-08 22:00:00,,after_hours,A,False
Eagle_office_Jackie,lightgbm,2017-11-10 15:00:00,2017-11-10 20:00:00,6,10.711855091015074,2017-11-10 19:00:00,,after_hours,A,False
Eagle_office_Jackie,lightgbm,2017-12-03 18:00:00,2017-12-03 18:00:00,1,7.7914729192194185,2017-12-03 18:00:00,,after_hours,A,False
Eagle_office_Jackie,lightgbm,2017-12-07 14:00:00,2017-12-07 16:00:00,3,4.3888930601655725,2017-12-07 14:00:00,,spike,A,False
Eagle_office_Jackie,lightgbm,2017-12-09 19:00:00,2017-12-09 20:00:00,2,7.1391531038261515,2017-12-09 20:00:00,,after_hours,A,False
Eagle_office_Jackie,lightgbm,2017-12-10 16:00:00,2017-12-10 16:00:00,1,4.75899069609867,2017-12-10 16:00:00,,after_hours,A,False
Eagle_office_Jackie,lightgbm,2017-12-13 01:00:00,2017-12-13 01:00:00,1,5.216934032071907,2017-12-13 01:00:00,,after_hours,A,False
Eagle_office_Jackie,lightgbm,2017-12-14 18:00:00,2017-12-14 18:00:00,1,4.823634716324978,2017-12-14 18:00:00,,spike,A,False
Eagle_office_Jackie,lightgbm,2017-12-18 09:00:00,2017-12-18 09:00:00,1,8.27005086225941,2017-12-18 09:00:00,,spike,A,False
Eagle_office_Lillian,lightgbm,2017-01-01 06:00:00,2017-01-01 08:00:00,3,13.62255833302254,2017-01-01 08:00:00,,after_hours,A,False
Eagle_office_Lillian,lightgbm,2017-01-03 04:00:00,2017-01-03 07:00:00,4,14.409490927643969,2017-01-03 07:00:00,,after_hours,A,False
Eagle_office_Lillian,lightgbm,2017-01-04 06:00:00,2017-01-04 10:00:00,5,14.96826897679448,2017-01-04 08:00:00,,spike,A,False
Eagle_office_Lillian,lightgbm,2017-01-05 03:00:00,2017-01-05 08:00:00,6,15.834881696746107,2017-01-05 08:00:00,,after_hours,A,False
Eagle_office_Lillian,lightgbm,2017-01-08 08:00:00,2017-01-08 23:00:00,16,14.325360922869178,2017-01-08 13:00:00,,after_hours,A,False
Eagle_office_Lillian,lightgbm,2017-01-09 06:00:00,2017-01-09 11:00:00,6,15.52867609609324,2017-01-09 09:00:00,,spike,A,False
Eagle_office_Lillian,lightgbm,2017-01-11 18:00:00,2017-01-12 01:00:00,8,13.895257079848108,2017-01-11 21:00:00,,after_hours,A,False
Eagle_office_Lillian,lightgbm,2017-01-18 14:00:00,2017-01-18 20:00:00,7,15.646396342891284,2017-01-18 14:00:00,,spike,A,False
Eagle_office_Lillian,lightgbm,2017-01-19 02:00:00,2017-01-19 02:00:00,1,14.299314894712317,2017-01-19 02:00:00,,after_hours,A,False
Eagle_office_Lillian,lightgbm,2017-01-22 01:00:00,2017-01-22 01:00:00,1,15.400321461247554,2017-01-22 01:00:00,,after_hours,A,False
Eagle_office_Lillian,lightgbm,2017-01-23 11:00:00,2017-01-24 00:00:00,14,33.32316324801883,2017-01-23 20:00:00,,spike,A,False
Eagle_office_Lillian,lightgbm,2017-01-26 02:00:00,2017-01-26 03:00:00,2,12.874651511217227,2017-01-26 02:00:00,,after_hours,A,False
Eagle_office_Lillian,lightgbm,2017-02-10 15:00:00,2017-02-10 15:00:00,1,15.013699686030808,2017-02-10 15:00:00,,spike,A,False
Eagle_office_Lillian,lightgbm,2017-02-11 20:00:00,2017-02-11 20:00:00,1,21.03932164179289,2017-02-11 20:00:00,,after_hours,A,False
Eagle_office_Lillian,lightgbm,2017-02-17 06:00:00,2017-02-17 10:00:00,5,39.58694788169781,2017-02-17 06:00:00,,spike,A,True
Eagle_office_Lillian,lightgbm,2017-02-20 16:00:00,2017-02-20 18:00:00,3,15.4212127350559,2017-02-20 16:00:00,,after_hours,A,False
Eagle_office_Lillian,lightgbm,2017-02-23 18:00:00,2017-02-25 23:00:00,54,19.467290829756617,2017-02-24 00:00:00,,after_hours,A,False
Eagle_office_Lillian,lightgbm,2017-03-01 14:00:00,2017-03-02 06:00:00,17,24.11481107925935,2017-03-02 01:00:00,,after_hours,A,False
Eagle_office_Lillian,lightgbm,2017-03-04 22:00:00,2017-03-05 00:00:00,3,14.57019306422692,2017-03-04 23:00:00,,after_hours,A,False
Eagle_office_Lillian,lightgbm,2017-03-05 03:00:00,2017-03-05 07:00:00,5,14.08322430178143,2017-03-05 05:00:00,,after_hours,A,False
Eagle_office_Lillian,lightgbm,2017-03-05 10:00:00,2017-03-05 10:00:00,1,12.941710473029234,2017-03-05 10:00:00,,after_hours,A,False
Eagle_office_Lillian,lightgbm,2017-03-10 16:00:00,2017-03-10 18:00:00,3,14.35886840956298,2017-03-10 16:00:00,,spike,A,False
Eagle_office_Lillian,lightgbm,2017-03-18 18:00:00,2017-03-18 19:00:00,2,13.578320355612957,2017-03-18 19:00:00,,after_hours,A,False
Eagle_office_Lillian,lightgbm,2017-03-27 23:00:00,2017-03-30 01:00:00,51,18.756642868674007,2017-03-30 01:00:00,,after_hours,A,False
Eagle_office_Lillian,lightgbm,2017-03-31 18:00:00,2017-03-31 20:00:00,3,14.965127381861558,2017-03-31 20:00:00,,after_hours,A,False
Eagle_office_Lillian,lightgbm,2017-04-04 11:00:00,2017-04-05 09:00:00,23,25.912550947889873,2017-04-05 01:00:00,,after_hours,A,False
Eagle_office_Lillian,lightgbm,2017-04-08 10:00:00,2017-04-08 21:00:00,12,14.049539834838448,2017-04-08 15:00:00,,after_hours,A,False
Eagle_office_Lillian,lightgbm,2017-04-15 23:00:00,2017-04-16 00:00:00,2,39.561288407085534,2017-04-15 23:00:00,,after_hours,A,True
Eagle_office_Lillian,lightgbm,2017-04-20 21:00:00,2017-04-23 06:00:00,58,29.219283130178297,2017-04-21 02:00:00,,after_hours,A,False
Eagle_office_Lillian,lightgbm,2017-04-25 19:00:00,2017-05-02 15:00:00,165,23.3687837779039,2017-04-27 20:00:00,,after_hours,A,False
Eagle_office_Lillian,lightgbm,2017-05-09 06:00:00,2017-05-09 07:00:00,2,12.798777371779142,2017-05-09 07:00:00,,spike,A,False
Eagle_office_Lillian,lightgbm,2017-05-20 11:00:00,2017-05-20 19:00:00,9,29.481875260158176,2017-05-20 17:00:00,,after_hours,A,False
Eagle_office_Lillian,lightgbm,2017-05-22 18:00:00,2017-05-24 18:00:00,49,14.595706701878902,2017-05-23 19:00:00,,spike,A,False
Eagle_office_Lillian,lightgbm,2017-05-25 06:00:00,2017-05-26 04:00:00,23,28.29166038535006,2017-05-25 07:00:00,,spike,A,False
Eagle_office_Lillian,lightgbm,2017-05-28 06:00:00,2017-05-28 22:00:00,17,24.38530056439568,2017-05-28 16:00:00,,after_hours,A,False
Eagle_office_Lillian,lightgbm,2017-06-01 05:00:00,2017-06-01 16:00:00,12,20.383101099529767,2017-06-01 11:00:00,,spike,A,False
Eagle_office_Lillian,lightgbm,2017-06-06 03:00:00,2017-06-06 18:00:00,16,20.213360491390507,2017-06-06 13:00:00,,spike,A,False
Eagle_office_Lillian,lightgbm,2017-06-16 17:00:00,2017-06-20 17:00:00,97,39.998219179717395,2017-06-17 23:00:00,,after_hours,A,False
Eagle_office_Lillian,lightgbm,2017-06-21 02:00:00,2017-06-21 21:00:00,20,14.68019489267261,2017-06-21 10:00:00,,spike,A,False
Eagle_office_Lillian,lightgbm,2017-06-22 04:00:00,2017-06-22 13:00:00,10,15.4717106145212,2017-06-22 09:00:00,,spike,A,False
Eagle_office_Lillian,lightgbm,2017-06-24 22:00:00,2017-06-24 23:00:00,2,23.697253556402277,2017-06-24 23:00:00,,after_hours,A,False
Eagle_office_Lillian,lightgbm,2017-07-11 20:00:00,2017-07-11 20:00:00,1,14.214044824633362,2017-07-11 20:00:00,,after_hours,A,False
Eagle_office_Lillian,lightgbm,2017-08-16 11:00:00,2017-08-16 11:00:00,1,13.361096615794189,2017-08-16 11:00:00,,spike,A,False
Eagle_office_Lillian,lightgbm,2017-08-22 00:00:00,2017-08-22 00:00:00,1,12.961277846951745,2017-08-22 00:00:00,,after_hours,A,False
Eagle_office_Lillian,lightgbm,2017-09-07 23:00:00,2017-09-07 23:00:00,1,13.133727863579777,2017-09-07 23:00:00,,after_hours,A,False
Eagle_office_Lillian,lightgbm,2017-09-14 23:00:00,2017-09-14 23:00:00,1,12.833911545002476,2017-09-14 23:00:00,,after_hours,A,False
Eagle_office_Lillian,lightgbm,2017-09-17 03:00:00,2017-09-17 03:00:00,1,13.467400837858657,2017-09-17 03:00:00,,after_hours,A,False
Eagle_office_Lillian,lightgbm,2017-09-23 22:00:00,2017-09-23 22:00:00,1,12.912788816619974,2017-09-23 22:00:00,,after_hours,A,False
Eagle_office_Lillian,lightgbm,2017-10-02 15:00:00,2017-10-07 16:00:00,122,49.59744523730077,2017-10-06 03:00:00,,after_hours,A,False
Eagle_office_Lillian,lightgbm,2017-10-09 05:00:00,2017-10-12 20:00:00,88,22.064665690856298,2017-10-10 16:00:00,,after_hours,A,False
Eagle_office_Lillian,lightgbm,2017-10-20 23:00:00,2017-10-21 02:00:00,4,13.909630441512519,2017-10-21 01:00:00,,after_hours,A,False
Eagle_office_Lillian,lightgbm,2017-10-29 03:00:00,2017-10-29 03:00:00,1,25.902884537209093,2017-10-29 03:00:00,,after_hours,A,False
Eagle_office_Lillian,lightgbm,2017-11-03 22:00:00,2017-11-03 22:00:00,1,18.449917716497296,2017-11-03 22:00:00,,after_hours,A,False
Eagle_office_Lillian,lightgbm,2017-11-05 01:00:00,2017-11-05 01:00:00,1,14.142830696835292,2017-11-05 01:00:00,,after_hours,A,False
Eagle_office_Lillian,lightgbm,2017-11-05 08:00:00,2017-11-05 08:00:00,1,14.14909713341125,2017-11-05 08:00:00,,after_hours,A,False
Eagle_office_Lillian,lightgbm,2017-11-08 22:00:00,2017-11-08 22:00:00,1,13.148698089649226,2017-11-08 22:00:00,,after_hours,A,False
Eagle_office_Lillian,lightgbm,2017-11-10 02:00:00,2017-11-10 03:00:00,2,14.00060817139667,2017-11-10 03:00:00,,after_hours,A,False
Eagle_office_Lillian,lightgbm,2017-11-11 04:00:00,2017-11-11 05:00:00,2,13.859314059076466,2017-11-11 04:00:00,,after_hours,A,False
Eagle_office_Lillian,lightgbm,2017-11-11 20:00:00,2017-11-11 23:00:00,4,13.39063218132103,2017-11-11 20:00:00,,after_hours,A,False
Eagle_office_Lillian,lightgbm,2017-11-13 03:00:00,2017-11-13 05:00:00,3,14.9336245563216,2017-11-13 03:00:00,,after_hours,A,False
Eagle_office_Lillian,lightgbm,2017-11-15 23:00:00,2017-11-15 23:00:00,1,20.545716767806695,2017-11-15 23:00:00,,after_hours,A,False
Eagle_office_Lillian,lightgbm,2017-11-18 01:00:00,2017-11-18 03:00:00,3,15.169619712028222,2017-11-18 01:00:00,,after_hours,A,False
Eagle_office_Lillian,lightgbm,2017-11-25 18:00:00,2017-11-25 18:00:00,1,13.25191370833243,2017-11-25 18:00:00,,after_hours,A,False
Eagle_office_Lillian,lightgbm,2017-11-29 23:00:00,2017-11-30 05:00:00,7,13.289512514340544,2017-11-29 23:00:00,,after_hours,A,True
Eagle_office_Lillian,lightgbm,2017-12-05 10:00:00,2017-12-05 13:00:00,4,13.580343373085656,2017-12-05 12:00:00,,spike,A,True
Eagle_office_Lillian,lightgbm,2017-12-06 06:00:00,2017-12-06 09:00:00,4,13.32451299531834,2017-12-06 06:00:00,,spike,A,True
Eagle_office_Lillian,lightgbm,2017-12-11 04:00:00,2017-12-11 04:00:00,1,14.555696235749618,2017-12-11 04:00:00,,after_hours,A,True
Eagle_office_Lillian,lightgbm,2017-12-13 00:00:00,2017-12-13 04:00:00,5,14.905765033272832,2017-12-13 04:00:00,,after_hours,A,True
Eagle_office_Lillian,lightgbm,2017-12-16 06:00:00,2017-12-16 17:00:00,12,14.08591439534605,2017-12-16 15:00:00,,after_hours,A,True
Eagle_office_Lillian,lightgbm,2017-12-30 02:00:00,2017-12-30 06:00:00,5,13.959702311146318,2017-12-30 04:00:00,,after_hours,A,False
Eagle_office_Lillian,lightgbm,2017-12-30 16:00:00,2017-12-30 20:00:00,5,17.498706874089326,2017-12-30 17:00:00,,after_hours,A,False
Eagle_office_Lillian,lightgbm,2017-12-30 23:00:00,2017-12-31 01:00:00,3,14.770418052722306,2017-12-31 01:00:00,,after_hours,A,False
Eagle_office_Lillian,lightgbm,2017-12-31 23:00:00,2017-12-31 23:00:00,1,13.572182697826525,2017-12-31 23:00:00,,after_hours,A,False
Eagle_office_Patrice,lightgbm,2017-01-07 00:00:00,2017-01-07 00:00:00,1,8.19142825708269,2017-01-07 00:00:00,,after_hours,A,False
Eagle_office_Patrice,lightgbm,2017-01-07 13:00:00,2017-01-08 00:00:00,12,7.5380623662491715,2017-01-07 15:00:00,,after_hours,A,False
Eagle_office_Patrice,lightgbm,2017-01-08 15:00:00,2017-01-08 20:00:00,6,5.287104601399218,2017-01-08 15:00:00,,after_hours,A,False
Eagle_office_Patrice,lightgbm,2017-01-10 00:00:00,2017-01-10 05:00:00,6,13.082626342060081,2017-01-10 04:00:00,,after_hours,A,True
Eagle_office_Patrice,lightgbm,2017-01-13 17:00:00,2017-01-13 17:00:00,1,5.638155482501581,2017-01-13 17:00:00,,spike,A,False
Eagle_office_Patrice,lightgbm,2017-01-14 00:00:00,2017-01-14 00:00:00,1,5.056916617615964,2017-01-14 00:00:00,,after_hours,A,False
Eagle_office_Patrice,lightgbm,2017-01-17 13:00:00,2017-01-17 13:00:00,1,5.119167216953782,2017-01-17 13:00:00,,spike,A,False
Eagle_office_Patrice,lightgbm,2017-01-17 17:00:00,2017-01-17 17:00:00,1,5.096042508522338,2017-01-17 17:00:00,,spike,A,False
Eagle_office_Patrice,lightgbm,2017-01-18 13:00:00,2017-01-18 18:00:00,6,5.891605840306272,2017-01-18 15:00:00,,spike,A,False
Eagle_office_Patrice,lightgbm,2017-01-19 14:00:00,2017-01-19 14:00:00,1,5.792129164964245,2017-01-19 14:00:00,,spike,A,False
Eagle_office_Patrice,lightgbm,2017-01-19 18:00:00,2017-01-19 21:00:00,4,9.228793667999945,2017-01-19 18:00:00,,after_hours,A,False
Eagle_office_Patrice,lightgbm,2017-01-20 12:00:00,2017-01-20 12:00:00,1,5.388809969212266,2017-01-20 12:00:00,,spike,A,False
Eagle_office_Patrice,lightgbm,2017-01-20 18:00:00,2017-01-20 21:00:00,4,7.497980415693712,2017-01-20 19:00:00,,after_hours,A,False
Eagle_office_Patrice,lightgbm,2017-01-23 15:00:00,2017-01-23 20:00:00,6,6.589361194279567,2017-01-23 16:00:00,,spike,A,False
Eagle_office_Patrice,lightgbm,2017-01-24 15:00:00,2017-01-24 16:00:00,2,5.55846180057489,2017-01-24 16:00:00,,spike,A,False
Eagle_office_Patrice,lightgbm,2017-01-25 00:00:00,2017-01-25 00:00:00,1,5.958613688155588,2017-01-25 00:00:00,,after_hours,A,False
Eagle_office_Patrice,lightgbm,2017-01-25 12:00:00,2017-01-25 12:00:00,1,5.671458764309203,2017-01-25 12:00:00,,spike,A,False
Eagle_office_Patrice,lightgbm,2017-01-26 16:00:00,2017-01-26 16:00:00,1,5.21589545084048,2017-01-26 16:00:00,,spike,A,False
Eagle_office_Patrice,lightgbm,2017-01-28 01:00:00,2017-01-28 01:00:00,1,5.215470899549616,2017-01-28 01:00:00,,after_hours,A,False
Eagle_office_Patrice,lightgbm,2017-01-28 13:00:00,2017-01-28 13:00:00,1,5.416823841535219,2017-01-28 13:00:00,,after_hours,A,False
Eagle_office_Patrice,lightgbm,2017-01-30 12:00:00,2017-01-30 12:00:00,1,5.0929570658162495,2017-01-30 12:00:00,,spike,A,False
Eagle_office_Patrice,lightgbm,2017-01-31 12:00:00,2017-01-31 12:00:00,1,5.10560808149895,2017-01-31 12:00:00,,spike,A,False
Eagle_office_Patrice,lightgbm,2017-01-31 15:00:00,2017-01-31 16:00:00,2,7.201451711431057,2017-01-31 15:00:00,,spike,A,False
Eagle_office_Patrice,lightgbm,2017-02-18 14:00:00,2017-02-18 16:00:00,3,5.992931235538541,2017-02-18 16:00:00,,after_hours,A,False
Eagle_office_Patrice,lightgbm,2017-02-19 13:00:00,2017-02-19 20:00:00,8,6.915112101147977,2017-02-19 16:00:00,,after_hours,A,False
Eagle_office_Patrice,lightgbm,2017-02-20 15:00:00,2017-02-20 23:00:00,9,11.518092921470306,2017-02-20 18:00:00,,after_hours,A,False
Eagle_office_Patrice,lightgbm,2017-03-13 11:00:00,2017-03-13 12:00:00,2,5.733063422923289,2017-03-13 11:00:00,,spike,A,False
Eagle_office_Patrice,lightgbm,2017-03-13 20:00:00,2017-03-13 20:00:00,1,5.726486455064309,2017-03-13 20:00:00,,after_hours,A,False
Eagle_office_Patrice,lightgbm,2017-03-14 11:00:00,2017-03-14 12:00:00,2,6.278063311986075,2017-03-14 11:00:00,,spike,A,False
Eagle_office_Patrice,lightgbm,2017-03-14 16:00:00,2017-03-14 16:00:00,1,5.258816907138713,2017-03-14 16:00:00,,spike,A,False
Eagle_office_Patrice,lightgbm,2017-03-15 11:00:00,2017-03-15 12:00:00,2,8.826173604034539,2017-03-15 11:00:00,,spike,A,False
Eagle_office_Patrice,lightgbm,2017-03-15 15:00:00,2017-03-15 17:00:00,3,7.249630791788419,2017-03-15 15:00:00,,spike,A,False
Eagle_office_Patrice,lightgbm,2017-03-16 12:00:00,2017-03-16 16:00:00,5,6.8921600826452885,2017-03-16 16:00:00,,spike,A,False
Eagle_office_Patrice,lightgbm,2017-03-16 20:00:00,2017-03-16 20:00:00,1,5.659343732297341,2017-03-16 20:00:00,,after_hours,A,False
Eagle_office_Patrice,lightgbm,2017-03-17 11:00:00,2017-03-17 12:00:00,2,9.679694351012639,2017-03-17 12:00:00,,spike,A,False
Eagle_office_Patrice,lightgbm,2017-03-17 16:00:00,2017-03-17 17:00:00,2,5.170013418269357,2017-03-17 16:00:00,,spike,A,False
Eagle_office_Patrice,lightgbm,2017-03-17 20:00:00,2017-03-17 20:00:00,1,5.8623159263151745,2017-03-17 20:00:00,,after_hours,A,False
Eagle_office_Patrice,lightgbm,2017-04-04 00:00:00,2017-04-04 05:00:00,6,11.34632976706329,2017-04-04 04:00:00,,after_hours,A,True
Eagle_office_Patrice,lightgbm,2017-04-22 12:00:00,2017-04-22 12:00:00,1,5.681630401752467,2017-04-22 12:00:00,,after_hours,A,False
Eagle_office_Patrice,lightgbm,2017-05-05 10:00:00,2017-05-05 10:00:00,1,6.179806003738731,2017-05-05 10:00:00,,spike,A,False
Eagle_office_Patrice,lightgbm,2017-06-20 12:00:00,2017-06-20 12:00:00,1,5.306835236194827,2017-06-20 12:00:00,,spike,A,False
Eagle_office_Patrice,lightgbm,2017-07-24 09:00:00,2017-07-24 09:00:00,1,5.504738088885328,2017-07-24 09:00:00,,spike,A,False
Eagle_office_Patrice,lightgbm,2017-08-05 00:00:00,2017-08-05 01:00:00,2,4.982835864332101,2017-08-05 00:00:00,,after_hours,A,False
Eagle_office_Patrice,lightgbm,2017-08-17 13:00:00,2017-08-17 14:00:00,2,5.214336967923327,2017-08-17 13:00:00,,spike,A,False
Eagle_office_Patrice,lightgbm,2017-08-18 15:00:00,2017-08-18 15:00:00,1,7.099434775051186,2017-08-18 15:00:00,,spike,A,False
Eagle_office_Patrice,lightgbm,2017-08-22 11:00:00,2017-08-22 18:00:00,8,7.986774999733785,2017-08-22 15:00:00,,spike,A,False
Eagle_office_Patrice,lightgbm,2017-08-23 13:00:00,2017-08-24 01:00:00,13,7.400525769488203,2017-08-23 21:00:00,,after_hours,A,False
Eagle_office_Patrice,lightgbm,2017-08-24 13:00:00,2017-08-24 18:00:00,6,8.884861417107846,2017-08-24 17:00:00,,spike,A,False
Eagle_office_Patrice,lightgbm,2017-08-25 11:00:00,2017-08-25 16:00:00,6,7.025962609050578,2017-08-25 11:00:00,,spike,A,False
Eagle_office_Patrice,lightgbm,2017-08-26 02:00:00,2017-08-26 04:00:00,3,6.044617589598184,2017-08-26 02:00:00,,after_hours,A,False
Eagle_office_Patrice,lightgbm,2017-08-28 12:00:00,2017-08-29 00:00:00,13,27.626919847608868,2017-08-28 16:00:00,,spike,A,True
Eagle_office_Patrice,lightgbm,2017-08-29 12:00:00,2017-08-29 18:00:00,7,6.213958311670032,2017-08-29 12:00:00,,spike,A,False
Eagle_office_Patrice,lightgbm,2017-09-04 11:00:00,2017-09-04 22:00:00,12,13.62330728778753,2017-09-04 17:00:00,,after_hours,A,False
Eagle_office_Patrice,lightgbm,2017-09-10 15:00:00,2017-09-10 17:00:00,3,23.823032661953278,2017-09-10 16:00:00,,after_hours,A,True
Eagle_office_Patrice,lightgbm,2017-10-09 12:00:00,2017-10-09 23:00:00,12,23.67046818731673,2017-10-09 18:00:00,,after_hours,A,False
Eagle_office_Patrice,lightgbm,2017-10-14 00:00:00,2017-10-14 04:00:00,5,6.068964794385583,2017-10-14 00:00:00,,after_hours,A,False
Eagle_office_Patrice,lightgbm,2017-10-26 10:00:00,2017-10-26 10:00:00,1,5.386386956974074,2017-10-26 10:00:00,,spike,A,True
Eagle_office_Patrice,lightgbm,2017-11-04 17:00:00,2017-11-04 17:00:00,1,5.412745488653709,2017-11-04 17:00:00,,after_hours,A,True
Eagle_office_Patrice,lightgbm,2017-11-07 03:00:00,2017-11-07 03:00:00,1,6.484233076398584,2017-11-07 03:00:00,,after_hours,A,True
Eagle_office_Patrice,lightgbm,2017-11-08 14:00:00,2017-11-08 14:00:00,1,6.557419504024953,2017-11-08 14:00:00,,spike,A,True
Eagle_office_Patrice,lightgbm,2017-11-08 21:00:00,2017-11-08 23:00:00,3,5.360258075989001,2017-11-08 23:00:00,,after_hours,A,True
Eagle_office_Patrice,lightgbm,2017-11-09 03:00:00,2017-11-09 03:00:00,1,5.432983736480638,2017-11-09 03:00:00,,after_hours,A,True
Eagle_office_Patrice,lightgbm,2017-11-09 14:00:00,2017-11-09 14:00:00,1,7.0255161239999815,2017-11-09 14:00:00,,spike,A,True
Eagle_office_Patrice,lightgbm,2017-11-09 19:00:00,2017-11-09 19:00:00,1,5.6204394092963685,2017-11-09 19:00:00,,after_hours,A,True
Eagle_office_Patrice,lightgbm,2017-11-09 23:00:00,2017-11-09 23:00:00,1,5.306411884367903,2017-11-09 23:00:00,,after_hours,A,True
Eagle_office_Patrice,lightgbm,2017-11-10 12:00:00,2017-11-10 23:00:00,12,18.98821234349287,2017-11-10 17:00:00,,after_hours,A,True
Eagle_office_Patrice,lightgbm,2017-11-11 04:00:00,2017-11-11 05:00:00,2,7.046767479183837,2017-11-11 04:00:00,,after_hours,A,True
Eagle_office_Patrice,lightgbm,2017-11-12 04:00:00,2017-11-12 04:00:00,1,5.7699931912937,2017-11-12 04:00:00,,after_hours,A,True
Eagle_office_Patrice,lightgbm,2017-11-14 03:00:00,2017-11-14 03:00:00,1,9.870577320853263,2017-11-14 03:00:00,,after_hours,A,True
Eagle_office_Patrice,lightgbm,2017-11-21 03:00:00,2017-11-21 03:00:00,1,5.171106307936368,2017-11-21 03:00:00,,after_hours,A,True
Eagle_office_Patrice,lightgbm,2017-11-29 12:00:00,2017-11-29 14:00:00,3,5.369712495347955,2017-11-29 14:00:00,,spike,A,False
Eagle_office_Patrice,lightgbm,2017-12-09 16:00:00,2017-12-09 16:00:00,1,5.345482517111795,2017-12-09 16:00:00,,after_hours,A,False
Eagle_office_Patrice,lightgbm,2017-12-25 17:00:00,2017-12-25 17:00:00,1,5.136507947248721,2017-12-25 17:00:00,,after_hours,A,False
Eagle_office_Randolph,lightgbm,2017-01-01 00:00:00,2017-01-02 23:00:00,48,28.851525887955383,2017-01-01 20:00:00,,after_hours,A,False
Eagle_office_Randolph,lightgbm,2017-01-03 03:00:00,2017-01-03 09:00:00,7,13.493391063304356,2017-01-03 04:00:00,,after_hours,A,False
Eagle_office_Randolph,lightgbm,2017-01-05 00:00:00,2017-01-05 08:00:00,9,19.100750727945847,2017-01-05 02:00:00,,after_hours,A,False
Eagle_office_Randolph,lightgbm,2017-01-06 01:00:00,2017-01-08 23:00:00,71,37.60342669300918,2017-01-07 12:00:00,,after_hours,A,False
Eagle_office_Randolph,lightgbm,2017-01-10 00:00:00,2017-01-10 01:00:00,2,11.233439579706058,2017-01-10 01:00:00,,after_hours,A,False
Eagle_office_Randolph,lightgbm,2017-01-14 00:00:00,2017-01-14 22:00:00,23,28.8600406254791,2017-01-14 13:00:00,,after_hours,A,False
Eagle_office_Randolph,lightgbm,2017-01-15 12:00:00,2017-01-16 06:00:00,19,18.88157487674812,2017-01-15 13:00:00,,after_hours,A,False
Eagle_office_Randolph,lightgbm,2017-01-16 09:00:00,2017-01-16 23:00:00,15,13.462581849100372,2017-01-16 11:00:00,,after_hours,A,False
Eagle_office_Randolph,lightgbm,2017-01-17 02:00:00,2017-01-17 03:00:00,2,12.523212321044854,2017-01-17 03:00:00,,after_hours,A,False
Eagle_office_Randolph,lightgbm,2017-01-27 13:00:00,2017-01-27 13:00:00,1,10.73908586187193,2017-01-27 13:00:00,,spike,A,False
Eagle_office_Randolph,lightgbm,2017-01-29 08:00:00,2017-01-29 17:00:00,10,19.19291102107562,2017-01-29 10:00:00,,after_hours,A,True
Eagle_office_Randolph,lightgbm,2017-01-30 09:00:00,2017-01-30 09:00:00,1,12.693868980154877,2017-01-30 09:00:00,,spike,A,False
Eagle_office_Randolph,lightgbm,2017-01-31 09:00:00,2017-01-31 09:00:00,1,11.273510274621058,2017-01-31 09:00:00,,spike,A,False
Eagle_office_Randolph,lightgbm,2017-02-16 02:00:00,2017-02-16 02:00:00,1,13.228838053515476,2017-02-16 02:00:00,,after_hours,A,False
Eagle_office_Randolph,lightgbm,2017-02-17 09:00:00,2017-02-17 09:00:00,1,11.221317332850663,2017-02-17 09:00:00,,spike,A,False
Eagle_office_Randolph,lightgbm,2017-02-20 10:00:00,2017-02-20 12:00:00,3,12.68155214980958,2017-02-20 11:00:00,,after_hours,A,False
Eagle_office_Randolph,lightgbm,2017-02-20 19:00:00,2017-02-20 23:00:00,5,14.229794300701098,2017-02-20 23:00:00,,after_hours,A,False
Eagle_office_Randolph,lightgbm,2017-03-04 12:00:00,2017-03-04 13:00:00,2,12.534661179830405,2017-03-04 12:00:00,,after_hours,A,False
Eagle_office_Randolph,lightgbm,2017-03-12 11:00:00,2017-03-12 11:00:00,1,11.036047467636786,2017-03-12 11:00:00,,after_hours,A,False
Eagle_office_Randolph,lightgbm,2017-03-16 08:00:00,2017-03-16 10:00:00,3,10.740105330894588,2017-03-16 08:00:00,,spike,A,False
Eagle_office_Randolph,lightgbm,2017-03-17 08:00:00,2017-03-17 09:00:00,2,12.640205181644339,2017-03-17 08:00:00,,spike,A,False
Eagle_office_Randolph,lightgbm,2017-03-19 22:00:00,2017-03-20 01:00:00,4,14.26164339647931,2017-03-19 22:00:00,,after_hours,A,False
Eagle_office_Randolph,lightgbm,2017-04-12 01:00:00,2017-04-12 01:00:00,1,14.191615406463507,2017-04-12 01:00:00,,after_hours,A,False
Eagle_office_Randolph,lightgbm,2017-04-25 09:00:00,2017-04-25 09:00:00,1,11.739405147979063,2017-04-25 09:00:00,,spike,A,False
Eagle_office_Randolph,lightgbm,2017-05-07 12:00:00,2017-05-07 12:00:00,1,11.214292820331352,2017-05-07 12:00:00,,after_hours,A,False
Eagle_office_Randolph,lightgbm,2017-05-26 01:00:00,2017-05-26 09:00:00,9,23.64454595347633,2017-05-26 06:00:00,,after_hours,A,False
Eagle_office_Randolph,lightgbm,2017-05-29 06:00:00,2017-05-29 12:00:00,7,21.31217473005216,2017-05-29 10:00:00,,after_hours,A,False
Eagle_office_Randolph,lightgbm,2017-05-30 02:00:00,2017-05-30 10:00:00,9,24.220169812009782,2017-05-30 06:00:00,,after_hours,A,False
Eagle_office_Randolph,lightgbm,2017-05-31 02:00:00,2017-05-31 10:00:00,9,24.106812524766532,2017-05-31 06:00:00,,after_hours,A,False
Eagle_office_Randolph,lightgbm,2017-06-01 00:00:00,2017-06-01 09:00:00,10,23.77145481721799,2017-06-01 07:00:00,,after_hours,A,False
Eagle_office_Randolph,lightgbm,2017-06-02 02:00:00,2017-06-02 10:00:00,9,21.041317108268323,2017-06-02 09:00:00,,after_hours,A,False
Eagle_office_Randolph,lightgbm,2017-06-05 02:00:00,2017-06-05 09:00:00,8,20.35523420871376,2017-06-05 09:00:00,,after_hours,A,False
Eagle_office_Randolph,lightgbm,2017-06-06 01:00:00,2017-06-06 09:00:00,9,19.076191207563724,2017-06-06 08:00:00,,after_hours,A,False
Eagle_office_Randolph,lightgbm,2017-06-07 02:00:00,2017-06-07 09:00:00,8,20.192462388112855,2017-06-07 09:00:00,,after_hours,A,False
Eagle_office_Randolph,lightgbm,2017-06-08 01:00:00,2017-06-08 09:00:00,9,20.290211464564248,2017-06-08 07:00:00,,after_hours,A,False
Eagle_office_Randolph,lightgbm,2017-06-09 02:00:00,2017-06-09 09:00:00,8,18.09203857684327,2017-06-09 07:00:00,,after_hours,A,False
Eagle_office_Randolph,lightgbm,2017-06-19 09:00:00,2017-06-19 09:00:00,1,13.707804162205942,2017-06-19 09:00:00,,spike,A,False
Eagle_office_Randolph,lightgbm,2017-06-24 12:00:00,2017-06-24 12:00:00,1,11.82448995393903,2017-06-24 12:00:00,,after_hours,A,False
Eagle_office_Randolph,lightgbm,2017-07-04 01:00:00,2017-07-04 12:00:00,12,13.712563328782428,2017-07-04 10:00:00,,after_hours,A,False
Eagle_office_Randolph,lightgbm,2017-07-29 09:00:00,2017-07-29 09:00:00,1,12.856103818105142,2017-07-29 09:00:00,,after_hours,A,True
Eagle_office_Randolph,lightgbm,2017-08-02 01:00:00,2017-08-02 01:00:00,1,10.73511993341425,2017-08-02 01:00:00,,after_hours,A,True
Eagle_office_Randolph,lightgbm,2017-09-01 03:00:00,2017-09-01 12:00:00,10,57.88254028415279,2017-09-01 04:00:00,,spike,A,True
Eagle_office_Randolph,lightgbm,2017-09-04 10:00:00,2017-09-04 15:00:00,6,13.288255181143196,2017-09-04 11:00:00,,after_hours,A,False
Eagle_office_Randolph,lightgbm,2017-09-04 18:00:00,2017-09-04 23:00:00,6,12.342056194433637,2017-09-04 23:00:00,,after_hours,A,False
Eagle_office_Randolph,lightgbm,2017-09-18 16:00:00,2017-09-18 20:00:00,5,11.426950228457223,2017-09-18 18:00:00,,spike,A,False
Eagle_office_Randolph,lightgbm,2017-09-19 23:00:00,2017-09-20 04:00:00,6,21.152036729318247,2017-09-20 01:00:00,,after_hours,A,False
Eagle_office_Randolph,lightgbm,2017-09-22 01:00:00,2017-09-22 01:00:00,1,12.505390895827427,2017-09-22 01:00:00,,after_hours,A,False
Eagle_office_Randolph,lightgbm,2017-09-23 00:00:00,2017-09-23 13:00:00,14,12.51088053977334,2017-09-23 11:00:00,,after_hours,A,False
Eagle_office_Randolph,lightgbm,2017-09-23 18:00:00,2017-09-24 11:00:00,18,12.652648723062006,2017-09-24 10:00:00,,after_hours,A,False
Eagle_office_Randolph,lightgbm,2017-09-25 23:00:00,2017-09-26 01:00:00,3,12.41853380505183,2017-09-26 01:00:00,,after_hours,A,False
Eagle_office_Randolph,lightgbm,2017-09-30 00:00:00,2017-09-30 11:00:00,12,16.028077382159196,2017-09-30 04:00:00,,after_hours,A,False
Eagle_office_Randolph,lightgbm,2017-10-01 02:00:00,2017-10-01 12:00:00,11,14.559679274751,2017-10-01 04:00:00,,after_hours,A,False
Eagle_office_Randolph,lightgbm,2017-10-06 01:00:00,2017-10-06 04:00:00,4,11.67987407885177,2017-10-06 01:00:00,,after_hours,A,False
Eagle_office_Randolph,lightgbm,2017-10-09 10:00:00,2017-10-10 01:00:00,16,17.160793039889874,2017-10-09 12:00:00,,after_hours,A,False
Eagle_office_Randolph,lightgbm,2017-10-19 09:00:00,2017-10-19 09:00:00,1,10.625078433138363,2017-10-19 09:00:00,,spike,A,False
Eagle_office_Randolph,lightgbm,2017-10-21 12:00:00,2017-10-21 13:00:00,2,11.633823483479182,2017-10-21 12:00:00,,after_hours,A,False
Eagle_office_Randolph,lightgbm,2017-10-22 12:00:00,2017-10-22 12:00:00,1,11.350878558076882,2017-10-22 12:00:00,,after_hours,A,False
Eagle_office_Randolph,lightgbm,2017-11-10 14:00:00,2017-11-11 03:00:00,14,10.726437770348605,2017-11-11 03:00:00,,after_hours,A,False
Eagle_office_Randolph,lightgbm,2017-11-11 21:00:00,2017-11-12 00:00:00,4,20.89283903768737,2017-11-11 23:00:00,,after_hours,A,True
Eagle_office_Randolph,lightgbm,2017-11-14 01:00:00,2017-11-14 03:00:00,3,10.868640814646199,2017-11-14 03:00:00,,after_hours,A,False
Eagle_office_Randolph,lightgbm,2017-11-15 01:00:00,2017-11-15 03:00:00,3,11.040219016010186,2017-11-15 03:00:00,,after_hours,A,False
Eagle_office_Randolph,lightgbm,2017-11-16 00:00:00,2017-11-16 03:00:00,4,10.706686875215405,2017-11-16 03:00:00,,after_hours,A,False
Eagle_office_Randolph,lightgbm,2017-11-17 03:00:00,2017-11-17 03:00:00,1,11.902302965012936,2017-11-17 03:00:00,,after_hours,A,False
Eagle_office_Randolph,lightgbm,2017-12-01 11:00:00,2017-12-01 16:00:00,6,10.935001451587652,2017-12-01 14:00:00,,spike,A,False
Eagle_office_Randolph,lightgbm,2017-12-02 12:00:00,2017-12-02 22:00:00,11,13.444267455183773,2017-12-02 12:00:00,,after_hours,A,False
Eagle_office_Randolph,lightgbm,2017-12-03 13:00:00,2017-12-03 23:00:00,11,14.630389652367027,2017-12-03 23:00:00,,after_hours,A,False
Eagle_office_Randolph,lightgbm,2017-12-13 09:00:00,2017-12-13 09:00:00,1,12.090065796149434,2017-12-13 09:00:00,,spike,A,False
Eagle_office_Randolph,lightgbm,2017-12-15 09:00:00,2017-12-15 09:00:00,1,11.64680696640772,2017-12-15 09:00:00,,spike,A,False
Eagle_office_Randolph,lightgbm,2017-12-18 09:00:00,2017-12-18 09:00:00,1,10.79923540965995,2017-12-18 09:00:00,,spike,A,False
Eagle_office_Randolph,lightgbm,2017-12-22 02:00:00,2017-12-22 05:00:00,4,18.077924691226727,2017-12-22 05:00:00,,after_hours,A,True
Eagle_office_Randolph,lightgbm,2017-12-23 03:00:00,2017-12-23 03:00:00,1,13.476496237857473,2017-12-23 03:00:00,,after_hours,A,False
Eagle_office_Randolph,lightgbm,2017-12-30 15:00:00,2017-12-30 23:00:00,9,16.596150576725563,2017-12-30 21:00:00,,after_hours,A,False
Eagle_office_Randolph,lightgbm,2017-12-31 12:00:00,2017-12-31 23:00:00,12,25.520101629859152,2017-12-31 17:00:00,,after_hours,A,False
Eagle_office_Sonya,lightgbm,2017-01-09 16:00:00,2017-01-09 16:00:00,1,5.239520286549586,2017-01-09 16:00:00,,spike,A,False
Eagle_office_Sonya,lightgbm,2017-02-20 23:00:00,2017-02-20 23:00:00,1,7.393933282433366,2017-02-20 23:00:00,,after_hours,A,True
Eagle_office_Sonya,lightgbm,2017-02-23 17:00:00,2017-02-23 19:00:00,3,6.316602301501788,2017-02-23 19:00:00,,spike,A,True
Eagle_office_Sonya,lightgbm,2017-02-24 08:00:00,2017-02-24 08:00:00,1,9.444513969532885,2017-02-24 08:00:00,,spike,A,True
Eagle_office_Sonya,lightgbm,2017-02-24 14:00:00,2017-02-24 19:00:00,6,5.972063428627979,2017-02-24 18:00:00,,spike,A,True
Eagle_office_Sonya,lightgbm,2017-02-28 04:00:00,2017-02-28 12:00:00,9,10.835237608331301,2017-02-28 09:00:00,,spike,A,True
Eagle_office_Sonya,lightgbm,2017-02-28 22:00:00,2017-02-28 22:00:00,1,7.370705813871379,2017-02-28 22:00:00,,after_hours,A,True
Eagle_office_Sonya,lightgbm,2017-03-04 09:00:00,2017-03-04 20:00:00,12,11.642353092014242,2017-03-04 17:00:00,,after_hours,A,True
Eagle_office_Sonya,lightgbm,2017-03-05 03:00:00,2017-03-05 11:00:00,9,8.843048086914248,2017-03-05 08:00:00,,after_hours,A,True
Eagle_office_Sonya,lightgbm,2017-03-06 06:00:00,2017-03-06 13:00:00,8,10.539753360035585,2017-03-06 09:00:00,,spike,A,True
Eagle_office_Sonya,lightgbm,2017-03-10 00:00:00,2017-03-10 00:00:00,1,6.703238598452918,2017-03-10 00:00:00,,after_hours,A,True
Eagle_office_Sonya,lightgbm,2017-03-12 10:00:00,2017-03-12 14:00:00,5,8.762686100979492,2017-03-12 10:00:00,,after_hours,A,True
Eagle_office_Sonya,lightgbm,2017-03-13 10:00:00,2017-03-13 14:00:00,5,14.852640293030994,2017-03-13 10:00:00,,spike,A,True
Eagle_office_Sonya,lightgbm,2017-03-14 10:00:00,2017-03-14 10:00:00,1,5.497202038210035,2017-03-14 10:00:00,,spike,A,True
Eagle_office_Sonya,lightgbm,2017-03-15 10:00:00,2017-03-15 11:00:00,2,8.33906017661594,2017-03-15 10:00:00,,spike,A,True
Eagle_office_Sonya,lightgbm,2017-03-16 10:00:00,2017-03-16 11:00:00,2,9.399804264493655,2017-03-16 10:00:00,,spike,A,True
Eagle_office_Sonya,lightgbm,2017-03-17 02:00:00,2017-03-17 02:00:00,1,6.7002995437281525,2017-03-17 02:00:00,,after_hours,A,True
Eagle_office_Sonya,lightgbm,2017-03-17 10:00:00,2017-03-17 13:00:00,4,7.506333399548594,2017-03-17 10:00:00,,spike,A,True
Eagle_office_Sonya,lightgbm,2017-04-06 19:00:00,2017-04-06 19:00:00,1,6.203556493102977,2017-04-06 19:00:00,,after_hours,A,False
Eagle_office_Sonya,lightgbm,2017-04-09 09:00:00,2017-04-09 09:00:00,1,5.691694948069148,2017-04-09 09:00:00,,after_hours,A,False
Eagle_office_Sonya,lightgbm,2017-04-11 04:00:00,2017-04-11 04:00:00,1,6.814833645669569,2017-04-11 04:00:00,,after_hours,A,False
Eagle_office_Sonya,lightgbm,2017-04-12 06:00:00,2017-04-12 06:00:00,1,8.718329540194041,2017-04-12 06:00:00,,after_hours,A,False
Eagle_office_Sonya,lightgbm,2017-04-13 03:00:00,2017-04-13 05:00:00,3,5.546195152614799,2017-04-13 04:00:00,,after_hours,A,False
Eagle_office_Sonya,lightgbm,2017-04-14 02:00:00,2017-04-14 02:00:00,1,5.728505001816753,2017-04-14 02:00:00,,after_hours,A,False
Eagle_office_Sonya,lightgbm,2017-04-17 04:00:00,2017-04-17 04:00:00,1,9.7078707485643,2017-04-17 04:00:00,,after_hours,A,False
Eagle_office_Sonya,lightgbm,2017-04-21 03:00:00,2017-04-21 03:00:00,1,5.9389749215374685,2017-04-21 03:00:00,,after_hours,A,False
Eagle_office_Sonya,lightgbm,2017-04-22 07:00:00,2017-04-22 07:00:00,1,7.179565069486128,2017-04-22 07:00:00,,after_hours,A,False
Eagle_office_Sonya,lightgbm,2017-04-24 07:00:00,2017-04-24 08:00:00,2,5.360914509355875,2017-04-24 08:00:00,,spike,A,False
Eagle_office_Sonya,lightgbm,2017-05-11 04:00:00,2017-05-11 04:00:00,1,5.733368073534368,2017-05-11 04:00:00,,after_hours,A,False
Eagle_office_Sonya,lightgbm,2017-05-29 10:00:00,2017-05-29 10:00:00,1,5.6689862247760425,2017-05-29 10:00:00,,after_hours,A,False
Eagle_office_Sonya,lightgbm,2017-06-01 05:00:00,2017-06-01 06:00:00,2,8.797360557313887,2017-06-01 05:00:00,,after_hours,A,False
Eagle_office_Sonya,lightgbm,2017-06-02 06:00:00,2017-06-02 06:00:00,1,8.581622888209015,2017-06-02 06:00:00,,after_hours,A,False
Eagle_office_Sonya,lightgbm,2017-06-03 04:00:00,2017-06-03 04:00:00,1,9.6501221024206,2017-06-03 04:00:00,,after_hours,A,False
Eagle_office_Sonya,lightgbm,2017-06-04 06:00:00,2017-06-04 06:00:00,1,8.442231926794438,2017-06-04 06:00:00,,after_hours,A,False
Eagle_office_Sonya,lightgbm,2017-06-05 06:00:00,2017-06-05 09:00:00,4,5.4581908281648905,2017-06-05 08:00:00,,spike,A,False
Eagle_office_Sonya,lightgbm,2017-06-27 05:00:00,2017-06-27 05:00:00,1,6.846881967133617,2017-06-27 05:00:00,,after_hours,A,False
Eagle_office_Sonya,lightgbm,2017-07-19 07:00:00,2017-07-19 13:00:00,7,7.425395849819574,2017-07-19 09:00:00,,spike,A,False
Eagle_office_Sonya,lightgbm,2017-08-10 06:00:00,2017-08-10 06:00:00,1,6.970511355990602,2017-08-10 06:00:00,,after_hours,A,False
Eagle_office_Sonya,lightgbm,2017-08-26 05:00:00,2017-08-26 05:00:00,1,6.263219340140787,2017-08-26 05:00:00,,after_hours,A,False
Eagle_office_Sonya,lightgbm,2017-09-12 13:00:00,2017-09-12 15:00:00,3,13.612359379222566,2017-09-12 15:00:00,,spike,A,True
Eagle_office_Sonya,lightgbm,2017-09-20 08:00:00,2017-09-20 08:00:00,1,7.390462976068758,2017-09-20 08:00:00,,spike,A,False
Eagle_office_Sonya,lightgbm,2017-10-04 00:00:00,2017-10-04 00:00:00,1,5.952716881642784,2017-10-04 00:00:00,,after_hours,A,False
Eagle_office_Sonya,lightgbm,2017-10-09 12:00:00,2017-10-09 13:00:00,2,5.2896675137891735,2017-10-09 13:00:00,,after_hours,A,False
Eagle_office_Sonya,lightgbm,2017-10-15 15:00:00,2017-10-15 16:00:00,2,23.662878485103956,2017-10-15 16:00:00,,after_hours,A,True
Eagle_office_Sonya,lightgbm,2017-10-16 08:00:00,2017-10-16 08:00:00,1,6.558352432286703,2017-10-16 08:00:00,,spike,A,False
Eagle_office_Sonya,lightgbm,2017-10-24 03:00:00,2017-10-24 03:00:00,1,7.73573807363353,2017-10-24 03:00:00,,after_hours,A,False
Eagle_office_Sonya,lightgbm,2017-11-05 21:00:00,2017-11-05 21:00:00,1,5.999975396064023,2017-11-05 21:00:00,,after_hours,A,False
Eagle_office_Sonya,lightgbm,2017-11-06 03:00:00,2017-11-06 04:00:00,2,6.036482431259217,2017-11-06 03:00:00,,after_hours,A,False
Eagle_office_Sonya,lightgbm,2017-11-06 08:00:00,2017-11-06 08:00:00,1,5.569310566495362,2017-11-06 08:00:00,,spike,A,False
Eagle_office_Sonya,lightgbm,2017-11-07 03:00:00,2017-11-07 04:00:00,2,7.033474401427958,2017-11-07 03:00:00,,after_hours,A,False
Eagle_office_Sonya,lightgbm,2017-11-07 07:00:00,2017-11-07 07:00:00,1,5.4219793247816765,2017-11-07 07:00:00,,spike,A,False
Eagle_office_Sonya,lightgbm,2017-11-07 20:00:00,2017-11-08 04:00:00,9,6.737732135878922,2017-11-08 01:00:00,,after_hours,A,False
Eagle_office_Sonya,lightgbm,2017-11-08 23:00:00,2017-11-08 23:00:00,1,5.867352369016433,2017-11-08 23:00:00,,after_hours,A,False
Eagle_office_Sonya,lightgbm,2017-11-09 02:00:00,2017-11-09 12:00:00,11,13.01672317041521,2017-11-09 04:00:00,,spike,A,False
Eagle_office_Sonya,lightgbm,2017-11-09 17:00:00,2017-11-10 00:00:00,8,6.480516780987735,2017-11-09 17:00:00,,after_hours,A,False
Eagle_office_Sonya,lightgbm,2017-11-10 03:00:00,2017-11-10 04:00:00,2,6.9322538832920495,2017-11-10 04:00:00,,after_hours,A,False
Eagle_office_Sonya,lightgbm,2017-11-10 07:00:00,2017-11-10 09:00:00,3,5.919857704802885,2017-11-10 07:00:00,,after_hours,A,False
Eagle_office_Sonya,lightgbm,2017-11-10 12:00:00,2017-11-10 23:00:00,12,11.401354317467975,2017-11-10 17:00:00,,after_hours,A,False
Eagle_office_Sonya,lightgbm,2017-11-11 02:00:00,2017-11-11 09:00:00,8,9.818083820412513,2017-11-11 03:00:00,,after_hours,A,False
Eagle_office_Sonya,lightgbm,2017-11-11 12:00:00,2017-11-11 14:00:00,3,6.927020348047908,2017-11-11 14:00:00,,after_hours,A,False
Eagle_office_Sonya,lightgbm,2017-11-11 17:00:00,2017-11-11 17:00:00,1,6.157411193748516,2017-11-11 17:00:00,,after_hours,A,False
Eagle_office_Sonya,lightgbm,2017-11-13 12:00:00,2017-11-13 14:00:00,3,6.147379750152897,2017-11-13 14:00:00,,spike,A,False
Eagle_office_Sonya,lightgbm,2017-11-14 02:00:00,2017-11-14 04:00:00,3,6.961000330130024,2017-11-14 04:00:00,,after_hours,A,False
Eagle_office_Sonya,lightgbm,2017-11-14 13:00:00,2017-11-14 13:00:00,1,5.343289659294676,2017-11-14 13:00:00,,spike,A,False
Eagle_office_Sonya,lightgbm,2017-11-14 16:00:00,2017-11-15 00:00:00,9,5.8906998675577205,2017-11-14 16:00:00,,after_hours,A,False
Eagle_office_Sonya,lightgbm,2017-11-15 03:00:00,2017-11-15 09:00:00,7,7.205407596245989,2017-11-15 09:00:00,,after_hours,A,False
Eagle_office_Sonya,lightgbm,2017-11-15 12:00:00,2017-11-15 12:00:00,1,5.555403098872446,2017-11-15 12:00:00,,spike,A,False
Eagle_office_Sonya,lightgbm,2017-11-15 15:00:00,2017-11-15 16:00:00,2,6.612560288422205,2017-11-15 16:00:00,,spike,A,False
Eagle_office_Sonya,lightgbm,2017-11-16 23:00:00,2017-11-17 04:00:00,6,5.754915150355097,2017-11-17 03:00:00,,after_hours,A,False
Eagle_office_Sonya,lightgbm,2017-11-18 03:00:00,2017-11-18 09:00:00,7,9.244414201779865,2017-11-18 04:00:00,,after_hours,A,False
Eagle_office_Sonya,lightgbm,2017-11-18 15:00:00,2017-11-18 15:00:00,1,5.561879167611424,2017-11-18 15:00:00,,after_hours,A,False
Eagle_office_Sonya,lightgbm,2017-11-20 04:00:00,2017-11-20 04:00:00,1,5.8632499864281336,2017-11-20 04:00:00,,after_hours,A,False
Eagle_office_Sonya,lightgbm,2017-11-24 05:00:00,2017-11-24 09:00:00,5,6.281936705419429,2017-11-24 06:00:00,,spike,A,False
Eagle_office_Yadira,lightgbm,2017-01-01 20:00:00,2017-01-02 23:00:00,28,11.626055363807575,2017-01-02 21:00:00,,after_hours,A,False
Eagle_office_Yadira,lightgbm,2017-01-03 16:00:00,2017-01-03 22:00:00,7,7.053217443611819,2017-01-03 19:00:00,,after_hours,A,False
Eagle_office_Yadira,lightgbm,2017-01-04 18:00:00,2017-01-04 22:00:00,5,7.7800681555102535,2017-01-04 19:00:00,,after_hours,A,False
Eagle_office_Yadira,lightgbm,2017-01-06 10:00:00,2017-01-08 23:00:00,62,29.64529396138123,2017-01-07 17:00:00,,after_hours,A,False
Eagle_office_Yadira,lightgbm,2017-01-11 05:00:00,2017-01-11 11:00:00,7,14.93767106688669,2017-01-11 08:00:00,,spike,A,False
Eagle_office_Yadira,lightgbm,2017-01-12 05:00:00,2017-01-12 11:00:00,7,15.552434506103866,2017-01-12 06:00:00,,spike,A,False
Eagle_office_Yadira,lightgbm,2017-01-13 05:00:00,2017-01-13 11:00:00,7,16.07069787312473,2017-01-13 06:00:00,,spike,A,False
Eagle_office_Yadira,lightgbm,2017-01-14 00:00:00,2017-01-15 05:00:00,30,21.40321198869972,2017-01-14 18:00:00,,after_hours,A,False
Eagle_office_Yadira,lightgbm,2017-01-15 09:00:00,2017-01-16 04:00:00,20,18.201387527959014,2017-01-15 17:00:00,,after_hours,A,False
Eagle_office_Yadira,lightgbm,2017-01-16 10:00:00,2017-01-16 23:00:00,14,15.223890466482802,2017-01-16 11:00:00,,after_hours,A,False
Eagle_office_Yadira,lightgbm,2017-01-17 11:00:00,2017-01-17 11:00:00,1,10.626444168487676,2017-01-17 11:00:00,,spike,A,False
Eagle_office_Yadira,lightgbm,2017-01-18 11:00:00,2017-01-19 00:00:00,14,9.197055074575138,2017-01-18 20:00:00,,spike,A,False
Eagle_office_Yadira,lightgbm,2017-01-19 15:00:00,2017-01-19 23:00:00,9,8.209031415718831,2017-01-19 20:00:00,,after_hours,A,False
Eagle_office_Yadira,lightgbm,2017-01-20 14:00:00,2017-01-20 20:00:00,7,7.287738482050222,2017-01-20 19:00:00,,spike,A,False
Eagle_office_Yadira,lightgbm,2017-01-21 00:00:00,2017-01-21 04:00:00,5,7.466366330874474,2017-01-21 00:00:00,,after_hours,A,False
Eagle_office_Yadira,lightgbm,2017-01-23 11:00:00,2017-01-23 11:00:00,1,8.23963380497761,2017-01-23 11:00:00,,spike,A,False
Eagle_office_Yadira,lightgbm,2017-01-23 14:00:00,2017-01-24 01:00:00,12,8.550760189420483,2017-01-23 17:00:00,,after_hours,A,False
Eagle_office_Yadira,lightgbm,2017-01-24 11:00:00,2017-01-24 11:00:00,1,8.171540311358676,2017-01-24 11:00:00,,spike,A,False
Eagle_office_Yadira,lightgbm,2017-01-24 14:00:00,2017-01-25 01:00:00,12,8.53132602098155,2017-01-24 15:00:00,,after_hours,A,False
Eagle_office_Yadira,lightgbm,2017-01-27 16:00:00,2017-01-27 18:00:00,3,6.991960564790297,2017-01-27 17:00:00,,spike,A,False
Eagle_office_Yadira,lightgbm,2017-01-30 15:00:00,2017-01-30 22:00:00,8,7.180668487135352,2017-01-30 15:00:00,,spike,A,False
Eagle_office_Yadira,lightgbm,2017-01-31 18:00:00,2017-01-31 21:00:00,4,6.384585852414684,2017-01-31 18:00:00,,after_hours,A,False
Eagle_office_Yadira,lightgbm,2017-02-07 19:00:00,2017-02-07 19:00:00,1,7.007351722064994,2017-02-07 19:00:00,,after_hours,A,False
Eagle_office_Yadira,lightgbm,2017-02-20 11:00:00,2017-02-20 23:00:00,13,15.214926134583354,2017-02-20 17:00:00,,after_hours,A,True
Eagle_office_Yadira,lightgbm,2017-02-25 00:00:00,2017-02-25 03:00:00,4,6.351849710651773,2017-02-25 00:00:00,,after_hours,A,True
Eagle_office_Yadira,lightgbm,2017-03-13 10:00:00,2017-03-13 10:00:00,1,8.432604216863758,2017-03-13 10:00:00,,spike,A,False
Eagle_office_Yadira,lightgbm,2017-03-13 14:00:00,2017-03-13 21:00:00,8,6.925371075989452,2017-03-13 17:00:00,,spike,A,False
Eagle_office_Yadira,lightgbm,2017-03-14 05:00:00,2017-03-14 10:00:00,6,12.546705942758699,2017-03-14 07:00:00,,spike,A,False
Eagle_office_Yadira,lightgbm,2017-03-15 05:00:00,2017-03-15 10:00:00,6,13.109342445162955,2017-03-15 06:00:00,,spike,A,False
Eagle_office_Yadira,lightgbm,2017-03-15 21:00:00,2017-03-15 23:00:00,3,7.761786541892117,2017-03-15 22:00:00,,after_hours,A,False
Eagle_office_Yadira,lightgbm,2017-03-16 05:00:00,2017-03-16 10:00:00,6,14.815156175046594,2017-03-16 06:00:00,,spike,A,False
Eagle_office_Yadira,lightgbm,2017-03-16 13:00:00,2017-03-16 22:00:00,10,8.03944453298658,2017-03-16 13:00:00,,spike,A,False
Eagle_office_Yadira,lightgbm,2017-03-17 05:00:00,2017-03-17 10:00:00,6,9.06649266935629,2017-03-17 08:00:00,,spike,A,False
Eagle_office_Yadira,lightgbm,2017-03-17 13:00:00,2017-03-17 18:00:00,6,6.397233413598371,2017-03-17 13:00:00,,spike,A,False
Eagle_office_Yadira,lightgbm,2017-03-22 10:00:00,2017-03-22 10:00:00,1,6.217908011873975,2017-03-22 10:00:00,,spike,A,False
Eagle_office_Yadira,lightgbm,2017-03-23 10:00:00,2017-03-23 10:00:00,1,7.81409353031342,2017-03-23 10:00:00,,spike,A,False
Eagle_office_Yadira,lightgbm,2017-03-24 22:00:00,2017-03-25 02:00:00,5,8.720752930683329,2017-03-25 01:00:00,,after_hours,A,False
Eagle_office_Yadira,lightgbm,2017-05-19 04:00:00,2017-05-19 09:00:00,6,17.653765555239897,2017-05-19 07:00:00,,spike,A,False
Eagle_office_Yadira,lightgbm,2017-05-20 04:00:00,2017-05-20 09:00:00,6,14.551984814047646,2017-05-20 04:00:00,,after_hours,A,False
Eagle_office_Yadira,lightgbm,2017-05-20 23:00:00,2017-05-21 09:00:00,11,7.679917243385495,2017-05-21 06:00:00,,after_hours,A,False
Eagle_office_Yadira,lightgbm,2017-05-22 04:00:00,2017-05-22 04:00:00,1,9.874392913912288,2017-05-22 04:00:00,,after_hours,A,False
Eagle_office_Yadira,lightgbm,2017-05-22 22:00:00,2017-05-23 00:00:00,3,20.649648141536495,2017-05-22 22:00:00,,after_hours,A,True
Eagle_office_Yadira,lightgbm,2017-08-22 13:00:00,2017-08-22 22:00:00,10,10.419686526274907,2017-08-22 15:00:00,,spike,A,False
Eagle_office_Yadira,lightgbm,2017-08-23 13:00:00,2017-08-23 22:00:00,10,9.774089911229211,2017-08-23 15:00:00,,spike,A,False
Eagle_office_Yadira,lightgbm,2017-08-24 11:00:00,2017-08-24 23:00:00,13,10.662435214923386,2017-08-24 16:00:00,,spike,A,False
Eagle_office_Yadira,lightgbm,2017-08-25 13:00:00,2017-08-25 18:00:00,6,8.41386957094424,2017-08-25 15:00:00,,spike,A,False
Eagle_office_Yadira,lightgbm,2017-08-28 13:00:00,2017-08-29 00:00:00,12,8.768406213337391,2017-08-28 19:00:00,,spike,A,False
Eagle_office_Yadira,lightgbm,2017-09-01 17:00:00,2017-09-01 19:00:00,3,7.988794611306351,2017-09-01 18:00:00,,spike,A,False
Eagle_office_Yadira,lightgbm,2017-09-04 10:00:00,2017-09-04 15:00:00,6,7.7036099994248595,2017-09-04 14:00:00,,after_hours,A,False
Eagle_office_Yadira,lightgbm,2017-09-04 23:00:00,2017-09-04 23:00:00,1,6.531123447516869,2017-09-04 23:00:00,,after_hours,A,False
Eagle_office_Yadira,lightgbm,2017-10-09 00:00:00,2017-10-09 01:00:00,2,6.401715334718051,2017-10-09 00:00:00,,after_hours,A,False
Eagle_office_Yadira,lightgbm,2017-10-09 10:00:00,2017-10-09 23:00:00,14,14.728799719926078,2017-10-09 14:00:00,,after_hours,A,False
Eagle_office_Yadira,lightgbm,2017-11-06 04:00:00,2017-11-06 05:00:00,2,14.705458444828887,2017-11-06 04:00:00,,after_hours,A,False
Eagle_office_Yadira,lightgbm,2017-11-07 04:00:00,2017-11-07 04:00:00,1,14.694431788032729,2017-11-07 04:00:00,,after_hours,A,False
Eagle_office_Yadira,lightgbm,2017-11-08 04:00:00,2017-11-08 04:00:00,1,12.174697134708586,2017-11-08 04:00:00,,after_hours,A,False
Eagle_office_Yadira,lightgbm,2017-11-09 04:00:00,2017-11-09 04:00:00,1,14.161583013960833,2017-11-09 04:00:00,,after_hours,A,False
Eagle_office_Yadira,lightgbm,2017-11-10 00:00:00,2017-11-10 01:00:00,2,6.8937284906781,2017-11-10 00:00:00,,after_hours,A,False
Eagle_office_Yadira,lightgbm,2017-11-10 04:00:00,2017-11-10 04:00:00,1,10.25180101793431,2017-11-10 04:00:00,,after_hours,A,False
Eagle_office_Yadira,lightgbm,2017-11-10 13:00:00,2017-11-10 22:00:00,10,9.881581667365408,2017-11-10 18:00:00,,after_hours,A,False
Eagle_office_Yadira,lightgbm,2017-11-11 04:00:00,2017-11-11 04:00:00,1,10.38001308058404,2017-11-11 04:00:00,,after_hours,A,False
Eagle_office_Yadira,lightgbm,2017-11-13 04:00:00,2017-11-13 04:00:00,1,13.541995213242753,2017-11-13 04:00:00,,after_hours,A,False
Eagle_office_Yadira,lightgbm,2017-11-14 04:00:00,2017-11-14 04:00:00,1,12.934503877913075,2017-11-14 04:00:00,,after_hours,A,False
Eagle_office_Yadira,lightgbm,2017-11-15 04:00:00,2017-11-15 04:00:00,1,11.61941092483658,2017-11-15 04:00:00,,after_hours,A,False
Eagle_office_Yadira,lightgbm,2017-11-16 04:00:00,2017-11-16 04:00:00,1,9.220846958264085,2017-11-16 04:00:00,,after_hours,A,False
Eagle_office_Yadira,lightgbm,2017-11-17 04:00:00,2017-11-17 04:00:00,1,8.70815425267741,2017-11-17 04:00:00,,after_hours,A,False
Eagle_office_Yadira,lightgbm,2017-11-20 04:00:00,2017-11-20 04:00:00,1,8.793685525450773,2017-11-20 04:00:00,,after_hours,A,False
Eagle_office_Yadira,lightgbm,2017-12-02 00:00:00,2017-12-02 14:00:00,15,16.15369628685329,2017-12-02 02:00:00,,after_hours,A,False
Eagle_office_Yadira,lightgbm,2017-12-02 18:00:00,2017-12-03 08:00:00,15,7.5286258330315805,2017-12-02 20:00:00,,after_hours,A,False
Eagle_office_Yadira,lightgbm,2017-12-03 18:00:00,2017-12-03 23:00:00,6,7.727894664008578,2017-12-03 19:00:00,,after_hours,A,False
Eagle_office_Yadira,lightgbm,2017-12-09 00:00:00,2017-12-09 03:00:00,4,6.911258524852103,2017-12-09 02:00:00,,after_hours,A,False
Eagle_office_Yadira,lightgbm,2017-12-10 14:00:00,2017-12-10 15:00:00,2,21.71460310254436,2017-12-10 14:00:00,,after_hours,A,True
Eagle_office_Yadira,lightgbm,2017-12-30 12:00:00,2017-12-31 02:00:00,15,23.86102533664513,2017-12-30 20:00:00,,after_hours,A,False
Eagle_office_Yadira,lightgbm,2017-12-31 18:00:00,2017-12-31 23:00:00,6,22.326513310371773,2017-12-31 23:00:00,,after_hours,A,False
Fox_office_Alice,lightgbm,2017-02-20 09:00:00,2017-02-20 16:00:00,8,4.9568641912568845,2017-02-20 10:00:00,,after_hours,A,False
Fox_office_Alice,lightgbm,2017-06-25 22:00:00,2017-06-26 00:00:00,3,17.51044798410445,2017-06-25 22:00:00,,after_hours,A,True
Fox_office_Alice,lightgbm,2017-12-16 13:00:00,2017-12-16 14:00:00,2,18.48606167884727,2017-12-16 13:00:00,,after_hours,A,True
Fox_office_Berniece,lightgbm,2017-01-02 02:00:00,2017-01-02 10:00:00,9,11.829544518324324,2017-01-02 02:00:00,,after_hours,A,False
Fox_office_Berniece,lightgbm,2017-01-16 02:00:00,2017-01-16 04:00:00,3,16.824919766578272,2017-01-16 02:00:00,,after_hours,A,False
Fox_office_Berniece,lightgbm,2017-01-16 08:00:00,2017-01-16 09:00:00,2,5.821413383822122,2017-01-16 09:00:00,,after_hours,A,False
Fox_office_Berniece,lightgbm,2017-01-21 12:00:00,2017-01-21 16:00:00,5,8.258523120268041,2017-01-21 13:00:00,,after_hours,A,False
Fox_office_Berniece,lightgbm,2017-01-28 10:00:00,2017-01-28 11:00:00,2,8.208317794267108,2017-01-28 11:00:00,,after_hours,A,False
Fox_office_Berniece,lightgbm,2017-01-29 11:00:00,2017-01-29 16:00:00,6,8.088299897952306,2017-01-29 11:00:00,,after_hours,A,False
Fox_office_Berniece,lightgbm,2017-02-05 08:00:00,2017-02-05 18:00:00,11,15.881404265412565,2017-02-05 10:00:00,,after_hours,A,True
Fox_office_Berniece,lightgbm,2017-02-07 18:00:00,2017-02-08 01:00:00,8,19.740811334627296,2017-02-08 00:00:00,,after_hours,A,False
Fox_office_Berniece,lightgbm,2017-02-08 18:00:00,2017-02-09 06:00:00,13,26.300101564194584,2017-02-08 23:00:00,,after_hours,A,False
Fox_office_Berniece,lightgbm,2017-02-09 18:00:00,2017-02-10 04:00:00,11,21.626944298853758,2017-02-09 23:00:00,,after_hours,A,False
Fox_office_Berniece,lightgbm,2017-02-10 18:00:00,2017-02-13 01:00:00,56,22.83154519346745,2017-02-11 10:00:00,,after_hours,A,False
Fox_office_Berniece,lightgbm,2017-02-13 18:00:00,2017-02-14 01:00:00,8,18.022566463082967,2017-02-14 01:00:00,,after_hours,A,False
Fox_office_Berniece,lightgbm,2017-02-14 04:00:00,2017-02-14 07:00:00,4,6.1610027840358335,2017-02-14 05:00:00,,after_hours,A,False
Fox_office_Berniece,lightgbm,2017-02-14 18:00:00,2017-02-15 01:00:00,8,14.93725423389387,2017-02-15 00:00:00,,after_hours,A,False
Fox_office_Berniece,lightgbm,2017-02-15 18:00:00,2017-02-16 01:00:00,8,15.072435432823289,2017-02-15 22:00:00,,after_hours,A,False
Fox_office_Berniece,lightgbm,2017-02-16 19:00:00,2017-02-17 01:00:00,7,11.292816515294689,2017-02-17 00:00:00,,after_hours,A,False
Fox_office_Berniece,lightgbm,2017-02-17 18:00:00,2017-02-19 23:00:00,54,26.934189667612355,2017-02-18 10:00:00,,after_hours,A,False
Fox_office_Berniece,lightgbm,2017-02-20 21:00:00,2017-02-21 04:00:00,8,16.52742474584162,2017-02-21 01:00:00,,after_hours,A,False
Fox_office_Berniece,lightgbm,2017-02-21 21:00:00,2017-02-22 01:00:00,5,14.289754954721703,2017-02-21 23:00:00,,after_hours,A,False
Fox_office_Berniece,lightgbm,2017-02-22 19:00:00,2017-02-23 04:00:00,10,8.585933915788173,2017-02-23 01:00:00,,after_hours,A,False
Fox_office_Berniece,lightgbm,2017-02-23 13:00:00,2017-02-23 19:00:00,7,7.1258489684132655,2017-02-23 17:00:00,,spike,A,False
Fox_office_Berniece,lightgbm,2017-02-24 13:00:00,2017-02-24 19:00:00,7,6.4951559012348605,2017-02-24 18:00:00,,spike,A,False
Fox_office_Berniece,lightgbm,2017-02-28 00:00:00,2017-02-28 07:00:00,8,7.047199353809068,2017-02-28 04:00:00,,after_hours,A,False
Fox_office_Berniece,lightgbm,2017-03-01 08:00:00,2017-03-01 08:00:00,1,6.244529454243057,2017-03-01 08:00:00,,spike,A,False
Fox_office_Berniece,lightgbm,2017-03-06 00:00:00,2017-03-06 03:00:00,4,5.630539118723405,2017-03-06 02:00:00,,after_hours,A,False
Fox_office_Berniece,lightgbm,2017-03-19 16:00:00,2017-03-19 16:00:00,1,7.358673852335023,2017-03-19 16:00:00,,after_hours,A,True
Fox_office_Berniece,lightgbm,2017-03-23 11:00:00,2017-03-23 12:00:00,2,7.334122168653331,2017-03-23 12:00:00,,spike,A,False
Fox_office_Berniece,lightgbm,2017-04-01 15:00:00,2017-04-01 15:00:00,1,6.12952238053072,2017-04-01 15:00:00,,after_hours,A,False
Fox_office_Berniece,lightgbm,2017-04-29 09:00:00,2017-04-29 12:00:00,4,6.08562333549286,2017-04-29 12:00:00,,after_hours,A,False
Fox_office_Berniece,lightgbm,2017-04-30 12:00:00,2017-04-30 12:00:00,1,7.611319891283061,2017-04-30 12:00:00,,after_hours,A,False
Fox_office_Berniece,lightgbm,2017-05-07 11:00:00,2017-05-07 23:00:00,13,7.566841026048678,2017-05-07 12:00:00,,after_hours,A,False
Fox_office_Berniece,lightgbm,2017-05-09 17:00:00,2017-05-09 21:00:00,5,6.458221872621406,2017-05-09 20:00:00,,after_hours,A,False
Fox_office_Berniece,lightgbm,2017-05-19 01:00:00,2017-05-19 04:00:00,4,6.724645438675186,2017-05-19 02:00:00,,after_hours,A,False
Fox_office_Berniece,lightgbm,2017-06-16 18:00:00,2017-06-16 22:00:00,5,7.856116768574656,2017-06-16 19:00:00,,after_hours,A,False
Fox_office_Berniece,lightgbm,2017-06-17 13:00:00,2017-06-17 21:00:00,9,5.927191573976392,2017-06-17 18:00:00,,after_hours,A,False
Fox_office_Berniece,lightgbm,2017-06-19 00:00:00,2017-06-19 03:00:00,4,6.458682219671606,2017-06-19 01:00:00,,after_hours,A,False
Fox_office_Berniece,lightgbm,2017-06-19 18:00:00,2017-06-20 01:00:00,8,6.660954377345271,2017-06-20 01:00:00,,after_hours,A,False
Fox_office_Berniece,lightgbm,2017-06-20 18:00:00,2017-06-21 01:00:00,8,6.924412246087887,2017-06-20 19:00:00,,after_hours,A,False
Fox_office_Berniece,lightgbm,2017-07-13 18:00:00,2017-07-14 01:00:00,8,6.447690573133787,2017-07-13 18:00:00,,after_hours,A,False
Fox_office_Berniece,lightgbm,2017-07-14 23:00:00,2017-07-15 01:00:00,3,6.033103276977432,2017-07-15 00:00:00,,after_hours,A,False
Fox_office_Berniece,lightgbm,2017-07-15 16:00:00,2017-07-16 01:00:00,10,8.297579597663475,2017-07-15 18:00:00,,after_hours,A,False
Fox_office_Berniece,lightgbm,2017-07-16 16:00:00,2017-07-16 23:00:00,8,7.484554653998112,2017-07-16 19:00:00,,after_hours,A,False
Fox_office_Berniece,lightgbm,2017-07-20 18:00:00,2017-07-20 20:00:00,3,5.974802672662822,2017-07-20 19:00:00,,after_hours,A,False
Fox_office_Berniece,lightgbm,2017-07-22 17:00:00,2017-07-23 08:00:00,16,8.000085705785095,2017-07-22 22:00:00,,after_hours,A,False
Fox_office_Berniece,lightgbm,2017-07-23 18:00:00,2017-07-24 01:00:00,8,12.581162249017776,2017-07-23 23:00:00,,after_hours,A,False
Fox_office_Berniece,lightgbm,2017-09-29 20:00:00,2017-09-30 05:00:00,10,9.045796767447358,2017-09-29 22:00:00,,after_hours,A,True
Fox_office_Berniece,lightgbm,2017-10-09 13:00:00,2017-10-09 16:00:00,4,7.104139643945034,2017-10-09 16:00:00,,after_hours,A,False
Fox_office_Berniece,lightgbm,2017-10-15 12:00:00,2017-10-15 15:00:00,4,6.1725705030058995,2017-10-15 13:00:00,,after_hours,A,False
Fox_office_Berniece,lightgbm,2017-11-05 10:00:00,2017-11-05 17:00:00,8,7.219790024565027,2017-11-05 17:00:00,,after_hours,A,False
Fox_office_Berniece,lightgbm,2017-11-05 20:00:00,2017-11-06 03:00:00,8,6.484258204778852,2017-11-06 01:00:00,,after_hours,A,False
Fox_office_Berniece,lightgbm,2017-11-07 00:00:00,2017-11-07 03:00:00,4,5.992002193341467,2017-11-07 01:00:00,,after_hours,A,False
Fox_office_Berniece,lightgbm,2017-11-09 23:00:00,2017-11-09 23:00:00,1,15.946982737465204,2017-11-09 23:00:00,,after_hours,A,True
Fox_office_Berniece,lightgbm,2017-11-10 02:00:00,2017-11-10 17:00:00,16,31.583350181778464,2017-11-10 08:00:00,,after_hours,A,False
Fox_office_Berniece,lightgbm,2017-11-21 00:00:00,2017-11-21 02:00:00,3,7.423896197188858,2017-11-21 00:00:00,,after_hours,A,False
Fox_office_Berniece,lightgbm,2017-11-23 05:00:00,2017-11-23 17:00:00,13,24.10395813263725,2017-11-23 15:00:00,,after_hours,A,True
Fox_office_Berniece,lightgbm,2017-11-28 00:00:00,2017-11-28 01:00:00,2,7.633979084780431,2017-11-28 00:00:00,,after_hours,A,True
Fox_office_Berniece,lightgbm,2017-12-03 10:00:00,2017-12-04 01:00:00,16,9.268175582090263,2017-12-03 13:00:00,,after_hours,A,True
Fox_office_Berniece,lightgbm,2017-12-07 02:00:00,2017-12-07 04:00:00,3,6.871115930834648,2017-12-07 03:00:00,,after_hours,A,True
Fox_office_Berniece,lightgbm,2017-12-08 02:00:00,2017-12-08 02:00:00,1,5.986265161799407,2017-12-08 02:00:00,,after_hours,A,True
Fox_office_Berniece,lightgbm,2017-12-09 01:00:00,2017-12-09 13:00:00,13,13.530445230873804,2017-12-09 09:00:00,,after_hours,A,True
Fox_office_Berniece,lightgbm,2017-12-10 07:00:00,2017-12-10 09:00:00,3,11.445528714543302,2017-12-10 08:00:00,,after_hours,A,True
Fox_office_Berniece,lightgbm,2017-12-11 02:00:00,2017-12-11 10:00:00,9,9.895846645200233,2017-12-11 03:00:00,,after_hours,A,True
Fox_office_Berniece,lightgbm,2017-12-12 04:00:00,2017-12-12 07:00:00,4,11.88749738020406,2017-12-12 05:00:00,,after_hours,A,True
Fox_office_Berniece,lightgbm,2017-12-13 02:00:00,2017-12-13 03:00:00,2,9.455107124745892,2017-12-13 03:00:00,,after_hours,A,True
Fox_office_Berniece,lightgbm,2017-12-17 00:00:00,2017-12-17 03:00:00,4,8.454610514287694,2017-12-17 01:00:00,,after_hours,A,True
Fox_office_Berniece,lightgbm,2017-12-17 23:00:00,2017-12-18 01:00:00,3,7.361877647816293,2017-12-18 00:00:00,,after_hours,A,True
Fox_office_Berniece,lightgbm,2017-12-21 03:00:00,2017-12-21 03:00:00,1,5.631292578947651,2017-12-21 03:00:00,,after_hours,A,False
Fox_office_Berniece,lightgbm,2017-12-23 11:00:00,2017-12-23 21:00:00,11,11.40595378740337,2017-12-23 12:00:00,,after_hours,A,False
Fox_office_Berniece,lightgbm,2017-12-24 04:00:00,2017-12-24 04:00:00,1,5.657700219219262,2017-12-24 04:00:00,,after_hours,A,False
Fox_office_Berniece,lightgbm,2017-12-24 12:00:00,2017-12-24 21:00:00,10,10.65889290445554,2017-12-24 12:00:00,,after_hours,A,False
Fox_office_Berniece,lightgbm,2017-12-25 02:00:00,2017-12-25 04:00:00,3,7.573826002155546,2017-12-25 02:00:00,,after_hours,A,False
Fox_office_Berniece,lightgbm,2017-12-25 08:00:00,2017-12-25 10:00:00,3,13.3116309156295,2017-12-25 10:00:00,,after_hours,A,False
Fox_office_Berniece,lightgbm,2017-12-31 12:00:00,2017-12-31 15:00:00,4,5.757915872645534,2017-12-31 14:00:00,,after_hours,A,False
Fox_office_Carson,lightgbm,2017-01-21 07:00:00,2017-01-21 11:00:00,5,5.620173578809864,2017-01-21 11:00:00,,after_hours,A,False
Fox_office_Carson,lightgbm,2017-02-03 20:00:00,2017-02-04 05:00:00,10,42.86571641047163,2017-02-04 04:00:00,,after_hours,A,True
Fox_office_Carson,lightgbm,2017-02-20 09:00:00,2017-02-20 17:00:00,9,7.7429258633737295,2017-02-20 15:00:00,,after_hours,A,False
Fox_office_Carson,lightgbm,2017-02-20 22:00:00,2017-02-20 23:00:00,2,10.636394340477652,2017-02-20 23:00:00,,after_hours,A,False
Fox_office_Carson,lightgbm,2017-03-03 00:00:00,2017-03-03 04:00:00,5,10.685266435487474,2017-03-03 01:00:00,,after_hours,A,False
Fox_office_Carson,lightgbm,2017-03-03 22:00:00,2017-03-04 04:00:00,7,12.358748175791852,2017-03-04 04:00:00,,after_hours,A,False
Fox_office_Carson,lightgbm,2017-03-04 22:00:00,2017-03-05 04:00:00,7,37.22674148373538,2017-03-05 00:00:00,,after_hours,A,True
Fox_office_Carson,lightgbm,2017-03-05 22:00:00,2017-03-06 04:00:00,7,11.48567343008013,2017-03-05 23:00:00,,after_hours,A,False
Fox_office_Carson,lightgbm,2017-03-06 23:00:00,2017-03-07 04:00:00,6,8.228077898085395,2017-03-07 03:00:00,,after_hours,A,False
Fox_office_Carson,lightgbm,2017-03-08 00:00:00,2017-03-08 04:00:00,5,8.67152828447762,2017-03-08 03:00:00,,after_hours,A,False
Fox_office_Carson,lightgbm,2017-03-08 22:00:00,2017-03-09 04:00:00,7,9.608585673574368,2017-03-09 01:00:00,,after_hours,A,False
Fox_office_Carson,lightgbm,2017-03-09 23:00:00,2017-03-10 04:00:00,6,7.465242157583249,2017-03-10 01:00:00,,after_hours,A,False
Fox_office_Carson,lightgbm,2017-03-10 23:00:00,2017-03-11 04:00:00,6,7.784621609753004,2017-03-11 02:00:00,,after_hours,A,False
Fox_office_Carson,lightgbm,2017-03-11 23:00:00,2017-03-12 04:00:00,6,8.056697365552536,2017-03-12 02:00:00,,after_hours,A,False
Fox_office_Carson,lightgbm,2017-03-13 00:00:00,2017-03-13 04:00:00,5,6.778623915085345,2017-03-13 02:00:00,,after_hours,A,False
Fox_office_Carson,lightgbm,2017-03-13 13:00:00,2017-03-13 13:00:00,1,5.353668109881982,2017-03-13 13:00:00,,spike,A,False
Fox_office_Carson,lightgbm,2017-03-13 22:00:00,2017-03-14 04:00:00,7,7.823703216564867,2017-03-14 04:00:00,,after_hours,A,False
Fox_office_Carson,lightgbm,2017-03-14 23:00:00,2017-03-15 03:00:00,5,6.968313270948324,2017-03-14 23:00:00,,after_hours,A,False
Fox_office_Carson,lightgbm,2017-03-15 23:00:00,2017-03-16 06:00:00,8,19.952028094825042,2017-03-16 04:00:00,,after_hours,A,False
Fox_office_Carson,lightgbm,2017-03-16 23:00:00,2017-03-17 06:00:00,8,16.21554588561794,2017-03-17 00:00:00,,after_hours,A,False
Fox_office_Carson,lightgbm,2017-03-17 23:00:00,2017-03-18 06:00:00,8,14.953215896549176,2017-03-18 00:00:00,,after_hours,A,False
Fox_office_Carson,lightgbm,2017-03-19 00:00:00,2017-03-19 06:00:00,7,11.544938745339085,2017-03-19 05:00:00,,after_hours,A,False
Fox_office_Carson,lightgbm,2017-03-20 00:00:00,2017-03-20 06:00:00,7,13.851190208088742,2017-03-20 01:00:00,,after_hours,A,False
Fox_office_Carson,lightgbm,2017-03-20 23:00:00,2017-03-21 06:00:00,8,15.454334485504177,2017-03-21 01:00:00,,after_hours,A,False
Fox_office_Carson,lightgbm,2017-03-22 00:00:00,2017-03-22 06:00:00,7,10.584753672445128,2017-03-22 05:00:00,,after_hours,A,False
Fox_office_Carson,lightgbm,2017-03-29 00:00:00,2017-03-29 05:00:00,6,8.929257451567,2017-03-29 00:00:00,,after_hours,A,False
Fox_office_Carson,lightgbm,2017-04-07 13:00:00,2017-04-07 14:00:00,2,5.169768315053531,2017-04-07 14:00:00,,spike,A,False
Fox_office_Carson,lightgbm,2017-04-11 07:00:00,2017-04-11 09:00:00,3,5.1879754059447905,2017-04-11 09:00:00,,spike,A,False
Fox_office_Carson,lightgbm,2017-04-23 08:00:00,2017-04-23 18:00:00,11,9.675780654174899,2017-04-23 08:00:00,,after_hours,A,True
Fox_office_Carson,lightgbm,2017-05-02 00:00:00,2017-05-02 02:00:00,3,5.156007487363641,2017-05-02 01:00:00,,after_hours,A,False
Fox_office_Carson,lightgbm,2017-05-06 05:00:00,2017-05-06 08:00:00,4,7.980492704627368,2017-05-06 05:00:00,,after_hours,A,False
Fox_office_Carson,lightgbm,2017-05-25 06:00:00,2017-05-25 06:00:00,1,5.150554524984413,2017-05-25 06:00:00,,after_hours,A,False
Fox_office_Carson,lightgbm,2017-07-11 20:00:00,2017-07-12 04:00:00,9,6.449253742941326,2017-07-12 04:00:00,,after_hours,A,False
Fox_office_Carson,lightgbm,2017-07-12 22:00:00,2017-07-13 05:00:00,8,8.68770828692676,2017-07-13 02:00:00,,after_hours,A,False
Fox_office_Carson,lightgbm,2017-07-13 23:00:00,2017-07-14 05:00:00,7,6.74916925050026,2017-07-14 04:00:00,,after_hours,A,False
Fox_office_Carson,lightgbm,2017-07-14 22:00:00,2017-07-15 04:00:00,7,9.543063511070132,2017-07-15 02:00:00,,after_hours,A,False
Fox_office_Carson,lightgbm,2017-07-15 22:00:00,2017-07-16 04:00:00,7,6.061635043288288,2017-07-16 02:00:00,,after_hours,A,False
Fox_office_Carson,lightgbm,2017-07-16 23:00:00,2017-07-17 04:00:00,6,7.227958847976444,2017-07-17 04:00:00,,after_hours,A,False
Fox_office_Carson,lightgbm,2017-07-17 22:00:00,2017-07-18 02:00:00,5,7.1537051906708475,2017-07-17 23:00:00,,after_hours,A,False
Fox_office_Carson,lightgbm,2017-08-04 00:00:00,2017-08-05 11:00:00,36,18.577961116666287,2017-08-05 01:00:00,,after_hours,A,False
Fox_office_Carson,lightgbm,2017-08-05 22:00:00,2017-08-06 13:00:00,16,13.219719273166461,2017-08-05 23:00:00,,after_hours,A,False
Fox_office_Carson,lightgbm,2017-09-01 03:00:00,2017-09-01 04:00:00,2,5.399708988856597,2017-09-01 04:00:00,,after_hours,A,False
Fox_office_Carson,lightgbm,2017-09-01 23:00:00,2017-09-02 03:00:00,5,5.161658591789852,2017-09-02 02:00:00,,after_hours,A,False
Fox_office_Carson,lightgbm,2017-09-04 12:00:00,2017-09-05 06:00:00,19,60.74253106801114,2017-09-04 23:00:00,,after_hours,A,True
Fox_office_Carson,lightgbm,2017-09-24 22:00:00,2017-09-25 06:00:00,9,9.283501143700247,2017-09-25 04:00:00,,after_hours,A,False
Fox_office_Carson,lightgbm,2017-09-25 22:00:00,2017-09-26 06:00:00,9,8.40393510492499,2017-09-26 03:00:00,,after_hours,A,False
Fox_office_Carson,lightgbm,2017-09-26 22:00:00,2017-09-27 04:00:00,7,7.561931697320107,2017-09-27 04:00:00,,after_hours,A,False
Fox_office_Carson,lightgbm,2017-09-27 22:00:00,2017-09-28 04:00:00,7,11.322502891114988,2017-09-28 02:00:00,,after_hours,A,False
Fox_office_Carson,lightgbm,2017-09-28 23:00:00,2017-09-29 04:00:00,6,8.608473954940793,2017-09-29 04:00:00,,after_hours,A,False
Fox_office_Carson,lightgbm,2017-09-29 23:00:00,2017-09-30 04:00:00,6,8.073400737139478,2017-09-30 01:00:00,,after_hours,A,False
Fox_office_Carson,lightgbm,2017-10-03 23:00:00,2017-10-04 01:00:00,3,5.107750218607611,2017-10-03 23:00:00,,after_hours,A,False
Fox_office_Carson,lightgbm,2017-10-05 04:00:00,2017-10-05 04:00:00,1,6.162771506064524,2017-10-05 04:00:00,,after_hours,A,False
Fox_office_Carson,lightgbm,2017-10-05 23:00:00,2017-10-06 06:00:00,8,5.283997192403395,2017-10-05 23:00:00,,after_hours,A,False
Fox_office_Carson,lightgbm,2017-10-09 05:00:00,2017-10-09 19:00:00,15,16.4597272818615,2017-10-09 12:00:00,,after_hours,A,False
Fox_office_Carson,lightgbm,2017-10-09 22:00:00,2017-10-09 23:00:00,2,7.189881861903924,2017-10-09 22:00:00,,after_hours,A,False
Fox_office_Carson,lightgbm,2017-10-15 20:00:00,2017-10-15 20:00:00,1,5.316408102580391,2017-10-15 20:00:00,,after_hours,A,False
Fox_office_Carson,lightgbm,2017-11-03 15:00:00,2017-11-03 17:00:00,3,6.093059882743252,2017-11-03 16:00:00,,spike,A,True
Fox_office_Carson,lightgbm,2017-11-04 00:00:00,2017-11-04 02:00:00,3,5.561381549429644,2017-11-04 00:00:00,,after_hours,A,True
Fox_office_Carson,lightgbm,2017-11-04 11:00:00,2017-11-04 19:00:00,9,5.172057582785101,2017-11-04 15:00:00,,after_hours,A,True
Fox_office_Carson,lightgbm,2017-11-05 06:00:00,2017-11-05 21:00:00,16,7.817549428042569,2017-11-05 14:00:00,,after_hours,A,True
Fox_office_Carson,lightgbm,2017-11-06 05:00:00,2017-11-06 15:00:00,11,11.468449680365813,2017-11-06 06:00:00,,spike,A,True
Fox_office_Carson,lightgbm,2017-11-06 19:00:00,2017-11-06 21:00:00,3,5.729442268471534,2017-11-06 19:00:00,,after_hours,A,True
Fox_office_Carson,lightgbm,2017-11-07 14:00:00,2017-11-07 18:00:00,5,6.211773046951916,2017-11-07 16:00:00,,spike,A,True
Fox_office_Carson,lightgbm,2017-11-08 13:00:00,2017-11-08 21:00:00,9,7.421788925212473,2017-11-08 16:00:00,,spike,A,True
Fox_office_Carson,lightgbm,2017-11-09 05:00:00,2017-11-10 05:00:00,25,7.801749876394828,2017-11-10 00:00:00,,after_hours,A,True
Fox_office_Carson,lightgbm,2017-11-10 22:00:00,2017-11-13 22:00:00,73,12.037666703725087,2017-11-10 23:00:00,,after_hours,A,True
Fox_office_Carson,lightgbm,2017-11-14 05:00:00,2017-11-14 20:00:00,16,10.418427866525255,2017-11-14 06:00:00,,spike,A,True
Fox_office_Carson,lightgbm,2017-11-17 06:00:00,2017-11-17 07:00:00,2,5.15190593478005,2017-11-17 07:00:00,,spike,A,True
Fox_office_Carson,lightgbm,2017-12-16 13:00:00,2017-12-16 18:00:00,6,5.1385786403827565,2017-12-16 15:00:00,,after_hours,A,False
Fox_office_Carson,lightgbm,2017-12-19 09:00:00,2017-12-19 15:00:00,7,6.254271455797639,2017-12-19 14:00:00,,spike,A,False
Fox_office_Carson,lightgbm,2017-12-19 18:00:00,2017-12-19 20:00:00,3,5.600378351806263,2017-12-19 18:00:00,,after_hours,A,False
Fox_office_Carson,lightgbm,2017-12-23 07:00:00,2017-12-23 07:00:00,1,5.581040852185359,2017-12-23 07:00:00,,after_hours,A,False
Fox_office_Carson,lightgbm,2017-12-23 11:00:00,2017-12-23 17:00:00,7,6.189608674420403,2017-12-23 14:00:00,,after_hours,A,False
Fox_office_Demetrius,lightgbm,2017-06-03 22:00:00,2017-06-03 23:00:00,2,14.412013607773956,2017-06-03 23:00:00,,after_hours,A,True
Fox_office_Demetrius,lightgbm,2017-06-07 20:00:00,2017-06-07 22:00:00,3,12.081312834626763,2017-06-07 21:00:00,,after_hours,A,False
Fox_office_Demetrius,lightgbm,2017-06-15 07:00:00,2017-06-15 08:00:00,2,12.763702928907511,2017-06-15 08:00:00,,spike,A,True
Fox_office_Demetrius,lightgbm,2017-06-17 19:00:00,2017-06-17 21:00:00,3,8.353802722224339,2017-06-17 19:00:00,,after_hours,A,False
Fox_office_Demetrius,lightgbm,2017-06-18 18:00:00,2017-06-18 22:00:00,5,9.004507721604718,2017-06-18 19:00:00,,after_hours,A,False
Fox_office_Demetrius,lightgbm,2017-08-14 04:00:00,2017-08-14 04:00:00,1,7.138140210237388,2017-08-14 04:00:00,,after_hours,A,False
Fox_office_Demetrius,lightgbm,2017-09-04 04:00:00,2017-09-04 07:00:00,4,8.605167282566791,2017-09-04 04:00:00,,after_hours,A,False
Fox_office_Demetrius,lightgbm,2017-10-03 02:00:00,2017-10-03 02:00:00,1,12.74142280361118,2017-10-03 02:00:00,,after_hours,A,False
Fox_office_Demetrius,lightgbm,2017-10-04 00:00:00,2017-10-04 00:00:00,1,11.379644522656655,2017-10-04 00:00:00,,after_hours,A,False
Fox_office_Demetrius,lightgbm,2017-10-05 07:00:00,2017-10-05 07:00:00,1,9.283826564588654,2017-10-05 07:00:00,,spike,A,False
Fox_office_Demetrius,lightgbm,2017-10-06 06:00:00,2017-10-06 08:00:00,3,10.039956092791815,2017-10-06 07:00:00,,spike,A,False
Fox_office_Demetrius,lightgbm,2017-10-06 23:00:00,2017-10-07 00:00:00,2,10.403515282773323,2017-10-07 00:00:00,,after_hours,A,False
Fox_office_Demetrius,lightgbm,2017-10-07 06:00:00,2017-10-07 07:00:00,2,13.620719778716584,2017-10-07 06:00:00,,after_hours,A,False
Fox_office_Demetrius,lightgbm,2017-10-07 12:00:00,2017-10-07 13:00:00,2,11.800107146658613,2017-10-07 12:00:00,,after_hours,A,False
Fox_office_Demetrius,lightgbm,2017-10-07 18:00:00,2017-10-07 19:00:00,2,9.576172087564986,2017-10-07 19:00:00,,after_hours,A,False
Fox_office_Demetrius,lightgbm,2017-10-08 03:00:00,2017-10-08 04:00:00,2,11.183376754573208,2017-10-08 03:00:00,,after_hours,A,False
Fox_office_Demetrius,lightgbm,2017-10-08 08:00:00,2017-10-08 09:00:00,2,15.294403902857166,2017-10-08 09:00:00,,after_hours,A,False
Fox_office_Demetrius,lightgbm,2017-10-08 18:00:00,2017-10-08 18:00:00,1,11.870749706074019,2017-10-08 18:00:00,,after_hours,A,False
Fox_office_Demetrius,lightgbm,2017-10-09 04:00:00,2017-10-09 07:00:00,4,16.757836842944567,2017-10-09 07:00:00,,after_hours,A,False
Fox_office_Demetrius,lightgbm,2017-10-18 03:00:00,2017-10-18 03:00:00,1,11.740643013423222,2017-10-18 03:00:00,,after_hours,A,False
Fox_office_Demetrius,lightgbm,2017-10-20 21:00:00,2017-10-20 21:00:00,1,7.273940368487663,2017-10-20 21:00:00,,after_hours,A,True
Fox_office_Demetrius,lightgbm,2017-10-21 00:00:00,2017-10-21 00:00:00,1,9.126130177155819,2017-10-21 00:00:00,,after_hours,A,True
Fox_office_Demetrius,lightgbm,2017-10-21 07:00:00,2017-10-21 07:00:00,1,13.195689947700249,2017-10-21 07:00:00,,after_hours,A,True
Fox_office_Demetrius,lightgbm,2017-10-21 10:00:00,2017-10-21 10:00:00,1,7.153976920781381,2017-10-21 10:00:00,,after_hours,A,True
Fox_office_Demetrius,lightgbm,2017-10-21 14:00:00,2017-10-21 14:00:00,1,10.689038293221765,2017-10-21 14:00:00,,after_hours,A,True
Fox_office_Demetrius,lightgbm,2017-10-21 19:00:00,2017-10-21 19:00:00,1,7.324041145704157,2017-10-21 19:00:00,,after_hours,A,True
Fox_office_Demetrius,lightgbm,2017-10-21 23:00:00,2017-10-21 23:00:00,1,10.756500393030985,2017-10-21 23:00:00,,after_hours,A,True
Fox_office_Demetrius,lightgbm,2017-10-22 02:00:00,2017-10-22 02:00:00,1,10.315991449001638,2017-10-22 02:00:00,,after_hours,A,True
Fox_office_Demetrius,lightgbm,2017-10-22 06:00:00,2017-10-22 06:00:00,1,7.986306048507551,2017-10-22 06:00:00,,after_hours,A,True
Fox_office_Demetrius,lightgbm,2017-10-22 21:00:00,2017-10-22 21:00:00,1,8.076794491118665,2017-10-22 21:00:00,,after_hours,A,True
Fox_office_Demetrius,lightgbm,2017-10-27 00:00:00,2017-10-27 00:00:00,1,8.77892041024457,2017-10-27 00:00:00,,after_hours,A,True
Fox_office_Demetrius,lightgbm,2017-10-27 03:00:00,2017-10-27 03:00:00,1,8.352438001770757,2017-10-27 03:00:00,,after_hours,A,True
Fox_office_Demetrius,lightgbm,2017-10-28 07:00:00,2017-10-28 07:00:00,1,10.030280597993004,2017-10-28 07:00:00,,after_hours,A,True
Fox_office_Demetrius,lightgbm,2017-10-28 12:00:00,2017-10-28 12:00:00,1,9.827302394874382,2017-10-28 12:00:00,,after_hours,A,True
Fox_office_Demetrius,lightgbm,2017-10-28 21:00:00,2017-10-28 21:00:00,1,7.484447843670603,2017-10-28 21:00:00,,after_hours,A,True
Fox_office_Demetrius,lightgbm,2017-10-29 01:00:00,2017-10-29 04:00:00,4,10.013453450494206,2017-10-29 01:00:00,,after_hours,A,True
Fox_office_Demetrius,lightgbm,2017-10-30 21:00:00,2017-10-30 21:00:00,1,7.869481806710283,2017-10-30 21:00:00,,after_hours,A,True
Fox_office_Demetrius,lightgbm,2017-11-02 06:00:00,2017-11-02 06:00:00,1,7.289383258648401,2017-11-02 06:00:00,,after_hours,A,True
Fox_office_Demetrius,lightgbm,2017-11-04 00:00:00,2017-11-04 00:00:00,1,10.64849168852721,2017-11-04 00:00:00,,after_hours,A,True
Fox_office_Demetrius,lightgbm,2017-11-04 06:00:00,2017-11-04 06:00:00,1,7.202442310803016,2017-11-04 06:00:00,,after_hours,A,True
Fox_office_Demetrius,lightgbm,2017-11-04 13:00:00,2017-11-04 13:00:00,1,9.669527950171624,2017-11-04 13:00:00,,after_hours,A,True
Fox_office_Demetrius,lightgbm,2017-11-04 17:00:00,2017-11-04 17:00:00,1,7.066965755145374,2017-11-04 17:00:00,,after_hours,A,True
Fox_office_Demetrius,lightgbm,2017-11-04 20:00:00,2017-11-04 20:00:00,1,10.03976734967854,2017-11-04 20:00:00,,after_hours,A,True
Fox_office_Demetrius,lightgbm,2017-11-05 00:00:00,2017-11-05 00:00:00,1,10.152368708206794,2017-11-05 00:00:00,,after_hours,A,True
Fox_office_Demetrius,lightgbm,2017-11-05 09:00:00,2017-11-05 09:00:00,1,7.185237747450955,2017-11-05 09:00:00,,after_hours,A,True
Fox_office_Demetrius,lightgbm,2017-11-05 12:00:00,2017-11-05 12:00:00,1,7.637052976618326,2017-11-05 12:00:00,,after_hours,A,True
Fox_office_Demetrius,lightgbm,2017-11-06 03:00:00,2017-11-06 03:00:00,1,8.724130604635242,2017-11-06 03:00:00,,after_hours,A,True
Fox_office_Demetrius,lightgbm,2017-11-09 04:00:00,2017-11-09 04:00:00,1,7.662161140791551,2017-11-09 04:00:00,,after_hours,A,True
Fox_office_Demetrius,lightgbm,2017-11-09 08:00:00,2017-11-09 10:00:00,3,7.000007273330685,2017-11-09 08:00:00,,spike,A,True
Fox_office_Demetrius,lightgbm,2017-11-09 20:00:00,2017-11-09 20:00:00,1,7.026251940287874,2017-11-09 20:00:00,,after_hours,A,True
Fox_office_Demetrius,lightgbm,2017-11-10 01:00:00,2017-11-10 01:00:00,1,9.26178097597996,2017-11-10 01:00:00,,after_hours,A,True
Fox_office_Demetrius,lightgbm,2017-11-10 07:00:00,2017-11-10 16:00:00,10,12.312850049469736,2017-11-10 07:00:00,,after_hours,A,True
Fox_office_Demetrius,lightgbm,2017-11-11 08:00:00,2017-11-11 08:00:00,1,11.242181505405199,2017-11-11 08:00:00,,after_hours,A,True
Fox_office_Demetrius,lightgbm,2017-11-13 23:00:00,2017-11-13 23:00:00,1,7.420527208443839,2017-11-13 23:00:00,,after_hours,A,True
Fox_office_Demetrius,lightgbm,2017-11-14 16:00:00,2017-11-14 16:00:00,1,7.652653246336216,2017-11-14 16:00:00,,spike,A,True
Fox_office_Demetrius,lightgbm,2017-11-16 07:00:00,2017-11-16 07:00:00,1,8.497986396161993,2017-11-16 07:00:00,,spike,A,True
Fox_office_Demetrius,lightgbm,2017-11-22 02:00:00,2017-11-22 02:00:00,1,7.747140133352843,2017-11-22 02:00:00,,after_hours,A,False
Fox_office_Demetrius,lightgbm,2017-11-29 01:00:00,2017-11-29 03:00:00,3,7.631948998996511,2017-11-29 03:00:00,,after_hours,A,False
Fox_office_Demetrius,lightgbm,2017-12-05 23:00:00,2017-12-06 02:00:00,4,12.382509600986127,2017-12-06 01:00:00,,after_hours,A,False
Fox_office_Demetrius,lightgbm,2017-12-07 01:00:00,2017-12-07 03:00:00,3,9.598236240872318,2017-12-07 03:00:00,,after_hours,A,False
Fox_office_Demetrius,lightgbm,2017-12-08 01:00:00,2017-12-08 03:00:00,3,10.298248743203233,2017-12-08 03:00:00,,after_hours,A,False
Fox_office_Demetrius,lightgbm,2017-12-08 20:00:00,2017-12-09 11:00:00,16,13.975461914259398,2017-12-09 09:00:00,,after_hours,A,False
Fox_office_Demetrius,lightgbm,2017-12-09 14:00:00,2017-12-09 18:00:00,5,7.745907888911007,2017-12-09 14:00:00,,after_hours,A,False
Fox_office_Demetrius,lightgbm,2017-12-10 00:00:00,2017-12-10 05:00:00,6,11.538737391068551,2017-12-10 03:00:00,,after_hours,A,False
Fox_office_Demetrius,lightgbm,2017-12-10 21:00:00,2017-12-10 21:00:00,1,7.63112489665599,2017-12-10 21:00:00,,after_hours,A,False
Fox_office_Demetrius,lightgbm,2017-12-13 01:00:00,2017-12-13 03:00:00,3,9.57277235723908,2017-12-13 03:00:00,,after_hours,A,False
Fox_office_Demetrius,lightgbm,2017-12-16 08:00:00,2017-12-16 10:00:00,3,7.314626133298695,2017-12-16 09:00:00,,after_hours,A,False
Fox_office_Demetrius,lightgbm,2017-12-17 02:00:00,2017-12-17 02:00:00,1,10.411869944629014,2017-12-17 02:00:00,,after_hours,A,False
Fox_office_Demetrius,lightgbm,2017-12-17 22:00:00,2017-12-17 22:00:00,1,7.046527774862378,2017-12-17 22:00:00,,after_hours,A,False
Fox_office_Demetrius,lightgbm,2017-12-22 16:00:00,2017-12-22 21:00:00,6,7.308750117489199,2017-12-22 21:00:00,,spike,A,False
Fox_office_Demetrius,lightgbm,2017-12-23 03:00:00,2017-12-23 03:00:00,1,9.71016438851948,2017-12-23 03:00:00,,after_hours,A,False
Fox_office_Demetrius,lightgbm,2017-12-23 06:00:00,2017-12-23 14:00:00,9,10.396256685938434,2017-12-23 09:00:00,,after_hours,A,False
Fox_office_Demetrius,lightgbm,2017-12-23 17:00:00,2017-12-23 20:00:00,4,10.901461203438938,2017-12-23 20:00:00,,after_hours,A,False
Fox_office_Easter,lightgbm,2017-01-02 05:00:00,2017-01-02 05:00:00,1,20.32475530092621,2017-01-02 05:00:00,,after_hours,A,False
Fox_office_Easter,lightgbm,2017-01-02 08:00:00,2017-01-02 11:00:00,4,37.29259279556229,2017-01-02 08:00:00,,after_hours,A,False
Fox_office_Easter,lightgbm,2017-01-02 15:00:00,2017-01-02 20:00:00,6,11.71452798312774,2017-01-02 17:00:00,,after_hours,A,False
Fox_office_Easter,lightgbm,2017-01-03 05:00:00,2017-01-03 05:00:00,1,8.570864093506904,2017-01-03 05:00:00,,after_hours,A,False
Fox_office_Easter,lightgbm,2017-01-03 18:00:00,2017-01-03 20:00:00,3,8.592336525010232,2017-01-03 19:00:00,,after_hours,A,False
Fox_office_Easter,lightgbm,2017-01-04 05:00:00,2017-01-04 05:00:00,1,8.013108176031631,2017-01-04 05:00:00,,after_hours,A,False
Fox_office_Easter,lightgbm,2017-01-04 08:00:00,2017-01-04 08:00:00,1,15.454273627187222,2017-01-04 08:00:00,,spike,A,False
Fox_office_Easter,lightgbm,2017-01-05 07:00:00,2017-01-05 09:00:00,3,14.689456102501472,2017-01-05 07:00:00,,spike,A,False
Fox_office_Easter,lightgbm,2017-01-06 06:00:00,2017-01-06 08:00:00,3,18.76143704066333,2017-01-06 06:00:00,,spike,A,False
Fox_office_Easter,lightgbm,2017-01-09 05:00:00,2017-01-09 05:00:00,1,9.228494980489995,2017-01-09 05:00:00,,after_hours,A,False
Fox_office_Easter,lightgbm,2017-01-09 08:00:00,2017-01-09 09:00:00,2,18.517660667175946,2017-01-09 08:00:00,,spike,A,False
Fox_office_Easter,lightgbm,2017-01-10 07:00:00,2017-01-10 08:00:00,2,12.622606529054488,2017-01-10 07:00:00,,spike,A,False
Fox_office_Easter,lightgbm,2017-01-11 06:00:00,2017-01-11 07:00:00,2,15.854600990551797,2017-01-11 06:00:00,,spike,A,False
Fox_office_Easter,lightgbm,2017-01-12 06:00:00,2017-01-12 07:00:00,2,12.987830963754739,2017-01-12 06:00:00,,spike,A,False
Fox_office_Easter,lightgbm,2017-01-16 05:00:00,2017-01-16 05:00:00,1,24.705363034650627,2017-01-16 05:00:00,,after_hours,A,False
Fox_office_Easter,lightgbm,2017-01-16 08:00:00,2017-01-16 10:00:00,3,22.390936558506187,2017-01-16 08:00:00,,after_hours,A,False
Fox_office_Easter,lightgbm,2017-01-23 05:00:00,2017-01-23 05:00:00,1,12.777661829670246,2017-01-23 05:00:00,,after_hours,A,False
Fox_office_Easter,lightgbm,2017-01-23 09:00:00,2017-01-23 09:00:00,1,8.92988017361437,2017-01-23 09:00:00,,spike,A,False
Fox_office_Easter,lightgbm,2017-02-01 07:00:00,2017-02-01 07:00:00,1,9.833223306152934,2017-02-01 07:00:00,,spike,A,False
Fox_office_Easter,lightgbm,2017-02-02 06:00:00,2017-02-02 07:00:00,2,9.745083055758311,2017-02-02 06:00:00,,spike,A,False
Fox_office_Easter,lightgbm,2017-02-03 06:00:00,2017-02-03 07:00:00,2,8.173637330361792,2017-02-03 06:00:00,,spike,A,False
Fox_office_Easter,lightgbm,2017-02-07 06:00:00,2017-02-07 07:00:00,2,9.989025566819178,2017-02-07 06:00:00,,spike,A,False
Fox_office_Easter,lightgbm,2017-02-20 05:00:00,2017-02-20 05:00:00,1,31.453996991101672,2017-02-20 05:00:00,,after_hours,A,False
Fox_office_Easter,lightgbm,2017-02-20 08:00:00,2017-02-20 17:00:00,10,36.3984398489769,2017-02-20 08:00:00,,after_hours,A,False
Fox_office_Easter,lightgbm,2017-02-21 06:00:00,2017-02-21 07:00:00,2,8.649623893178221,2017-02-21 06:00:00,,spike,A,False
Fox_office_Easter,lightgbm,2017-02-24 05:00:00,2017-02-24 05:00:00,1,8.92432319911892,2017-02-24 05:00:00,,after_hours,A,False
Fox_office_Easter,lightgbm,2017-02-24 08:00:00,2017-02-24 08:00:00,1,11.38208178114153,2017-02-24 08:00:00,,spike,A,False
Fox_office_Easter,lightgbm,2017-02-27 05:00:00,2017-02-27 05:00:00,1,8.007878641123737,2017-02-27 05:00:00,,after_hours,A,False
Fox_office_Easter,lightgbm,2017-03-02 05:00:00,2017-03-02 08:00:00,4,13.826641520477956,2017-03-02 07:00:00,,spike,A,False
Fox_office_Easter,lightgbm,2017-03-07 05:00:00,2017-03-07 08:00:00,4,8.8605897504356,2017-03-07 08:00:00,,spike,A,False
Fox_office_Easter,lightgbm,2017-03-08 05:00:00,2017-03-08 08:00:00,4,12.76726828819417,2017-03-08 06:00:00,,spike,A,False
Fox_office_Easter,lightgbm,2017-03-23 12:00:00,2017-03-23 20:00:00,9,14.816000811080077,2017-03-23 19:00:00,,spike,A,True
Fox_office_Easter,lightgbm,2017-03-24 05:00:00,2017-03-24 20:00:00,16,22.05781457109299,2017-03-24 07:00:00,,spike,A,True
Fox_office_Easter,lightgbm,2017-03-27 05:00:00,2017-03-27 11:00:00,7,17.050386055095498,2017-03-27 06:00:00,,spike,A,True
Fox_office_Easter,lightgbm,2017-03-27 14:00:00,2017-03-27 20:00:00,7,10.312123449919973,2017-03-27 19:00:00,,spike,A,True
Fox_office_Easter,lightgbm,2017-03-28 05:00:00,2017-03-28 20:00:00,16,14.047418234427266,2017-03-28 06:00:00,,spike,A,True
Fox_office_Easter,lightgbm,2017-03-29 05:00:00,2017-03-29 20:00:00,16,16.598918997748353,2017-03-29 06:00:00,,spike,A,True
Fox_office_Easter,lightgbm,2017-03-30 05:00:00,2017-03-30 20:00:00,16,12.455912425705037,2017-03-30 06:00:00,,spike,A,True
Fox_office_Easter,lightgbm,2017-03-31 06:00:00,2017-03-31 22:00:00,17,17.492185890946207,2017-03-31 18:00:00,,spike,A,True
Fox_office_Easter,lightgbm,2017-04-03 05:00:00,2017-04-03 20:00:00,16,16.97993999402923,2017-04-03 06:00:00,,spike,A,True
Fox_office_Easter,lightgbm,2017-04-04 06:00:00,2017-04-04 20:00:00,15,14.082287324712484,2017-04-04 18:00:00,,spike,A,True
Fox_office_Easter,lightgbm,2017-04-05 05:00:00,2017-04-05 19:00:00,15,15.233791251322673,2017-04-05 06:00:00,,spike,A,True
Fox_office_Easter,lightgbm,2017-04-06 05:00:00,2017-04-06 11:00:00,7,10.170010479884603,2017-04-06 06:00:00,,spike,A,True
Fox_office_Easter,lightgbm,2017-05-18 18:00:00,2017-05-19 07:00:00,14,12.338064460369344,2017-05-19 02:00:00,,after_hours,A,False
Fox_office_Easter,lightgbm,2017-05-19 15:00:00,2017-05-22 05:00:00,63,15.344240863945103,2017-05-20 11:00:00,,after_hours,A,False
Fox_office_Easter,lightgbm,2017-05-22 20:00:00,2017-05-23 07:00:00,12,13.357600928810784,2017-05-23 04:00:00,,after_hours,A,False
Fox_office_Easter,lightgbm,2017-05-23 20:00:00,2017-05-24 05:00:00,10,10.52783252009331,2017-05-23 23:00:00,,after_hours,A,False
Fox_office_Easter,lightgbm,2017-05-24 20:00:00,2017-05-25 08:00:00,13,11.302424887751302,2017-05-25 04:00:00,,after_hours,A,False
Fox_office_Easter,lightgbm,2017-05-25 21:00:00,2017-05-26 05:00:00,9,10.941065369146942,2017-05-26 04:00:00,,after_hours,A,False
Fox_office_Easter,lightgbm,2017-05-26 20:00:00,2017-05-28 23:00:00,52,13.29365233300376,2017-05-27 11:00:00,,after_hours,A,False
Fox_office_Easter,lightgbm,2017-05-30 21:00:00,2017-05-31 05:00:00,9,9.05790836178441,2017-05-30 21:00:00,,after_hours,A,False
Fox_office_Easter,lightgbm,2017-05-31 20:00:00,2017-06-01 05:00:00,10,21.89747033324927,2017-06-01 03:00:00,,after_hours,A,True
Fox_office_Easter,lightgbm,2017-07-02 08:00:00,2017-07-02 18:00:00,11,12.378107097730126,2017-07-02 10:00:00,,after_hours,A,True
Fox_office_Easter,lightgbm,2017-09-25 23:00:00,2017-09-26 00:00:00,2,32.28774731529867,2017-09-25 23:00:00,,after_hours,A,True
Fox_office_Easter,lightgbm,2017-11-10 06:00:00,2017-11-10 19:00:00,14,11.042515456474462,2017-11-10 15:00:00,,after_hours,A,False
Fox_office_Easter,lightgbm,2017-11-20 06:00:00,2017-11-20 08:00:00,3,15.96640494230279,2017-11-20 07:00:00,,spike,A,False
Fox_office_Easter,lightgbm,2017-11-21 06:00:00,2017-11-21 07:00:00,2,10.69842553694372,2017-11-21 07:00:00,,spike,A,False
Fox_office_Easter,lightgbm,2017-11-22 06:00:00,2017-11-22 08:00:00,3,11.587540187907246,2017-11-22 07:00:00,,spike,A,False
Fox_office_Easter,lightgbm,2017-11-28 20:00:00,2017-11-29 07:00:00,12,11.549421700005782,2017-11-29 07:00:00,,after_hours,A,False
Fox_office_Easter,lightgbm,2017-12-01 08:00:00,2017-12-01 10:00:00,3,7.634259305368279,2017-12-01 09:00:00,,spike,A,False
Fox_office_Easter,lightgbm,2017-12-05 14:00:00,2017-12-05 18:00:00,5,37.30801240729274,2017-12-05 14:00:00,,spike,A,True
Fox_office_Easter,lightgbm,2017-12-06 06:00:00,2017-12-06 07:00:00,2,13.4825827499042,2017-12-06 07:00:00,,spike,A,False
Fox_office_Easter,lightgbm,2017-12-07 06:00:00,2017-12-07 07:00:00,2,7.889611912860891,2017-12-07 07:00:00,,spike,A,False
Fox_office_Easter,lightgbm,2017-12-08 06:00:00,2017-12-08 08:00:00,3,14.354918643755893,2017-12-08 06:00:00,,spike,A,False
Fox_office_Easter,lightgbm,2017-12-11 06:00:00,2017-12-11 08:00:00,3,10.559396378278915,2017-12-11 06:00:00,,spike,A,False
Fox_office_Easter,lightgbm,2017-12-14 06:00:00,2017-12-14 08:00:00,3,11.185748914692827,2017-12-14 07:00:00,,spike,A,False
Fox_office_Easter,lightgbm,2017-12-18 05:00:00,2017-12-18 10:00:00,6,17.432399010511496,2017-12-18 09:00:00,,spike,A,False
Fox_office_Easter,lightgbm,2017-12-19 06:00:00,2017-12-19 08:00:00,3,8.127503042538773,2017-12-19 06:00:00,,spike,A,False
Fox_office_Easter,lightgbm,2017-12-20 06:00:00,2017-12-20 08:00:00,3,9.745410787087206,2017-12-20 06:00:00,,spike,A,False
Fox_office_Easter,lightgbm,2017-12-22 06:00:00,2017-12-22 10:00:00,5,15.44044710844657,2017-12-22 06:00:00,,spike,A,False
Fox_office_Easter,lightgbm,2017-12-25 09:00:00,2017-12-25 13:00:00,5,26.883829441765247,2017-12-25 09:00:00,,after_hours,A,False
Fox_office_Easter,lightgbm,2017-12-25 17:00:00,2017-12-25 18:00:00,2,8.69369209831826,2017-12-25 18:00:00,,after_hours,A,False
Fox_office_Easter,lightgbm,2017-12-27 05:00:00,2017-12-27 06:00:00,2,8.943242276663536,2017-12-27 06:00:00,,after_hours,A,False
Fox_office_Edythe,lightgbm,2017-01-03 13:00:00,2017-01-03 13:00:00,1,44.129667219467215,2017-01-03 13:00:00,,spike,A,True
Fox_office_Edythe,lightgbm,2017-01-06 14:00:00,2017-01-06 16:00:00,3,4.987384205839346,2017-01-06 15:00:00,,spike,A,False
Fox_office_Edythe,lightgbm,2017-01-09 09:00:00,2017-01-09 19:00:00,11,7.9457132963394645,2017-01-09 12:00:00,,spike,A,False
Fox_office_Edythe,lightgbm,2017-01-10 08:00:00,2017-01-10 19:00:00,12,9.97987330118715,2017-01-10 14:00:00,,spike,A,False
Fox_office_Edythe,lightgbm,2017-01-11 00:00:00,2017-01-11 01:00:00,2,5.122842834181361,2017-01-11 00:00:00,,after_hours,A,False
Fox_office_Edythe,lightgbm,2017-01-11 09:00:00,2017-01-11 19:00:00,11,8.327815828418505,2017-01-11 16:00:00,,spike,A,False
Fox_office_Edythe,lightgbm,2017-01-12 09:00:00,2017-01-12 16:00:00,8,8.524864350542012,2017-01-12 15:00:00,,spike,A,False
Fox_office_Edythe,lightgbm,2017-01-17 10:00:00,2017-01-17 16:00:00,7,5.536220518195239,2017-01-17 11:00:00,,spike,A,False
Fox_office_Edythe,lightgbm,2017-01-18 10:00:00,2017-01-18 16:00:00,7,6.550237289841906,2017-01-18 14:00:00,,spike,A,False
Fox_office_Edythe,lightgbm,2017-01-19 11:00:00,2017-01-19 15:00:00,5,5.16203653694,2017-01-19 15:00:00,,spike,A,False
Fox_office_Edythe,lightgbm,2017-01-23 09:00:00,2017-01-23 17:00:00,9,6.320025387806385,2017-01-23 16:00:00,,spike,A,False
Fox_office_Edythe,lightgbm,2017-01-24 00:00:00,2017-01-24 01:00:00,2,4.757528344126378,2017-01-24 01:00:00,,after_hours,A,False
Fox_office_Edythe,lightgbm,2017-01-31 14:00:00,2017-01-31 14:00:00,1,4.255218197329035,2017-01-31 14:00:00,,spike,A,False
Fox_office_Edythe,lightgbm,2017-02-09 20:00:00,2017-02-10 05:00:00,10,9.258834493278108,2017-02-10 02:00:00,,after_hours,A,True
Fox_office_Edythe,lightgbm,2017-02-20 08:00:00,2017-02-20 19:00:00,12,11.877971448663292,2017-02-20 13:00:00,,after_hours,A,False
Fox_office_Edythe,lightgbm,2017-03-15 00:00:00,2017-03-15 01:00:00,2,5.3236742498996765,2017-03-15 00:00:00,,after_hours,A,False
Fox_office_Edythe,lightgbm,2017-03-15 23:00:00,2017-03-16 00:00:00,2,4.806148259120926,2017-03-15 23:00:00,,after_hours,A,False
Fox_office_Edythe,lightgbm,2017-03-16 19:00:00,2017-03-16 19:00:00,1,4.522731595322663,2017-03-16 19:00:00,,after_hours,A,False
Fox_office_Edythe,lightgbm,2017-03-16 23:00:00,2017-03-17 00:00:00,2,4.552154663443468,2017-03-17 00:00:00,,after_hours,A,False
Fox_office_Edythe,lightgbm,2017-03-17 21:00:00,2017-03-18 17:00:00,21,7.0522659051569745,2017-03-18 00:00:00,,after_hours,A,False
Fox_office_Edythe,lightgbm,2017-03-18 20:00:00,2017-03-18 21:00:00,2,4.664657349525377,2017-03-18 20:00:00,,after_hours,A,False
Fox_office_Edythe,lightgbm,2017-03-19 01:00:00,2017-03-19 05:00:00,5,4.564173039339916,2017-03-19 03:00:00,,after_hours,A,False
Fox_office_Edythe,lightgbm,2017-03-19 08:00:00,2017-03-19 21:00:00,14,5.675990251018656,2017-03-19 11:00:00,,after_hours,A,False
Fox_office_Edythe,lightgbm,2017-03-20 02:00:00,2017-03-20 02:00:00,1,4.185929528220102,2017-03-20 02:00:00,,after_hours,A,False
Fox_office_Edythe,lightgbm,2017-03-22 23:00:00,2017-03-22 23:00:00,1,4.031466111410707,2017-03-22 23:00:00,,after_hours,A,False
Fox_office_Edythe,lightgbm,2017-03-26 03:00:00,2017-03-26 05:00:00,3,4.159121904296463,2017-03-26 05:00:00,,after_hours,A,False
Fox_office_Edythe,lightgbm,2017-03-26 11:00:00,2017-03-26 11:00:00,1,4.080859140215108,2017-03-26 11:00:00,,after_hours,A,False
Fox_office_Edythe,lightgbm,2017-03-26 16:00:00,2017-03-26 17:00:00,2,5.422197522013742,2017-03-26 16:00:00,,after_hours,A,False
Fox_office_Edythe,lightgbm,2017-04-01 04:00:00,2017-04-01 04:00:00,1,4.360827474606218,2017-04-01 04:00:00,,after_hours,A,False
Fox_office_Edythe,lightgbm,2017-05-23 05:00:00,2017-05-23 07:00:00,3,37.8993122240928,2017-05-23 07:00:00,,after_hours,A,True
Fox_office_Edythe,lightgbm,2017-06-12 08:00:00,2017-06-12 10:00:00,3,4.581891206083283,2017-06-12 09:00:00,,spike,A,False
Fox_office_Edythe,lightgbm,2017-06-13 09:00:00,2017-06-13 11:00:00,3,4.519396125526469,2017-06-13 11:00:00,,spike,A,False
Fox_office_Edythe,lightgbm,2017-06-15 10:00:00,2017-06-15 13:00:00,4,4.538928604489859,2017-06-15 13:00:00,,spike,A,False
Fox_office_Edythe,lightgbm,2017-06-16 09:00:00,2017-06-16 11:00:00,3,5.332111726035149,2017-06-16 10:00:00,,spike,A,False
Fox_office_Edythe,lightgbm,2017-06-21 23:00:00,2017-06-22 00:00:00,2,5.486239150704292,2017-06-22 00:00:00,,after_hours,A,False
Fox_office_Edythe,lightgbm,2017-06-23 00:00:00,2017-06-23 01:00:00,2,5.265614289371051,2017-06-23 01:00:00,,after_hours,A,False
Fox_office_Edythe,lightgbm,2017-06-23 23:00:00,2017-06-24 00:00:00,2,5.059509167578904,2017-06-24 00:00:00,,after_hours,A,False
Fox_office_Edythe,lightgbm,2017-07-27 23:00:00,2017-07-27 23:00:00,1,4.586331607695905,2017-07-27 23:00:00,,after_hours,A,False
Fox_office_Edythe,lightgbm,2017-08-06 23:00:00,2017-08-06 23:00:00,1,5.144383266748851,2017-08-06 23:00:00,,after_hours,A,False
Fox_office_Edythe,lightgbm,2017-08-12 10:00:00,2017-08-12 10:00:00,1,5.1149232358348655,2017-08-12 10:00:00,,after_hours,A,False
Fox_office_Edythe,lightgbm,2017-08-17 11:00:00,2017-08-17 13:00:00,3,4.917159212107214,2017-08-17 12:00:00,,spike,A,False
Fox_office_Edythe,lightgbm,2017-08-21 08:00:00,2017-08-21 08:00:00,1,4.036032299104429,2017-08-21 08:00:00,,spike,A,False
Fox_office_Edythe,lightgbm,2017-08-21 12:00:00,2017-08-21 13:00:00,2,4.378062359866181,2017-08-21 13:00:00,,spike,A,False
Fox_office_Edythe,lightgbm,2017-08-22 08:00:00,2017-08-22 08:00:00,1,4.4349435798490955,2017-08-22 08:00:00,,spike,A,False
Fox_office_Edythe,lightgbm,2017-08-23 08:00:00,2017-08-23 11:00:00,4,4.655681999115394,2017-08-23 10:00:00,,spike,A,False
Fox_office_Edythe,lightgbm,2017-08-23 17:00:00,2017-08-23 17:00:00,1,4.012299206352597,2017-08-23 17:00:00,,spike,A,False
Fox_office_Edythe,lightgbm,2017-08-24 18:00:00,2017-08-24 19:00:00,2,4.134349065204211,2017-08-24 18:00:00,,spike,A,False
Fox_office_Edythe,lightgbm,2017-08-26 08:00:00,2017-08-26 10:00:00,3,4.690524248782786,2017-08-26 10:00:00,,after_hours,A,False
Fox_office_Edythe,lightgbm,2017-10-06 00:00:00,2017-10-06 07:00:00,8,7.808037441473964,2017-10-06 03:00:00,,after_hours,A,False
Fox_office_Edythe,lightgbm,2017-10-07 07:00:00,2017-10-08 19:00:00,37,10.909558421775367,2017-10-07 20:00:00,,after_hours,A,True
Fox_office_Edythe,lightgbm,2017-10-09 06:00:00,2017-10-09 10:00:00,5,6.502126785247974,2017-10-09 07:00:00,,after_hours,A,True
Fox_office_Edythe,lightgbm,2017-10-09 13:00:00,2017-10-09 17:00:00,5,5.790756511232434,2017-10-09 14:00:00,,after_hours,A,True
Fox_office_Edythe,lightgbm,2017-10-10 03:00:00,2017-10-10 04:00:00,2,4.386513597938796,2017-10-10 04:00:00,,after_hours,A,True
Fox_office_Edythe,lightgbm,2017-10-14 10:00:00,2017-10-14 10:00:00,1,4.079616006326204,2017-10-14 10:00:00,,after_hours,A,True
Fox_office_Edythe,lightgbm,2017-10-15 20:00:00,2017-10-15 20:00:00,1,7.6828820970235,2017-10-15 20:00:00,,after_hours,A,True
Fox_office_Edythe,lightgbm,2017-10-17 17:00:00,2017-10-17 18:00:00,2,4.656249748011591,2017-10-17 18:00:00,,spike,A,True
Fox_office_Edythe,lightgbm,2017-10-31 00:00:00,2017-10-31 00:00:00,1,4.250783809163812,2017-10-31 00:00:00,,after_hours,A,True
Fox_office_Edythe,lightgbm,2017-11-01 00:00:00,2017-11-01 00:00:00,1,4.019244504156579,2017-11-01 00:00:00,,after_hours,A,True
Fox_office_Edythe,lightgbm,2017-12-08 04:00:00,2017-12-08 07:00:00,4,5.938503201510269,2017-12-08 06:00:00,,after_hours,A,False
Fox_office_Edythe,lightgbm,2017-12-09 08:00:00,2017-12-09 09:00:00,2,4.268249765059671,2017-12-09 09:00:00,,after_hours,A,False
Fox_office_Edythe,lightgbm,2017-12-14 20:00:00,2017-12-15 05:00:00,10,13.740971488456758,2017-12-15 01:00:00,,after_hours,A,True
Fox_office_Edythe,lightgbm,2017-12-29 17:00:00,2017-12-29 17:00:00,1,4.413224179047374,2017-12-29 17:00:00,,spike,A,False
Fox_office_Edythe,lightgbm,2017-12-30 09:00:00,2017-12-30 18:00:00,10,6.0753588383150605,2017-12-30 12:00:00,,after_hours,A,False
Rat_office_Colby,lightgbm,2017-01-08 06:00:00,2017-01-08 07:00:00,2,4.513794001039627,2017-01-08 07:00:00,,after_hours,A,False
Rat_office_Colby,lightgbm,2017-02-07 18:00:00,2017-02-07 23:00:00,6,5.265114745807696,2017-02-07 22:00:00,,after_hours,A,False
Rat_office_Colby,lightgbm,2017-02-08 02:00:00,2017-02-08 04:00:00,3,4.585856243594866,2017-02-08 04:00:00,,after_hours,A,False
Rat_office_Colby,lightgbm,2017-02-11 13:00:00,2017-02-11 14:00:00,2,4.21363754673018,2017-02-11 14:00:00,,after_hours,A,False
Rat_office_Colby,lightgbm,2017-02-18 15:00:00,2017-02-18 20:00:00,6,5.9656891496748345,2017-02-18 16:00:00,,after_hours,A,False
Rat_office_Colby,lightgbm,2017-02-19 13:00:00,2017-02-19 14:00:00,2,4.362731643352458,2017-02-19 14:00:00,,after_hours,A,False
Rat_office_Colby,lightgbm,2017-02-19 19:00:00,2017-02-19 21:00:00,3,5.5293708536222175,2017-02-19 20:00:00,,after_hours,A,False
Rat_office_Colby,lightgbm,2017-02-25 15:00:00,2017-02-25 15:00:00,1,4.21868454120062,2017-02-25 15:00:00,,after_hours,A,False
Rat_office_Colby,lightgbm,2017-04-17 23:00:00,2017-04-17 23:00:00,1,4.013363972769669,2017-04-17 23:00:00,,after_hours,A,False
Rat_office_Colby,lightgbm,2017-04-21 08:00:00,2017-04-21 08:00:00,1,4.197318272997077,2017-04-21 08:00:00,,spike,A,False
Rat_office_Colby,lightgbm,2017-04-22 02:00:00,2017-04-22 02:00:00,1,4.389427191542757,2017-04-22 02:00:00,,after_hours,A,False
Rat_office_Colby,lightgbm,2017-04-22 09:00:00,2017-04-22 10:00:00,2,4.920407874839411,2017-04-22 10:00:00,,after_hours,A,False
Rat_office_Colby,lightgbm,2017-05-04 18:00:00,2017-05-04 19:00:00,2,5.011567186789927,2017-05-04 19:00:00,,spike,A,False
Rat_office_Colby,lightgbm,2017-05-05 10:00:00,2017-05-05 10:00:00,1,4.511339988233993,2017-05-05 10:00:00,,spike,A,False
Rat_office_Colby,lightgbm,2017-05-20 22:00:00,2017-05-20 22:00:00,1,4.42055896535905,2017-05-20 22:00:00,,after_hours,A,False
Rat_office_Colby,lightgbm,2017-05-21 23:00:00,2017-05-21 23:00:00,1,4.318886713369371,2017-05-21 23:00:00,,after_hours,A,False
Rat_office_Colby,lightgbm,2017-05-23 02:00:00,2017-05-23 02:00:00,1,4.16954330896412,2017-05-23 02:00:00,,after_hours,A,False
Rat_office_Colby,lightgbm,2017-05-23 18:00:00,2017-05-23 18:00:00,1,4.074017034072893,2017-05-23 18:00:00,,spike,A,False
Rat_office_Colby,lightgbm,2017-05-29 04:00:00,2017-05-29 04:00:00,1,4.088733883247165,2017-05-29 04:00:00,,after_hours,A,False
Rat_office_Colby,lightgbm,2017-05-29 07:00:00,2017-05-29 07:00:00,1,4.252804714052687,2017-05-29 07:00:00,,after_hours,A,False
Rat_office_Colby,lightgbm,2017-06-01 01:00:00,2017-06-01 06:00:00,6,5.1594169998421,2017-06-01 06:00:00,,after_hours,A,False
Rat_office_Colby,lightgbm,2017-06-02 04:00:00,2017-06-02 06:00:00,3,4.971728610907062,2017-06-02 05:00:00,,after_hours,A,False
Rat_office_Colby,lightgbm,2017-09-04 00:00:00,2017-09-04 07:00:00,8,6.342619321991922,2017-09-04 03:00:00,,after_hours,A,False
Rat_office_Colby,lightgbm,2017-09-06 08:00:00,2017-09-07 06:00:00,23,7.94748782126499,2017-09-06 16:00:00,,after_hours,A,False
Rat_office_Colby,lightgbm,2017-09-07 21:00:00,2017-09-07 23:00:00,3,6.583178812702148,2017-09-07 23:00:00,,after_hours,A,False
Rat_office_Colby,lightgbm,2017-10-08 19:00:00,2017-10-08 19:00:00,1,25.32808975988532,2017-10-08 19:00:00,,after_hours,A,True
Rat_office_Colby,lightgbm,2017-11-10 19:00:00,2017-11-10 20:00:00,2,26.346127209342896,2017-11-10 19:00:00,,after_hours,A,True
Rat_office_Colby,lightgbm,2017-11-21 09:00:00,2017-11-21 09:00:00,1,4.034197631600074,2017-11-21 09:00:00,,spike,A,False
Rat_office_Colby,lightgbm,2017-11-21 15:00:00,2017-11-22 00:00:00,10,5.061845856589223,2017-11-22 00:00:00,,after_hours,A,False
Rat_office_Colby,lightgbm,2017-12-23 16:00:00,2017-12-23 17:00:00,2,5.4132987706569216,2017-12-23 16:00:00,,after_hours,A,False
Bull_office_Chantel,lightgbm_if,2017-01-14 07:00:00,2017-01-15 09:00:00,27,9.531543035616064,2017-01-14 15:00:00,,after_hours,A,False
Bull_office_Chantel,lightgbm_if,2017-01-15 13:00:00,2017-01-15 14:00:00,2,4.699706453904658,2017-01-15 14:00:00,,after_hours,A,False
Bull_office_Chantel,lightgbm_if,2017-01-15 21:00:00,2017-01-15 21:00:00,1,4.836787656317222,2017-01-15 21:00:00,,after_hours,A,False
Bull_office_Chantel,lightgbm_if,2017-01-16 08:00:00,2017-01-16 18:00:00,11,7.03616371872501,2017-01-16 09:00:00,,after_hours,A,False
Bull_office_Chantel,lightgbm_if,2017-01-16 23:00:00,2017-01-16 23:00:00,1,4.678496722232451,2017-01-16 23:00:00,,after_hours,A,False
Bull_office_Chantel,lightgbm_if,2017-01-17 07:00:00,2017-01-17 08:00:00,2,4.829063845616236,2017-01-17 07:00:00,,spike,A,False
Bull_office_Chantel,lightgbm_if,2017-01-18 06:00:00,2017-01-18 07:00:00,2,5.471494250214572,2017-01-18 07:00:00,,spike,A,False
Bull_office_Chantel,lightgbm_if,2017-01-19 07:00:00,2017-01-19 07:00:00,1,4.5492390912278795,2017-01-19 07:00:00,,spike,A,False
Bull_office_Chantel,lightgbm_if,2017-01-21 14:00:00,2017-01-21 14:00:00,1,4.793211961099603,2017-01-21 14:00:00,,after_hours,A,False
Bull_office_Chantel,lightgbm_if,2017-01-31 11:00:00,2017-01-31 19:00:00,9,7.621667898290961,2017-01-31 16:00:00,,spike,A,False
Bull_office_Chantel,lightgbm_if,2017-02-01 03:00:00,2017-02-01 06:00:00,4,6.194936005278103,2017-02-01 03:00:00,,after_hours,A,False
Bull_office_Chantel,lightgbm_if,2017-02-01 11:00:00,2017-02-01 16:00:00,6,7.227000992082687,2017-02-01 13:00:00,,spike,A,False
Bull_office_Chantel,lightgbm_if,2017-02-09 10:00:00,2017-02-09 11:00:00,2,5.069940839898205,2017-02-09 10:00:00,,spike,A,False
Bull_office_Chantel,lightgbm_if,2017-02-09 17:00:00,2017-02-09 17:00:00,1,4.30057602478386,2017-02-09 17:00:00,,spike,A,False
Bull_office_Chantel,lightgbm_if,2017-02-20 08:00:00,2017-02-20 16:00:00,9,7.884187148999804,2017-02-20 10:00:00,,after_hours,A,False
Bull_office_Chantel,lightgbm_if,2017-02-22 13:00:00,2017-02-22 15:00:00,3,5.4218027021885895,2017-02-22 14:00:00,,spike,A,False
Bull_office_Chantel,lightgbm_if,2017-02-25 07:00:00,2017-02-25 07:00:00,1,6.0673944704960645,2017-02-25 07:00:00,,after_hours,A,False
Bull_office_Chantel,lightgbm_if,2017-02-25 11:00:00,2017-02-25 16:00:00,6,7.319391404538963,2017-02-25 16:00:00,,after_hours,A,False
Bull_office_Chantel,lightgbm_if,2017-02-25 19:00:00,2017-02-25 19:00:00,1,7.444729066279268,2017-02-25 19:00:00,,after_hours,A,False
Bull_office_Chantel,lightgbm_if,2017-02-26 17:00:00,2017-02-26 17:00:00,1,4.294556723997211,2017-02-26 17:00:00,,after_hours,A,False
Bull_office_Chantel,lightgbm_if,2017-03-22 19:00:00,2017-03-22 19:00:00,1,4.652587496672344,2017-03-22 19:00:00,,after_hours,A,False
Bull_office_Chantel,lightgbm_if,2017-03-25 09:00:00,2017-03-25 18:00:00,10,8.72417620652891,2017-03-25 11:00:00,,after_hours,A,False
Bull_office_Chantel,lightgbm_if,2017-03-25 23:00:00,2017-03-26 00:00:00,2,4.736402585660659,2017-03-25 23:00:00,,after_hours,A,False
Bull_office_Chantel,lightgbm_if,2017-03-26 11:00:00,2017-03-26 14:00:00,4,5.031992909547889,2017-03-26 11:00:00,,after_hours,A,False
Bull_office_Chantel,lightgbm_if,2017-03-27 02:00:00,2017-03-27 03:00:00,2,4.960056809077909,2017-03-27 03:00:00,,after_hours,A,False
Bull_office_Chantel,lightgbm_if,2017-04-07 06:00:00,2017-04-07 08:00:00,3,5.821505639341739,2017-04-07 08:00:00,,spike,A,False
Bull_office_Chantel,lightgbm_if,2017-04-07 19:00:00,2017-04-07 19:00:00,1,4.544025893231879,2017-04-07 19:00:00,,after_hours,A,False
Bull_office_Chantel,lightgbm_if,2017-04-08 01:00:00,2017-04-08 02:00:00,2,4.380214864973128,2017-04-08 01:00:00,,after_hours,A,False
Bull_office_Chantel,lightgbm_if,2017-04-17 00:00:00,2017-04-17 00:00:00,1,4.370357546921489,2017-04-17 00:00:00,,after_hours,A,False
Bull_office_Chantel,lightgbm_if,2017-04-18 03:00:00,2017-04-18 04:00:00,2,4.6437274558564825,2017-04-18 03:00:00,,after_hours,A,False
Bull_office_Chantel,lightgbm_if,2017-04-18 07:00:00,2017-04-18 07:00:00,1,4.9432982754085995,2017-04-18 07:00:00,,spike,A,False
Bull_office_Chantel,lightgbm_if,2017-04-20 07:00:00,2017-04-20 07:00:00,1,10.849023893876149,2017-04-20 07:00:00,,spike,A,False
Bull_office_Chantel,lightgbm_if,2017-04-26 17:00:00,2017-04-26 18:00:00,2,10.015244483660847,2017-04-26 18:00:00,,spike,A,True
Bull_office_Chantel,lightgbm_if,2017-05-06 14:00:00,2017-05-06 14:00:00,1,4.387755499704929,2017-05-06 14:00:00,,after_hours,A,False
Bull_office_Chantel,lightgbm_if,2017-05-08 03:00:00,2017-05-08 04:00:00,2,4.3255252359019805,2017-05-08 04:00:00,,after_hours,A,False
Bull_office_Chantel,lightgbm_if,2017-05-31 07:00:00,2017-05-31 09:00:00,3,6.501880995043426,2017-05-31 08:00:00,,spike,A,False
Bull_office_Chantel,lightgbm_if,2017-06-01 06:00:00,2017-06-01 07:00:00,2,5.847045196953,2017-06-01 06:00:00,,spike,A,False
Bull_office_Chantel,lightgbm_if,2017-06-03 07:00:00,2017-06-03 11:00:00,5,7.215615897689747,2017-06-03 08:00:00,,after_hours,A,False
Bull_office_Chantel,lightgbm_if,2017-06-07 05:00:00,2017-06-07 06:00:00,2,4.31453263711574,2017-06-07 06:00:00,,after_hours,A,False
Bull_office_Chantel,lightgbm_if,2017-06-17 16:00:00,2017-06-17 16:00:00,1,4.359023654797019,2017-06-17 16:00:00,,after_hours,A,True
Bull_office_Chantel,lightgbm_if,2017-07-15 19:00:00,2017-07-15 19:00:00,1,4.6495571879122535,2017-07-15 19:00:00,,after_hours,A,False
Bull_office_Chantel,lightgbm_if,2017-07-16 01:00:00,2017-07-16 01:00:00,1,4.573295720791948,2017-07-16 01:00:00,,after_hours,A,False
Bull_office_Chantel,lightgbm_if,2017-07-18 04:00:00,2017-07-18 05:00:00,2,4.917493102140628,2017-07-18 05:00:00,,after_hours,A,False
Bull_office_Chantel,lightgbm_if,2017-07-20 17:00:00,2017-07-20 21:00:00,5,5.229798731996163,2017-07-20 17:00:00,,after_hours,A,False
Bull_office_Chantel,lightgbm_if,2017-07-30 14:00:00,2017-07-30 18:00:00,5,6.464955446997078,2017-07-30 15:00:00,,after_hours,A,False
Bull_office_Chantel,lightgbm_if,2017-08-05 14:00:00,2017-08-05 14:00:00,1,5.864946501818603,2017-08-05 14:00:00,,after_hours,A,False
Bull_office_Chantel,lightgbm_if,2017-08-06 14:00:00,2017-08-06 16:00:00,3,5.038691362372671,2017-08-06 16:00:00,,after_hours,A,False
Bull_office_Chantel,lightgbm_if,2017-08-08 13:00:00,2017-08-08 13:00:00,1,47.064884476093226,2017-08-08 13:00:00,,spike,A,False
Bull_office_Chantel,lightgbm_if,2017-08-12 21:00:00,2017-08-12 21:00:00,1,4.5190170362665,2017-08-12 21:00:00,,after_hours,A,False
Bull_office_Chantel,lightgbm_if,2017-09-09 03:00:00,2017-09-09 03:00:00,1,4.771827474098271,2017-09-09 03:00:00,,after_hours,A,False
Bull_office_Chantel,lightgbm_if,2017-09-09 06:00:00,2017-09-09 06:00:00,1,4.349683706510036,2017-09-09 06:00:00,,after_hours,A,False
Bull_office_Chantel,lightgbm_if,2017-10-06 07:00:00,2017-10-06 07:00:00,1,4.542785284328211,2017-10-06 07:00:00,,spike,A,False
Bull_office_Chantel,lightgbm_if,2017-10-06 11:00:00,2017-10-08 00:00:00,38,8.88969889276516,2017-10-07 16:00:00,,after_hours,A,False
Bull_office_Chantel,lightgbm_if,2017-10-08 03:00:00,2017-10-08 04:00:00,2,4.763702966384673,2017-10-08 04:00:00,,after_hours,A,False
Bull_office_Chantel,lightgbm_if,2017-10-09 08:00:00,2017-10-09 09:00:00,2,4.430016799295627,2017-10-09 09:00:00,,after_hours,A,False
Bull_office_Chantel,lightgbm_if,2017-10-20 16:00:00,2017-10-21 05:00:00,14,6.368694570843549,2017-10-21 05:00:00,,after_hours,A,True
Bull_office_Chantel,lightgbm_if,2017-10-21 13:00:00,2017-10-21 16:00:00,4,6.042184382900397,2017-10-21 14:00:00,,after_hours,A,True
Bull_office_Chantel,lightgbm_if,2017-10-27 04:00:00,2017-10-27 07:00:00,4,4.346922761636486,2017-10-27 07:00:00,,after_hours,A,True
Bull_office_Chantel,lightgbm_if,2017-11-10 16:00:00,2017-11-10 23:00:00,8,6.905438494682525,2017-11-10 20:00:00,,after_hours,A,True
Bull_office_Chantel,lightgbm_if,2017-11-11 04:00:00,2017-11-11 04:00:00,1,4.348872774188984,2017-11-11 04:00:00,,after_hours,A,True
Bull_office_Chantel,lightgbm_if,2017-11-11 07:00:00,2017-11-11 13:00:00,7,5.28394537346494,2017-11-11 10:00:00,,after_hours,A,True
Bull_office_Chantel,lightgbm_if,2017-11-11 16:00:00,2017-11-11 17:00:00,2,7.083695856042943,2017-11-11 17:00:00,,after_hours,A,True
Bull_office_Chantel,lightgbm_if,2017-11-11 20:00:00,2017-11-11 20:00:00,1,7.345345092274486,2017-11-11 20:00:00,,after_hours,A,True
Bull_office_Chantel,lightgbm_if,2017-11-20 11:00:00,2017-11-20 11:00:00,1,21.16098394909618,2017-11-20 11:00:00,,spike,A,False
Bull_office_Chantel,lightgbm_if,2017-11-24 05:00:00,2017-11-24 05:00:00,1,7.48300602501184,2017-11-24 05:00:00,,after_hours,A,False
Bull_office_Chantel,lightgbm_if,2017-11-24 10:00:00,2017-11-24 10:00:00,1,50.574270734871774,2017-11-24 10:00:00,,spike,A,False
Bull_office_Chantel,lightgbm_if,2017-11-24 14:00:00,2017-11-24 16:00:00,3,6.123799866788149,2017-11-24 16:00:00,,spike,A,False
Bull_office_Chantel,lightgbm_if,2017-11-28 13:00:00,2017-11-28 13:00:00,1,8.800191859554003,2017-11-28 13:00:00,,spike,A,False
Bull_office_Chantel,lightgbm_if,2017-12-11 22:00:00,2017-12-12 00:00:00,3,7.591929931788875,2017-12-11 23:00:00,,after_hours,A,False
Bull_office_Chantel,lightgbm_if,2017-12-12 15:00:00,2017-12-12 15:00:00,1,4.458114684191688,2017-12-12 15:00:00,,spike,A,False
Bull_office_Chantel,lightgbm_if,2017-12-19 18:00:00,2017-12-20 00:00:00,7,9.603415891474347,2017-12-19 18:00:00,,after_hours,A,False
Bull_office_Chantel,lightgbm_if,2017-12-20 05:00:00,2017-12-20 09:00:00,5,5.719402772341363,2017-12-20 09:00:00,,spike,A,False
Bull_office_Chantel,lightgbm_if,2017-12-20 12:00:00,2017-12-20 17:00:00,6,7.123189925946889,2017-12-20 16:00:00,,spike,A,False
Bull_office_Lilla,lightgbm_if,2017-01-02 04:00:00,2017-01-02 22:00:00,19,17.305195662604845,2017-01-02 18:00:00,,after_hours,A,False
Bull_office_Lilla,lightgbm_if,2017-01-07 00:00:00,2017-01-07 03:00:00,4,6.171306203591902,2017-01-07 00:00:00,,after_hours,A,False
Bull_office_Lilla,lightgbm_if,2017-01-07 07:00:00,2017-01-08 03:00:00,21,11.269917951002418,2017-01-07 19:00:00,,after_hours,A,False
Bull_office_Lilla,lightgbm_if,2017-01-08 10:00:00,2017-01-08 23:00:00,14,17.381677488234327,2017-01-08 16:00:00,,after_hours,A,False
Bull_office_Lilla,lightgbm_if,2017-01-14 11:00:00,2017-01-14 20:00:00,10,9.972237940638552,2017-01-14 19:00:00,,after_hours,A,False
Bull_office_Lilla,lightgbm_if,2017-01-15 12:00:00,2017-01-15 12:00:00,1,4.762807246760754,2017-01-15 12:00:00,,after_hours,A,False
Bull_office_Lilla,lightgbm_if,2017-01-15 16:00:00,2017-01-15 20:00:00,5,5.329372019182152,2017-01-15 17:00:00,,after_hours,A,False
Bull_office_Lilla,lightgbm_if,2017-01-19 14:00:00,2017-01-19 14:00:00,1,27.174016524076563,2017-01-19 14:00:00,,spike,A,False
Bull_office_Lilla,lightgbm_if,2017-02-05 13:00:00,2017-02-05 22:00:00,10,8.561309024168175,2017-02-05 16:00:00,,after_hours,A,True
Bull_office_Lilla,lightgbm_if,2017-02-06 02:00:00,2017-02-06 02:00:00,1,4.919791879156339,2017-02-06 02:00:00,,after_hours,A,True
Bull_office_Lilla,lightgbm_if,2017-02-06 12:00:00,2017-02-06 12:00:00,1,4.2542590679680625,2017-02-06 12:00:00,,spike,A,True
Bull_office_Lilla,lightgbm_if,2017-02-06 15:00:00,2017-02-06 15:00:00,1,4.957162196439169,2017-02-06 15:00:00,,spike,A,True
Bull_office_Lilla,lightgbm_if,2017-02-06 19:00:00,2017-02-06 19:00:00,1,6.38929269687192,2017-02-06 19:00:00,,after_hours,A,True
Bull_office_Lilla,lightgbm_if,2017-02-07 12:00:00,2017-02-07 14:00:00,3,4.522786950862567,2017-02-07 12:00:00,,spike,A,True
Bull_office_Lilla,lightgbm_if,2017-02-11 20:00:00,2017-02-11 20:00:00,1,4.195720301445123,2017-02-11 20:00:00,,after_hours,A,True
Bull_office_Lilla,lightgbm_if,2017-02-20 09:00:00,2017-02-20 09:00:00,1,4.727499465125257,2017-02-20 09:00:00,,after_hours,A,False
Bull_office_Lilla,lightgbm_if,2017-03-24 21:00:00,2017-03-25 06:00:00,10,16.62720121472879,2017-03-25 02:00:00,,after_hours,A,True
Bull_office_Lilla,lightgbm_if,2017-04-20 07:00:00,2017-04-20 07:00:00,1,18.492075399104454,2017-04-20 07:00:00,,spike,A,False
Bull_office_Lilla,lightgbm_if,2017-05-29 07:00:00,2017-05-29 09:00:00,3,7.644479671389513,2017-05-29 08:00:00,,after_hours,A,False
Bull_office_Lilla,lightgbm_if,2017-07-04 07:00:00,2017-07-04 09:00:00,3,8.711124941620557,2017-07-04 09:00:00,,after_hours,A,False
Bull_office_Lilla,lightgbm_if,2017-07-25 16:00:00,2017-07-25 17:00:00,2,28.55421838103319,2017-07-25 16:00:00,,spike,A,False
Bull_office_Lilla,lightgbm_if,2017-07-30 05:00:00,2017-07-30 05:00:00,1,16.03855270268853,2017-07-30 05:00:00,,after_hours,A,True
Bull_office_Lilla,lightgbm_if,2017-08-08 13:00:00,2017-08-08 14:00:00,2,25.093967024726137,2017-08-08 13:00:00,,spike,A,False
Bull_office_Lilla,lightgbm_if,2017-08-27 07:00:00,2017-08-28 01:00:00,19,40.02685876104328,2017-08-27 07:00:00,,after_hours,A,True
Bull_office_Lilla,lightgbm_if,2017-08-28 04:00:00,2017-08-28 06:00:00,3,6.684068580740293,2017-08-28 05:00:00,,after_hours,A,False
Bull_office_Lilla,lightgbm_if,2017-09-04 07:00:00,2017-09-04 10:00:00,4,5.9223758696271105,2017-09-04 09:00:00,,after_hours,A,False
Bull_office_Lilla,lightgbm_if,2017-10-02 17:00:00,2017-10-02 17:00:00,1,24.529798357376265,2017-10-02 17:00:00,,spike,A,False
Bull_office_Lilla,lightgbm_if,2017-10-09 08:00:00,2017-10-09 18:00:00,11,14.109050358119255,2017-10-09 08:00:00,,after_hours,A,False
Bull_office_Lilla,lightgbm_if,2017-10-22 08:00:00,2017-10-22 18:00:00,11,9.578492943280985,2017-10-22 09:00:00,,after_hours,A,True
Bull_office_Lilla,lightgbm_if,2017-10-29 10:00:00,2017-10-29 10:00:00,1,4.413675500669484,2017-10-29 10:00:00,,after_hours,A,False
Bull_office_Lilla,lightgbm_if,2017-11-10 07:00:00,2017-11-10 09:00:00,3,8.174064269373071,2017-11-10 08:00:00,,after_hours,A,False
Bull_office_Lilla,lightgbm_if,2017-11-10 12:00:00,2017-11-10 17:00:00,6,5.76700861778893,2017-11-10 13:00:00,,after_hours,A,False
Bull_office_Lilla,lightgbm_if,2017-11-20 11:00:00,2017-11-20 11:00:00,1,32.91240593154433,2017-11-20 11:00:00,,spike,A,False
Bull_office_Lilla,lightgbm_if,2017-11-21 02:00:00,2017-11-21 02:00:00,1,4.60595732843716,2017-11-21 02:00:00,,after_hours,A,False
Bull_office_Lilla,lightgbm_if,2017-11-24 05:00:00,2017-11-24 05:00:00,1,11.54321321987248,2017-11-24 05:00:00,,after_hours,A,False
Bull_office_Lilla,lightgbm_if,2017-11-24 10:00:00,2017-11-24 10:00:00,1,65.6633020791437,2017-11-24 10:00:00,,spike,A,False
Bull_office_Lilla,lightgbm_if,2017-11-28 13:00:00,2017-11-28 14:00:00,2,30.349033255523445,2017-11-28 13:00:00,,spike,A,False
Bull_office_Lilla,lightgbm_if,2017-12-07 10:00:00,2017-12-07 10:00:00,1,6.673674946192071,2017-12-07 10:00:00,,spike,A,False
Bull_office_Lilla,lightgbm_if,2017-12-09 22:00:00,2017-12-09 22:00:00,1,5.009501894828619,2017-12-09 22:00:00,,after_hours,A,False
Bull_office_Rob,lightgbm_if,2017-01-02 07:00:00,2017-01-02 17:00:00,11,10.424332637239065,2017-01-02 16:00:00,,after_hours,A,False
Bull_office_Rob,lightgbm_if,2017-01-03 08:00:00,2017-01-03 11:00:00,4,5.099411439676642,2017-01-03 08:00:00,,spike,A,False
Bull_office_Rob,lightgbm_if,2017-01-06 13:00:00,2017-01-06 13:00:00,1,4.379276616436086,2017-01-06 13:00:00,,spike,A,False
Bull_office_Rob,lightgbm_if,2017-01-07 07:00:00,2017-01-07 18:00:00,12,12.703115226235328,2017-01-07 09:00:00,,after_hours,A,False
Bull_office_Rob,lightgbm_if,2017-01-10 00:00:00,2017-01-10 01:00:00,2,4.826934505335046,2017-01-10 01:00:00,,after_hours,A,False
Bull_office_Rob,lightgbm_if,2017-01-11 00:00:00,2017-01-11 01:00:00,2,4.988678462806954,2017-01-11 00:00:00,,after_hours,A,False
Bull_office_Rob,lightgbm_if,2017-01-16 19:00:00,2017-01-16 20:00:00,2,4.7871932848451495,2017-01-16 20:00:00,,after_hours,A,False
Bull_office_Rob,lightgbm_if,2017-01-17 18:00:00,2017-01-17 18:00:00,1,4.8446987316682435,2017-01-17 18:00:00,,spike,A,False
Bull_office_Rob,lightgbm_if,2017-01-18 18:00:00,2017-01-18 21:00:00,4,6.524815092024107,2017-01-18 20:00:00,,after_hours,A,False
Bull_office_Rob,lightgbm_if,2017-01-20 18:00:00,2017-01-20 20:00:00,3,4.322860101728115,2017-01-20 20:00:00,,after_hours,A,False
Bull_office_Rob,lightgbm_if,2017-01-22 14:00:00,2017-01-22 21:00:00,8,6.187239146392713,2017-01-22 15:00:00,,after_hours,A,False
Bull_office_Rob,lightgbm_if,2017-01-24 01:00:00,2017-01-24 01:00:00,1,5.109521577343683,2017-01-24 01:00:00,,after_hours,A,False
Bull_office_Rob,lightgbm_if,2017-02-20 06:00:00,2017-02-20 12:00:00,7,8.100523571080902,2017-02-20 10:00:00,,after_hours,A,False
Bull_office_Rob,lightgbm_if,2017-02-20 22:00:00,2017-02-20 23:00:00,2,4.314865509601013,2017-02-20 23:00:00,,after_hours,A,False
Bull_office_Rob,lightgbm_if,2017-03-03 06:00:00,2017-03-03 06:00:00,1,4.409814578083138,2017-03-03 06:00:00,,after_hours,A,False
Bull_office_Rob,lightgbm_if,2017-03-19 19:00:00,2017-03-19 21:00:00,3,5.699512889753686,2017-03-19 19:00:00,,after_hours,A,False
Bull_office_Rob,lightgbm_if,2017-03-22 20:00:00,2017-03-23 05:00:00,10,34.74348726682313,2017-03-23 04:00:00,,after_hours,A,True
Bull_office_Rob,lightgbm_if,2017-03-23 21:00:00,2017-03-23 22:00:00,2,4.651373674839739,2017-03-23 21:00:00,,after_hours,A,False
Bull_office_Rob,lightgbm_if,2017-03-24 21:00:00,2017-03-25 07:00:00,11,13.127141347806038,2017-03-24 23:00:00,,after_hours,A,False
Bull_office_Rob,lightgbm_if,2017-03-26 19:00:00,2017-03-27 00:00:00,6,9.330208066152267,2017-03-26 21:00:00,,after_hours,A,False
Bull_office_Rob,lightgbm_if,2017-03-27 07:00:00,2017-03-27 07:00:00,1,4.17131391730707,2017-03-27 07:00:00,,spike,A,False
Bull_office_Rob,lightgbm_if,2017-03-28 00:00:00,2017-03-28 00:00:00,1,4.9942248844158526,2017-03-28 00:00:00,,after_hours,A,False
Bull_office_Rob,lightgbm_if,2017-04-01 13:00:00,2017-04-01 13:00:00,1,4.250613431938529,2017-04-01 13:00:00,,after_hours,A,False
Bull_office_Rob,lightgbm_if,2017-04-01 18:00:00,2017-04-01 22:00:00,5,6.655890741223813,2017-04-01 21:00:00,,after_hours,A,False
Bull_office_Rob,lightgbm_if,2017-04-20 07:00:00,2017-04-20 07:00:00,1,17.927056006096734,2017-04-20 07:00:00,,spike,A,False
Bull_office_Rob,lightgbm_if,2017-05-12 23:00:00,2017-05-13 05:00:00,7,6.463178488052501,2017-05-13 02:00:00,,after_hours,A,False
Bull_office_Rob,lightgbm_if,2017-05-14 17:00:00,2017-05-14 18:00:00,2,11.153389981508916,2017-05-14 18:00:00,,after_hours,A,False
Bull_office_Rob,lightgbm_if,2017-05-14 22:00:00,2017-05-14 23:00:00,2,4.459233236995278,2017-05-14 23:00:00,,after_hours,A,False
Bull_office_Rob,lightgbm_if,2017-05-20 00:00:00,2017-05-20 00:00:00,1,5.256288763515947,2017-05-20 00:00:00,,after_hours,A,False
Bull_office_Rob,lightgbm_if,2017-05-20 16:00:00,2017-05-21 02:00:00,11,20.183761290953125,2017-05-20 23:00:00,,after_hours,A,False
Bull_office_Rob,lightgbm_if,2017-05-21 06:00:00,2017-05-21 06:00:00,1,4.092240280667089,2017-05-21 06:00:00,,after_hours,A,False
Bull_office_Rob,lightgbm_if,2017-05-21 10:00:00,2017-05-21 10:00:00,1,5.582049059795502,2017-05-21 10:00:00,,after_hours,A,False
Bull_office_Rob,lightgbm_if,2017-05-21 13:00:00,2017-05-21 13:00:00,1,4.678696898799968,2017-05-21 13:00:00,,after_hours,A,False
Bull_office_Rob,lightgbm_if,2017-05-27 08:00:00,2017-05-27 20:00:00,13,24.854132398400058,2017-05-27 13:00:00,,after_hours,A,True
Bull_office_Rob,lightgbm_if,2017-05-27 23:00:00,2017-05-27 23:00:00,1,4.941143340952074,2017-05-27 23:00:00,,after_hours,A,False
Bull_office_Rob,lightgbm_if,2017-05-29 06:00:00,2017-05-29 06:00:00,1,5.145632859812339,2017-05-29 06:00:00,,after_hours,A,False
Bull_office_Rob,lightgbm_if,2017-05-29 20:00:00,2017-05-29 20:00:00,1,4.549083041629987,2017-05-29 20:00:00,,after_hours,A,False
Bull_office_Rob,lightgbm_if,2017-06-01 21:00:00,2017-06-01 21:00:00,1,4.913780579577733,2017-06-01 21:00:00,,after_hours,A,False
Bull_office_Rob,lightgbm_if,2017-07-04 19:00:00,2017-07-04 19:00:00,1,4.7843036941713555,2017-07-04 19:00:00,,after_hours,A,False
Bull_office_Rob,lightgbm_if,2017-07-23 22:00:00,2017-07-23 22:00:00,1,4.761998974647548,2017-07-23 22:00:00,,after_hours,A,False
Bull_office_Rob,lightgbm_if,2017-08-08 13:00:00,2017-08-08 13:00:00,1,53.83559200685823,2017-08-08 13:00:00,,spike,A,False
Bull_office_Rob,lightgbm_if,2017-08-29 21:00:00,2017-08-29 23:00:00,3,5.643345151945683,2017-08-29 22:00:00,,after_hours,A,False
Bull_office_Rob,lightgbm_if,2017-09-03 19:00:00,2017-09-03 22:00:00,4,7.288787568626096,2017-09-03 19:00:00,,after_hours,A,False
Bull_office_Rob,lightgbm_if,2017-09-04 20:00:00,2017-09-04 20:00:00,1,8.310350418744779,2017-09-04 20:00:00,,after_hours,A,False
Bull_office_Rob,lightgbm_if,2017-09-05 22:00:00,2017-09-05 22:00:00,1,6.638067234753617,2017-09-05 22:00:00,,after_hours,A,False
Bull_office_Rob,lightgbm_if,2017-09-06 01:00:00,2017-09-06 01:00:00,1,5.028358599102906,2017-09-06 01:00:00,,after_hours,A,False
Bull_office_Rob,lightgbm_if,2017-09-06 22:00:00,2017-09-07 00:00:00,3,6.007714816949626,2017-09-06 22:00:00,,after_hours,A,False
Bull_office_Rob,lightgbm_if,2017-09-15 23:00:00,2017-09-15 23:00:00,1,6.045248234418727,2017-09-15 23:00:00,,after_hours,A,False
Bull_office_Rob,lightgbm_if,2017-09-17 22:00:00,2017-09-17 22:00:00,1,21.16967226086359,2017-09-17 22:00:00,,after_hours,A,True
Bull_office_Rob,lightgbm_if,2017-10-09 11:00:00,2017-10-09 14:00:00,4,6.332074230979717,2017-10-09 12:00:00,,after_hours,A,False
Bull_office_Rob,lightgbm_if,2017-10-17 21:00:00,2017-10-17 22:00:00,2,5.119738172438015,2017-10-17 21:00:00,,after_hours,A,False
Bull_office_Rob,lightgbm_if,2017-11-07 19:00:00,2017-11-07 19:00:00,1,4.661553344499198,2017-11-07 19:00:00,,after_hours,A,False
Bull_office_Rob,lightgbm_if,2017-11-08 01:00:00,2017-11-08 01:00:00,1,4.003850633364938,2017-11-08 01:00:00,,after_hours,A,False
Bull_office_Rob,lightgbm_if,2017-11-10 09:00:00,2017-11-10 13:00:00,5,10.000520679486383,2017-11-10 11:00:00,,after_hours,A,False
Bull_office_Rob,lightgbm_if,2017-11-10 19:00:00,2017-11-10 19:00:00,1,5.470197659447722,2017-11-10 19:00:00,,after_hours,A,False
Bull_office_Rob,lightgbm_if,2017-11-20 11:00:00,2017-11-20 11:00:00,1,33.68205966113874,2017-11-20 11:00:00,,spike,A,False
Bull_office_Rob,lightgbm_if,2017-11-24 05:00:00,2017-11-24 05:00:00,1,13.214664846642208,2017-11-24 05:00:00,,after_hours,A,False
Bull_office_Rob,lightgbm_if,2017-11-24 10:00:00,2017-11-24 10:00:00,1,32.30368880751255,2017-11-24 10:00:00,,spike,A,False
Bull_office_Rob,lightgbm_if,2017-11-24 18:00:00,2017-11-24 18:00:00,1,7.469243493826247,2017-11-24 18:00:00,,spike,A,False
Bull_office_Rob,lightgbm_if,2017-11-28 13:00:00,2017-11-28 13:00:00,1,36.78167417749593,2017-11-28 13:00:00,,spike,A,False
Bull_office_Rob,lightgbm_if,2017-11-28 21:00:00,2017-11-28 21:00:00,1,8.237897750736044,2017-11-28 21:00:00,,after_hours,A,False
Bull_office_Rob,lightgbm_if,2017-12-04 23:00:00,2017-12-05 00:00:00,2,5.328763428302784,2017-12-05 00:00:00,,after_hours,A,False
Bull_office_Rob,lightgbm_if,2017-12-05 06:00:00,2017-12-05 06:00:00,1,5.044771155554541,2017-12-05 06:00:00,,after_hours,A,False
Bull_office_Rob,lightgbm_if,2017-12-06 20:00:00,2017-12-06 21:00:00,2,17.99974782700122,2017-12-06 20:00:00,,after_hours,A,True
Bull_office_Rob,lightgbm_if,2017-12-07 10:00:00,2017-12-07 11:00:00,2,6.306751175284039,2017-12-07 10:00:00,,spike,A,False
Bull_office_Rob,lightgbm_if,2017-12-10 18:00:00,2017-12-10 19:00:00,2,7.006654415179392,2017-12-10 19:00:00,,after_hours,A,False
Bull_office_Rob,lightgbm_if,2017-12-29 06:00:00,2017-12-29 06:00:00,1,6.295142056602182,2017-12-29 06:00:00,,after_hours,A,False
Bull_office_Rob,lightgbm_if,2017-12-29 17:00:00,2017-12-29 18:00:00,2,7.379190325260044,2017-12-29 18:00:00,,spike,A,False
Bull_office_Rob,lightgbm_if,2017-12-31 19:00:00,2017-12-31 22:00:00,4,5.438969911030389,2017-12-31 22:00:00,,after_hours,A,False
Eagle_office_Demetra,lightgbm_if,2017-01-06 01:00:00,2017-01-06 01:00:00,1,5.354013877927182,2017-01-06 01:00:00,,after_hours,A,False
Eagle_office_Demetra,lightgbm_if,2017-01-07 00:00:00,2017-01-07 06:00:00,7,66.91804688802533,2017-01-07 00:00:00,,after_hours,A,False
Eagle_office_Demetra,lightgbm_if,2017-01-07 10:00:00,2017-01-08 04:00:00,19,59.07106189126183,2017-01-07 19:00:00,,after_hours,A,False
Eagle_office_Demetra,lightgbm_if,2017-01-08 14:00:00,2017-01-09 00:00:00,11,51.964764874547434,2017-01-08 19:00:00,,after_hours,A,False
Eagle_office_Demetra,lightgbm_if,2017-01-10 14:00:00,2017-01-10 14:00:00,1,4.826052492639614,2017-01-10 14:00:00,,spike,A,False
Eagle_office_Demetra,lightgbm_if,2017-01-10 18:00:00,2017-01-10 18:00:00,1,8.01715161199039,2017-01-10 18:00:00,,spike,A,False
Eagle_office_Demetra,lightgbm_if,2017-01-11 08:00:00,2017-01-11 08:00:00,1,5.014649612835993,2017-01-11 08:00:00,,spike,A,False
Eagle_office_Demetra,lightgbm_if,2017-01-12 16:00:00,2017-01-12 16:00:00,1,6.299795471952481,2017-01-12 16:00:00,,spike,A,False
Eagle_office_Demetra,lightgbm_if,2017-01-14 00:00:00,2017-01-14 04:00:00,5,36.48988044318676,2017-01-14 00:00:00,,after_hours,A,False
Eagle_office_Demetra,lightgbm_if,2017-01-14 11:00:00,2017-01-15 04:00:00,18,67.51556994856323,2017-01-14 19:00:00,,after_hours,A,False
Eagle_office_Demetra,lightgbm_if,2017-01-15 12:00:00,2017-01-16 04:00:00,17,74.11775381028104,2017-01-15 16:00:00,,after_hours,A,False
Eagle_office_Demetra,lightgbm_if,2017-01-16 09:00:00,2017-01-16 23:00:00,15,96.9424289415731,2017-01-16 14:00:00,,after_hours,A,False
Eagle_office_Demetra,lightgbm_if,2017-01-17 17:00:00,2017-01-17 17:00:00,1,5.051057345069998,2017-01-17 17:00:00,,spike,A,False
Eagle_office_Demetra,lightgbm_if,2017-01-20 03:00:00,2017-01-20 05:00:00,3,7.072331069137095,2017-01-20 05:00:00,,after_hours,A,False
Eagle_office_Demetra,lightgbm_if,2017-01-21 12:00:00,2017-01-21 17:00:00,6,10.246996312387585,2017-01-21 12:00:00,,after_hours,A,False
Eagle_office_Demetra,lightgbm_if,2017-01-24 05:00:00,2017-01-24 05:00:00,1,5.749421283856904,2017-01-24 05:00:00,,after_hours,A,False
Eagle_office_Demetra,lightgbm_if,2017-01-24 14:00:00,2017-01-24 14:00:00,1,5.722479414420448,2017-01-24 14:00:00,,spike,A,False
Eagle_office_Demetra,lightgbm_if,2017-01-25 19:00:00,2017-01-25 19:00:00,1,4.84433384225975,2017-01-25 19:00:00,,after_hours,A,False
Eagle_office_Demetra,lightgbm_if,2017-01-27 13:00:00,2017-01-27 13:00:00,1,6.117543291075455,2017-01-27 13:00:00,,spike,A,False
Eagle_office_Demetra,lightgbm_if,2017-02-01 21:00:00,2017-02-01 21:00:00,1,4.8500886311120945,2017-02-01 21:00:00,,after_hours,A,False
Eagle_office_Demetra,lightgbm_if,2017-02-02 13:00:00,2017-02-02 13:00:00,1,5.247910598806893,2017-02-02 13:00:00,,spike,A,False
Eagle_office_Demetra,lightgbm_if,2017-02-03 11:00:00,2017-02-03 11:00:00,1,14.677930631414503,2017-02-03 11:00:00,,spike,A,False
Eagle_office_Demetra,lightgbm_if,2017-02-08 13:00:00,2017-02-08 13:00:00,1,5.7864799434494705,2017-02-08 13:00:00,,spike,A,False
Eagle_office_Demetra,lightgbm_if,2017-02-20 05:00:00,2017-02-20 05:00:00,1,5.188362768771966,2017-02-20 05:00:00,,after_hours,A,False
Eagle_office_Demetra,lightgbm_if,2017-02-20 08:00:00,2017-02-20 08:00:00,1,5.681906849154756,2017-02-20 08:00:00,,after_hours,A,False
Eagle_office_Demetra,lightgbm_if,2017-02-20 14:00:00,2017-02-20 22:00:00,9,7.032944493738792,2017-02-20 14:00:00,,after_hours,A,False
Eagle_office_Demetra,lightgbm_if,2017-02-23 16:00:00,2017-02-23 21:00:00,6,6.187969728221015,2017-02-23 16:00:00,,spike,A,False
Eagle_office_Demetra,lightgbm_if,2017-03-01 08:00:00,2017-03-01 08:00:00,1,10.674550383313184,2017-03-01 08:00:00,,spike,A,False
Eagle_office_Demetra,lightgbm_if,2017-03-05 05:00:00,2017-03-05 11:00:00,7,20.15074850945457,2017-03-05 07:00:00,,after_hours,A,False
Eagle_office_Demetra,lightgbm_if,2017-03-05 16:00:00,2017-03-05 16:00:00,1,17.36770567105928,2017-03-05 16:00:00,,after_hours,A,False
Eagle_office_Demetra,lightgbm_if,2017-03-12 15:00:00,2017-03-12 15:00:00,1,5.834876183499869,2017-03-12 15:00:00,,after_hours,A,False
Eagle_office_Demetra,lightgbm_if,2017-03-14 09:00:00,2017-03-14 09:00:00,1,5.499502378924816,2017-03-14 09:00:00,,spike,A,False
Eagle_office_Demetra,lightgbm_if,2017-03-15 05:00:00,2017-03-15 05:00:00,1,6.647924927116115,2017-03-15 05:00:00,,after_hours,A,False
Eagle_office_Demetra,lightgbm_if,2017-03-15 11:00:00,2017-03-15 13:00:00,3,24.89723892603323,2017-03-15 11:00:00,,spike,A,False
Eagle_office_Demetra,lightgbm_if,2017-03-16 05:00:00,2017-03-16 05:00:00,1,4.86585107175167,2017-03-16 05:00:00,,after_hours,A,False
Eagle_office_Demetra,lightgbm_if,2017-03-16 09:00:00,2017-03-16 19:00:00,11,8.150697245287956,2017-03-16 15:00:00,,spike,A,False
Eagle_office_Demetra,lightgbm_if,2017-03-17 09:00:00,2017-03-17 23:00:00,15,9.433156470444139,2017-03-17 13:00:00,,spike,A,False
Eagle_office_Demetra,lightgbm_if,2017-03-18 08:00:00,2017-03-18 11:00:00,4,6.134322585692171,2017-03-18 11:00:00,,after_hours,A,False
Eagle_office_Demetra,lightgbm_if,2017-03-19 11:00:00,2017-03-19 11:00:00,1,5.335187243690034,2017-03-19 11:00:00,,after_hours,A,False
Eagle_office_Demetra,lightgbm_if,2017-03-21 13:00:00,2017-03-21 13:00:00,1,5.706498675728279,2017-03-21 13:00:00,,spike,A,False
Eagle_office_Demetra,lightgbm_if,2017-03-22 10:00:00,2017-03-22 12:00:00,3,6.2476959808883334,2017-03-22 10:00:00,,spike,A,False
Eagle_office_Demetra,lightgbm_if,2017-03-24 08:00:00,2017-03-24 11:00:00,4,12.986391577084005,2017-03-24 11:00:00,,spike,A,False
Eagle_office_Demetra,lightgbm_if,2017-03-25 11:00:00,2017-03-25 11:00:00,1,6.604706380636669,2017-03-25 11:00:00,,after_hours,A,False
Eagle_office_Demetra,lightgbm_if,2017-03-31 10:00:00,2017-03-31 10:00:00,1,9.394271457618792,2017-03-31 10:00:00,,spike,A,False
Eagle_office_Demetra,lightgbm_if,2017-04-04 00:00:00,2017-04-04 00:00:00,1,5.762121552859781,2017-04-04 00:00:00,,after_hours,A,False
Eagle_office_Demetra,lightgbm_if,2017-04-04 12:00:00,2017-04-04 12:00:00,1,6.695330309304013,2017-04-04 12:00:00,,spike,A,False
Eagle_office_Demetra,lightgbm_if,2017-04-08 04:00:00,2017-04-08 04:00:00,1,5.41053522944081,2017-04-08 04:00:00,,after_hours,A,False
Eagle_office_Demetra,lightgbm_if,2017-05-10 05:00:00,2017-05-10 06:00:00,2,7.764524971592764,2017-05-10 06:00:00,,after_hours,A,False
Eagle_office_Demetra,lightgbm_if,2017-05-10 10:00:00,2017-05-10 10:00:00,1,5.909567911118509,2017-05-10 10:00:00,,spike,A,False
Eagle_office_Demetra,lightgbm_if,2017-05-12 12:00:00,2017-05-12 12:00:00,1,5.745401650117016,2017-05-12 12:00:00,,spike,A,False
Eagle_office_Demetra,lightgbm_if,2017-05-14 05:00:00,2017-05-14 09:00:00,5,18.433442988392475,2017-05-14 05:00:00,,after_hours,A,False
Eagle_office_Demetra,lightgbm_if,2017-06-09 19:00:00,2017-06-09 19:00:00,1,4.820521353256953,2017-06-09 19:00:00,,after_hours,A,False
Eagle_office_Demetra,lightgbm_if,2017-08-04 10:00:00,2017-08-04 10:00:00,1,9.423755501373584,2017-08-04 10:00:00,,spike,A,False
Eagle_office_Demetra,lightgbm_if,2017-08-11 12:00:00,2017-08-11 12:00:00,1,6.988088903087506,2017-08-11 12:00:00,,spike,A,False
Eagle_office_Demetra,lightgbm_if,2017-08-29 10:00:00,2017-08-29 11:00:00,2,11.819840124580583,2017-08-29 10:00:00,,spike,A,False
Eagle_office_Demetra,lightgbm_if,2017-09-04 13:00:00,2017-09-04 15:00:00,3,6.310587783102766,2017-09-04 15:00:00,,after_hours,A,False
Eagle_office_Demetra,lightgbm_if,2017-09-07 21:00:00,2017-09-07 22:00:00,2,25.99787840326388,2017-09-07 21:00:00,,after_hours,A,True
Eagle_office_Demetra,lightgbm_if,2017-10-09 06:00:00,2017-10-09 09:00:00,4,5.264314048553788,2017-10-09 06:00:00,,after_hours,A,False
Eagle_office_Demetra,lightgbm_if,2017-10-12 10:00:00,2017-10-12 10:00:00,1,9.53097457392959,2017-10-12 10:00:00,,spike,A,False
Eagle_office_Demetra,lightgbm_if,2017-10-23 10:00:00,2017-10-23 10:00:00,1,16.233925374938863,2017-10-23 10:00:00,,spike,A,False
Eagle_office_Demetra,lightgbm_if,2017-11-03 12:00:00,2017-11-03 14:00:00,3,8.2917585662322,2017-11-03 12:00:00,,spike,A,False
Eagle_office_Demetra,lightgbm_if,2017-11-10 04:00:00,2017-11-11 00:00:00,21,27.32907575346821,2017-11-10 18:00:00,,after_hours,A,False
Eagle_office_Demetra,lightgbm_if,2017-11-11 12:00:00,2017-11-11 12:00:00,1,6.150080822668206,2017-11-11 12:00:00,,after_hours,A,False
Eagle_office_Demetra,lightgbm_if,2017-11-12 04:00:00,2017-11-12 04:00:00,1,6.420875497871673,2017-11-12 04:00:00,,after_hours,A,False
Eagle_office_Demetra,lightgbm_if,2017-11-17 04:00:00,2017-11-17 04:00:00,1,9.79922700784011,2017-11-17 04:00:00,,after_hours,A,False
Eagle_office_Demetra,lightgbm_if,2017-11-20 04:00:00,2017-11-20 04:00:00,1,17.062526469206556,2017-11-20 04:00:00,,after_hours,A,False
Eagle_office_Demetra,lightgbm_if,2017-12-01 11:00:00,2017-12-01 11:00:00,1,14.042910645839745,2017-12-01 11:00:00,,spike,A,False
Eagle_office_Demetra,lightgbm_if,2017-12-01 22:00:00,2017-12-02 02:00:00,5,7.5272726369366305,2017-12-02 00:00:00,,after_hours,A,False
Eagle_office_Demetra,lightgbm_if,2017-12-02 18:00:00,2017-12-03 03:00:00,10,6.5463483462915475,2017-12-02 19:00:00,,after_hours,A,False
Eagle_office_Demetra,lightgbm_if,2017-12-03 17:00:00,2017-12-03 20:00:00,4,6.282529630905811,2017-12-03 18:00:00,,after_hours,A,False
Eagle_office_Demetra,lightgbm_if,2017-12-03 23:00:00,2017-12-03 23:00:00,1,4.989837064329408,2017-12-03 23:00:00,,after_hours,A,False
Eagle_office_Demetra,lightgbm_if,2017-12-06 18:00:00,2017-12-06 18:00:00,1,6.065035542041907,2017-12-06 18:00:00,,spike,A,False
Eagle_office_Demetra,lightgbm_if,2017-12-18 06:00:00,2017-12-18 06:00:00,1,20.189387590700935,2017-12-18 06:00:00,,after_hours,A,False
Eagle_office_Donovan,lightgbm_if,2017-01-04 20:00:00,2017-01-04 22:00:00,3,12.13701931129724,2017-01-04 20:00:00,,after_hours,A,False
Eagle_office_Donovan,lightgbm_if,2017-01-05 11:00:00,2017-01-05 23:00:00,13,16.362650215634915,2017-01-05 15:00:00,,spike,A,False
Eagle_office_Donovan,lightgbm_if,2017-01-06 11:00:00,2017-01-08 06:00:00,44,102.86187835489679,2017-01-07 17:00:00,,after_hours,A,True
Eagle_office_Donovan,lightgbm_if,2017-01-08 12:00:00,2017-01-10 02:00:00,39,20.40031045692437,2017-01-08 22:00:00,,after_hours,A,False
Eagle_office_Donovan,lightgbm_if,2017-01-10 10:00:00,2017-01-11 02:00:00,17,16.310621654161224,2017-01-10 21:00:00,,spike,A,False
Eagle_office_Donovan,lightgbm_if,2017-01-16 12:00:00,2017-01-16 15:00:00,4,11.038658170660778,2017-01-16 15:00:00,,after_hours,A,False
Eagle_office_Donovan,lightgbm_if,2017-01-16 18:00:00,2017-01-16 21:00:00,4,8.814576334613092,2017-01-16 21:00:00,,after_hours,A,False
Eagle_office_Donovan,lightgbm_if,2017-01-20 22:00:00,2017-01-21 01:00:00,4,10.554132642538166,2017-01-21 00:00:00,,after_hours,A,False
Eagle_office_Donovan,lightgbm_if,2017-01-21 13:00:00,2017-01-21 19:00:00,7,19.170950226091723,2017-01-21 17:00:00,,after_hours,A,False
Eagle_office_Donovan,lightgbm_if,2017-01-23 22:00:00,2017-01-24 01:00:00,4,8.060176164306032,2017-01-24 00:00:00,,after_hours,A,False
Eagle_office_Donovan,lightgbm_if,2017-01-27 03:00:00,2017-01-27 03:00:00,1,8.556071588943798,2017-01-27 03:00:00,,after_hours,A,False
Eagle_office_Donovan,lightgbm_if,2017-01-30 07:00:00,2017-01-30 11:00:00,5,12.108448230463457,2017-01-30 09:00:00,,spike,A,False
Eagle_office_Donovan,lightgbm_if,2017-02-01 04:00:00,2017-02-01 04:00:00,1,8.635265116889808,2017-02-01 04:00:00,,after_hours,A,False
Eagle_office_Donovan,lightgbm_if,2017-02-02 10:00:00,2017-02-02 10:00:00,1,8.37008364247397,2017-02-02 10:00:00,,spike,A,False
Eagle_office_Donovan,lightgbm_if,2017-02-03 05:00:00,2017-02-03 06:00:00,2,8.582624275465609,2017-02-03 05:00:00,,after_hours,A,False
Eagle_office_Donovan,lightgbm_if,2017-02-04 13:00:00,2017-02-04 17:00:00,5,16.524947878778082,2017-02-04 16:00:00,,after_hours,A,False
Eagle_office_Donovan,lightgbm_if,2017-02-12 08:00:00,2017-02-12 15:00:00,8,15.423045601197858,2017-02-12 12:00:00,,after_hours,A,True
Eagle_office_Donovan,lightgbm_if,2017-02-20 12:00:00,2017-02-20 23:00:00,12,17.140991148887345,2017-02-20 15:00:00,,after_hours,A,False
Eagle_office_Donovan,lightgbm_if,2017-02-27 05:00:00,2017-02-27 09:00:00,5,8.795350370100284,2017-02-27 05:00:00,,spike,A,False
Eagle_office_Donovan,lightgbm_if,2017-03-04 01:00:00,2017-03-04 12:00:00,12,11.1573616065248,2017-03-04 07:00:00,,after_hours,A,False
Eagle_office_Donovan,lightgbm_if,2017-03-13 10:00:00,2017-03-13 10:00:00,1,11.457324839072058,2017-03-13 10:00:00,,spike,A,False
Eagle_office_Donovan,lightgbm_if,2017-03-14 07:00:00,2017-03-14 10:00:00,4,11.164813534677847,2017-03-14 10:00:00,,spike,A,False
Eagle_office_Donovan,lightgbm_if,2017-03-15 00:00:00,2017-03-15 10:00:00,11,12.779035242246326,2017-03-15 10:00:00,,after_hours,A,False
Eagle_office_Donovan,lightgbm_if,2017-03-16 02:00:00,2017-03-16 20:00:00,19,12.635115307344355,2017-03-16 10:00:00,,spike,A,False
Eagle_office_Donovan,lightgbm_if,2017-03-17 03:00:00,2017-03-17 15:00:00,13,12.832955193333694,2017-03-17 14:00:00,,spike,A,False
Eagle_office_Donovan,lightgbm_if,2017-03-18 13:00:00,2017-03-18 23:00:00,11,14.542953774940864,2017-03-18 16:00:00,,after_hours,A,False
Eagle_office_Donovan,lightgbm_if,2017-03-24 07:00:00,2017-03-24 16:00:00,10,10.675673478590426,2017-03-24 12:00:00,,spike,A,False
Eagle_office_Donovan,lightgbm_if,2017-04-06 02:00:00,2017-04-06 02:00:00,1,9.365270053407217,2017-04-06 02:00:00,,after_hours,A,False
Eagle_office_Donovan,lightgbm_if,2017-04-07 09:00:00,2017-04-07 09:00:00,1,8.867453705958074,2017-04-07 09:00:00,,spike,A,False
Eagle_office_Donovan,lightgbm_if,2017-04-08 03:00:00,2017-04-08 08:00:00,6,9.262398839211867,2017-04-08 05:00:00,,after_hours,A,False
Eagle_office_Donovan,lightgbm_if,2017-04-24 12:00:00,2017-04-24 13:00:00,2,8.59960320638472,2017-04-24 12:00:00,,spike,A,False
Eagle_office_Donovan,lightgbm_if,2017-04-30 04:00:00,2017-04-30 05:00:00,2,9.057365269804832,2017-04-30 05:00:00,,after_hours,A,True
Eagle_office_Donovan,lightgbm_if,2017-05-09 01:00:00,2017-05-09 09:00:00,9,11.2568384813382,2017-05-09 04:00:00,,after_hours,A,False
Eagle_office_Donovan,lightgbm_if,2017-05-15 05:00:00,2017-05-15 11:00:00,7,10.523784508483178,2017-05-15 11:00:00,,spike,A,False
Eagle_office_Donovan,lightgbm_if,2017-05-17 08:00:00,2017-05-17 09:00:00,2,8.764847682249561,2017-05-17 09:00:00,,spike,A,False
Eagle_office_Donovan,lightgbm_if,2017-06-15 00:00:00,2017-06-15 09:00:00,10,36.577995349047406,2017-06-15 04:00:00,,after_hours,A,True
Eagle_office_Donovan,lightgbm_if,2017-06-15 17:00:00,2017-06-15 18:00:00,2,10.099105910078743,2017-06-15 17:00:00,,spike,A,False
Eagle_office_Donovan,lightgbm_if,2017-06-16 00:00:00,2017-06-16 03:00:00,4,11.424116165720196,2017-06-16 02:00:00,,after_hours,A,False
Eagle_office_Donovan,lightgbm_if,2017-06-19 13:00:00,2017-06-19 13:00:00,1,11.32354187754134,2017-06-19 13:00:00,,spike,A,False
Eagle_office_Donovan,lightgbm_if,2017-06-20 09:00:00,2017-06-20 09:00:00,1,10.968259573072443,2017-06-20 09:00:00,,spike,A,False
Eagle_office_Donovan,lightgbm_if,2017-07-04 11:00:00,2017-07-04 14:00:00,4,13.278736152839919,2017-07-04 13:00:00,,after_hours,A,False
Eagle_office_Donovan,lightgbm_if,2017-07-08 14:00:00,2017-07-08 15:00:00,2,12.204954144709793,2017-07-08 14:00:00,,after_hours,A,False
Eagle_office_Donovan,lightgbm_if,2017-07-18 19:00:00,2017-07-18 19:00:00,1,9.123258669418478,2017-07-18 19:00:00,,after_hours,A,False
Eagle_office_Donovan,lightgbm_if,2017-07-24 13:00:00,2017-07-24 13:00:00,1,8.201908567156439,2017-07-24 13:00:00,,spike,A,False
Eagle_office_Donovan,lightgbm_if,2017-08-08 18:00:00,2017-08-08 18:00:00,1,9.934350032335585,2017-08-08 18:00:00,,spike,A,True
Eagle_office_Donovan,lightgbm_if,2017-09-04 10:00:00,2017-09-04 18:00:00,9,33.22867945765744,2017-09-04 12:00:00,,after_hours,A,False
Eagle_office_Donovan,lightgbm_if,2017-09-08 12:00:00,2017-09-08 12:00:00,1,9.897756398863802,2017-09-08 12:00:00,,spike,A,False
Eagle_office_Donovan,lightgbm_if,2017-09-20 22:00:00,2017-09-20 22:00:00,1,8.226344124467573,2017-09-20 22:00:00,,after_hours,A,False
Eagle_office_Donovan,lightgbm_if,2017-09-21 12:00:00,2017-09-21 12:00:00,1,9.038530476123869,2017-09-21 12:00:00,,spike,A,False
Eagle_office_Donovan,lightgbm_if,2017-10-09 10:00:00,2017-10-09 23:00:00,14,18.06969802171695,2017-10-09 14:00:00,,after_hours,A,False
Eagle_office_Donovan,lightgbm_if,2017-10-17 16:00:00,2017-10-17 16:00:00,1,8.770605078799361,2017-10-17 16:00:00,,spike,A,False
Eagle_office_Donovan,lightgbm_if,2017-10-28 11:00:00,2017-10-28 11:00:00,1,10.221550563195263,2017-10-28 11:00:00,,after_hours,A,False
Eagle_office_Donovan,lightgbm_if,2017-10-28 14:00:00,2017-10-28 14:00:00,1,8.29926340004724,2017-10-28 14:00:00,,after_hours,A,False
Eagle_office_Donovan,lightgbm_if,2017-11-05 22:00:00,2017-11-05 22:00:00,1,12.552431776542756,2017-11-05 22:00:00,,after_hours,A,False
Eagle_office_Donovan,lightgbm_if,2017-11-10 00:00:00,2017-11-10 02:00:00,3,9.907936832907417,2017-11-10 00:00:00,,after_hours,A,False
Eagle_office_Donovan,lightgbm_if,2017-11-10 12:00:00,2017-11-10 16:00:00,5,9.380879842251236,2017-11-10 14:00:00,,after_hours,A,False
Eagle_office_Donovan,lightgbm_if,2017-11-10 22:00:00,2017-11-10 23:00:00,2,9.81545298202339,2017-11-10 22:00:00,,after_hours,A,False
Eagle_office_Donovan,lightgbm_if,2017-11-13 08:00:00,2017-11-13 08:00:00,1,8.453787494830179,2017-11-13 08:00:00,,spike,A,False
Eagle_office_Donovan,lightgbm_if,2017-11-14 08:00:00,2017-11-14 08:00:00,1,9.649382377804976,2017-11-14 08:00:00,,spike,A,False
Eagle_office_Donovan,lightgbm_if,2017-11-16 09:00:00,2017-11-16 09:00:00,1,13.699303892321568,2017-11-16 09:00:00,,spike,A,False
Eagle_office_Donovan,lightgbm_if,2017-11-17 05:00:00,2017-11-17 08:00:00,4,11.634852159723343,2017-11-17 05:00:00,,spike,A,False
Eagle_office_Donovan,lightgbm_if,2017-11-18 10:00:00,2017-11-18 12:00:00,3,10.867643522569413,2017-11-18 12:00:00,,after_hours,A,False
Eagle_office_Donovan,lightgbm_if,2017-11-19 05:00:00,2017-11-19 06:00:00,2,12.122197179787687,2017-11-19 06:00:00,,after_hours,A,False
Eagle_office_Donovan,lightgbm_if,2017-11-25 11:00:00,2017-11-25 13:00:00,3,9.122772795202643,2017-11-25 13:00:00,,after_hours,A,False
Eagle_office_Donovan,lightgbm_if,2017-11-27 13:00:00,2017-11-27 15:00:00,3,8.550469507564852,2017-11-27 13:00:00,,spike,A,False
Eagle_office_Donovan,lightgbm_if,2017-11-28 21:00:00,2017-11-28 21:00:00,1,8.91646514854646,2017-11-28 21:00:00,,after_hours,A,False
Eagle_office_Donovan,lightgbm_if,2017-11-29 00:00:00,2017-11-29 00:00:00,1,8.406497394358489,2017-11-29 00:00:00,,after_hours,A,False
Eagle_office_Donovan,lightgbm_if,2017-12-02 00:00:00,2017-12-02 01:00:00,2,12.88922229729668,2017-12-02 00:00:00,,after_hours,A,False
Eagle_office_Donovan,lightgbm_if,2017-12-09 02:00:00,2017-12-09 09:00:00,8,8.46035327682924,2017-12-09 04:00:00,,after_hours,A,False
Eagle_office_Donovan,lightgbm_if,2017-12-09 15:00:00,2017-12-10 09:00:00,19,12.848550031890758,2017-12-10 00:00:00,,after_hours,A,False
Eagle_office_Donovan,lightgbm_if,2017-12-17 12:00:00,2017-12-17 12:00:00,1,8.675511493508226,2017-12-17 12:00:00,,after_hours,A,False
Eagle_office_Donovan,lightgbm_if,2017-12-30 02:00:00,2017-12-30 03:00:00,2,10.539692480388513,2017-12-30 03:00:00,,after_hours,A,False
Eagle_office_Donovan,lightgbm_if,2017-12-30 17:00:00,2017-12-30 22:00:00,6,12.64514013082378,2017-12-30 22:00:00,,after_hours,A,False
Eagle_office_Efrain,lightgbm_if,2017-01-01 11:00:00,2017-01-01 12:00:00,2,14.650619344497782,2017-01-01 11:00:00,,after_hours,A,False
Eagle_office_Efrain,lightgbm_if,2017-01-05 01:00:00,2017-01-05 04:00:00,4,12.199867434661574,2017-01-05 01:00:00,,after_hours,A,False
Eagle_office_Efrain,lightgbm_if,2017-01-06 01:00:00,2017-01-06 04:00:00,4,11.28776751355515,2017-01-06 03:00:00,,after_hours,A,False
Eagle_office_Efrain,lightgbm_if,2017-01-06 19:00:00,2017-01-06 19:00:00,1,10.517044634422636,2017-01-06 19:00:00,,after_hours,A,False
Eagle_office_Efrain,lightgbm_if,2017-01-07 01:00:00,2017-01-07 08:00:00,8,25.417717920131185,2017-01-07 02:00:00,,after_hours,A,False
Eagle_office_Efrain,lightgbm_if,2017-01-08 01:00:00,2017-01-08 10:00:00,10,23.579098088606084,2017-01-08 03:00:00,,after_hours,A,False
Eagle_office_Efrain,lightgbm_if,2017-01-09 01:00:00,2017-01-09 04:00:00,4,10.042686986882241,2017-01-09 01:00:00,,after_hours,A,False
Eagle_office_Efrain,lightgbm_if,2017-01-10 01:00:00,2017-01-10 04:00:00,4,11.318656791205521,2017-01-10 01:00:00,,after_hours,A,False
Eagle_office_Efrain,lightgbm_if,2017-01-10 10:00:00,2017-01-10 12:00:00,3,11.908653940298484,2017-01-10 10:00:00,,spike,A,False
Eagle_office_Efrain,lightgbm_if,2017-01-11 10:00:00,2017-01-11 12:00:00,3,10.728814526464998,2017-01-11 10:00:00,,spike,A,False
Eagle_office_Efrain,lightgbm_if,2017-01-12 10:00:00,2017-01-12 12:00:00,3,9.913671319683985,2017-01-12 10:00:00,,spike,A,False
Eagle_office_Efrain,lightgbm_if,2017-01-13 05:00:00,2017-01-13 05:00:00,1,10.684741506116037,2017-01-13 05:00:00,,after_hours,A,False
Eagle_office_Efrain,lightgbm_if,2017-01-13 10:00:00,2017-01-13 12:00:00,3,9.909429495588407,2017-01-13 12:00:00,,spike,A,False
Eagle_office_Efrain,lightgbm_if,2017-01-14 01:00:00,2017-01-14 06:00:00,6,18.92500968287391,2017-01-14 03:00:00,,after_hours,A,False
Eagle_office_Efrain,lightgbm_if,2017-01-14 11:00:00,2017-01-14 12:00:00,2,8.690526429613168,2017-01-14 11:00:00,,after_hours,A,False
Eagle_office_Efrain,lightgbm_if,2017-01-15 01:00:00,2017-01-15 04:00:00,4,17.550098930646236,2017-01-15 03:00:00,,after_hours,A,False
Eagle_office_Efrain,lightgbm_if,2017-01-16 05:00:00,2017-01-16 05:00:00,1,9.150749784826811,2017-01-16 05:00:00,,after_hours,A,False
Eagle_office_Efrain,lightgbm_if,2017-01-16 18:00:00,2017-01-16 20:00:00,3,9.346814328647472,2017-01-16 18:00:00,,after_hours,A,False
Eagle_office_Efrain,lightgbm_if,2017-01-18 05:00:00,2017-01-18 07:00:00,3,11.036409272735954,2017-01-18 07:00:00,,after_hours,A,False
Eagle_office_Efrain,lightgbm_if,2017-01-22 00:00:00,2017-01-22 00:00:00,1,10.648247539760236,2017-01-22 00:00:00,,after_hours,A,False
Eagle_office_Efrain,lightgbm_if,2017-01-24 22:00:00,2017-01-24 23:00:00,2,11.483196148232473,2017-01-24 22:00:00,,after_hours,A,False
Eagle_office_Efrain,lightgbm_if,2017-01-27 05:00:00,2017-01-27 05:00:00,1,9.252547664449855,2017-01-27 05:00:00,,after_hours,A,False
Eagle_office_Efrain,lightgbm_if,2017-02-03 16:00:00,2017-02-03 19:00:00,4,11.316989027664505,2017-02-03 18:00:00,,spike,A,False
Eagle_office_Efrain,lightgbm_if,2017-02-18 19:00:00,2017-02-18 19:00:00,1,12.160854387466088,2017-02-18 19:00:00,,after_hours,A,True
Eagle_office_Efrain,lightgbm_if,2017-02-20 12:00:00,2017-02-21 02:00:00,15,8.607156455391477,2017-02-20 15:00:00,,after_hours,A,True
Eagle_office_Efrain,lightgbm_if,2017-03-14 09:00:00,2017-03-14 09:00:00,1,11.463893621339002,2017-03-14 09:00:00,,spike,A,False
Eagle_office_Efrain,lightgbm_if,2017-03-14 13:00:00,2017-03-14 13:00:00,1,9.119435733277626,2017-03-14 13:00:00,,spike,A,False
Eagle_office_Efrain,lightgbm_if,2017-03-17 09:00:00,2017-03-17 09:00:00,1,10.053473603112252,2017-03-17 09:00:00,,spike,A,False
Eagle_office_Efrain,lightgbm_if,2017-03-18 09:00:00,2017-03-18 09:00:00,1,10.0234036214814,2017-03-18 09:00:00,,after_hours,A,False
Eagle_office_Efrain,lightgbm_if,2017-03-20 03:00:00,2017-03-20 03:00:00,1,9.102244668177535,2017-03-20 03:00:00,,after_hours,A,False
Eagle_office_Efrain,lightgbm_if,2017-03-23 19:00:00,2017-03-23 20:00:00,2,9.280403103890972,2017-03-23 20:00:00,,after_hours,A,False
Eagle_office_Efrain,lightgbm_if,2017-03-30 04:00:00,2017-03-30 04:00:00,1,8.725002208895626,2017-03-30 04:00:00,,after_hours,A,False
Eagle_office_Efrain,lightgbm_if,2017-04-07 05:00:00,2017-04-07 05:00:00,1,10.983258262913475,2017-04-07 05:00:00,,after_hours,A,False
Eagle_office_Efrain,lightgbm_if,2017-04-09 04:00:00,2017-04-09 04:00:00,1,8.9543827419076,2017-04-09 04:00:00,,after_hours,A,False
Eagle_office_Efrain,lightgbm_if,2017-04-11 04:00:00,2017-04-11 05:00:00,2,11.72889714564315,2017-04-11 04:00:00,,after_hours,A,False
Eagle_office_Efrain,lightgbm_if,2017-04-15 10:00:00,2017-04-15 23:00:00,14,11.79281901465686,2017-04-15 20:00:00,,after_hours,A,False
Eagle_office_Efrain,lightgbm_if,2017-04-16 05:00:00,2017-04-16 07:00:00,3,8.963643385322507,2017-04-16 05:00:00,,after_hours,A,False
Eagle_office_Efrain,lightgbm_if,2017-04-19 05:00:00,2017-04-19 05:00:00,1,9.064521441651117,2017-04-19 05:00:00,,after_hours,A,False
Eagle_office_Efrain,lightgbm_if,2017-05-03 21:00:00,2017-05-04 02:00:00,6,11.910555247570914,2017-05-04 01:00:00,,after_hours,A,False
Eagle_office_Efrain,lightgbm_if,2017-05-07 00:00:00,2017-05-07 09:00:00,10,9.257126932735192,2017-05-07 04:00:00,,after_hours,A,False
Eagle_office_Efrain,lightgbm_if,2017-06-07 17:00:00,2017-06-07 23:00:00,7,10.397294666710895,2017-06-07 19:00:00,,after_hours,A,False
Eagle_office_Efrain,lightgbm_if,2017-06-08 17:00:00,2017-06-09 03:00:00,11,9.434493494054093,2017-06-09 00:00:00,,after_hours,A,False
Eagle_office_Efrain,lightgbm_if,2017-06-10 18:00:00,2017-06-10 19:00:00,2,9.848389655177808,2017-06-10 18:00:00,,after_hours,A,False
Eagle_office_Efrain,lightgbm_if,2017-06-23 08:00:00,2017-06-23 08:00:00,1,12.010384416985843,2017-06-23 08:00:00,,spike,A,False
Eagle_office_Efrain,lightgbm_if,2017-07-09 07:00:00,2017-07-09 07:00:00,1,9.20214850079963,2017-07-09 07:00:00,,after_hours,A,False
Eagle_office_Efrain,lightgbm_if,2017-07-12 07:00:00,2017-07-12 07:00:00,1,9.125977740194543,2017-07-12 07:00:00,,spike,A,False
Eagle_office_Efrain,lightgbm_if,2017-07-14 04:00:00,2017-07-14 04:00:00,1,10.69703297409349,2017-07-14 04:00:00,,after_hours,A,False
Eagle_office_Efrain,lightgbm_if,2017-07-18 23:00:00,2017-07-19 01:00:00,3,15.836678759165235,2017-07-18 23:00:00,,after_hours,A,True
Eagle_office_Efrain,lightgbm_if,2017-08-03 04:00:00,2017-08-03 04:00:00,1,11.810083986150312,2017-08-03 04:00:00,,after_hours,A,False
Eagle_office_Efrain,lightgbm_if,2017-08-04 04:00:00,2017-08-04 05:00:00,2,10.483519571828865,2017-08-04 04:00:00,,after_hours,A,False
Eagle_office_Efrain,lightgbm_if,2017-08-12 00:00:00,2017-08-12 00:00:00,1,11.095063473813614,2017-08-12 00:00:00,,after_hours,A,False
Eagle_office_Efrain,lightgbm_if,2017-08-13 01:00:00,2017-08-13 01:00:00,1,11.255390647070202,2017-08-13 01:00:00,,after_hours,A,False
Eagle_office_Efrain,lightgbm_if,2017-08-16 18:00:00,2017-08-16 18:00:00,1,10.231669603230667,2017-08-16 18:00:00,,spike,A,False
Eagle_office_Efrain,lightgbm_if,2017-08-22 01:00:00,2017-08-22 09:00:00,9,9.864942157504,2017-08-22 01:00:00,,after_hours,A,False
Eagle_office_Efrain,lightgbm_if,2017-08-23 17:00:00,2017-08-23 17:00:00,1,9.042748784382683,2017-08-23 17:00:00,,spike,A,False
Eagle_office_Efrain,lightgbm_if,2017-08-24 16:00:00,2017-08-24 16:00:00,1,9.59841736909514,2017-08-24 16:00:00,,spike,A,False
Eagle_office_Efrain,lightgbm_if,2017-09-01 11:00:00,2017-09-01 11:00:00,1,9.765702558585609,2017-09-01 11:00:00,,spike,A,False
Eagle_office_Efrain,lightgbm_if,2017-09-13 03:00:00,2017-09-13 04:00:00,2,9.038511707114843,2017-09-13 04:00:00,,after_hours,A,False
Eagle_office_Efrain,lightgbm_if,2017-09-17 15:00:00,2017-09-17 15:00:00,1,8.676989922907683,2017-09-17 15:00:00,,after_hours,A,False
Eagle_office_Efrain,lightgbm_if,2017-09-23 23:00:00,2017-09-23 23:00:00,1,10.52154952819367,2017-09-23 23:00:00,,after_hours,A,False
Eagle_office_Efrain,lightgbm_if,2017-09-24 23:00:00,2017-09-25 04:00:00,6,12.83262819909298,2017-09-25 00:00:00,,after_hours,A,False
Eagle_office_Efrain,lightgbm_if,2017-10-08 23:00:00,2017-10-08 23:00:00,1,9.038233868085687,2017-10-08 23:00:00,,after_hours,A,False
Eagle_office_Efrain,lightgbm_if,2017-10-09 12:00:00,2017-10-09 22:00:00,11,13.966585097434077,2017-10-09 18:00:00,,after_hours,A,False
Eagle_office_Efrain,lightgbm_if,2017-10-14 11:00:00,2017-10-14 13:00:00,3,9.57793753620077,2017-10-14 13:00:00,,after_hours,A,False
Eagle_office_Efrain,lightgbm_if,2017-10-24 07:00:00,2017-10-24 15:00:00,9,10.071845756682645,2017-10-24 09:00:00,,spike,A,False
Eagle_office_Efrain,lightgbm_if,2017-11-04 22:00:00,2017-11-05 01:00:00,4,13.302059523345743,2017-11-04 23:00:00,,after_hours,A,False
Eagle_office_Efrain,lightgbm_if,2017-11-05 13:00:00,2017-11-05 23:00:00,11,8.754661199276086,2017-11-05 13:00:00,,after_hours,A,False
Eagle_office_Efrain,lightgbm_if,2017-11-11 03:00:00,2017-11-11 03:00:00,1,9.103464466026653,2017-11-11 03:00:00,,after_hours,A,False
Eagle_office_Efrain,lightgbm_if,2017-12-08 20:00:00,2017-12-08 20:00:00,1,10.339951878115752,2017-12-08 20:00:00,,after_hours,A,False
Eagle_office_Efrain,lightgbm_if,2017-12-10 09:00:00,2017-12-10 09:00:00,1,9.622622684043645,2017-12-10 09:00:00,,after_hours,A,False
Eagle_office_Efrain,lightgbm_if,2017-12-19 21:00:00,2017-12-19 21:00:00,1,11.709416000284525,2017-12-19 21:00:00,,after_hours,A,False
Eagle_office_Efrain,lightgbm_if,2017-12-30 02:00:00,2017-12-30 03:00:00,2,12.471589654651062,2017-12-30 03:00:00,,after_hours,A,False
Eagle_office_Efrain,lightgbm_if,2017-12-30 17:00:00,2017-12-30 17:00:00,1,9.805868086095547,2017-12-30 17:00:00,,after_hours,A,False
Eagle_office_Francis,lightgbm_if,2017-01-04 22:00:00,2017-01-04 22:00:00,1,4.732549910132282,2017-01-04 22:00:00,,after_hours,A,False
Eagle_office_Francis,lightgbm_if,2017-01-05 18:00:00,2017-01-05 19:00:00,2,5.880304005719015,2017-01-05 19:00:00,,spike,A,False
Eagle_office_Francis,lightgbm_if,2017-01-08 07:00:00,2017-01-08 07:00:00,1,26.367170554529952,2017-01-08 07:00:00,,after_hours,A,True
Eagle_office_Francis,lightgbm_if,2017-01-11 05:00:00,2017-01-11 06:00:00,2,5.714290762237843,2017-01-11 05:00:00,,after_hours,A,False
Eagle_office_Francis,lightgbm_if,2017-01-12 10:00:00,2017-01-12 10:00:00,1,4.44456555159799,2017-01-12 10:00:00,,spike,A,False
Eagle_office_Francis,lightgbm_if,2017-01-13 00:00:00,2017-01-13 00:00:00,1,5.872983300793149,2017-01-13 00:00:00,,after_hours,A,False
Eagle_office_Francis,lightgbm_if,2017-01-16 20:00:00,2017-01-16 20:00:00,1,4.1435082842519115,2017-01-16 20:00:00,,after_hours,A,False
Eagle_office_Francis,lightgbm_if,2017-01-20 18:00:00,2017-01-20 18:00:00,1,5.442075512541318,2017-01-20 18:00:00,,spike,A,False
Eagle_office_Francis,lightgbm_if,2017-01-26 13:00:00,2017-01-26 13:00:00,1,4.729996328221753,2017-01-26 13:00:00,,spike,A,False
Eagle_office_Francis,lightgbm_if,2017-01-26 19:00:00,2017-01-26 19:00:00,1,4.05326694393931,2017-01-26 19:00:00,,after_hours,A,False
Eagle_office_Francis,lightgbm_if,2017-02-08 18:00:00,2017-02-08 20:00:00,3,4.961273843406838,2017-02-08 18:00:00,,after_hours,A,False
Eagle_office_Francis,lightgbm_if,2017-02-13 13:00:00,2017-02-13 15:00:00,3,8.175036427855325,2017-02-13 13:00:00,,spike,A,False
Eagle_office_Francis,lightgbm_if,2017-02-16 02:00:00,2017-02-16 02:00:00,1,4.3198375397286,2017-02-16 02:00:00,,after_hours,A,False
Eagle_office_Francis,lightgbm_if,2017-02-17 14:00:00,2017-02-17 14:00:00,1,4.08795004651824,2017-02-17 14:00:00,,spike,A,False
Eagle_office_Francis,lightgbm_if,2017-02-18 14:00:00,2017-02-18 14:00:00,1,5.120985176722394,2017-02-18 14:00:00,,after_hours,A,False
Eagle_office_Francis,lightgbm_if,2017-02-18 17:00:00,2017-02-18 17:00:00,1,4.415006991206061,2017-02-18 17:00:00,,after_hours,A,False
Eagle_office_Francis,lightgbm_if,2017-02-18 23:00:00,2017-02-18 23:00:00,1,4.41062213947129,2017-02-18 23:00:00,,after_hours,A,False
Eagle_office_Francis,lightgbm_if,2017-02-20 16:00:00,2017-02-20 16:00:00,1,4.633777982567775,2017-02-20 16:00:00,,after_hours,A,False
Eagle_office_Francis,lightgbm_if,2017-02-24 20:00:00,2017-02-24 20:00:00,1,4.30213018244646,2017-02-24 20:00:00,,after_hours,A,False
Eagle_office_Francis,lightgbm_if,2017-03-09 05:00:00,2017-03-09 05:00:00,1,4.591765255448899,2017-03-09 05:00:00,,after_hours,A,False
Eagle_office_Francis,lightgbm_if,2017-03-09 09:00:00,2017-03-09 09:00:00,1,4.5335370102603125,2017-03-09 09:00:00,,spike,A,False
Eagle_office_Francis,lightgbm_if,2017-03-15 08:00:00,2017-03-15 08:00:00,1,4.002961953221976,2017-03-15 08:00:00,,spike,A,False
Eagle_office_Francis,lightgbm_if,2017-03-15 14:00:00,2017-03-15 15:00:00,2,4.806430268108457,2017-03-15 15:00:00,,spike,A,False
Eagle_office_Francis,lightgbm_if,2017-03-15 23:00:00,2017-03-15 23:00:00,1,4.565107441411515,2017-03-15 23:00:00,,after_hours,A,False
Eagle_office_Francis,lightgbm_if,2017-03-17 15:00:00,2017-03-17 15:00:00,1,6.04938396001486,2017-03-17 15:00:00,,spike,A,False
Eagle_office_Francis,lightgbm_if,2017-03-22 00:00:00,2017-03-22 00:00:00,1,4.3720542211279465,2017-03-22 00:00:00,,after_hours,A,False
Eagle_office_Francis,lightgbm_if,2017-04-02 19:00:00,2017-04-02 19:00:00,1,4.158323529485067,2017-04-02 19:00:00,,after_hours,A,False
Eagle_office_Francis,lightgbm_if,2017-04-24 22:00:00,2017-04-24 22:00:00,1,4.248580181568714,2017-04-24 22:00:00,,after_hours,A,False
Eagle_office_Francis,lightgbm_if,2017-10-20 00:00:00,2017-10-20 00:00:00,1,4.132842400962938,2017-10-20 00:00:00,,after_hours,A,True
Eagle_office_Francis,lightgbm_if,2017-10-20 09:00:00,2017-10-20 09:00:00,1,4.011738397351175,2017-10-20 09:00:00,,spike,A,True
Eagle_office_Francis,lightgbm_if,2017-11-10 18:00:00,2017-11-10 20:00:00,3,5.306322532287382,2017-11-10 20:00:00,,after_hours,A,False
Eagle_office_Francis,lightgbm_if,2017-11-28 01:00:00,2017-11-28 01:00:00,1,7.022785189031848,2017-11-28 01:00:00,,after_hours,A,True
Eagle_office_Francis,lightgbm_if,2017-11-28 22:00:00,2017-11-28 22:00:00,1,4.576359318245813,2017-11-28 22:00:00,,after_hours,A,False
Eagle_office_Francis,lightgbm_if,2017-12-05 12:00:00,2017-12-05 12:00:00,1,4.634780908502994,2017-12-05 12:00:00,,spike,A,False
Eagle_office_Jackie,lightgbm_if,2017-01-18 09:00:00,2017-01-18 09:00:00,1,4.348527115859574,2017-01-18 09:00:00,,spike,A,False
Eagle_office_Jackie,lightgbm_if,2017-01-20 15:00:00,2017-01-20 22:00:00,8,6.896758286840021,2017-01-20 19:00:00,,spike,A,False
Eagle_office_Jackie,lightgbm_if,2017-01-23 19:00:00,2017-01-23 21:00:00,3,5.840642528747745,2017-01-23 19:00:00,,after_hours,A,False
Eagle_office_Jackie,lightgbm_if,2017-01-25 19:00:00,2017-01-25 19:00:00,1,4.156883120884643,2017-01-25 19:00:00,,after_hours,A,False
Eagle_office_Jackie,lightgbm_if,2017-01-26 19:00:00,2017-01-26 20:00:00,2,5.073644383166251,2017-01-26 20:00:00,,after_hours,A,False
Eagle_office_Jackie,lightgbm_if,2017-02-17 17:00:00,2017-02-17 17:00:00,1,4.808631332804152,2017-02-17 17:00:00,,spike,A,False
Eagle_office_Jackie,lightgbm_if,2017-02-25 13:00:00,2017-02-25 15:00:00,3,16.576473051108366,2017-02-25 15:00:00,,after_hours,A,True
Eagle_office_Jackie,lightgbm_if,2017-02-27 07:00:00,2017-02-27 07:00:00,1,4.790960322960007,2017-02-27 07:00:00,,spike,A,False
Eagle_office_Jackie,lightgbm_if,2017-03-02 07:00:00,2017-03-02 07:00:00,1,4.893415662782094,2017-03-02 07:00:00,,spike,A,False
Eagle_office_Jackie,lightgbm_if,2017-03-04 07:00:00,2017-03-04 07:00:00,1,4.107137406682561,2017-03-04 07:00:00,,after_hours,A,False
Eagle_office_Jackie,lightgbm_if,2017-03-23 18:00:00,2017-03-23 19:00:00,2,6.124075274780289,2017-03-23 18:00:00,,spike,A,False
Eagle_office_Jackie,lightgbm_if,2017-03-30 11:00:00,2017-03-30 11:00:00,1,4.47147948238837,2017-03-30 11:00:00,,spike,A,False
Eagle_office_Jackie,lightgbm_if,2017-04-14 09:00:00,2017-04-14 09:00:00,1,4.089499508890233,2017-04-14 09:00:00,,spike,A,False
Eagle_office_Jackie,lightgbm_if,2017-04-30 20:00:00,2017-04-30 22:00:00,3,4.553923701860986,2017-04-30 20:00:00,,after_hours,A,False
Eagle_office_Jackie,lightgbm_if,2017-05-04 02:00:00,2017-05-04 03:00:00,2,4.486973435107766,2017-05-04 03:00:00,,after_hours,A,False
Eagle_office_Jackie,lightgbm_if,2017-05-08 05:00:00,2017-05-08 05:00:00,1,4.358786476830672,2017-05-08 05:00:00,,after_hours,A,False
Eagle_office_Jackie,lightgbm_if,2017-06-28 03:00:00,2017-06-28 03:00:00,1,4.596208022125518,2017-06-28 03:00:00,,after_hours,A,False
Eagle_office_Jackie,lightgbm_if,2017-08-23 20:00:00,2017-08-23 20:00:00,1,4.275880460813842,2017-08-23 20:00:00,,after_hours,A,False
Eagle_office_Jackie,lightgbm_if,2017-10-01 07:00:00,2017-10-01 07:00:00,1,4.715317452445457,2017-10-01 07:00:00,,after_hours,A,False
Eagle_office_Jackie,lightgbm_if,2017-10-01 19:00:00,2017-10-01 19:00:00,1,14.952362741005818,2017-10-01 19:00:00,,after_hours,A,True
Eagle_office_Jackie,lightgbm_if,2017-10-02 07:00:00,2017-10-02 07:00:00,1,4.061645916431975,2017-10-02 07:00:00,,spike,A,False
Eagle_office_Jackie,lightgbm_if,2017-10-09 18:00:00,2017-10-09 18:00:00,1,5.060616203865614,2017-10-09 18:00:00,,after_hours,A,False
Eagle_office_Jackie,lightgbm_if,2017-10-13 14:00:00,2017-10-13 14:00:00,1,4.083865652644914,2017-10-13 14:00:00,,spike,A,False
Eagle_office_Jackie,lightgbm_if,2017-11-01 07:00:00,2017-11-01 07:00:00,1,5.660355503294727,2017-11-01 07:00:00,,spike,A,False
Eagle_office_Jackie,lightgbm_if,2017-11-07 04:00:00,2017-11-07 04:00:00,1,4.411395094605743,2017-11-07 04:00:00,,after_hours,A,False
Eagle_office_Jackie,lightgbm_if,2017-11-08 04:00:00,2017-11-08 04:00:00,1,4.2433801061687,2017-11-08 04:00:00,,after_hours,A,False
Eagle_office_Jackie,lightgbm_if,2017-11-08 22:00:00,2017-11-08 23:00:00,2,5.864582305351699,2017-11-08 23:00:00,,after_hours,A,False
Eagle_office_Jackie,lightgbm_if,2017-11-09 03:00:00,2017-11-09 04:00:00,2,4.2060791150858465,2017-11-09 04:00:00,,after_hours,A,False
Eagle_office_Jackie,lightgbm_if,2017-11-10 14:00:00,2017-11-10 15:00:00,2,6.351627406816111,2017-11-10 15:00:00,,after_hours,A,False
Eagle_office_Jackie,lightgbm_if,2017-11-10 19:00:00,2017-11-10 20:00:00,2,7.414317071477452,2017-11-10 19:00:00,,after_hours,A,False
Eagle_office_Jackie,lightgbm_if,2017-11-22 06:00:00,2017-11-22 06:00:00,1,4.145592078535353,2017-11-22 06:00:00,,after_hours,A,False
Eagle_office_Jackie,lightgbm_if,2017-12-04 00:00:00,2017-12-04 00:00:00,1,5.040531150616898,2017-12-04 00:00:00,,after_hours,A,False
Eagle_office_Jackie,lightgbm_if,2017-12-07 14:00:00,2017-12-07 16:00:00,3,4.983712664856049,2017-12-07 14:00:00,,spike,A,False
Eagle_office_Jackie,lightgbm_if,2017-12-09 20:00:00,2017-12-09 20:00:00,1,4.271890124046818,2017-12-09 20:00:00,,after_hours,A,False
Eagle_office_Lillian,lightgbm_if,2017-01-02 00:00:00,2017-01-02 00:00:00,1,12.457395162892126,2017-01-02 00:00:00,,after_hours,A,False
Eagle_office_Lillian,lightgbm_if,2017-01-03 05:00:00,2017-01-03 12:00:00,8,15.13462249332824,2017-01-03 05:00:00,,spike,A,False
Eagle_office_Lillian,lightgbm_if,2017-01-04 14:00:00,2017-01-04 14:00:00,1,14.553141967498268,2017-01-04 14:00:00,,spike,A,False
Eagle_office_Lillian,lightgbm_if,2017-01-05 07:00:00,2017-01-05 08:00:00,2,17.494655499564825,2017-01-05 08:00:00,,spike,A,False
Eagle_office_Lillian,lightgbm_if,2017-01-06 15:00:00,2017-01-06 15:00:00,1,12.65062838858499,2017-01-06 15:00:00,,spike,A,False
Eagle_office_Lillian,lightgbm_if,2017-01-07 20:00:00,2017-01-07 20:00:00,1,13.14707969000101,2017-01-07 20:00:00,,after_hours,A,False
Eagle_office_Lillian,lightgbm_if,2017-01-10 15:00:00,2017-01-11 01:00:00,11,15.452346604280555,2017-01-10 18:00:00,,after_hours,A,False
Eagle_office_Lillian,lightgbm_if,2017-01-11 18:00:00,2017-01-12 00:00:00,7,20.56290234114543,2017-01-11 23:00:00,,after_hours,A,False
Eagle_office_Lillian,lightgbm_if,2017-01-12 06:00:00,2017-01-12 07:00:00,2,13.18557251318542,2017-01-12 07:00:00,,spike,A,False
Eagle_office_Lillian,lightgbm_if,2017-01-12 17:00:00,2017-01-12 17:00:00,1,15.381628923585753,2017-01-12 17:00:00,,spike,A,False
Eagle_office_Lillian,lightgbm_if,2017-01-13 11:00:00,2017-01-13 13:00:00,3,13.192485137685468,2017-01-13 11:00:00,,spike,A,False
Eagle_office_Lillian,lightgbm_if,2017-01-15 16:00:00,2017-01-15 17:00:00,2,12.450436021939367,2017-01-15 17:00:00,,after_hours,A,False
Eagle_office_Lillian,lightgbm_if,2017-01-18 14:00:00,2017-01-18 20:00:00,7,12.015301239615571,2017-01-18 15:00:00,,spike,A,False
Eagle_office_Lillian,lightgbm_if,2017-01-20 21:00:00,2017-01-21 03:00:00,7,12.623021530258043,2017-01-20 21:00:00,,after_hours,A,False
Eagle_office_Lillian,lightgbm_if,2017-01-23 11:00:00,2017-01-23 20:00:00,10,22.748339776664153,2017-01-23 20:00:00,,spike,A,False
Eagle_office_Lillian,lightgbm_if,2017-01-26 02:00:00,2017-01-26 03:00:00,2,16.356005513031967,2017-01-26 03:00:00,,after_hours,A,False
Eagle_office_Lillian,lightgbm_if,2017-02-02 14:00:00,2017-02-02 15:00:00,2,14.809492599754401,2017-02-02 15:00:00,,spike,A,False
Eagle_office_Lillian,lightgbm_if,2017-02-07 03:00:00,2017-02-07 04:00:00,2,12.656646472726111,2017-02-07 04:00:00,,after_hours,A,False
Eagle_office_Lillian,lightgbm_if,2017-02-11 20:00:00,2017-02-11 20:00:00,1,17.447429008501544,2017-02-11 20:00:00,,after_hours,A,False
Eagle_office_Lillian,lightgbm_if,2017-02-17 06:00:00,2017-02-17 10:00:00,5,26.904565446177777,2017-02-17 06:00:00,,spike,A,True
Eagle_office_Lillian,lightgbm_if,2017-02-19 19:00:00,2017-02-19 21:00:00,3,14.064937588238964,2017-02-19 20:00:00,,after_hours,A,False
Eagle_office_Lillian,lightgbm_if,2017-02-23 18:00:00,2017-02-24 00:00:00,7,14.693932703354298,2017-02-23 19:00:00,,after_hours,A,False
Eagle_office_Lillian,lightgbm_if,2017-03-01 14:00:00,2017-03-02 01:00:00,12,17.2265924360322,2017-03-02 01:00:00,,after_hours,A,False
Eagle_office_Lillian,lightgbm_if,2017-03-09 13:00:00,2017-03-09 21:00:00,9,14.112068475993018,2017-03-09 17:00:00,,spike,A,False
Eagle_office_Lillian,lightgbm_if,2017-03-17 03:00:00,2017-03-17 06:00:00,4,12.946689593301492,2017-03-17 03:00:00,,after_hours,A,False
Eagle_office_Lillian,lightgbm_if,2017-03-17 17:00:00,2017-03-17 23:00:00,7,13.06025149148908,2017-03-17 17:00:00,,after_hours,A,False
Eagle_office_Lillian,lightgbm_if,2017-03-20 17:00:00,2017-03-21 00:00:00,8,15.970845982924308,2017-03-20 21:00:00,,after_hours,A,False
Eagle_office_Lillian,lightgbm_if,2017-03-29 23:00:00,2017-03-30 01:00:00,3,12.473748497505365,2017-03-30 01:00:00,,after_hours,A,False
Eagle_office_Lillian,lightgbm_if,2017-04-05 01:00:00,2017-04-05 01:00:00,1,18.67386005498206,2017-04-05 01:00:00,,after_hours,A,False
Eagle_office_Lillian,lightgbm_if,2017-04-08 15:00:00,2017-04-08 15:00:00,1,21.653216652484556,2017-04-08 15:00:00,,after_hours,A,False
Eagle_office_Lillian,lightgbm_if,2017-04-15 23:00:00,2017-04-16 00:00:00,2,30.561641854359692,2017-04-15 23:00:00,,after_hours,A,True
Eagle_office_Lillian,lightgbm_if,2017-04-17 19:00:00,2017-04-17 23:00:00,5,15.501223525630243,2017-04-17 21:00:00,,after_hours,A,False
Eagle_office_Lillian,lightgbm_if,2017-04-20 21:00:00,2017-04-21 03:00:00,7,21.3783578215,2017-04-21 02:00:00,,after_hours,A,False
Eagle_office_Lillian,lightgbm_if,2017-04-26 01:00:00,2017-04-26 02:00:00,2,13.93791136656287,2017-04-26 01:00:00,,after_hours,A,False
Eagle_office_Lillian,lightgbm_if,2017-04-26 18:00:00,2017-04-26 18:00:00,1,13.708118456047588,2017-04-26 18:00:00,,spike,A,False
Eagle_office_Lillian,lightgbm_if,2017-04-27 09:00:00,2017-04-27 14:00:00,6,19.26613864561068,2017-04-27 13:00:00,,spike,A,False
Eagle_office_Lillian,lightgbm_if,2017-04-27 17:00:00,2017-04-27 20:00:00,4,16.96638539001169,2017-04-27 20:00:00,,spike,A,False
Eagle_office_Lillian,lightgbm_if,2017-04-28 20:00:00,2017-04-28 20:00:00,1,16.925041943046917,2017-04-28 20:00:00,,after_hours,A,False
Eagle_office_Lillian,lightgbm_if,2017-05-09 06:00:00,2017-05-09 07:00:00,2,13.628883029163816,2017-05-09 07:00:00,,spike,A,False
Eagle_office_Lillian,lightgbm_if,2017-05-13 15:00:00,2017-05-13 15:00:00,1,19.674772782338618,2017-05-13 15:00:00,,after_hours,A,False
Eagle_office_Lillian,lightgbm_if,2017-05-18 04:00:00,2017-05-18 08:00:00,5,16.60838347864939,2017-05-18 06:00:00,,after_hours,A,False
Eagle_office_Lillian,lightgbm_if,2017-05-18 19:00:00,2017-05-19 12:00:00,18,15.621248199455769,2017-05-19 06:00:00,,after_hours,A,False
Eagle_office_Lillian,lightgbm_if,2017-05-20 15:00:00,2017-05-20 19:00:00,5,22.532933365944277,2017-05-20 17:00:00,,after_hours,A,False
Eagle_office_Lillian,lightgbm_if,2017-05-23 22:00:00,2017-05-24 20:00:00,23,14.011905595746601,2017-05-24 17:00:00,,spike,A,False
Eagle_office_Lillian,lightgbm_if,2017-05-25 06:00:00,2017-05-25 07:00:00,2,19.026858637961038,2017-05-25 07:00:00,,spike,A,False
Eagle_office_Lillian,lightgbm_if,2017-05-28 16:00:00,2017-05-28 18:00:00,3,18.010365896202867,2017-05-28 16:00:00,,after_hours,A,False
Eagle_office_Lillian,lightgbm_if,2017-06-01 05:00:00,2017-06-01 15:00:00,11,14.35063479812948,2017-06-01 05:00:00,,spike,A,False
Eagle_office_Lillian,lightgbm_if,2017-06-06 05:00:00,2017-06-06 18:00:00,14,12.479539895549772,2017-06-06 13:00:00,,spike,A,False
Eagle_office_Lillian,lightgbm_if,2017-06-16 18:00:00,2017-06-17 03:00:00,10,29.384360309323014,2017-06-17 03:00:00,,after_hours,A,False
Eagle_office_Lillian,lightgbm_if,2017-06-17 06:00:00,2017-06-17 09:00:00,4,14.416019100013427,2017-06-17 06:00:00,,after_hours,A,False
Eagle_office_Lillian,lightgbm_if,2017-06-17 22:00:00,2017-06-18 03:00:00,6,34.18407281825265,2017-06-17 23:00:00,,after_hours,A,False
Eagle_office_Lillian,lightgbm_if,2017-06-18 06:00:00,2017-06-18 07:00:00,2,13.592189187659528,2017-06-18 06:00:00,,after_hours,A,False
Eagle_office_Lillian,lightgbm_if,2017-06-19 12:00:00,2017-06-19 16:00:00,5,22.804749750036375,2017-06-19 12:00:00,,spike,A,False
Eagle_office_Lillian,lightgbm_if,2017-06-24 23:00:00,2017-06-25 03:00:00,5,17.850885925984528,2017-06-24 23:00:00,,after_hours,A,False
Eagle_office_Lillian,lightgbm_if,2017-07-11 20:00:00,2017-07-11 20:00:00,1,20.113279552729903,2017-07-11 20:00:00,,after_hours,A,False
Eagle_office_Lillian,lightgbm_if,2017-07-20 20:00:00,2017-07-20 20:00:00,1,12.497825628593018,2017-07-20 20:00:00,,after_hours,A,False
Eagle_office_Lillian,lightgbm_if,2017-10-02 17:00:00,2017-10-04 10:00:00,42,26.136408982341354,2017-10-02 20:00:00,,after_hours,A,False
Eagle_office_Lillian,lightgbm_if,2017-10-04 13:00:00,2017-10-07 07:00:00,67,43.05833176920257,2017-10-06 03:00:00,,after_hours,A,False
Eagle_office_Lillian,lightgbm_if,2017-10-09 10:00:00,2017-10-09 23:00:00,14,15.147913952315712,2017-10-09 13:00:00,,after_hours,A,False
Eagle_office_Lillian,lightgbm_if,2017-10-10 16:00:00,2017-10-10 16:00:00,1,15.159412178631962,2017-10-10 16:00:00,,spike,A,False
Eagle_office_Lillian,lightgbm_if,2017-10-29 03:00:00,2017-10-29 03:00:00,1,17.499985095002824,2017-10-29 03:00:00,,after_hours,A,False
Eagle_office_Lillian,lightgbm_if,2017-11-03 11:00:00,2017-11-03 14:00:00,4,12.362515229073084,2017-11-03 12:00:00,,spike,A,False
Eagle_office_Lillian,lightgbm_if,2017-11-15 23:00:00,2017-11-16 03:00:00,5,13.59898855440235,2017-11-15 23:00:00,,after_hours,A,False
Eagle_office_Lillian,lightgbm_if,2017-11-29 16:00:00,2017-11-29 16:00:00,1,17.349337741320305,2017-11-29 16:00:00,,spike,A,True
Eagle_office_Lillian,lightgbm_if,2017-11-29 19:00:00,2017-11-30 03:00:00,9,25.122656533523564,2017-11-29 23:00:00,,after_hours,A,True
Eagle_office_Lillian,lightgbm_if,2017-11-30 12:00:00,2017-12-01 04:00:00,17,21.65549088863462,2017-11-30 14:00:00,,after_hours,A,True
Eagle_office_Lillian,lightgbm_if,2017-12-01 13:00:00,2017-12-01 18:00:00,6,20.120337025522836,2017-12-01 16:00:00,,spike,A,True
Eagle_office_Lillian,lightgbm_if,2017-12-02 21:00:00,2017-12-03 00:00:00,4,12.025664947370668,2017-12-02 23:00:00,,after_hours,A,True
Eagle_office_Lillian,lightgbm_if,2017-12-19 02:00:00,2017-12-19 05:00:00,4,13.198139425059955,2017-12-19 05:00:00,,after_hours,A,True
Eagle_office_Lillian,lightgbm_if,2017-12-30 04:00:00,2017-12-30 04:00:00,1,20.139261878105653,2017-12-30 04:00:00,,after_hours,A,False
Eagle_office_Lillian,lightgbm_if,2017-12-30 16:00:00,2017-12-31 02:00:00,11,24.28022260124651,2017-12-30 17:00:00,,after_hours,A,False
Eagle_office_Lillian,lightgbm_if,2017-12-31 18:00:00,2017-12-31 20:00:00,3,14.895351829332935,2017-12-31 20:00:00,,after_hours,A,False
Eagle_office_Lillian,lightgbm_if,2017-12-31 23:00:00,2017-12-31 23:00:00,1,15.298880335045475,2017-12-31 23:00:00,,after_hours,A,False
Eagle_office_Patrice,lightgbm_if,2017-01-07 00:00:00,2017-01-07 01:00:00,2,8.666290377972462,2017-01-07 00:00:00,,after_hours,A,False
Eagle_office_Patrice,lightgbm_if,2017-01-07 15:00:00,2017-01-07 15:00:00,1,8.197495997576313,2017-01-07 15:00:00,,after_hours,A,False
Eagle_office_Patrice,lightgbm_if,2017-01-07 19:00:00,2017-01-08 00:00:00,6,5.54681685658984,2017-01-08 00:00:00,,after_hours,A,False
Eagle_office_Patrice,lightgbm_if,2017-01-08 15:00:00,2017-01-08 21:00:00,7,6.585860523899023,2017-01-08 15:00:00,,after_hours,A,False
Eagle_office_Patrice,lightgbm_if,2017-01-09 20:00:00,2017-01-09 20:00:00,1,6.033731515230442,2017-01-09 20:00:00,,after_hours,A,True
Eagle_office_Patrice,lightgbm_if,2017-01-10 00:00:00,2017-01-10 03:00:00,4,10.519239066734999,2017-01-10 03:00:00,,after_hours,A,True
Eagle_office_Patrice,lightgbm_if,2017-01-10 12:00:00,2017-01-10 20:00:00,9,8.118085870002224,2017-01-10 19:00:00,,spike,A,False
Eagle_office_Patrice,lightgbm_if,2017-01-11 18:00:00,2017-01-11 20:00:00,3,6.487090309801868,2017-01-11 19:00:00,,after_hours,A,False
Eagle_office_Patrice,lightgbm_if,2017-01-12 18:00:00,2017-01-12 19:00:00,2,6.163195179136993,2017-01-12 18:00:00,,spike,A,False
Eagle_office_Patrice,lightgbm_if,2017-01-13 17:00:00,2017-01-13 17:00:00,1,6.89033274476891,2017-01-13 17:00:00,,spike,A,False
Eagle_office_Patrice,lightgbm_if,2017-01-13 20:00:00,2017-01-13 20:00:00,1,5.5086816832781516,2017-01-13 20:00:00,,after_hours,A,False
Eagle_office_Patrice,lightgbm_if,2017-01-14 00:00:00,2017-01-14 02:00:00,3,5.406155824346115,2017-01-14 02:00:00,,after_hours,A,False
Eagle_office_Patrice,lightgbm_if,2017-01-14 11:00:00,2017-01-14 12:00:00,2,6.0403501500770025,2017-01-14 12:00:00,,after_hours,A,False
Eagle_office_Patrice,lightgbm_if,2017-01-14 18:00:00,2017-01-14 20:00:00,3,6.2747147450393825,2017-01-14 20:00:00,,after_hours,A,False
Eagle_office_Patrice,lightgbm_if,2017-01-17 17:00:00,2017-01-17 17:00:00,1,5.6349090118111915,2017-01-17 17:00:00,,spike,A,False
Eagle_office_Patrice,lightgbm_if,2017-01-18 13:00:00,2017-01-18 18:00:00,6,6.28052239120316,2017-01-18 13:00:00,,spike,A,False
Eagle_office_Patrice,lightgbm_if,2017-01-19 14:00:00,2017-01-19 15:00:00,2,7.35351352008989,2017-01-19 14:00:00,,spike,A,False
Eagle_office_Patrice,lightgbm_if,2017-01-19 18:00:00,2017-01-19 21:00:00,4,11.61763202125077,2017-01-19 18:00:00,,after_hours,A,False
Eagle_office_Patrice,lightgbm_if,2017-01-20 12:00:00,2017-01-20 15:00:00,4,8.393672843648188,2017-01-20 12:00:00,,spike,A,False
Eagle_office_Patrice,lightgbm_if,2017-01-20 18:00:00,2017-01-20 21:00:00,4,11.894729867000862,2017-01-20 19:00:00,,after_hours,A,False
Eagle_office_Patrice,lightgbm_if,2017-01-21 01:00:00,2017-01-21 03:00:00,3,6.770630019354444,2017-01-21 01:00:00,,after_hours,A,False
Eagle_office_Patrice,lightgbm_if,2017-01-23 15:00:00,2017-01-23 16:00:00,2,5.221132304792052,2017-01-23 16:00:00,,spike,A,False
Eagle_office_Patrice,lightgbm_if,2017-01-24 15:00:00,2017-01-24 16:00:00,2,5.903914395754225,2017-01-24 16:00:00,,spike,A,False
Eagle_office_Patrice,lightgbm_if,2017-01-25 00:00:00,2017-01-25 00:00:00,1,7.702004746362539,2017-01-25 00:00:00,,after_hours,A,False
Eagle_office_Patrice,lightgbm_if,2017-01-25 12:00:00,2017-01-25 12:00:00,1,6.605444690847482,2017-01-25 12:00:00,,spike,A,False
Eagle_office_Patrice,lightgbm_if,2017-01-26 16:00:00,2017-01-26 16:00:00,1,6.854908587761872,2017-01-26 16:00:00,,spike,A,False
Eagle_office_Patrice,lightgbm_if,2017-01-28 01:00:00,2017-01-28 01:00:00,1,5.236652884794819,2017-01-28 01:00:00,,after_hours,A,False
Eagle_office_Patrice,lightgbm_if,2017-01-28 13:00:00,2017-01-28 17:00:00,5,7.460183156119093,2017-01-28 13:00:00,,after_hours,A,False
Eagle_office_Patrice,lightgbm_if,2017-01-31 12:00:00,2017-01-31 12:00:00,1,5.884987224800567,2017-01-31 12:00:00,,spike,A,False
Eagle_office_Patrice,lightgbm_if,2017-02-04 13:00:00,2017-02-04 19:00:00,7,7.611198903667713,2017-02-04 17:00:00,,after_hours,A,False
Eagle_office_Patrice,lightgbm_if,2017-02-05 14:00:00,2017-02-05 14:00:00,1,5.715925799277546,2017-02-05 14:00:00,,after_hours,A,False
Eagle_office_Patrice,lightgbm_if,2017-02-13 12:00:00,2017-02-13 12:00:00,1,5.272691620049204,2017-02-13 12:00:00,,spike,A,False
Eagle_office_Patrice,lightgbm_if,2017-02-18 14:00:00,2017-02-18 17:00:00,4,8.50966557185381,2017-02-18 14:00:00,,after_hours,A,False
Eagle_office_Patrice,lightgbm_if,2017-02-18 21:00:00,2017-02-19 00:00:00,4,6.5680221771912475,2017-02-18 21:00:00,,after_hours,A,False
Eagle_office_Patrice,lightgbm_if,2017-02-19 12:00:00,2017-02-19 22:00:00,11,8.059924916013223,2017-02-19 18:00:00,,after_hours,A,False
Eagle_office_Patrice,lightgbm_if,2017-02-20 13:00:00,2017-02-20 22:00:00,10,8.695792448822488,2017-02-20 16:00:00,,after_hours,A,False
Eagle_office_Patrice,lightgbm_if,2017-02-24 15:00:00,2017-02-24 15:00:00,1,6.542628295400184,2017-02-24 15:00:00,,spike,A,False
Eagle_office_Patrice,lightgbm_if,2017-03-13 11:00:00,2017-03-13 12:00:00,2,5.35596139333582,2017-03-13 12:00:00,,spike,A,False
Eagle_office_Patrice,lightgbm_if,2017-03-13 16:00:00,2017-03-13 16:00:00,1,6.904163327519854,2017-03-13 16:00:00,,spike,A,False
Eagle_office_Patrice,lightgbm_if,2017-03-13 20:00:00,2017-03-13 20:00:00,1,7.751769067542678,2017-03-13 20:00:00,,after_hours,A,False
Eagle_office_Patrice,lightgbm_if,2017-03-14 12:00:00,2017-03-14 12:00:00,1,7.393252280110631,2017-03-14 12:00:00,,spike,A,False
Eagle_office_Patrice,lightgbm_if,2017-03-14 16:00:00,2017-03-14 16:00:00,1,7.707486252402313,2017-03-14 16:00:00,,spike,A,False
Eagle_office_Patrice,lightgbm_if,2017-03-14 20:00:00,2017-03-14 21:00:00,2,5.7407165587377,2017-03-14 20:00:00,,after_hours,A,False
Eagle_office_Patrice,lightgbm_if,2017-03-15 08:00:00,2017-03-15 20:00:00,13,9.15823220104854,2017-03-15 15:00:00,,spike,A,False
Eagle_office_Patrice,lightgbm_if,2017-03-16 10:00:00,2017-03-16 13:00:00,4,6.394189991022228,2017-03-16 10:00:00,,spike,A,False
Eagle_office_Patrice,lightgbm_if,2017-03-17 12:00:00,2017-03-17 13:00:00,2,15.272173359519662,2017-03-17 12:00:00,,spike,A,False
Eagle_office_Patrice,lightgbm_if,2017-03-17 20:00:00,2017-03-17 20:00:00,1,8.340611242485275,2017-03-17 20:00:00,,after_hours,A,False
Eagle_office_Patrice,lightgbm_if,2017-03-20 18:00:00,2017-03-20 18:00:00,1,5.4821040662104785,2017-03-20 18:00:00,,spike,A,False
Eagle_office_Patrice,lightgbm_if,2017-03-25 03:00:00,2017-03-25 03:00:00,1,5.960176493250538,2017-03-25 03:00:00,,after_hours,A,False
Eagle_office_Patrice,lightgbm_if,2017-04-04 00:00:00,2017-04-04 03:00:00,4,9.446571192364006,2017-04-04 03:00:00,,after_hours,A,True
Eagle_office_Patrice,lightgbm_if,2017-06-20 12:00:00,2017-06-20 12:00:00,1,7.192303915980246,2017-06-20 12:00:00,,spike,A,False
Eagle_office_Patrice,lightgbm_if,2017-08-17 13:00:00,2017-08-17 15:00:00,3,6.761163403412173,2017-08-17 14:00:00,,spike,A,False
Eagle_office_Patrice,lightgbm_if,2017-08-28 16:00:00,2017-08-28 16:00:00,1,17.643090769855913,2017-08-28 16:00:00,,spike,A,True
Eagle_office_Patrice,lightgbm_if,2017-09-04 12:00:00,2017-09-04 18:00:00,7,8.055723330729665,2017-09-04 17:00:00,,after_hours,A,False
Eagle_office_Patrice,lightgbm_if,2017-09-10 15:00:00,2017-09-10 17:00:00,3,11.414319127849744,2017-09-10 16:00:00,,after_hours,A,True
Eagle_office_Patrice,lightgbm_if,2017-10-09 13:00:00,2017-10-09 18:00:00,6,10.621914434568671,2017-10-09 18:00:00,,after_hours,A,False
Eagle_office_Patrice,lightgbm_if,2017-10-14 17:00:00,2017-10-14 17:00:00,1,5.588494566387876,2017-10-14 17:00:00,,after_hours,A,False
Eagle_office_Patrice,lightgbm_if,2017-10-28 07:00:00,2017-10-28 07:00:00,1,5.15777499818115,2017-10-28 07:00:00,,after_hours,A,True
Eagle_office_Patrice,lightgbm_if,2017-11-02 12:00:00,2017-11-02 12:00:00,1,6.389453059567725,2017-11-02 12:00:00,,spike,A,True
Eagle_office_Patrice,lightgbm_if,2017-11-07 03:00:00,2017-11-07 03:00:00,1,7.0699092880262935,2017-11-07 03:00:00,,after_hours,A,True
Eagle_office_Patrice,lightgbm_if,2017-11-08 03:00:00,2017-11-08 03:00:00,1,5.8053437691712775,2017-11-08 03:00:00,,after_hours,A,True
Eagle_office_Patrice,lightgbm_if,2017-11-08 14:00:00,2017-11-08 14:00:00,1,5.933364480180114,2017-11-08 14:00:00,,spike,A,True
Eagle_office_Patrice,lightgbm_if,2017-11-09 03:00:00,2017-11-09 03:00:00,1,6.244311622182296,2017-11-09 03:00:00,,after_hours,A,True
Eagle_office_Patrice,lightgbm_if,2017-11-09 19:00:00,2017-11-10 02:00:00,8,5.902612917408092,2017-11-09 23:00:00,,after_hours,A,True
Eagle_office_Patrice,lightgbm_if,2017-11-10 13:00:00,2017-11-10 14:00:00,2,6.885859020403739,2017-11-10 13:00:00,,after_hours,A,True
Eagle_office_Patrice,lightgbm_if,2017-11-10 17:00:00,2017-11-10 19:00:00,3,9.755082404797749,2017-11-10 17:00:00,,after_hours,A,True
Eagle_office_Patrice,lightgbm_if,2017-11-12 04:00:00,2017-11-12 04:00:00,1,7.74547851163136,2017-11-12 04:00:00,,after_hours,A,True
Eagle_office_Patrice,lightgbm_if,2017-11-17 03:00:00,2017-11-17 03:00:00,1,6.706718578609141,2017-11-17 03:00:00,,after_hours,A,True
Eagle_office_Patrice,lightgbm_if,2017-11-29 12:00:00,2017-11-29 12:00:00,1,5.719608065629984,2017-11-29 12:00:00,,spike,A,False
Eagle_office_Patrice,lightgbm_if,2017-12-02 05:00:00,2017-12-02 05:00:00,1,5.901361015516096,2017-12-02 05:00:00,,after_hours,A,False
Eagle_office_Patrice,lightgbm_if,2017-12-09 14:00:00,2017-12-09 17:00:00,4,6.189198807754276,2017-12-09 16:00:00,,after_hours,A,False
Eagle_office_Patrice,lightgbm_if,2017-12-22 08:00:00,2017-12-22 08:00:00,1,6.053886957878884,2017-12-22 08:00:00,,spike,A,False
Eagle_office_Patrice,lightgbm_if,2017-12-25 13:00:00,2017-12-25 14:00:00,2,5.382801490174978,2017-12-25 13:00:00,,after_hours,A,False
Eagle_office_Randolph,lightgbm_if,2017-01-01 14:00:00,2017-01-03 00:00:00,35,21.512062726952408,2017-01-02 17:00:00,,after_hours,A,False
Eagle_office_Randolph,lightgbm_if,2017-01-03 03:00:00,2017-01-03 05:00:00,3,16.635754079976962,2017-01-03 04:00:00,,after_hours,A,False
Eagle_office_Randolph,lightgbm_if,2017-01-05 01:00:00,2017-01-05 05:00:00,5,24.07973467001456,2017-01-05 02:00:00,,after_hours,A,False
Eagle_office_Randolph,lightgbm_if,2017-01-06 14:00:00,2017-01-06 16:00:00,3,15.822450262486548,2017-01-06 14:00:00,,spike,A,False
Eagle_office_Randolph,lightgbm_if,2017-01-07 00:00:00,2017-01-08 23:00:00,48,45.529684878609984,2017-01-07 12:00:00,,after_hours,A,False
Eagle_office_Randolph,lightgbm_if,2017-01-10 01:00:00,2017-01-10 01:00:00,1,11.835610923024605,2017-01-10 01:00:00,,after_hours,A,False
Eagle_office_Randolph,lightgbm_if,2017-01-14 00:00:00,2017-01-14 03:00:00,4,11.7531945982654,2017-01-14 01:00:00,,after_hours,A,False
Eagle_office_Randolph,lightgbm_if,2017-01-14 12:00:00,2017-01-14 22:00:00,11,45.95035924064976,2017-01-14 13:00:00,,after_hours,A,False
Eagle_office_Randolph,lightgbm_if,2017-01-15 13:00:00,2017-01-15 21:00:00,9,42.573206337680375,2017-01-15 13:00:00,,after_hours,A,False
Eagle_office_Randolph,lightgbm_if,2017-01-16 00:00:00,2017-01-16 06:00:00,7,11.956943919079569,2017-01-16 01:00:00,,after_hours,A,False
Eagle_office_Randolph,lightgbm_if,2017-01-16 10:00:00,2017-01-16 23:00:00,14,17.563537064933882,2017-01-16 22:00:00,,after_hours,A,False
Eagle_office_Randolph,lightgbm_if,2017-01-17 02:00:00,2017-01-17 03:00:00,2,17.7045748546436,2017-01-17 03:00:00,,after_hours,A,False
Eagle_office_Randolph,lightgbm_if,2017-01-27 13:00:00,2017-01-27 13:00:00,1,15.23121502034945,2017-01-27 13:00:00,,spike,A,False
Eagle_office_Randolph,lightgbm_if,2017-01-29 09:00:00,2017-01-29 17:00:00,9,21.35229444704264,2017-01-29 10:00:00,,after_hours,A,True
Eagle_office_Randolph,lightgbm_if,2017-02-15 14:00:00,2017-02-15 14:00:00,1,11.169088361032856,2017-02-15 14:00:00,,spike,A,False
Eagle_office_Randolph,lightgbm_if,2017-02-16 02:00:00,2017-02-16 02:00:00,1,16.3108784724044,2017-02-16 02:00:00,,after_hours,A,False
Eagle_office_Randolph,lightgbm_if,2017-02-17 09:00:00,2017-02-17 09:00:00,1,17.932933006065394,2017-02-17 09:00:00,,spike,A,False
Eagle_office_Randolph,lightgbm_if,2017-02-20 10:00:00,2017-02-20 12:00:00,3,26.38253729114711,2017-02-20 10:00:00,,after_hours,A,False
Eagle_office_Randolph,lightgbm_if,2017-02-20 19:00:00,2017-02-20 23:00:00,5,38.03388675478448,2017-02-20 23:00:00,,after_hours,A,False
Eagle_office_Randolph,lightgbm_if,2017-03-15 08:00:00,2017-03-15 10:00:00,3,18.207296898337397,2017-03-15 08:00:00,,spike,A,False
Eagle_office_Randolph,lightgbm_if,2017-03-16 08:00:00,2017-03-16 10:00:00,3,16.277641359373533,2017-03-16 08:00:00,,spike,A,False
Eagle_office_Randolph,lightgbm_if,2017-03-17 08:00:00,2017-03-17 09:00:00,2,33.70650745081999,2017-03-17 08:00:00,,spike,A,False
Eagle_office_Randolph,lightgbm_if,2017-03-18 00:00:00,2017-03-18 02:00:00,3,20.425014648296706,2017-03-18 00:00:00,,after_hours,A,False
Eagle_office_Randolph,lightgbm_if,2017-03-26 02:00:00,2017-03-26 02:00:00,1,16.76829291164748,2017-03-26 02:00:00,,after_hours,A,False
Eagle_office_Randolph,lightgbm_if,2017-04-03 09:00:00,2017-04-03 09:00:00,1,18.621346421960006,2017-04-03 09:00:00,,spike,A,False
Eagle_office_Randolph,lightgbm_if,2017-04-08 21:00:00,2017-04-08 22:00:00,2,11.562968267652073,2017-04-08 21:00:00,,after_hours,A,False
Eagle_office_Randolph,lightgbm_if,2017-04-25 09:00:00,2017-04-25 09:00:00,1,10.951750890400133,2017-04-25 09:00:00,,spike,A,False
Eagle_office_Randolph,lightgbm_if,2017-05-26 01:00:00,2017-05-26 10:00:00,10,36.747472841775014,2017-05-26 06:00:00,,after_hours,A,False
Eagle_office_Randolph,lightgbm_if,2017-05-29 09:00:00,2017-05-29 12:00:00,4,15.990438932339893,2017-05-29 10:00:00,,after_hours,A,False
Eagle_office_Randolph,lightgbm_if,2017-05-30 02:00:00,2017-05-30 10:00:00,9,39.76355946998045,2017-05-30 09:00:00,,after_hours,A,False
Eagle_office_Randolph,lightgbm_if,2017-05-31 02:00:00,2017-05-31 10:00:00,9,37.24769825459737,2017-05-31 09:00:00,,after_hours,A,False
Eagle_office_Randolph,lightgbm_if,2017-06-01 00:00:00,2017-06-01 09:00:00,10,26.432503075817955,2017-06-01 07:00:00,,after_hours,A,False
Eagle_office_Randolph,lightgbm_if,2017-06-02 05:00:00,2017-06-02 09:00:00,5,13.353402785308417,2017-06-02 09:00:00,,spike,A,False
Eagle_office_Randolph,lightgbm_if,2017-06-05 02:00:00,2017-06-05 09:00:00,8,18.646583115429,2017-06-05 08:00:00,,after_hours,A,False
Eagle_office_Randolph,lightgbm_if,2017-06-06 01:00:00,2017-06-06 09:00:00,9,13.219286006956736,2017-06-06 04:00:00,,after_hours,A,False
Eagle_office_Randolph,lightgbm_if,2017-06-07 03:00:00,2017-06-07 09:00:00,7,10.749136149719245,2017-06-07 09:00:00,,after_hours,A,False
Eagle_office_Randolph,lightgbm_if,2017-06-08 03:00:00,2017-06-08 09:00:00,7,13.004591073314504,2017-06-08 09:00:00,,after_hours,A,False
Eagle_office_Randolph,lightgbm_if,2017-06-09 05:00:00,2017-06-09 09:00:00,5,10.836724975330355,2017-06-09 09:00:00,,spike,A,False
Eagle_office_Randolph,lightgbm_if,2017-06-19 09:00:00,2017-06-19 09:00:00,1,11.318707902651296,2017-06-19 09:00:00,,spike,A,False
Eagle_office_Randolph,lightgbm_if,2017-06-24 12:00:00,2017-06-24 12:00:00,1,15.883084627170973,2017-06-24 12:00:00,,after_hours,A,False
Eagle_office_Randolph,lightgbm_if,2017-09-01 03:00:00,2017-09-01 06:00:00,4,45.1546693847831,2017-09-01 04:00:00,,after_hours,A,True
Eagle_office_Randolph,lightgbm_if,2017-09-01 10:00:00,2017-09-01 12:00:00,3,16.338748328818344,2017-09-01 12:00:00,,spike,A,False
Eagle_office_Randolph,lightgbm_if,2017-09-04 10:00:00,2017-09-04 16:00:00,7,13.592810074608623,2017-09-04 11:00:00,,after_hours,A,False
Eagle_office_Randolph,lightgbm_if,2017-09-20 01:00:00,2017-09-20 05:00:00,5,21.925387617015048,2017-09-20 01:00:00,,after_hours,A,False
Eagle_office_Randolph,lightgbm_if,2017-09-22 01:00:00,2017-09-22 01:00:00,1,17.03488301609217,2017-09-22 01:00:00,,after_hours,A,False
Eagle_office_Randolph,lightgbm_if,2017-09-23 01:00:00,2017-09-23 14:00:00,14,13.757917513565934,2017-09-23 11:00:00,,after_hours,A,False
Eagle_office_Randolph,lightgbm_if,2017-09-23 18:00:00,2017-09-23 23:00:00,6,11.753277178020145,2017-09-23 23:00:00,,after_hours,A,False
Eagle_office_Randolph,lightgbm_if,2017-09-24 02:00:00,2017-09-24 13:00:00,12,13.251961223351872,2017-09-24 10:00:00,,after_hours,A,False
Eagle_office_Randolph,lightgbm_if,2017-09-24 22:00:00,2017-09-25 01:00:00,4,11.730613537912888,2017-09-24 23:00:00,,after_hours,A,False
Eagle_office_Randolph,lightgbm_if,2017-09-30 00:00:00,2017-09-30 11:00:00,12,11.488096102128715,2017-09-30 04:00:00,,after_hours,A,False
Eagle_office_Randolph,lightgbm_if,2017-10-09 11:00:00,2017-10-10 01:00:00,15,25.34147744565933,2017-10-09 21:00:00,,after_hours,A,False
Eagle_office_Randolph,lightgbm_if,2017-11-10 18:00:00,2017-11-10 18:00:00,1,11.994603311382738,2017-11-10 18:00:00,,after_hours,A,False
Eagle_office_Randolph,lightgbm_if,2017-11-11 23:00:00,2017-11-12 00:00:00,2,10.819492477895084,2017-11-12 00:00:00,,after_hours,A,True
Eagle_office_Randolph,lightgbm_if,2017-11-13 09:00:00,2017-11-13 09:00:00,1,13.489399982600128,2017-11-13 09:00:00,,spike,A,False
Eagle_office_Randolph,lightgbm_if,2017-11-14 03:00:00,2017-11-14 03:00:00,1,15.382934119998769,2017-11-14 03:00:00,,after_hours,A,False
Eagle_office_Randolph,lightgbm_if,2017-11-15 03:00:00,2017-11-15 03:00:00,1,21.07858122137698,2017-11-15 03:00:00,,after_hours,A,False
Eagle_office_Randolph,lightgbm_if,2017-11-16 03:00:00,2017-11-16 03:00:00,1,24.327578238971956,2017-11-16 03:00:00,,after_hours,A,False
Eagle_office_Randolph,lightgbm_if,2017-11-17 03:00:00,2017-11-17 03:00:00,1,22.322104535247338,2017-11-17 03:00:00,,after_hours,A,False
Eagle_office_Randolph,lightgbm_if,2017-11-27 09:00:00,2017-11-27 09:00:00,1,14.613723023730792,2017-11-27 09:00:00,,spike,A,False
Eagle_office_Randolph,lightgbm_if,2017-11-30 12:00:00,2017-11-30 12:00:00,1,20.810485587506072,2017-11-30 12:00:00,,spike,A,False
Eagle_office_Randolph,lightgbm_if,2017-12-02 12:00:00,2017-12-02 12:00:00,1,15.978461364667387,2017-12-02 12:00:00,,after_hours,A,False
Eagle_office_Randolph,lightgbm_if,2017-12-03 23:00:00,2017-12-03 23:00:00,1,10.684256246099903,2017-12-03 23:00:00,,after_hours,A,False
Eagle_office_Randolph,lightgbm_if,2017-12-05 02:00:00,2017-12-05 02:00:00,1,10.640899160891815,2017-12-05 02:00:00,,after_hours,A,False
Eagle_office_Randolph,lightgbm_if,2017-12-07 02:00:00,2017-12-07 02:00:00,1,10.358234540525993,2017-12-07 02:00:00,,after_hours,A,False
Eagle_office_Randolph,lightgbm_if,2017-12-10 12:00:00,2017-12-10 12:00:00,1,10.79362830166302,2017-12-10 12:00:00,,after_hours,A,False
Eagle_office_Randolph,lightgbm_if,2017-12-13 09:00:00,2017-12-13 09:00:00,1,25.284538630378538,2017-12-13 09:00:00,,spike,A,False
Eagle_office_Randolph,lightgbm_if,2017-12-18 09:00:00,2017-12-18 09:00:00,1,26.79388949170875,2017-12-18 09:00:00,,spike,A,False
Eagle_office_Randolph,lightgbm_if,2017-12-22 02:00:00,2017-12-22 05:00:00,4,15.755221192868914,2017-12-22 05:00:00,,after_hours,A,True
Eagle_office_Randolph,lightgbm_if,2017-12-22 09:00:00,2017-12-22 09:00:00,1,17.467115625679916,2017-12-22 09:00:00,,spike,A,False
Eagle_office_Randolph,lightgbm_if,2017-12-23 00:00:00,2017-12-23 00:00:00,1,18.940770522432413,2017-12-23 00:00:00,,after_hours,A,False
Eagle_office_Randolph,lightgbm_if,2017-12-23 03:00:00,2017-12-23 03:00:00,1,28.741923959475248,2017-12-23 03:00:00,,after_hours,A,False
Eagle_office_Randolph,lightgbm_if,2017-12-30 16:00:00,2017-12-30 23:00:00,8,15.111135183686356,2017-12-30 17:00:00,,after_hours,A,False
Eagle_office_Randolph,lightgbm_if,2017-12-31 12:00:00,2017-12-31 23:00:00,12,37.77499144770915,2017-12-31 17:00:00,,after_hours,A,False
Eagle_office_Sonya,lightgbm_if,2017-01-09 16:00:00,2017-01-09 16:00:00,1,6.114383192987098,2017-01-09 16:00:00,,spike,A,False
Eagle_office_Sonya,lightgbm_if,2017-01-10 14:00:00,2017-01-10 17:00:00,4,5.418278732952132,2017-01-10 14:00:00,,spike,A,False
Eagle_office_Sonya,lightgbm_if,2017-01-12 02:00:00,2017-01-12 02:00:00,1,4.946174159594828,2017-01-12 02:00:00,,after_hours,A,False
Eagle_office_Sonya,lightgbm_if,2017-01-20 23:00:00,2017-01-20 23:00:00,1,4.8986623505069185,2017-01-20 23:00:00,,after_hours,A,False
Eagle_office_Sonya,lightgbm_if,2017-01-27 05:00:00,2017-01-27 06:00:00,2,5.715170816777305,2017-01-27 05:00:00,,after_hours,A,False
Eagle_office_Sonya,lightgbm_if,2017-02-08 23:00:00,2017-02-08 23:00:00,1,7.980033321575727,2017-02-08 23:00:00,,after_hours,A,False
Eagle_office_Sonya,lightgbm_if,2017-02-20 18:00:00,2017-02-20 18:00:00,1,4.6875980024927735,2017-02-20 18:00:00,,after_hours,A,True
Eagle_office_Sonya,lightgbm_if,2017-02-20 23:00:00,2017-02-20 23:00:00,1,4.877014372241694,2017-02-20 23:00:00,,after_hours,A,True
Eagle_office_Sonya,lightgbm_if,2017-02-23 17:00:00,2017-02-23 19:00:00,3,6.102887225939955,2017-02-23 17:00:00,,spike,A,True
Eagle_office_Sonya,lightgbm_if,2017-02-24 08:00:00,2017-02-24 08:00:00,1,8.492082067212776,2017-02-24 08:00:00,,spike,A,True
Eagle_office_Sonya,lightgbm_if,2017-02-24 14:00:00,2017-02-24 19:00:00,6,8.752522547554925,2017-02-24 14:00:00,,spike,A,True
Eagle_office_Sonya,lightgbm_if,2017-02-26 18:00:00,2017-02-26 18:00:00,1,5.766138640132435,2017-02-26 18:00:00,,after_hours,A,True
Eagle_office_Sonya,lightgbm_if,2017-02-28 09:00:00,2017-02-28 12:00:00,4,9.83768838050449,2017-02-28 12:00:00,,spike,A,True
Eagle_office_Sonya,lightgbm_if,2017-02-28 22:00:00,2017-02-28 22:00:00,1,10.333952560774005,2017-02-28 22:00:00,,after_hours,A,True
Eagle_office_Sonya,lightgbm_if,2017-03-04 11:00:00,2017-03-04 14:00:00,4,4.895562495508835,2017-03-04 14:00:00,,after_hours,A,True
Eagle_office_Sonya,lightgbm_if,2017-03-04 17:00:00,2017-03-04 19:00:00,3,6.557344805246804,2017-03-04 17:00:00,,after_hours,A,True
Eagle_office_Sonya,lightgbm_if,2017-03-05 06:00:00,2017-03-05 09:00:00,4,6.112139046653745,2017-03-05 09:00:00,,after_hours,A,True
Eagle_office_Sonya,lightgbm_if,2017-03-06 07:00:00,2017-03-06 07:00:00,1,4.977075122162481,2017-03-06 07:00:00,,spike,A,True
Eagle_office_Sonya,lightgbm_if,2017-03-07 20:00:00,2017-03-07 20:00:00,1,5.32438652969192,2017-03-07 20:00:00,,after_hours,A,True
Eagle_office_Sonya,lightgbm_if,2017-03-12 10:00:00,2017-03-12 10:00:00,1,5.798502832306848,2017-03-12 10:00:00,,after_hours,A,True
Eagle_office_Sonya,lightgbm_if,2017-03-13 10:00:00,2017-03-13 10:00:00,1,8.820441469041747,2017-03-13 10:00:00,,spike,A,True
Eagle_office_Sonya,lightgbm_if,2017-03-16 10:00:00,2017-03-16 11:00:00,2,5.153786276029427,2017-03-16 11:00:00,,spike,A,True
Eagle_office_Sonya,lightgbm_if,2017-03-16 16:00:00,2017-03-16 23:00:00,8,7.491687221266829,2017-03-16 20:00:00,,after_hours,A,True
Eagle_office_Sonya,lightgbm_if,2017-03-17 02:00:00,2017-03-17 02:00:00,1,4.945506110990842,2017-03-17 02:00:00,,after_hours,A,True
Eagle_office_Sonya,lightgbm_if,2017-03-17 10:00:00,2017-03-17 19:00:00,10,6.991952532893128,2017-03-17 12:00:00,,spike,A,True
Eagle_office_Sonya,lightgbm_if,2017-04-05 02:00:00,2017-04-05 02:00:00,1,5.197155224780603,2017-04-05 02:00:00,,after_hours,A,False
Eagle_office_Sonya,lightgbm_if,2017-04-06 19:00:00,2017-04-06 19:00:00,1,6.61042840203985,2017-04-06 19:00:00,,after_hours,A,False
Eagle_office_Sonya,lightgbm_if,2017-04-07 00:00:00,2017-04-07 03:00:00,4,4.766158694633784,2017-04-07 00:00:00,,after_hours,A,False
Eagle_office_Sonya,lightgbm_if,2017-04-07 06:00:00,2017-04-07 09:00:00,4,5.771925875569456,2017-04-07 08:00:00,,spike,A,False
Eagle_office_Sonya,lightgbm_if,2017-04-09 08:00:00,2017-04-09 09:00:00,2,7.723768522911954,2017-04-09 09:00:00,,after_hours,A,False
Eagle_office_Sonya,lightgbm_if,2017-04-10 03:00:00,2017-04-10 13:00:00,11,7.212155206892073,2017-04-10 03:00:00,,spike,A,False
Eagle_office_Sonya,lightgbm_if,2017-04-10 19:00:00,2017-04-11 04:00:00,10,7.940523057594611,2017-04-11 04:00:00,,after_hours,A,False
Eagle_office_Sonya,lightgbm_if,2017-04-11 08:00:00,2017-04-11 08:00:00,1,5.323866176992895,2017-04-11 08:00:00,,spike,A,False
Eagle_office_Sonya,lightgbm_if,2017-04-11 23:00:00,2017-04-12 11:00:00,13,6.483981293334083,2017-04-12 06:00:00,,after_hours,A,False
Eagle_office_Sonya,lightgbm_if,2017-04-17 04:00:00,2017-04-17 04:00:00,1,6.841676203902649,2017-04-17 04:00:00,,after_hours,A,False
Eagle_office_Sonya,lightgbm_if,2017-04-22 07:00:00,2017-04-22 07:00:00,1,5.810802119374116,2017-04-22 07:00:00,,after_hours,A,False
Eagle_office_Sonya,lightgbm_if,2017-04-29 15:00:00,2017-04-29 15:00:00,1,5.006228464456428,2017-04-29 15:00:00,,after_hours,A,False
Eagle_office_Sonya,lightgbm_if,2017-05-11 04:00:00,2017-05-11 05:00:00,2,6.642073126547754,2017-05-11 04:00:00,,after_hours,A,False
Eagle_office_Sonya,lightgbm_if,2017-05-15 08:00:00,2017-05-15 08:00:00,1,4.837056218789213,2017-05-15 08:00:00,,spike,A,False
Eagle_office_Sonya,lightgbm_if,2017-05-20 05:00:00,2017-05-20 05:00:00,1,5.348674055934617,2017-05-20 05:00:00,,after_hours,A,False
Eagle_office_Sonya,lightgbm_if,2017-05-24 20:00:00,2017-05-24 20:00:00,1,4.9364419366649015,2017-05-24 20:00:00,,after_hours,A,False
Eagle_office_Sonya,lightgbm_if,2017-05-26 14:00:00,2017-05-26 16:00:00,3,5.550666832309033,2017-05-26 15:00:00,,spike,A,False
Eagle_office_Sonya,lightgbm_if,2017-05-27 15:00:00,2017-05-27 16:00:00,2,5.360802084645853,2017-05-27 16:00:00,,after_hours,A,False
Eagle_office_Sonya,lightgbm_if,2017-05-27 19:00:00,2017-05-27 19:00:00,1,4.8148159042955205,2017-05-27 19:00:00,,after_hours,A,False
Eagle_office_Sonya,lightgbm_if,2017-05-29 15:00:00,2017-05-29 18:00:00,4,4.97436583154527,2017-05-29 17:00:00,,after_hours,A,False
Eagle_office_Sonya,lightgbm_if,2017-05-30 03:00:00,2017-05-30 06:00:00,4,6.0085358725830424,2017-05-30 04:00:00,,after_hours,A,False
Eagle_office_Sonya,lightgbm_if,2017-06-01 05:00:00,2017-06-01 05:00:00,1,8.487462161405775,2017-06-01 05:00:00,,after_hours,A,False
Eagle_office_Sonya,lightgbm_if,2017-06-02 06:00:00,2017-06-02 06:00:00,1,5.5808510329582015,2017-06-02 06:00:00,,after_hours,A,False
Eagle_office_Sonya,lightgbm_if,2017-06-03 04:00:00,2017-06-03 04:00:00,1,5.134431650345386,2017-06-03 04:00:00,,after_hours,A,False
Eagle_office_Sonya,lightgbm_if,2017-06-04 06:00:00,2017-06-04 09:00:00,4,5.90161420288426,2017-06-04 09:00:00,,after_hours,A,False
Eagle_office_Sonya,lightgbm_if,2017-06-11 13:00:00,2017-06-11 13:00:00,1,4.735003132391551,2017-06-11 13:00:00,,after_hours,A,False
Eagle_office_Sonya,lightgbm_if,2017-06-27 05:00:00,2017-06-27 08:00:00,4,5.283242180091619,2017-06-27 06:00:00,,spike,A,False
Eagle_office_Sonya,lightgbm_if,2017-07-19 07:00:00,2017-07-19 13:00:00,7,7.75938656506194,2017-07-19 09:00:00,,spike,A,False
Eagle_office_Sonya,lightgbm_if,2017-07-19 17:00:00,2017-07-19 21:00:00,5,5.426802571269208,2017-07-19 19:00:00,,after_hours,A,False
Eagle_office_Sonya,lightgbm_if,2017-08-12 22:00:00,2017-08-12 22:00:00,1,5.445891273216361,2017-08-12 22:00:00,,after_hours,A,False
Eagle_office_Sonya,lightgbm_if,2017-08-26 05:00:00,2017-08-26 05:00:00,1,5.085234872184199,2017-08-26 05:00:00,,after_hours,A,False
Eagle_office_Sonya,lightgbm_if,2017-09-12 13:00:00,2017-09-12 15:00:00,3,16.88878904930008,2017-09-12 15:00:00,,spike,A,True
Eagle_office_Sonya,lightgbm_if,2017-09-20 08:00:00,2017-09-20 08:00:00,1,5.208909104768339,2017-09-20 08:00:00,,spike,A,False
Eagle_office_Sonya,lightgbm_if,2017-10-09 13:00:00,2017-10-09 13:00:00,1,4.739120901286128,2017-10-09 13:00:00,,after_hours,A,False
Eagle_office_Sonya,lightgbm_if,2017-10-15 15:00:00,2017-10-15 16:00:00,2,32.358914872407404,2017-10-15 16:00:00,,after_hours,A,True
Eagle_office_Sonya,lightgbm_if,2017-10-24 03:00:00,2017-10-24 03:00:00,1,6.858838751112681,2017-10-24 03:00:00,,after_hours,A,False
Eagle_office_Sonya,lightgbm_if,2017-11-05 18:00:00,2017-11-05 21:00:00,4,8.242310669216021,2017-11-05 21:00:00,,after_hours,A,False
Eagle_office_Sonya,lightgbm_if,2017-11-06 08:00:00,2017-11-06 08:00:00,1,4.7399564231252755,2017-11-06 08:00:00,,spike,A,False
Eagle_office_Sonya,lightgbm_if,2017-11-09 04:00:00,2017-11-09 04:00:00,1,7.982101665323899,2017-11-09 04:00:00,,after_hours,A,False
Eagle_office_Sonya,lightgbm_if,2017-11-09 17:00:00,2017-11-09 17:00:00,1,7.632971025196644,2017-11-09 17:00:00,,spike,A,False
Eagle_office_Sonya,lightgbm_if,2017-11-09 20:00:00,2017-11-09 20:00:00,1,4.699135361105565,2017-11-09 20:00:00,,after_hours,A,False
Eagle_office_Sonya,lightgbm_if,2017-11-10 17:00:00,2017-11-10 21:00:00,5,6.708311338648526,2017-11-10 17:00:00,,after_hours,A,False
Eagle_office_Sonya,lightgbm_if,2017-11-11 03:00:00,2017-11-11 04:00:00,2,5.844200954595948,2017-11-11 03:00:00,,after_hours,A,False
Eagle_office_Sonya,lightgbm_if,2017-11-12 03:00:00,2017-11-12 07:00:00,5,7.401666808368949,2017-11-12 03:00:00,,after_hours,A,False
Eagle_office_Sonya,lightgbm_if,2017-11-12 12:00:00,2017-11-12 17:00:00,6,7.43026815395855,2017-11-12 17:00:00,,after_hours,A,False
Eagle_office_Sonya,lightgbm_if,2017-11-14 16:00:00,2017-11-14 16:00:00,1,4.92200414391015,2017-11-14 16:00:00,,spike,A,False
Eagle_office_Sonya,lightgbm_if,2017-11-18 04:00:00,2017-11-18 04:00:00,1,5.3619723211477535,2017-11-18 04:00:00,,after_hours,A,False
Eagle_office_Sonya,lightgbm_if,2017-11-18 15:00:00,2017-11-18 15:00:00,1,4.696729067533617,2017-11-18 15:00:00,,after_hours,A,False
Eagle_office_Yadira,lightgbm_if,2017-01-01 20:00:00,2017-01-02 14:00:00,19,10.305401752112848,2017-01-02 07:00:00,,after_hours,A,False
Eagle_office_Yadira,lightgbm_if,2017-01-02 20:00:00,2017-01-02 22:00:00,3,10.033057818391983,2017-01-02 21:00:00,,after_hours,A,False
Eagle_office_Yadira,lightgbm_if,2017-01-07 00:00:00,2017-01-08 23:00:00,48,37.35792024861455,2017-01-07 18:00:00,,after_hours,A,False
Eagle_office_Yadira,lightgbm_if,2017-01-09 05:00:00,2017-01-09 05:00:00,1,7.635319121006511,2017-01-09 05:00:00,,after_hours,A,False
Eagle_office_Yadira,lightgbm_if,2017-01-11 05:00:00,2017-01-11 12:00:00,8,27.170695095952354,2017-01-11 08:00:00,,spike,A,False
Eagle_office_Yadira,lightgbm_if,2017-01-12 06:00:00,2017-01-12 11:00:00,6,15.891932711863916,2017-01-12 08:00:00,,spike,A,False
Eagle_office_Yadira,lightgbm_if,2017-01-13 06:00:00,2017-01-13 16:00:00,11,24.32445408401034,2017-01-13 08:00:00,,spike,A,False
Eagle_office_Yadira,lightgbm_if,2017-01-14 01:00:00,2017-01-15 03:00:00,27,20.9276348016705,2017-01-14 15:00:00,,after_hours,A,False
Eagle_office_Yadira,lightgbm_if,2017-01-15 12:00:00,2017-01-16 04:00:00,17,19.557342638260938,2017-01-15 17:00:00,,after_hours,A,False
Eagle_office_Yadira,lightgbm_if,2017-01-16 10:00:00,2017-01-16 23:00:00,14,19.27815520142268,2017-01-16 14:00:00,,after_hours,A,False
Eagle_office_Yadira,lightgbm_if,2017-01-17 11:00:00,2017-01-17 11:00:00,1,15.553887040505996,2017-01-17 11:00:00,,spike,A,False
Eagle_office_Yadira,lightgbm_if,2017-01-18 11:00:00,2017-01-19 01:00:00,15,13.364293245515388,2017-01-18 20:00:00,,spike,A,False
Eagle_office_Yadira,lightgbm_if,2017-01-19 12:00:00,2017-01-20 00:00:00,13,14.204740172890325,2017-01-19 15:00:00,,spike,A,False
Eagle_office_Yadira,lightgbm_if,2017-01-20 11:00:00,2017-01-20 11:00:00,1,6.318185034004846,2017-01-20 11:00:00,,spike,A,False
Eagle_office_Yadira,lightgbm_if,2017-01-20 14:00:00,2017-01-21 01:00:00,12,9.934993139725144,2017-01-20 14:00:00,,after_hours,A,False
Eagle_office_Yadira,lightgbm_if,2017-01-24 00:00:00,2017-01-24 01:00:00,2,5.959306227629294,2017-01-24 00:00:00,,after_hours,A,False
Eagle_office_Yadira,lightgbm_if,2017-01-24 12:00:00,2017-01-25 01:00:00,14,14.287163663046504,2017-01-24 15:00:00,,spike,A,False
Eagle_office_Yadira,lightgbm_if,2017-02-15 09:00:00,2017-02-15 09:00:00,1,7.564560515072599,2017-02-15 09:00:00,,spike,A,True
Eagle_office_Yadira,lightgbm_if,2017-02-16 09:00:00,2017-02-16 09:00:00,1,7.105514387580428,2017-02-16 09:00:00,,spike,A,True
Eagle_office_Yadira,lightgbm_if,2017-02-16 22:00:00,2017-02-16 22:00:00,1,6.020393127309321,2017-02-16 22:00:00,,after_hours,A,True
Eagle_office_Yadira,lightgbm_if,2017-02-19 16:00:00,2017-02-19 19:00:00,4,9.693047227877859,2017-02-19 19:00:00,,after_hours,A,True
Eagle_office_Yadira,lightgbm_if,2017-02-20 00:00:00,2017-02-20 03:00:00,4,9.186171292292299,2017-02-20 00:00:00,,after_hours,A,True
Eagle_office_Yadira,lightgbm_if,2017-02-20 11:00:00,2017-02-20 14:00:00,4,16.61643403057636,2017-02-20 14:00:00,,after_hours,A,True
Eagle_office_Yadira,lightgbm_if,2017-02-23 17:00:00,2017-02-23 17:00:00,1,7.298331497549505,2017-02-23 17:00:00,,spike,A,True
Eagle_office_Yadira,lightgbm_if,2017-02-24 11:00:00,2017-02-24 14:00:00,4,6.630349245533614,2017-02-24 12:00:00,,spike,A,True
Eagle_office_Yadira,lightgbm_if,2017-02-25 00:00:00,2017-02-25 02:00:00,3,5.844516469835124,2017-02-25 00:00:00,,after_hours,A,True
Eagle_office_Yadira,lightgbm_if,2017-03-13 10:00:00,2017-03-13 10:00:00,1,11.770234476436581,2017-03-13 10:00:00,,spike,A,False
Eagle_office_Yadira,lightgbm_if,2017-03-14 05:00:00,2017-03-14 11:00:00,7,17.690265095808094,2017-03-14 07:00:00,,spike,A,False
Eagle_office_Yadira,lightgbm_if,2017-03-14 14:00:00,2017-03-14 18:00:00,5,5.91444365549276,2017-03-14 18:00:00,,spike,A,False
Eagle_office_Yadira,lightgbm_if,2017-03-15 05:00:00,2017-03-15 10:00:00,6,18.419325569648894,2017-03-15 07:00:00,,spike,A,False
Eagle_office_Yadira,lightgbm_if,2017-03-15 13:00:00,2017-03-16 01:00:00,13,9.879473975267144,2017-03-15 22:00:00,,after_hours,A,False
Eagle_office_Yadira,lightgbm_if,2017-03-16 05:00:00,2017-03-16 23:00:00,19,21.106280041975275,2017-03-16 09:00:00,,spike,A,False
Eagle_office_Yadira,lightgbm_if,2017-03-17 05:00:00,2017-03-17 10:00:00,6,17.35055281667565,2017-03-17 05:00:00,,spike,A,False
Eagle_office_Yadira,lightgbm_if,2017-03-18 10:00:00,2017-03-18 10:00:00,1,16.40606262875316,2017-03-18 10:00:00,,after_hours,A,False
Eagle_office_Yadira,lightgbm_if,2017-03-19 14:00:00,2017-03-19 14:00:00,1,8.124872412837396,2017-03-19 14:00:00,,after_hours,A,False
Eagle_office_Yadira,lightgbm_if,2017-03-25 00:00:00,2017-03-25 02:00:00,3,11.009149562196795,2017-03-25 01:00:00,,after_hours,A,False
Eagle_office_Yadira,lightgbm_if,2017-04-14 12:00:00,2017-04-14 12:00:00,1,6.359091954811211,2017-04-14 12:00:00,,spike,A,False
Eagle_office_Yadira,lightgbm_if,2017-05-19 04:00:00,2017-05-19 07:00:00,4,21.135444214540666,2017-05-19 05:00:00,,after_hours,A,False
Eagle_office_Yadira,lightgbm_if,2017-05-20 06:00:00,2017-05-20 09:00:00,4,10.977096769558987,2017-05-20 07:00:00,,after_hours,A,False
Eagle_office_Yadira,lightgbm_if,2017-05-20 23:00:00,2017-05-21 11:00:00,13,10.983687657130783,2017-05-21 05:00:00,,after_hours,A,False
Eagle_office_Yadira,lightgbm_if,2017-05-22 04:00:00,2017-05-22 04:00:00,1,6.840729058933025,2017-05-22 04:00:00,,after_hours,A,False
Eagle_office_Yadira,lightgbm_if,2017-05-22 22:00:00,2017-05-23 00:00:00,3,17.11943383513682,2017-05-22 23:00:00,,after_hours,A,True
Eagle_office_Yadira,lightgbm_if,2017-08-21 15:00:00,2017-08-21 17:00:00,3,7.144938313222316,2017-08-21 17:00:00,,spike,A,False
Eagle_office_Yadira,lightgbm_if,2017-08-22 13:00:00,2017-08-22 22:00:00,10,15.224954316734232,2017-08-22 18:00:00,,spike,A,False
Eagle_office_Yadira,lightgbm_if,2017-08-23 13:00:00,2017-08-23 21:00:00,9,10.8073355785547,2017-08-23 16:00:00,,spike,A,False
Eagle_office_Yadira,lightgbm_if,2017-08-24 14:00:00,2017-08-24 23:00:00,10,11.979824090592132,2017-08-24 16:00:00,,spike,A,False
Eagle_office_Yadira,lightgbm_if,2017-08-25 13:00:00,2017-08-25 18:00:00,6,11.2913780923806,2017-08-25 17:00:00,,spike,A,False
Eagle_office_Yadira,lightgbm_if,2017-08-28 13:00:00,2017-08-28 22:00:00,10,8.109014571274267,2017-08-28 19:00:00,,spike,A,False
Eagle_office_Yadira,lightgbm_if,2017-09-04 10:00:00,2017-09-04 11:00:00,2,7.557330275647968,2017-09-04 10:00:00,,after_hours,A,False
Eagle_office_Yadira,lightgbm_if,2017-10-08 20:00:00,2017-10-09 02:00:00,7,8.32173543351603,2017-10-09 00:00:00,,after_hours,A,False
Eagle_office_Yadira,lightgbm_if,2017-10-09 10:00:00,2017-10-09 12:00:00,3,6.770078429625746,2017-10-09 11:00:00,,after_hours,A,False
Eagle_office_Yadira,lightgbm_if,2017-10-29 17:00:00,2017-10-29 17:00:00,1,9.170390864659533,2017-10-29 17:00:00,,after_hours,A,False
Eagle_office_Yadira,lightgbm_if,2017-10-31 11:00:00,2017-10-31 11:00:00,1,6.226449839210448,2017-10-31 11:00:00,,spike,A,False
Eagle_office_Yadira,lightgbm_if,2017-11-06 04:00:00,2017-11-06 05:00:00,2,6.114845021633797,2017-11-06 05:00:00,,after_hours,A,False
Eagle_office_Yadira,lightgbm_if,2017-11-08 04:00:00,2017-11-08 04:00:00,1,11.71862103944798,2017-11-08 04:00:00,,after_hours,A,False
Eagle_office_Yadira,lightgbm_if,2017-11-09 04:00:00,2017-11-09 04:00:00,1,9.251625644608593,2017-11-09 04:00:00,,after_hours,A,False
Eagle_office_Yadira,lightgbm_if,2017-11-09 22:00:00,2017-11-10 02:00:00,5,6.986530873046443,2017-11-10 00:00:00,,after_hours,A,False
Eagle_office_Yadira,lightgbm_if,2017-11-10 11:00:00,2017-11-10 23:00:00,13,14.242263534485188,2017-11-10 18:00:00,,after_hours,A,False
Eagle_office_Yadira,lightgbm_if,2017-11-14 04:00:00,2017-11-14 04:00:00,1,5.9056848888301055,2017-11-14 04:00:00,,after_hours,A,False
Eagle_office_Yadira,lightgbm_if,2017-11-16 04:00:00,2017-11-16 04:00:00,1,8.084520257988371,2017-11-16 04:00:00,,after_hours,A,False
Eagle_office_Yadira,lightgbm_if,2017-11-18 00:00:00,2017-11-18 01:00:00,2,10.265098873519019,2017-11-18 00:00:00,,after_hours,A,False
Eagle_office_Yadira,lightgbm_if,2017-11-27 08:00:00,2017-11-27 10:00:00,3,8.62694818373073,2017-11-27 08:00:00,,spike,A,False
Eagle_office_Yadira,lightgbm_if,2017-11-27 14:00:00,2017-11-27 19:00:00,6,7.679657324939471,2017-11-27 19:00:00,,spike,A,False
Eagle_office_Yadira,lightgbm_if,2017-11-28 19:00:00,2017-11-28 19:00:00,1,7.458777479158916,2017-11-28 19:00:00,,after_hours,A,False
Eagle_office_Yadira,lightgbm_if,2017-11-30 06:00:00,2017-11-30 06:00:00,1,6.220585457611582,2017-11-30 06:00:00,,after_hours,A,False
Eagle_office_Yadira,lightgbm_if,2017-12-02 00:00:00,2017-12-02 14:00:00,15,19.289385894388044,2017-12-02 02:00:00,,after_hours,A,False
Eagle_office_Yadira,lightgbm_if,2017-12-03 05:00:00,2017-12-03 07:00:00,3,6.725675838302279,2017-12-03 05:00:00,,after_hours,A,False
Eagle_office_Yadira,lightgbm_if,2017-12-09 00:00:00,2017-12-09 02:00:00,3,6.1634535543747075,2017-12-09 02:00:00,,after_hours,A,False
Eagle_office_Yadira,lightgbm_if,2017-12-10 14:00:00,2017-12-10 16:00:00,3,27.34218649815156,2017-12-10 15:00:00,,after_hours,A,True
Eagle_office_Yadira,lightgbm_if,2017-12-14 08:00:00,2017-12-14 10:00:00,3,8.49708646694397,2017-12-14 08:00:00,,spike,A,False
Eagle_office_Yadira,lightgbm_if,2017-12-30 05:00:00,2017-12-30 05:00:00,1,6.260008529661676,2017-12-30 05:00:00,,after_hours,A,False
Eagle_office_Yadira,lightgbm_if,2017-12-30 13:00:00,2017-12-31 02:00:00,14,29.041321335951167,2017-12-30 19:00:00,,after_hours,A,False
Eagle_office_Yadira,lightgbm_if,2017-12-31 18:00:00,2017-12-31 23:00:00,6,21.218511864295387,2017-12-31 23:00:00,,after_hours,A,False
Fox_office_Alice,lightgbm_if,2017-02-20 09:00:00,2017-02-20 20:00:00,12,12.667474568865488,2017-02-20 12:00:00,,after_hours,A,False
Fox_office_Alice,lightgbm_if,2017-06-25 22:00:00,2017-06-26 01:00:00,4,34.217136036702456,2017-06-26 00:00:00,,after_hours,A,True
Fox_office_Alice,lightgbm_if,2017-06-26 04:00:00,2017-06-26 04:00:00,1,11.319993288975265,2017-06-26 04:00:00,,after_hours,A,False
Fox_office_Alice,lightgbm_if,2017-11-20 04:00:00,2017-11-20 04:00:00,1,5.363475174717069,2017-11-20 04:00:00,,after_hours,A,True
Fox_office_Alice,lightgbm_if,2017-11-20 07:00:00,2017-11-20 07:00:00,1,4.219800364473292,2017-11-20 07:00:00,,spike,A,True
Fox_office_Alice,lightgbm_if,2017-11-21 00:00:00,2017-11-21 00:00:00,1,5.106283591044961,2017-11-21 00:00:00,,after_hours,A,True
Fox_office_Alice,lightgbm_if,2017-11-23 04:00:00,2017-11-23 10:00:00,7,6.170481963243101,2017-11-23 05:00:00,,after_hours,A,True
Fox_office_Alice,lightgbm_if,2017-12-16 13:00:00,2017-12-16 14:00:00,2,31.56320071006471,2017-12-16 13:00:00,,after_hours,A,True
Fox_office_Alice,lightgbm_if,2017-12-17 05:00:00,2017-12-17 05:00:00,1,6.428424633543486,2017-12-17 05:00:00,,after_hours,A,False
Fox_office_Berniece,lightgbm_if,2017-01-16 01:00:00,2017-01-16 03:00:00,3,13.092861354665082,2017-01-16 03:00:00,,after_hours,A,False
Fox_office_Berniece,lightgbm_if,2017-01-21 12:00:00,2017-01-21 17:00:00,6,10.254324808695415,2017-01-21 13:00:00,,after_hours,A,False
Fox_office_Berniece,lightgbm_if,2017-01-28 10:00:00,2017-01-28 10:00:00,1,6.07496523285178,2017-01-28 10:00:00,,after_hours,A,False
Fox_office_Berniece,lightgbm_if,2017-01-29 10:00:00,2017-01-29 18:00:00,9,7.02998686614096,2017-01-29 15:00:00,,after_hours,A,False
Fox_office_Berniece,lightgbm_if,2017-02-05 09:00:00,2017-02-05 17:00:00,9,12.288400841948041,2017-02-05 15:00:00,,after_hours,A,True
Fox_office_Berniece,lightgbm_if,2017-02-05 23:00:00,2017-02-06 00:00:00,2,7.506277377031919,2017-02-06 00:00:00,,after_hours,A,False
Fox_office_Berniece,lightgbm_if,2017-02-07 18:00:00,2017-02-08 01:00:00,8,25.188317247821907,2017-02-08 00:00:00,,after_hours,A,False
Fox_office_Berniece,lightgbm_if,2017-02-08 17:00:00,2017-02-09 06:00:00,14,21.71600881455803,2017-02-08 19:00:00,,after_hours,A,False
Fox_office_Berniece,lightgbm_if,2017-02-09 18:00:00,2017-02-10 05:00:00,12,25.41279839961913,2017-02-09 23:00:00,,after_hours,A,False
Fox_office_Berniece,lightgbm_if,2017-02-10 18:00:00,2017-02-12 07:00:00,38,26.50651068629112,2017-02-11 10:00:00,,after_hours,A,False
Fox_office_Berniece,lightgbm_if,2017-02-12 14:00:00,2017-02-12 23:00:00,10,13.001358946449633,2017-02-12 20:00:00,,after_hours,A,False
Fox_office_Berniece,lightgbm_if,2017-02-13 17:00:00,2017-02-14 11:00:00,19,24.342131853481888,2017-02-14 01:00:00,,after_hours,A,False
Fox_office_Berniece,lightgbm_if,2017-02-14 18:00:00,2017-02-15 01:00:00,8,12.16834783265619,2017-02-14 22:00:00,,after_hours,A,False
Fox_office_Berniece,lightgbm_if,2017-02-15 05:00:00,2017-02-15 07:00:00,3,6.212595794477373,2017-02-15 05:00:00,,after_hours,A,False
Fox_office_Berniece,lightgbm_if,2017-02-15 19:00:00,2017-02-16 01:00:00,7,9.746221701576536,2017-02-15 22:00:00,,after_hours,A,False
Fox_office_Berniece,lightgbm_if,2017-02-16 19:00:00,2017-02-17 01:00:00,7,10.39171217469152,2017-02-16 23:00:00,,after_hours,A,False
Fox_office_Berniece,lightgbm_if,2017-02-17 19:00:00,2017-02-18 10:00:00,16,12.699049803146085,2017-02-18 00:00:00,,after_hours,A,False
Fox_office_Berniece,lightgbm_if,2017-02-18 13:00:00,2017-02-19 02:00:00,14,9.164107861218772,2017-02-18 19:00:00,,after_hours,A,False
Fox_office_Berniece,lightgbm_if,2017-02-19 19:00:00,2017-02-19 23:00:00,5,9.904972756524007,2017-02-19 23:00:00,,after_hours,A,False
Fox_office_Berniece,lightgbm_if,2017-02-20 13:00:00,2017-02-20 16:00:00,4,7.026687524796264,2017-02-20 14:00:00,,after_hours,A,False
Fox_office_Berniece,lightgbm_if,2017-02-21 00:00:00,2017-02-21 01:00:00,2,8.59200824530374,2017-02-21 01:00:00,,after_hours,A,False
Fox_office_Berniece,lightgbm_if,2017-02-21 21:00:00,2017-02-22 01:00:00,5,11.655160115893125,2017-02-21 23:00:00,,after_hours,A,False
Fox_office_Berniece,lightgbm_if,2017-02-22 19:00:00,2017-02-23 04:00:00,10,8.26462994306385,2017-02-23 01:00:00,,after_hours,A,False
Fox_office_Berniece,lightgbm_if,2017-02-23 15:00:00,2017-02-23 17:00:00,3,8.1284176685097,2017-02-23 16:00:00,,spike,A,False
Fox_office_Berniece,lightgbm_if,2017-02-24 13:00:00,2017-02-24 16:00:00,4,6.973546379602425,2017-02-24 15:00:00,,spike,A,False
Fox_office_Berniece,lightgbm_if,2017-02-27 00:00:00,2017-02-27 01:00:00,2,6.289902109791379,2017-02-27 01:00:00,,after_hours,A,False
Fox_office_Berniece,lightgbm_if,2017-03-06 00:00:00,2017-03-06 05:00:00,6,6.251428457600026,2017-03-06 03:00:00,,after_hours,A,False
Fox_office_Berniece,lightgbm_if,2017-03-19 16:00:00,2017-03-19 16:00:00,1,8.401103105819546,2017-03-19 16:00:00,,after_hours,A,True
Fox_office_Berniece,lightgbm_if,2017-03-23 11:00:00,2017-03-23 13:00:00,3,10.064684189264746,2017-03-23 12:00:00,,spike,A,False
Fox_office_Berniece,lightgbm_if,2017-03-26 00:00:00,2017-03-26 05:00:00,6,6.441478017761881,2017-03-26 04:00:00,,after_hours,A,False
Fox_office_Berniece,lightgbm_if,2017-04-01 15:00:00,2017-04-01 21:00:00,7,9.646921878335938,2017-04-01 15:00:00,,after_hours,A,False
Fox_office_Berniece,lightgbm_if,2017-04-29 00:00:00,2017-04-29 03:00:00,4,6.982463760316936,2017-04-29 00:00:00,,after_hours,A,False
Fox_office_Berniece,lightgbm_if,2017-04-29 09:00:00,2017-04-29 12:00:00,4,6.068293769093056,2017-04-29 12:00:00,,after_hours,A,False
Fox_office_Berniece,lightgbm_if,2017-04-29 21:00:00,2017-04-30 01:00:00,5,6.926226048885977,2017-04-29 23:00:00,,after_hours,A,False
Fox_office_Berniece,lightgbm_if,2017-04-30 10:00:00,2017-04-30 12:00:00,3,8.772130074411143,2017-04-30 12:00:00,,after_hours,A,False
Fox_office_Berniece,lightgbm_if,2017-04-30 23:00:00,2017-05-01 01:00:00,3,6.398999570057584,2017-05-01 00:00:00,,after_hours,A,False
Fox_office_Berniece,lightgbm_if,2017-05-07 22:00:00,2017-05-07 23:00:00,2,6.219877861931159,2017-05-07 23:00:00,,after_hours,A,False
Fox_office_Berniece,lightgbm_if,2017-05-09 17:00:00,2017-05-09 20:00:00,4,9.097434071246077,2017-05-09 20:00:00,,spike,A,False
Fox_office_Berniece,lightgbm_if,2017-05-10 20:00:00,2017-05-10 21:00:00,2,7.43804469897964,2017-05-10 20:00:00,,after_hours,A,False
Fox_office_Berniece,lightgbm_if,2017-05-19 01:00:00,2017-05-19 04:00:00,4,8.600221523437593,2017-05-19 01:00:00,,after_hours,A,False
Fox_office_Berniece,lightgbm_if,2017-06-16 18:00:00,2017-06-16 23:00:00,6,8.734109888131437,2017-06-16 19:00:00,,after_hours,A,False
Fox_office_Berniece,lightgbm_if,2017-06-17 12:00:00,2017-06-17 20:00:00,9,7.267205697624035,2017-06-17 18:00:00,,after_hours,A,False
Fox_office_Berniece,lightgbm_if,2017-06-18 09:00:00,2017-06-19 04:00:00,20,9.538979634146308,2017-06-19 00:00:00,,after_hours,A,False
Fox_office_Berniece,lightgbm_if,2017-06-19 19:00:00,2017-06-20 02:00:00,8,9.27458714181843,2017-06-20 00:00:00,,after_hours,A,False
Fox_office_Berniece,lightgbm_if,2017-06-20 18:00:00,2017-06-20 21:00:00,4,6.750407565558513,2017-06-20 19:00:00,,after_hours,A,False
Fox_office_Berniece,lightgbm_if,2017-06-21 00:00:00,2017-06-21 02:00:00,3,7.770115690876674,2017-06-21 00:00:00,,after_hours,A,False
Fox_office_Berniece,lightgbm_if,2017-06-22 00:00:00,2017-06-22 01:00:00,2,6.438654777970955,2017-06-22 00:00:00,,after_hours,A,False
Fox_office_Berniece,lightgbm_if,2017-07-13 18:00:00,2017-07-14 00:00:00,7,6.087275406253039,2017-07-13 18:00:00,,after_hours,A,False
Fox_office_Berniece,lightgbm_if,2017-07-14 18:00:00,2017-07-15 09:00:00,16,9.082208792342291,2017-07-15 00:00:00,,after_hours,A,False
Fox_office_Berniece,lightgbm_if,2017-07-15 16:00:00,2017-07-16 23:00:00,32,10.524536258837026,2017-07-16 19:00:00,,after_hours,A,False
Fox_office_Berniece,lightgbm_if,2017-07-18 18:00:00,2017-07-18 21:00:00,4,6.503403403624228,2017-07-18 18:00:00,,after_hours,A,False
Fox_office_Berniece,lightgbm_if,2017-07-22 17:00:00,2017-07-23 01:00:00,9,7.200380604280687,2017-07-22 22:00:00,,after_hours,A,False
Fox_office_Berniece,lightgbm_if,2017-07-23 18:00:00,2017-07-24 00:00:00,7,9.95048825157972,2017-07-23 23:00:00,,after_hours,A,False
Fox_office_Berniece,lightgbm_if,2017-09-29 20:00:00,2017-09-30 05:00:00,10,13.228255545187679,2017-09-30 01:00:00,,after_hours,A,True
Fox_office_Berniece,lightgbm_if,2017-10-09 06:00:00,2017-10-09 17:00:00,12,18.970821605740444,2017-10-09 09:00:00,,after_hours,A,False
Fox_office_Berniece,lightgbm_if,2017-10-15 12:00:00,2017-10-15 15:00:00,4,9.389647522761388,2017-10-15 13:00:00,,after_hours,A,False
Fox_office_Berniece,lightgbm_if,2017-11-05 10:00:00,2017-11-05 17:00:00,8,6.4602883882001265,2017-11-05 11:00:00,,after_hours,A,False
Fox_office_Berniece,lightgbm_if,2017-11-10 02:00:00,2017-11-10 02:00:00,1,6.223521383795885,2017-11-10 02:00:00,,after_hours,A,False
Fox_office_Berniece,lightgbm_if,2017-11-10 07:00:00,2017-11-10 17:00:00,11,14.410508289328464,2017-11-10 16:00:00,,after_hours,A,False
Fox_office_Berniece,lightgbm_if,2017-11-11 08:00:00,2017-11-11 08:00:00,1,7.560658974420581,2017-11-11 08:00:00,,after_hours,A,False
Fox_office_Berniece,lightgbm_if,2017-11-23 02:00:00,2017-11-23 02:00:00,1,7.198335258568731,2017-11-23 02:00:00,,after_hours,A,True
Fox_office_Berniece,lightgbm_if,2017-11-23 08:00:00,2017-11-23 17:00:00,10,19.78008271039933,2017-11-23 10:00:00,,after_hours,A,True
Fox_office_Berniece,lightgbm_if,2017-12-03 10:00:00,2017-12-03 17:00:00,8,9.663690374298191,2017-12-03 13:00:00,,after_hours,A,True
Fox_office_Berniece,lightgbm_if,2017-12-07 03:00:00,2017-12-07 03:00:00,1,6.941085098868158,2017-12-07 03:00:00,,after_hours,A,True
Fox_office_Berniece,lightgbm_if,2017-12-09 08:00:00,2017-12-09 17:00:00,10,6.793576897770136,2017-12-09 09:00:00,,after_hours,A,True
Fox_office_Berniece,lightgbm_if,2017-12-10 08:00:00,2017-12-10 09:00:00,2,9.917831519917021,2017-12-10 08:00:00,,after_hours,A,True
Fox_office_Berniece,lightgbm_if,2017-12-11 03:00:00,2017-12-11 10:00:00,8,8.776949424912383,2017-12-11 03:00:00,,spike,A,True
Fox_office_Berniece,lightgbm_if,2017-12-13 03:00:00,2017-12-13 03:00:00,1,7.790953496156716,2017-12-13 03:00:00,,after_hours,A,True
Fox_office_Berniece,lightgbm_if,2017-12-15 03:00:00,2017-12-15 06:00:00,4,6.6318723831568835,2017-12-15 04:00:00,,after_hours,A,True
Fox_office_Berniece,lightgbm_if,2017-12-18 00:00:00,2017-12-18 01:00:00,2,6.484361466258634,2017-12-18 00:00:00,,after_hours,A,True
Fox_office_Berniece,lightgbm_if,2017-12-21 03:00:00,2017-12-21 03:00:00,1,6.066658996940847,2017-12-21 03:00:00,,after_hours,A,False
Fox_office_Berniece,lightgbm_if,2017-12-24 13:00:00,2017-12-24 18:00:00,6,10.8670901226819,2017-12-24 16:00:00,,after_hours,A,False
Fox_office_Berniece,lightgbm_if,2017-12-25 03:00:00,2017-12-25 10:00:00,8,6.921611468028822,2017-12-25 04:00:00,,after_hours,A,False
Fox_office_Carson,lightgbm_if,2017-01-21 07:00:00,2017-01-21 11:00:00,5,7.055164687527522,2017-01-21 07:00:00,,after_hours,A,False
Fox_office_Carson,lightgbm_if,2017-02-03 22:00:00,2017-02-04 04:00:00,7,24.137838681491377,2017-02-04 04:00:00,,after_hours,A,True
Fox_office_Carson,lightgbm_if,2017-02-04 18:00:00,2017-02-04 18:00:00,1,5.453962479822165,2017-02-04 18:00:00,,after_hours,A,False
Fox_office_Carson,lightgbm_if,2017-02-19 14:00:00,2017-02-19 15:00:00,2,5.422216753112838,2017-02-19 14:00:00,,after_hours,A,False
Fox_office_Carson,lightgbm_if,2017-02-20 06:00:00,2017-02-20 16:00:00,11,8.17200377795856,2017-02-20 10:00:00,,after_hours,A,False
Fox_office_Carson,lightgbm_if,2017-02-20 20:00:00,2017-02-20 23:00:00,4,8.348998174167766,2017-02-20 23:00:00,,after_hours,A,False
Fox_office_Carson,lightgbm_if,2017-03-03 00:00:00,2017-03-03 04:00:00,5,17.60411083353171,2017-03-03 03:00:00,,after_hours,A,False
Fox_office_Carson,lightgbm_if,2017-03-03 23:00:00,2017-03-04 04:00:00,6,12.267078585427102,2017-03-04 01:00:00,,after_hours,A,False
Fox_office_Carson,lightgbm_if,2017-03-04 22:00:00,2017-03-05 04:00:00,7,24.380767319220908,2017-03-05 00:00:00,,after_hours,A,True
Fox_office_Carson,lightgbm_if,2017-03-05 22:00:00,2017-03-06 04:00:00,7,19.377122570760296,2017-03-06 01:00:00,,after_hours,A,False
Fox_office_Carson,lightgbm_if,2017-03-06 23:00:00,2017-03-07 04:00:00,6,15.94612027596569,2017-03-07 03:00:00,,after_hours,A,False
Fox_office_Carson,lightgbm_if,2017-03-08 00:00:00,2017-03-08 04:00:00,5,13.6292824257416,2017-03-08 01:00:00,,after_hours,A,False
Fox_office_Carson,lightgbm_if,2017-03-08 22:00:00,2017-03-09 04:00:00,7,15.226969593565828,2017-03-09 01:00:00,,after_hours,A,False
Fox_office_Carson,lightgbm_if,2017-03-12 01:00:00,2017-03-12 03:00:00,3,5.680086666027448,2017-03-12 02:00:00,,after_hours,A,False
Fox_office_Carson,lightgbm_if,2017-03-16 00:00:00,2017-03-16 06:00:00,7,17.193504458553342,2017-03-16 04:00:00,,after_hours,A,False
Fox_office_Carson,lightgbm_if,2017-03-17 00:00:00,2017-03-17 06:00:00,7,12.664549048800884,2017-03-17 04:00:00,,after_hours,A,False
Fox_office_Carson,lightgbm_if,2017-03-18 00:00:00,2017-03-18 04:00:00,5,10.806045962069708,2017-03-18 03:00:00,,after_hours,A,False
Fox_office_Carson,lightgbm_if,2017-03-19 00:00:00,2017-03-19 05:00:00,6,6.513586925649158,2017-03-19 03:00:00,,after_hours,A,False
Fox_office_Carson,lightgbm_if,2017-03-20 00:00:00,2017-03-20 06:00:00,7,15.50587138232653,2017-03-20 05:00:00,,after_hours,A,False
Fox_office_Carson,lightgbm_if,2017-03-21 00:00:00,2017-03-21 05:00:00,6,11.128074211992251,2017-03-21 01:00:00,,after_hours,A,False
Fox_office_Carson,lightgbm_if,2017-03-22 00:00:00,2017-03-22 06:00:00,7,10.865087801740579,2017-03-22 05:00:00,,after_hours,A,False
Fox_office_Carson,lightgbm_if,2017-04-11 07:00:00,2017-04-11 09:00:00,3,5.323839772199034,2017-04-11 08:00:00,,spike,A,False
Fox_office_Carson,lightgbm_if,2017-04-23 08:00:00,2017-04-23 16:00:00,9,18.260329456888037,2017-04-23 11:00:00,,after_hours,A,True
Fox_office_Carson,lightgbm_if,2017-05-06 05:00:00,2017-05-06 08:00:00,4,12.297308371863936,2017-05-06 05:00:00,,after_hours,A,False
Fox_office_Carson,lightgbm_if,2017-05-23 05:00:00,2017-05-23 05:00:00,1,7.702558018450105,2017-05-23 05:00:00,,after_hours,A,False
Fox_office_Carson,lightgbm_if,2017-05-25 05:00:00,2017-05-25 06:00:00,2,5.427293269102379,2017-05-25 06:00:00,,after_hours,A,False
Fox_office_Carson,lightgbm_if,2017-05-30 05:00:00,2017-05-30 06:00:00,2,7.052660948843715,2017-05-30 06:00:00,,after_hours,A,False
Fox_office_Carson,lightgbm_if,2017-06-05 05:00:00,2017-06-05 09:00:00,5,6.311570401247621,2017-06-05 06:00:00,,spike,A,False
Fox_office_Carson,lightgbm_if,2017-07-04 23:00:00,2017-07-05 02:00:00,4,5.700509513007837,2017-07-04 23:00:00,,after_hours,A,False
Fox_office_Carson,lightgbm_if,2017-07-11 20:00:00,2017-07-12 04:00:00,9,9.553536845170568,2017-07-12 04:00:00,,after_hours,A,False
Fox_office_Carson,lightgbm_if,2017-07-12 22:00:00,2017-07-13 05:00:00,8,14.36760420239303,2017-07-13 01:00:00,,after_hours,A,False
Fox_office_Carson,lightgbm_if,2017-07-13 22:00:00,2017-07-14 05:00:00,8,7.407543808348256,2017-07-14 04:00:00,,after_hours,A,False
Fox_office_Carson,lightgbm_if,2017-07-14 22:00:00,2017-07-15 05:00:00,8,14.614726786359778,2017-07-15 01:00:00,,after_hours,A,False
Fox_office_Carson,lightgbm_if,2017-07-15 23:00:00,2017-07-16 05:00:00,7,7.249690092117625,2017-07-16 04:00:00,,after_hours,A,False
Fox_office_Carson,lightgbm_if,2017-07-16 22:00:00,2017-07-17 04:00:00,7,7.877090057324522,2017-07-17 04:00:00,,after_hours,A,False
Fox_office_Carson,lightgbm_if,2017-07-17 23:00:00,2017-07-18 02:00:00,4,7.015212402849923,2017-07-17 23:00:00,,after_hours,A,False
Fox_office_Carson,lightgbm_if,2017-08-04 00:00:00,2017-08-05 11:00:00,36,25.939516153477587,2017-08-05 02:00:00,,after_hours,A,False
Fox_office_Carson,lightgbm_if,2017-08-05 14:00:00,2017-08-05 14:00:00,1,12.285206167241938,2017-08-05 14:00:00,,after_hours,A,False
Fox_office_Carson,lightgbm_if,2017-08-05 22:00:00,2017-08-06 13:00:00,16,23.034306376525322,2017-08-05 23:00:00,,after_hours,A,False
Fox_office_Carson,lightgbm_if,2017-08-25 08:00:00,2017-08-25 09:00:00,2,5.1790545072853655,2017-08-25 09:00:00,,spike,A,False
Fox_office_Carson,lightgbm_if,2017-08-31 23:00:00,2017-09-01 04:00:00,6,6.709556991953875,2017-09-01 03:00:00,,after_hours,A,False
Fox_office_Carson,lightgbm_if,2017-09-01 23:00:00,2017-09-02 04:00:00,6,6.764247075969532,2017-09-02 01:00:00,,after_hours,A,False
Fox_office_Carson,lightgbm_if,2017-09-02 10:00:00,2017-09-02 13:00:00,4,5.372625423464229,2017-09-02 12:00:00,,after_hours,A,False
Fox_office_Carson,lightgbm_if,2017-09-04 22:00:00,2017-09-05 07:00:00,10,25.99549596110172,2017-09-05 00:00:00,,after_hours,A,True
Fox_office_Carson,lightgbm_if,2017-09-16 01:00:00,2017-09-16 02:00:00,2,5.567797594938784,2017-09-16 01:00:00,,after_hours,A,False
Fox_office_Carson,lightgbm_if,2017-09-24 08:00:00,2017-09-24 09:00:00,2,8.562190369630223,2017-09-24 09:00:00,,after_hours,A,False
Fox_office_Carson,lightgbm_if,2017-09-25 01:00:00,2017-09-25 06:00:00,6,14.988888606021911,2017-09-25 02:00:00,,after_hours,A,False
Fox_office_Carson,lightgbm_if,2017-09-25 23:00:00,2017-09-26 06:00:00,8,11.719399065306384,2017-09-26 02:00:00,,after_hours,A,False
Fox_office_Carson,lightgbm_if,2017-09-26 23:00:00,2017-09-27 05:00:00,7,9.185426300413843,2017-09-27 04:00:00,,after_hours,A,False
Fox_office_Carson,lightgbm_if,2017-09-27 23:00:00,2017-09-28 05:00:00,7,17.88659968833377,2017-09-27 23:00:00,,after_hours,A,False
Fox_office_Carson,lightgbm_if,2017-09-28 23:00:00,2017-09-29 04:00:00,6,9.874115112431566,2017-09-29 04:00:00,,after_hours,A,False
Fox_office_Carson,lightgbm_if,2017-09-29 23:00:00,2017-09-30 03:00:00,5,11.809153760777697,2017-09-30 01:00:00,,after_hours,A,False
Fox_office_Carson,lightgbm_if,2017-10-09 08:00:00,2017-10-09 22:00:00,15,21.562537465364798,2017-10-09 13:00:00,,after_hours,A,False
Fox_office_Carson,lightgbm_if,2017-10-15 20:00:00,2017-10-15 20:00:00,1,5.234545052748244,2017-10-15 20:00:00,,after_hours,A,False
Fox_office_Carson,lightgbm_if,2017-10-21 07:00:00,2017-10-21 08:00:00,2,5.400148595165529,2017-10-21 07:00:00,,after_hours,A,False
Fox_office_Carson,lightgbm_if,2017-11-03 02:00:00,2017-11-03 03:00:00,2,5.228027064715617,2017-11-03 02:00:00,,after_hours,A,True
Fox_office_Carson,lightgbm_if,2017-11-04 00:00:00,2017-11-04 05:00:00,6,13.444067663521377,2017-11-04 00:00:00,,after_hours,A,True
Fox_office_Carson,lightgbm_if,2017-11-04 10:00:00,2017-11-04 19:00:00,10,5.359844700424922,2017-11-04 10:00:00,,after_hours,A,True
Fox_office_Carson,lightgbm_if,2017-11-05 08:00:00,2017-11-05 21:00:00,14,6.775278682721668,2017-11-05 16:00:00,,after_hours,A,True
Fox_office_Carson,lightgbm_if,2017-11-06 05:00:00,2017-11-06 13:00:00,9,14.182576046927021,2017-11-06 07:00:00,,spike,A,True
Fox_office_Carson,lightgbm_if,2017-11-07 15:00:00,2017-11-07 16:00:00,2,5.632091289124466,2017-11-07 16:00:00,,spike,A,True
Fox_office_Carson,lightgbm_if,2017-11-08 14:00:00,2017-11-08 20:00:00,7,5.621286318702972,2017-11-08 19:00:00,,spike,A,True
Fox_office_Carson,lightgbm_if,2017-11-09 04:00:00,2017-11-09 06:00:00,3,6.5194319868258805,2017-11-09 06:00:00,,after_hours,A,True
Fox_office_Carson,lightgbm_if,2017-11-09 09:00:00,2017-11-09 15:00:00,7,5.908404174370667,2017-11-09 10:00:00,,spike,A,True
Fox_office_Carson,lightgbm_if,2017-11-09 21:00:00,2017-11-10 05:00:00,9,16.626031807803656,2017-11-10 00:00:00,,after_hours,A,True
Fox_office_Carson,lightgbm_if,2017-11-10 22:00:00,2017-11-12 11:00:00,38,18.54769392116425,2017-11-11 08:00:00,,after_hours,A,True
Fox_office_Carson,lightgbm_if,2017-11-12 18:00:00,2017-11-13 04:00:00,11,15.003404073172385,2017-11-13 04:00:00,,after_hours,A,True
Fox_office_Carson,lightgbm_if,2017-11-13 17:00:00,2017-11-13 20:00:00,4,5.29503252325881,2017-11-13 19:00:00,,spike,A,True
Fox_office_Carson,lightgbm_if,2017-11-14 04:00:00,2017-11-14 13:00:00,10,11.132652762937045,2017-11-14 05:00:00,,spike,A,True
Fox_office_Carson,lightgbm_if,2017-11-17 06:00:00,2017-11-17 08:00:00,3,5.655630257291313,2017-11-17 07:00:00,,spike,A,True
Fox_office_Carson,lightgbm_if,2017-12-13 01:00:00,2017-12-13 01:00:00,1,9.175559181512446,2017-12-13 01:00:00,,after_hours,A,False
Fox_office_Carson,lightgbm_if,2017-12-18 12:00:00,2017-12-18 14:00:00,3,5.58070967576519,2017-12-18 13:00:00,,spike,A,False
Fox_office_Carson,lightgbm_if,2017-12-19 13:00:00,2017-12-19 20:00:00,8,6.001142221614934,2017-12-19 14:00:00,,spike,A,False
Fox_office_Demetrius,lightgbm_if,2017-01-21 01:00:00,2017-01-21 01:00:00,1,6.153983801444991,2017-01-21 01:00:00,,after_hours,A,False
Fox_office_Demetrius,lightgbm_if,2017-01-21 11:00:00,2017-01-21 14:00:00,4,4.931038509322752,2017-01-21 12:00:00,,after_hours,A,False
Fox_office_Demetrius,lightgbm_if,2017-02-20 14:00:00,2017-02-20 15:00:00,2,5.646219666251861,2017-02-20 14:00:00,,after_hours,A,False
Fox_office_Demetrius,lightgbm_if,2017-02-24 03:00:00,2017-02-24 07:00:00,5,5.1388053375612825,2017-02-24 04:00:00,,after_hours,A,False
Fox_office_Demetrius,lightgbm_if,2017-02-24 21:00:00,2017-02-25 09:00:00,13,6.1197340570496035,2017-02-25 07:00:00,,after_hours,A,False
Fox_office_Demetrius,lightgbm_if,2017-03-01 01:00:00,2017-03-01 04:00:00,4,5.0939093541219,2017-03-01 03:00:00,,after_hours,A,False
Fox_office_Demetrius,lightgbm_if,2017-04-05 03:00:00,2017-04-05 03:00:00,1,5.27511731619197,2017-04-05 03:00:00,,after_hours,A,False
Fox_office_Demetrius,lightgbm_if,2017-05-07 06:00:00,2017-05-07 06:00:00,1,5.428545826893959,2017-05-07 06:00:00,,after_hours,A,False
Fox_office_Demetrius,lightgbm_if,2017-05-07 13:00:00,2017-05-07 13:00:00,1,5.6915848903973245,2017-05-07 13:00:00,,after_hours,A,False
Fox_office_Demetrius,lightgbm_if,2017-05-23 22:00:00,2017-05-24 06:00:00,9,7.471317526945116,2017-05-24 02:00:00,,after_hours,A,False
Fox_office_Demetrius,lightgbm_if,2017-05-26 06:00:00,2017-05-26 06:00:00,1,5.1778633901652,2017-05-26 06:00:00,,after_hours,A,False
Fox_office_Demetrius,lightgbm_if,2017-05-29 22:00:00,2017-05-29 23:00:00,2,5.063833795310642,2017-05-29 22:00:00,,after_hours,A,False
Fox_office_Demetrius,lightgbm_if,2017-05-30 06:00:00,2017-05-30 06:00:00,1,5.142150837692915,2017-05-30 06:00:00,,after_hours,A,False
Fox_office_Demetrius,lightgbm_if,2017-06-03 22:00:00,2017-06-03 23:00:00,2,10.230736634670976,2017-06-03 23:00:00,,after_hours,A,True
Fox_office_Demetrius,lightgbm_if,2017-06-07 08:00:00,2017-06-07 08:00:00,1,5.3330961961516214,2017-06-07 08:00:00,,spike,A,False
Fox_office_Demetrius,lightgbm_if,2017-06-07 21:00:00,2017-06-08 00:00:00,4,6.441623941240245,2017-06-07 21:00:00,,after_hours,A,False
Fox_office_Demetrius,lightgbm_if,2017-06-09 02:00:00,2017-06-09 04:00:00,3,5.922502287268766,2017-06-09 02:00:00,,after_hours,A,False
Fox_office_Demetrius,lightgbm_if,2017-06-15 07:00:00,2017-06-15 08:00:00,2,9.744177765618103,2017-06-15 08:00:00,,spike,A,True
Fox_office_Demetrius,lightgbm_if,2017-06-16 21:00:00,2017-06-16 23:00:00,3,5.007928768058183,2017-06-16 23:00:00,,after_hours,A,False
Fox_office_Demetrius,lightgbm_if,2017-06-22 22:00:00,2017-06-22 22:00:00,1,5.605945405559091,2017-06-22 22:00:00,,after_hours,A,False
Fox_office_Demetrius,lightgbm_if,2017-06-25 11:00:00,2017-06-25 11:00:00,1,4.864020736037179,2017-06-25 11:00:00,,after_hours,A,False
Fox_office_Demetrius,lightgbm_if,2017-06-25 21:00:00,2017-06-25 21:00:00,1,4.964413156336936,2017-06-25 21:00:00,,after_hours,A,False
Fox_office_Demetrius,lightgbm_if,2017-07-05 05:00:00,2017-07-05 06:00:00,2,5.401766039327364,2017-07-05 06:00:00,,after_hours,A,False
Fox_office_Demetrius,lightgbm_if,2017-07-25 02:00:00,2017-07-25 03:00:00,2,8.726803960269738,2017-07-25 03:00:00,,after_hours,A,False
Fox_office_Demetrius,lightgbm_if,2017-08-14 04:00:00,2017-08-14 04:00:00,1,5.175917901873091,2017-08-14 04:00:00,,after_hours,A,False
Fox_office_Demetrius,lightgbm_if,2017-08-21 04:00:00,2017-08-21 04:00:00,1,5.402375816685398,2017-08-21 04:00:00,,after_hours,A,False
Fox_office_Demetrius,lightgbm_if,2017-09-04 04:00:00,2017-09-04 04:00:00,1,6.272282884761457,2017-09-04 04:00:00,,after_hours,A,False
Fox_office_Demetrius,lightgbm_if,2017-09-08 22:00:00,2017-09-08 22:00:00,1,5.476531713289108,2017-09-08 22:00:00,,after_hours,A,False
Fox_office_Demetrius,lightgbm_if,2017-10-03 02:00:00,2017-10-03 02:00:00,1,7.765869955946614,2017-10-03 02:00:00,,after_hours,A,False
Fox_office_Demetrius,lightgbm_if,2017-10-04 00:00:00,2017-10-04 00:00:00,1,6.6857457160253375,2017-10-04 00:00:00,,after_hours,A,False
Fox_office_Demetrius,lightgbm_if,2017-10-04 05:00:00,2017-10-04 06:00:00,2,5.77086759842785,2017-10-04 06:00:00,,after_hours,A,False
Fox_office_Demetrius,lightgbm_if,2017-10-06 06:00:00,2017-10-06 07:00:00,2,5.488279611814973,2017-10-06 07:00:00,,spike,A,False
Fox_office_Demetrius,lightgbm_if,2017-10-07 06:00:00,2017-10-07 06:00:00,1,7.832987060454703,2017-10-07 06:00:00,,after_hours,A,False
Fox_office_Demetrius,lightgbm_if,2017-10-07 12:00:00,2017-10-07 12:00:00,1,7.8531203925748345,2017-10-07 12:00:00,,after_hours,A,False
Fox_office_Demetrius,lightgbm_if,2017-10-08 03:00:00,2017-10-08 03:00:00,1,5.657669274066407,2017-10-08 03:00:00,,after_hours,A,False
Fox_office_Demetrius,lightgbm_if,2017-10-08 08:00:00,2017-10-08 09:00:00,2,14.969176100799308,2017-10-08 09:00:00,,after_hours,A,False
Fox_office_Demetrius,lightgbm_if,2017-10-08 17:00:00,2017-10-08 18:00:00,2,7.624694358026533,2017-10-08 18:00:00,,after_hours,A,False
Fox_office_Demetrius,lightgbm_if,2017-10-09 06:00:00,2017-10-09 07:00:00,2,13.725365976437418,2017-10-09 07:00:00,,after_hours,A,False
Fox_office_Demetrius,lightgbm_if,2017-10-18 03:00:00,2017-10-18 03:00:00,1,6.396318787345961,2017-10-18 03:00:00,,after_hours,A,False
Fox_office_Demetrius,lightgbm_if,2017-10-21 07:00:00,2017-10-21 07:00:00,1,7.603517708424315,2017-10-21 07:00:00,,after_hours,A,True
Fox_office_Demetrius,lightgbm_if,2017-10-21 14:00:00,2017-10-21 14:00:00,1,6.3618860293615365,2017-10-21 14:00:00,,after_hours,A,True
Fox_office_Demetrius,lightgbm_if,2017-10-21 23:00:00,2017-10-21 23:00:00,1,6.627878055492199,2017-10-21 23:00:00,,after_hours,A,True
Fox_office_Demetrius,lightgbm_if,2017-10-22 02:00:00,2017-10-22 02:00:00,1,4.954590683955324,2017-10-22 02:00:00,,after_hours,A,True
Fox_office_Demetrius,lightgbm_if,2017-10-22 06:00:00,2017-10-22 06:00:00,1,6.23138279128963,2017-10-22 06:00:00,,after_hours,A,True
Fox_office_Demetrius,lightgbm_if,2017-10-22 10:00:00,2017-10-22 10:00:00,1,6.119806867191006,2017-10-22 10:00:00,,after_hours,A,True
Fox_office_Demetrius,lightgbm_if,2017-10-22 15:00:00,2017-10-22 15:00:00,1,6.314897497226793,2017-10-22 15:00:00,,after_hours,A,True
Fox_office_Demetrius,lightgbm_if,2017-10-28 07:00:00,2017-10-28 07:00:00,1,5.227663372253873,2017-10-28 07:00:00,,after_hours,A,True
Fox_office_Demetrius,lightgbm_if,2017-10-28 12:00:00,2017-10-28 12:00:00,1,4.910856723709203,2017-10-28 12:00:00,,after_hours,A,True
Fox_office_Demetrius,lightgbm_if,2017-10-29 07:00:00,2017-10-29 07:00:00,1,7.614485909254082,2017-10-29 07:00:00,,after_hours,A,True
Fox_office_Demetrius,lightgbm_if,2017-11-04 00:00:00,2017-11-04 00:00:00,1,5.3713693980189,2017-11-04 00:00:00,,after_hours,A,True
Fox_office_Demetrius,lightgbm_if,2017-11-05 06:00:00,2017-11-05 06:00:00,1,5.03138085107573,2017-11-05 06:00:00,,after_hours,A,True
Fox_office_Demetrius,lightgbm_if,2017-11-05 09:00:00,2017-11-05 09:00:00,1,8.863230644172823,2017-11-05 09:00:00,,after_hours,A,True
Fox_office_Demetrius,lightgbm_if,2017-11-05 12:00:00,2017-11-05 12:00:00,1,7.513319918864111,2017-11-05 12:00:00,,after_hours,A,True
Fox_office_Demetrius,lightgbm_if,2017-11-10 07:00:00,2017-11-10 07:00:00,1,7.005955690354692,2017-11-10 07:00:00,,after_hours,A,True
Fox_office_Demetrius,lightgbm_if,2017-11-10 16:00:00,2017-11-10 16:00:00,1,5.906460918899351,2017-11-10 16:00:00,,after_hours,A,True
Fox_office_Demetrius,lightgbm_if,2017-11-11 08:00:00,2017-11-11 08:00:00,1,11.600801276703326,2017-11-11 08:00:00,,after_hours,A,True
Fox_office_Demetrius,lightgbm_if,2017-11-23 10:00:00,2017-11-23 10:00:00,1,7.723740851993682,2017-11-23 10:00:00,,after_hours,A,False
Fox_office_Demetrius,lightgbm_if,2017-11-26 07:00:00,2017-11-26 07:00:00,1,4.881213498157862,2017-11-26 07:00:00,,after_hours,A,False
Fox_office_Demetrius,lightgbm_if,2017-12-01 04:00:00,2017-12-01 04:00:00,1,4.973034829613496,2017-12-01 04:00:00,,after_hours,A,False
Fox_office_Demetrius,lightgbm_if,2017-12-01 09:00:00,2017-12-01 09:00:00,1,6.411557203268752,2017-12-01 09:00:00,,spike,A,False
Fox_office_Demetrius,lightgbm_if,2017-12-06 00:00:00,2017-12-06 01:00:00,2,8.48103229374489,2017-12-06 01:00:00,,after_hours,A,False
Fox_office_Demetrius,lightgbm_if,2017-12-07 21:00:00,2017-12-07 21:00:00,1,5.8976025495095845,2017-12-07 21:00:00,,after_hours,A,False
Fox_office_Demetrius,lightgbm_if,2017-12-08 03:00:00,2017-12-08 03:00:00,1,6.500702004580771,2017-12-08 03:00:00,,after_hours,A,False
Fox_office_Demetrius,lightgbm_if,2017-12-09 00:00:00,2017-12-09 03:00:00,4,9.150362723834508,2017-12-09 02:00:00,,after_hours,A,False
Fox_office_Demetrius,lightgbm_if,2017-12-09 08:00:00,2017-12-09 09:00:00,2,10.90123324033623,2017-12-09 09:00:00,,after_hours,A,False
Fox_office_Demetrius,lightgbm_if,2017-12-10 03:00:00,2017-12-10 08:00:00,6,6.031919651435465,2017-12-10 03:00:00,,after_hours,A,False
Fox_office_Demetrius,lightgbm_if,2017-12-22 18:00:00,2017-12-22 19:00:00,2,7.852334189507248,2017-12-22 19:00:00,,spike,A,False
Fox_office_Demetrius,lightgbm_if,2017-12-23 03:00:00,2017-12-23 03:00:00,1,7.608555701934665,2017-12-23 03:00:00,,after_hours,A,False
Fox_office_Demetrius,lightgbm_if,2017-12-23 09:00:00,2017-12-23 09:00:00,1,8.615267591115671,2017-12-23 09:00:00,,after_hours,A,False
Fox_office_Demetrius,lightgbm_if,2017-12-23 20:00:00,2017-12-23 20:00:00,1,6.669575549933287,2017-12-23 20:00:00,,after_hours,A,False
Fox_office_Demetrius,lightgbm_if,2017-12-24 10:00:00,2017-12-24 10:00:00,1,5.429574430113033,2017-12-24 10:00:00,,after_hours,A,False
Fox_office_Demetrius,lightgbm_if,2017-12-24 15:00:00,2017-12-24 15:00:00,1,7.02058651065801,2017-12-24 15:00:00,,after_hours,A,False
Fox_office_Demetrius,lightgbm_if,2017-12-27 17:00:00,2017-12-27 17:00:00,1,5.1871357715792215,2017-12-27 17:00:00,,spike,A,False
Fox_office_Easter,lightgbm_if,2017-01-02 08:00:00,2017-01-02 10:00:00,3,100.12081191243934,2017-01-02 08:00:00,,after_hours,A,False
Fox_office_Easter,lightgbm_if,2017-01-03 09:00:00,2017-01-03 09:00:00,1,7.988498787783701,2017-01-03 09:00:00,,spike,A,False
Fox_office_Easter,lightgbm_if,2017-01-04 08:00:00,2017-01-04 08:00:00,1,18.780169761466805,2017-01-04 08:00:00,,spike,A,False
Fox_office_Easter,lightgbm_if,2017-01-05 07:00:00,2017-01-05 09:00:00,3,16.715047382006574,2017-01-05 07:00:00,,spike,A,False
Fox_office_Easter,lightgbm_if,2017-01-06 06:00:00,2017-01-06 08:00:00,3,8.151271320116486,2017-01-06 08:00:00,,spike,A,False
Fox_office_Easter,lightgbm_if,2017-01-09 08:00:00,2017-01-09 09:00:00,2,18.239398651403533,2017-01-09 08:00:00,,spike,A,False
Fox_office_Easter,lightgbm_if,2017-01-10 07:00:00,2017-01-10 08:00:00,2,14.038460049363607,2017-01-10 07:00:00,,spike,A,False
Fox_office_Easter,lightgbm_if,2017-01-11 06:00:00,2017-01-11 08:00:00,3,11.235891008269482,2017-01-11 07:00:00,,spike,A,False
Fox_office_Easter,lightgbm_if,2017-01-12 06:00:00,2017-01-12 07:00:00,2,10.038990397675107,2017-01-12 06:00:00,,spike,A,False
Fox_office_Easter,lightgbm_if,2017-01-16 08:00:00,2017-01-16 08:00:00,1,64.82692960689721,2017-01-16 08:00:00,,after_hours,A,False
Fox_office_Easter,lightgbm_if,2017-01-19 07:00:00,2017-01-19 07:00:00,1,7.681916184114715,2017-01-19 07:00:00,,spike,A,False
Fox_office_Easter,lightgbm_if,2017-01-20 11:00:00,2017-01-20 13:00:00,3,7.137734455796018,2017-01-20 12:00:00,,spike,A,False
Fox_office_Easter,lightgbm_if,2017-01-23 09:00:00,2017-01-23 09:00:00,1,9.76104882035676,2017-01-23 09:00:00,,spike,A,False
Fox_office_Easter,lightgbm_if,2017-01-25 09:00:00,2017-01-25 09:00:00,1,7.806431528775429,2017-01-25 09:00:00,,spike,A,False
Fox_office_Easter,lightgbm_if,2017-01-25 18:00:00,2017-01-25 19:00:00,2,7.299998701616503,2017-01-25 19:00:00,,spike,A,False
Fox_office_Easter,lightgbm_if,2017-01-27 08:00:00,2017-01-27 08:00:00,1,7.513468578123754,2017-01-27 08:00:00,,spike,A,False
Fox_office_Easter,lightgbm_if,2017-01-30 09:00:00,2017-01-30 09:00:00,1,9.027671122750903,2017-01-30 09:00:00,,spike,A,False
Fox_office_Easter,lightgbm_if,2017-02-01 07:00:00,2017-02-01 07:00:00,1,10.507901716572672,2017-02-01 07:00:00,,spike,A,False
Fox_office_Easter,lightgbm_if,2017-02-03 06:00:00,2017-02-03 06:00:00,1,6.669075808944024,2017-02-03 06:00:00,,after_hours,A,False
Fox_office_Easter,lightgbm_if,2017-02-07 06:00:00,2017-02-07 07:00:00,2,9.065220851307465,2017-02-07 06:00:00,,spike,A,False
Fox_office_Easter,lightgbm_if,2017-02-20 08:00:00,2017-02-20 08:00:00,1,83.72997064884707,2017-02-20 08:00:00,,after_hours,A,False
Fox_office_Easter,lightgbm_if,2017-02-21 06:00:00,2017-02-21 06:00:00,1,7.694111339457088,2017-02-21 06:00:00,,after_hours,A,False
Fox_office_Easter,lightgbm_if,2017-02-24 05:00:00,2017-02-24 05:00:00,1,11.446285320531464,2017-02-24 05:00:00,,after_hours,A,False
Fox_office_Easter,lightgbm_if,2017-02-24 08:00:00,2017-02-24 08:00:00,1,16.98727428419634,2017-02-24 08:00:00,,spike,A,False
Fox_office_Easter,lightgbm_if,2017-02-27 05:00:00,2017-02-27 05:00:00,1,6.909581651629154,2017-02-27 05:00:00,,after_hours,A,False
Fox_office_Easter,lightgbm_if,2017-03-02 05:00:00,2017-03-02 08:00:00,4,15.142776560351962,2017-03-02 07:00:00,,spike,A,False
Fox_office_Easter,lightgbm_if,2017-03-06 06:00:00,2017-03-06 07:00:00,2,7.617393129447412,2017-03-06 06:00:00,,spike,A,False
Fox_office_Easter,lightgbm_if,2017-03-07 05:00:00,2017-03-07 08:00:00,4,8.662554765162959,2017-03-07 07:00:00,,spike,A,False
Fox_office_Easter,lightgbm_if,2017-03-08 06:00:00,2017-03-08 08:00:00,3,11.603395437562817,2017-03-08 06:00:00,,spike,A,False
Fox_office_Easter,lightgbm_if,2017-03-23 12:00:00,2017-03-23 19:00:00,8,9.011244237904293,2017-03-23 18:00:00,,spike,A,True
Fox_office_Easter,lightgbm_if,2017-03-24 05:00:00,2017-03-24 07:00:00,3,18.34324006341905,2017-03-24 07:00:00,,after_hours,A,True
Fox_office_Easter,lightgbm_if,2017-03-27 05:00:00,2017-03-27 19:00:00,15,25.16687504984233,2017-03-27 06:00:00,,spike,A,True
Fox_office_Easter,lightgbm_if,2017-03-28 05:00:00,2017-03-28 19:00:00,15,20.482538975229225,2017-03-28 06:00:00,,spike,A,True
Fox_office_Easter,lightgbm_if,2017-03-29 05:00:00,2017-03-29 18:00:00,14,18.379639050043536,2017-03-29 06:00:00,,spike,A,True
Fox_office_Easter,lightgbm_if,2017-03-30 05:00:00,2017-03-30 08:00:00,4,11.537481335597967,2017-03-30 07:00:00,,spike,A,True
Fox_office_Easter,lightgbm_if,2017-03-31 07:00:00,2017-03-31 15:00:00,9,7.558398857836299,2017-03-31 11:00:00,,spike,A,True
Fox_office_Easter,lightgbm_if,2017-04-03 05:00:00,2017-04-03 08:00:00,4,14.756952901309816,2017-04-03 07:00:00,,spike,A,True
Fox_office_Easter,lightgbm_if,2017-04-03 17:00:00,2017-04-03 19:00:00,3,6.919018681788594,2017-04-03 19:00:00,,spike,A,True
Fox_office_Easter,lightgbm_if,2017-04-04 07:00:00,2017-04-04 13:00:00,7,8.454553638831845,2017-04-04 07:00:00,,spike,A,True
Fox_office_Easter,lightgbm_if,2017-04-04 17:00:00,2017-04-04 19:00:00,3,9.467033186104754,2017-04-04 19:00:00,,spike,A,True
Fox_office_Easter,lightgbm_if,2017-04-05 05:00:00,2017-04-05 12:00:00,8,11.595013904169745,2017-04-05 08:00:00,,spike,A,True
Fox_office_Easter,lightgbm_if,2017-04-06 05:00:00,2017-04-06 08:00:00,4,8.215758572276457,2017-04-06 08:00:00,,spike,A,True
Fox_office_Easter,lightgbm_if,2017-05-01 05:00:00,2017-05-01 07:00:00,3,12.430954139469806,2017-05-01 06:00:00,,after_hours,A,False
Fox_office_Easter,lightgbm_if,2017-05-18 18:00:00,2017-05-20 10:00:00,41,16.414703892025546,2017-05-19 02:00:00,,after_hours,A,False
Fox_office_Easter,lightgbm_if,2017-05-20 13:00:00,2017-05-21 09:00:00,21,9.163465265915825,2017-05-21 04:00:00,,after_hours,A,False
Fox_office_Easter,lightgbm_if,2017-05-21 13:00:00,2017-05-22 07:00:00,19,10.442803337572162,2017-05-22 03:00:00,,after_hours,A,False
Fox_office_Easter,lightgbm_if,2017-05-22 20:00:00,2017-05-23 09:00:00,14,13.093822815421042,2017-05-23 00:00:00,,after_hours,A,False
Fox_office_Easter,lightgbm_if,2017-05-24 21:00:00,2017-05-25 08:00:00,12,10.758518361818131,2017-05-25 02:00:00,,after_hours,A,False
Fox_office_Easter,lightgbm_if,2017-05-25 22:00:00,2017-05-26 04:00:00,7,7.79073941951482,2017-05-26 04:00:00,,after_hours,A,False
Fox_office_Easter,lightgbm_if,2017-05-26 21:00:00,2017-05-26 23:00:00,3,7.212600265435424,2017-05-26 23:00:00,,after_hours,A,False
Fox_office_Easter,lightgbm_if,2017-05-31 00:00:00,2017-05-31 04:00:00,5,7.781972040483383,2017-05-31 04:00:00,,after_hours,A,False
Fox_office_Easter,lightgbm_if,2017-05-31 21:00:00,2017-06-01 05:00:00,9,8.844342438690378,2017-06-01 03:00:00,,after_hours,A,True
Fox_office_Easter,lightgbm_if,2017-07-02 09:00:00,2017-07-02 12:00:00,4,8.593189424633263,2017-07-02 09:00:00,,after_hours,A,True
Fox_office_Easter,lightgbm_if,2017-09-25 23:00:00,2017-09-26 00:00:00,2,14.345946411831632,2017-09-26 00:00:00,,after_hours,A,True
Fox_office_Easter,lightgbm_if,2017-10-09 09:00:00,2017-10-09 12:00:00,4,8.001228207938016,2017-10-09 10:00:00,,after_hours,A,False
Fox_office_Easter,lightgbm_if,2017-11-11 08:00:00,2017-11-11 08:00:00,1,6.7045477986255175,2017-11-11 08:00:00,,after_hours,A,False
Fox_office_Easter,lightgbm_if,2017-11-20 07:00:00,2017-11-20 07:00:00,1,8.123982569309648,2017-11-20 07:00:00,,spike,A,False
Fox_office_Easter,lightgbm_if,2017-11-22 07:00:00,2017-11-22 08:00:00,2,7.048234306959075,2017-11-22 08:00:00,,spike,A,False
Fox_office_Easter,lightgbm_if,2017-11-28 20:00:00,2017-11-29 04:00:00,9,9.894356038913537,2017-11-28 22:00:00,,after_hours,A,False
Fox_office_Easter,lightgbm_if,2017-11-29 10:00:00,2017-11-29 13:00:00,4,6.6465855658155695,2017-11-29 10:00:00,,spike,A,False
Fox_office_Easter,lightgbm_if,2017-11-30 00:00:00,2017-11-30 02:00:00,3,6.935331181837166,2017-11-30 00:00:00,,after_hours,A,False
Fox_office_Easter,lightgbm_if,2017-11-30 22:00:00,2017-12-01 04:00:00,7,7.027924435132294,2017-11-30 22:00:00,,after_hours,A,False
Fox_office_Easter,lightgbm_if,2017-12-01 08:00:00,2017-12-01 10:00:00,3,10.377954295763365,2017-12-01 09:00:00,,spike,A,False
Fox_office_Easter,lightgbm_if,2017-12-03 06:00:00,2017-12-03 13:00:00,8,7.300021714255672,2017-12-03 11:00:00,,after_hours,A,False
Fox_office_Easter,lightgbm_if,2017-12-05 09:00:00,2017-12-05 11:00:00,3,6.647230667688076,2017-12-05 11:00:00,,spike,A,False
Fox_office_Easter,lightgbm_if,2017-12-08 06:00:00,2017-12-08 08:00:00,3,10.230053839519059,2017-12-08 07:00:00,,spike,A,False
Fox_office_Easter,lightgbm_if,2017-12-11 06:00:00,2017-12-11 08:00:00,3,9.433207635634469,2017-12-11 06:00:00,,spike,A,False
Fox_office_Easter,lightgbm_if,2017-12-14 06:00:00,2017-12-14 08:00:00,3,9.517917979206652,2017-12-14 07:00:00,,spike,A,False
Fox_office_Easter,lightgbm_if,2017-12-18 06:00:00,2017-12-18 10:00:00,5,11.67412735921235,2017-12-18 07:00:00,,spike,A,False
Fox_office_Easter,lightgbm_if,2017-12-20 06:00:00,2017-12-20 08:00:00,3,7.577461084425396,2017-12-20 06:00:00,,spike,A,False
Fox_office_Easter,lightgbm_if,2017-12-22 05:00:00,2017-12-22 10:00:00,6,12.513523654254282,2017-12-22 07:00:00,,spike,A,False
Fox_office_Easter,lightgbm_if,2017-12-25 09:00:00,2017-12-25 09:00:00,1,71.01917781145234,2017-12-25 09:00:00,,after_hours,A,False
Fox_office_Easter,lightgbm_if,2017-12-26 08:00:00,2017-12-26 08:00:00,1,6.836882864144731,2017-12-26 08:00:00,,spike,A,False
Fox_office_Edythe,lightgbm_if,2017-01-03 13:00:00,2017-01-03 14:00:00,2,53.73320583010824,2017-01-03 13:00:00,,spike,A,True
Fox_office_Edythe,lightgbm_if,2017-01-03 18:00:00,2017-01-03 20:00:00,3,5.246594717384603,2017-01-03 20:00:00,,after_hours,A,False
Fox_office_Edythe,lightgbm_if,2017-01-06 12:00:00,2017-01-06 16:00:00,5,4.640103001164556,2017-01-06 14:00:00,,spike,A,False
Fox_office_Edythe,lightgbm_if,2017-01-09 08:00:00,2017-01-09 19:00:00,12,10.81219557995343,2017-01-09 10:00:00,,spike,A,False
Fox_office_Edythe,lightgbm_if,2017-01-10 10:00:00,2017-01-10 16:00:00,7,7.995710188422013,2017-01-10 14:00:00,,spike,A,False
Fox_office_Edythe,lightgbm_if,2017-01-11 11:00:00,2017-01-11 18:00:00,8,6.403961103037254,2017-01-11 13:00:00,,spike,A,False
Fox_office_Edythe,lightgbm_if,2017-01-12 11:00:00,2017-01-12 16:00:00,6,6.4310249351683755,2017-01-12 15:00:00,,spike,A,False
Fox_office_Edythe,lightgbm_if,2017-01-17 12:00:00,2017-01-17 15:00:00,4,4.382732709657506,2017-01-17 15:00:00,,spike,A,False
Fox_office_Edythe,lightgbm_if,2017-01-18 12:00:00,2017-01-18 15:00:00,4,5.2209244719943735,2017-01-18 14:00:00,,spike,A,False
Fox_office_Edythe,lightgbm_if,2017-01-23 09:00:00,2017-01-23 19:00:00,11,7.715002484100175,2017-01-23 16:00:00,,spike,A,False
Fox_office_Edythe,lightgbm_if,2017-01-31 14:00:00,2017-01-31 14:00:00,1,8.517329802764786,2017-01-31 14:00:00,,spike,A,False
Fox_office_Edythe,lightgbm_if,2017-02-08 15:00:00,2017-02-08 15:00:00,1,5.624031512008885,2017-02-08 15:00:00,,spike,A,False
Fox_office_Edythe,lightgbm_if,2017-02-09 20:00:00,2017-02-10 05:00:00,10,11.604712534860052,2017-02-10 01:00:00,,after_hours,A,True
Fox_office_Edythe,lightgbm_if,2017-02-20 09:00:00,2017-02-20 16:00:00,8,6.531446302338487,2017-02-20 13:00:00,,after_hours,A,False
Fox_office_Edythe,lightgbm_if,2017-03-13 08:00:00,2017-03-13 08:00:00,1,4.6542319944716315,2017-03-13 08:00:00,,spike,A,False
Fox_office_Edythe,lightgbm_if,2017-03-14 23:00:00,2017-03-15 01:00:00,3,6.5006912332600395,2017-03-15 00:00:00,,after_hours,A,False
Fox_office_Edythe,lightgbm_if,2017-03-15 09:00:00,2017-03-15 09:00:00,1,4.532173011211613,2017-03-15 09:00:00,,spike,A,False
Fox_office_Edythe,lightgbm_if,2017-03-15 21:00:00,2017-03-16 01:00:00,5,6.767377590379911,2017-03-16 00:00:00,,after_hours,A,False
Fox_office_Edythe,lightgbm_if,2017-03-16 23:00:00,2017-03-17 00:00:00,2,5.798491856860489,2017-03-16 23:00:00,,after_hours,A,False
Fox_office_Edythe,lightgbm_if,2017-03-17 21:00:00,2017-03-17 23:00:00,3,6.559725792768614,2017-03-17 21:00:00,,after_hours,A,False
Fox_office_Edythe,lightgbm_if,2017-03-18 09:00:00,2017-03-18 20:00:00,12,5.459453431797251,2017-03-18 15:00:00,,after_hours,A,False
Fox_office_Edythe,lightgbm_if,2017-03-19 14:00:00,2017-03-19 15:00:00,2,5.262396263083799,2017-03-19 15:00:00,,after_hours,A,False
Fox_office_Edythe,lightgbm_if,2017-03-19 18:00:00,2017-03-19 20:00:00,3,5.25477445051637,2017-03-19 18:00:00,,after_hours,A,False
Fox_office_Edythe,lightgbm_if,2017-03-20 00:00:00,2017-03-20 03:00:00,4,5.880225036614605,2017-03-20 02:00:00,,after_hours,A,False
Fox_office_Edythe,lightgbm_if,2017-04-01 04:00:00,2017-04-01 04:00:00,1,4.93840497318033,2017-04-01 04:00:00,,after_hours,A,False
Fox_office_Edythe,lightgbm_if,2017-05-21 18:00:00,2017-05-21 18:00:00,1,4.330197070588718,2017-05-21 18:00:00,,after_hours,A,False
Fox_office_Edythe,lightgbm_if,2017-05-23 05:00:00,2017-05-23 07:00:00,3,34.91787770222482,2017-05-23 07:00:00,,after_hours,A,True
Fox_office_Edythe,lightgbm_if,2017-05-23 16:00:00,2017-05-23 18:00:00,3,4.911298759042581,2017-05-23 16:00:00,,spike,A,False
Fox_office_Edythe,lightgbm_if,2017-06-12 09:00:00,2017-06-12 09:00:00,1,4.371635334103888,2017-06-12 09:00:00,,spike,A,False
Fox_office_Edythe,lightgbm_if,2017-06-15 09:00:00,2017-06-15 09:00:00,1,4.1720928470420695,2017-06-15 09:00:00,,spike,A,False
Fox_office_Edythe,lightgbm_if,2017-06-20 22:00:00,2017-06-20 22:00:00,1,4.804867014655024,2017-06-20 22:00:00,,after_hours,A,False
Fox_office_Edythe,lightgbm_if,2017-06-25 12:00:00,2017-06-25 12:00:00,1,4.229959884511555,2017-06-25 12:00:00,,after_hours,A,False
Fox_office_Edythe,lightgbm_if,2017-07-27 23:00:00,2017-07-28 00:00:00,2,7.254923003100249,2017-07-27 23:00:00,,after_hours,A,False
Fox_office_Edythe,lightgbm_if,2017-08-04 18:00:00,2017-08-04 18:00:00,1,4.682059445837535,2017-08-04 18:00:00,,spike,A,False
Fox_office_Edythe,lightgbm_if,2017-08-12 10:00:00,2017-08-12 10:00:00,1,5.384637931130565,2017-08-12 10:00:00,,after_hours,A,False
Fox_office_Edythe,lightgbm_if,2017-08-23 16:00:00,2017-08-23 16:00:00,1,4.323451975452489,2017-08-23 16:00:00,,spike,A,False
Fox_office_Edythe,lightgbm_if,2017-08-26 14:00:00,2017-08-26 14:00:00,1,4.367186971008074,2017-08-26 14:00:00,,after_hours,A,False
Fox_office_Edythe,lightgbm_if,2017-09-11 17:00:00,2017-09-11 17:00:00,1,5.308789449318851,2017-09-11 17:00:00,,spike,A,False
Fox_office_Edythe,lightgbm_if,2017-09-12 00:00:00,2017-09-12 00:00:00,1,4.596829622364875,2017-09-12 00:00:00,,after_hours,A,False
Fox_office_Edythe,lightgbm_if,2017-10-05 22:00:00,2017-10-06 08:00:00,11,8.488041995140557,2017-10-06 07:00:00,,after_hours,A,False
Fox_office_Edythe,lightgbm_if,2017-10-07 09:00:00,2017-10-07 11:00:00,3,5.055979930940404,2017-10-07 10:00:00,,after_hours,A,False
Fox_office_Edythe,lightgbm_if,2017-10-07 17:00:00,2017-10-08 01:00:00,9,9.02059704140565,2017-10-08 00:00:00,,after_hours,A,False
Fox_office_Edythe,lightgbm_if,2017-10-08 07:00:00,2017-10-08 13:00:00,7,7.714296192945485,2017-10-08 08:00:00,,after_hours,A,True
Fox_office_Edythe,lightgbm_if,2017-10-13 21:00:00,2017-10-13 23:00:00,3,4.965739773416753,2017-10-13 21:00:00,,after_hours,A,True
Fox_office_Edythe,lightgbm_if,2017-10-15 20:00:00,2017-10-15 20:00:00,1,6.67422295342973,2017-10-15 20:00:00,,after_hours,A,True
Fox_office_Edythe,lightgbm_if,2017-10-17 08:00:00,2017-10-18 01:00:00,18,8.335383230595252,2017-10-17 17:00:00,,spike,A,True
Fox_office_Edythe,lightgbm_if,2017-10-31 00:00:00,2017-10-31 00:00:00,1,4.087724869986584,2017-10-31 00:00:00,,after_hours,A,True
Fox_office_Edythe,lightgbm_if,2017-11-01 00:00:00,2017-11-01 00:00:00,1,4.024840825346241,2017-11-01 00:00:00,,after_hours,A,True
Fox_office_Edythe,lightgbm_if,2017-11-30 20:00:00,2017-11-30 20:00:00,1,4.504986949930494,2017-11-30 20:00:00,,after_hours,A,False
Fox_office_Edythe,lightgbm_if,2017-12-01 02:00:00,2017-12-01 02:00:00,1,4.4846043905832955,2017-12-01 02:00:00,,after_hours,A,False
Fox_office_Edythe,lightgbm_if,2017-12-02 02:00:00,2017-12-02 02:00:00,1,4.979468106596539,2017-12-02 02:00:00,,after_hours,A,False
Fox_office_Edythe,lightgbm_if,2017-12-07 06:00:00,2017-12-07 06:00:00,1,4.228542682357334,2017-12-07 06:00:00,,after_hours,A,False
Fox_office_Edythe,lightgbm_if,2017-12-08 04:00:00,2017-12-08 08:00:00,5,9.039498603733188,2017-12-08 06:00:00,,after_hours,A,False
Fox_office_Edythe,lightgbm_if,2017-12-14 20:00:00,2017-12-15 05:00:00,10,10.382610379095118,2017-12-15 01:00:00,,after_hours,A,True
Fox_office_Edythe,lightgbm_if,2017-12-29 13:00:00,2017-12-29 13:00:00,1,5.608504176500826,2017-12-29 13:00:00,,spike,A,False
Fox_office_Edythe,lightgbm_if,2017-12-31 11:00:00,2017-12-31 11:00:00,1,4.819691186482943,2017-12-31 11:00:00,,after_hours,A,False
Rat_office_Colby,lightgbm_if,2017-02-07 18:00:00,2017-02-07 23:00:00,6,6.655917043145226,2017-02-07 22:00:00,,after_hours,A,False
Rat_office_Colby,lightgbm_if,2017-02-08 19:00:00,2017-02-08 19:00:00,1,4.486030691861058,2017-02-08 19:00:00,,after_hours,A,False
Rat_office_Colby,lightgbm_if,2017-02-18 17:00:00,2017-02-18 17:00:00,1,4.562542640525487,2017-02-18 17:00:00,,after_hours,A,False
Rat_office_Colby,lightgbm_if,2017-02-19 20:00:00,2017-02-19 20:00:00,1,4.140123966485201,2017-02-19 20:00:00,,after_hours,A,False
Rat_office_Colby,lightgbm_if,2017-02-28 17:00:00,2017-02-28 18:00:00,2,5.484638647681357,2017-02-28 17:00:00,,spike,A,False
Rat_office_Colby,lightgbm_if,2017-03-28 12:00:00,2017-03-28 12:00:00,1,4.845563007186336,2017-03-28 12:00:00,,spike,A,False
Rat_office_Colby,lightgbm_if,2017-04-21 07:00:00,2017-04-21 08:00:00,2,4.871479452350976,2017-04-21 08:00:00,,spike,A,False
Rat_office_Colby,lightgbm_if,2017-04-22 00:00:00,2017-04-22 02:00:00,3,4.439108751462332,2017-04-22 02:00:00,,after_hours,A,False
Rat_office_Colby,lightgbm_if,2017-04-22 10:00:00,2017-04-22 10:00:00,1,5.251354280545526,2017-04-22 10:00:00,,after_hours,A,False
Rat_office_Colby,lightgbm_if,2017-04-26 22:00:00,2017-04-26 22:00:00,1,4.269162636875459,2017-04-26 22:00:00,,after_hours,A,False
Rat_office_Colby,lightgbm_if,2017-05-01 04:00:00,2017-05-01 04:00:00,1,4.364729645964544,2017-05-01 04:00:00,,after_hours,A,False
Rat_office_Colby,lightgbm_if,2017-05-04 19:00:00,2017-05-04 19:00:00,1,4.125488174795937,2017-05-04 19:00:00,,after_hours,A,False
Rat_office_Colby,lightgbm_if,2017-05-05 10:00:00,2017-05-05 10:00:00,1,4.3408106003314355,2017-05-05 10:00:00,,spike,A,False
Rat_office_Colby,lightgbm_if,2017-05-20 23:00:00,2017-05-20 23:00:00,1,4.381743278246366,2017-05-20 23:00:00,,after_hours,A,False
Rat_office_Colby,lightgbm_if,2017-05-28 03:00:00,2017-05-28 05:00:00,3,5.398872065551256,2017-05-28 04:00:00,,after_hours,A,False
Rat_office_Colby,lightgbm_if,2017-05-28 16:00:00,2017-05-28 16:00:00,1,4.161996386176096,2017-05-28 16:00:00,,after_hours,A,False
Rat_office_Colby,lightgbm_if,2017-05-29 03:00:00,2017-05-29 07:00:00,5,5.518999775980219,2017-05-29 04:00:00,,after_hours,A,False
Rat_office_Colby,lightgbm_if,2017-05-31 05:00:00,2017-05-31 06:00:00,2,5.453662388109859,2017-05-31 06:00:00,,after_hours,A,False
Rat_office_Colby,lightgbm_if,2017-06-01 06:00:00,2017-06-01 06:00:00,1,5.523057377665773,2017-06-01 06:00:00,,after_hours,A,False
Rat_office_Colby,lightgbm_if,2017-06-04 06:00:00,2017-06-04 06:00:00,1,4.266068080777498,2017-06-04 06:00:00,,after_hours,A,False
Rat_office_Colby,lightgbm_if,2017-06-19 00:00:00,2017-06-19 00:00:00,1,5.081680744026755,2017-06-19 00:00:00,,after_hours,A,False
Rat_office_Colby,lightgbm_if,2017-06-19 15:00:00,2017-06-19 15:00:00,1,5.103414485716793,2017-06-19 15:00:00,,spike,A,False
Rat_office_Colby,lightgbm_if,2017-06-19 18:00:00,2017-06-19 20:00:00,3,5.626025896473907,2017-06-19 18:00:00,,after_hours,A,False
Rat_office_Colby,lightgbm_if,2017-06-20 06:00:00,2017-06-20 06:00:00,1,4.016856196693342,2017-06-20 06:00:00,,after_hours,A,False
Rat_office_Colby,lightgbm_if,2017-09-01 00:00:00,2017-09-01 00:00:00,1,7.115224031336198,2017-09-01 00:00:00,,after_hours,A,False
Rat_office_Colby,lightgbm_if,2017-09-01 03:00:00,2017-09-01 07:00:00,5,7.291228460304026,2017-09-01 06:00:00,,after_hours,A,False
Rat_office_Colby,lightgbm_if,2017-09-01 10:00:00,2017-09-01 21:00:00,12,7.961455940373712,2017-09-01 19:00:00,,spike,A,False
Rat_office_Colby,lightgbm_if,2017-09-04 01:00:00,2017-09-04 06:00:00,6,6.184999156484412,2017-09-04 03:00:00,,after_hours,A,False
Rat_office_Colby,lightgbm_if,2017-09-06 10:00:00,2017-09-06 18:00:00,9,5.310899897403564,2017-09-06 18:00:00,,spike,A,False
Rat_office_Colby,lightgbm_if,2017-10-07 06:00:00,2017-10-07 06:00:00,1,4.479498399087622,2017-10-07 06:00:00,,after_hours,A,False
Rat_office_Colby,lightgbm_if,2017-10-08 19:00:00,2017-10-08 20:00:00,2,43.505051018303256,2017-10-08 19:00:00,,after_hours,A,True
Rat_office_Colby,lightgbm_if,2017-10-14 14:00:00,2017-10-14 15:00:00,2,6.907952119695078,2017-10-14 14:00:00,,after_hours,A,False
Rat_office_Colby,lightgbm_if,2017-10-15 09:00:00,2017-10-15 09:00:00,1,4.1725978059504865,2017-10-15 09:00:00,,after_hours,A,False
Rat_office_Colby,lightgbm_if,2017-10-24 05:00:00,2017-10-24 05:00:00,1,4.269247597417882,2017-10-24 05:00:00,,after_hours,A,False
Rat_office_Colby,lightgbm_if,2017-11-02 22:00:00,2017-11-03 00:00:00,3,4.490751318098502,2017-11-02 23:00:00,,after_hours,A,False
Rat_office_Colby,lightgbm_if,2017-11-06 20:00:00,2017-11-06 21:00:00,2,4.78221570299971,2017-11-06 21:00:00,,after_hours,A,False
Rat_office_Colby,lightgbm_if,2017-11-10 19:00:00,2017-11-10 20:00:00,2,17.51954775680905,2017-11-10 19:00:00,,after_hours,A,True
Rat_office_Colby,lightgbm_if,2017-11-29 17:00:00,2017-11-29 17:00:00,1,4.038260193349203,2017-11-29 17:00:00,,spike,A,False
Rat_office_Colby,lightgbm_if,2017-12-08 10:00:00,2017-12-08 10:00:00,1,4.060273102940433,2017-12-08 10:00:00,,spike,A,False
Rat_office_Colby,lightgbm_if,2017-12-23 11:00:00,2017-12-23 18:00:00,8,6.492161540128546,2017-12-23 16:00:00,,after_hours,A,False
Bull_office_Chantel,lightgbm_if_lag,2017-01-14 06:00:00,2017-01-15 02:00:00,21,8.083363305527813,2017-01-14 15:00:00,,after_hours,A,False
Bull_office_Chantel,lightgbm_if_lag,2017-01-15 05:00:00,2017-01-15 07:00:00,3,5.558141965256658,2017-01-15 06:00:00,,after_hours,A,False
Bull_office_Chantel,lightgbm_if_lag,2017-01-15 14:00:00,2017-01-15 14:00:00,1,4.316531997765253,2017-01-15 14:00:00,,after_hours,A,False
Bull_office_Chantel,lightgbm_if_lag,2017-01-15 21:00:00,2017-01-15 21:00:00,1,4.198733869584944,2017-01-15 21:00:00,,after_hours,A,False
Bull_office_Chantel,lightgbm_if_lag,2017-01-16 08:00:00,2017-01-16 13:00:00,6,6.167874402216865,2017-01-16 12:00:00,,after_hours,A,False
Bull_office_Chantel,lightgbm_if_lag,2017-01-16 16:00:00,2017-01-16 16:00:00,1,4.17034829095082,2017-01-16 16:00:00,,after_hours,A,False
Bull_office_Chantel,lightgbm_if_lag,2017-01-16 20:00:00,2017-01-16 21:00:00,2,4.49482461056272,2017-01-16 20:00:00,,after_hours,A,False
Bull_office_Chantel,lightgbm_if_lag,2017-01-19 07:00:00,2017-01-19 07:00:00,1,4.120868097489928,2017-01-19 07:00:00,,spike,A,False
Bull_office_Chantel,lightgbm_if_lag,2017-01-31 14:00:00,2017-02-01 16:00:00,27,7.456002422716898,2017-01-31 23:00:00,,spike,A,False
Bull_office_Chantel,lightgbm_if_lag,2017-02-07 22:00:00,2017-02-07 22:00:00,1,4.138506991695459,2017-02-07 22:00:00,,after_hours,A,False
Bull_office_Chantel,lightgbm_if_lag,2017-02-08 03:00:00,2017-02-08 03:00:00,1,4.193642877611402,2017-02-08 03:00:00,,after_hours,A,False
Bull_office_Chantel,lightgbm_if_lag,2017-02-20 09:00:00,2017-02-20 16:00:00,8,7.587178306865899,2017-02-20 10:00:00,,after_hours,A,False
Bull_office_Chantel,lightgbm_if_lag,2017-02-25 07:00:00,2017-02-25 20:00:00,14,8.265321229387366,2017-02-25 10:00:00,,after_hours,A,False
Bull_office_Chantel,lightgbm_if_lag,2017-02-26 18:00:00,2017-02-26 19:00:00,2,5.183895634990684,2017-02-26 18:00:00,,after_hours,A,False
Bull_office_Chantel,lightgbm_if_lag,2017-03-23 14:00:00,2017-03-23 14:00:00,1,4.139710613782261,2017-03-23 14:00:00,,spike,A,False
Bull_office_Chantel,lightgbm_if_lag,2017-03-25 09:00:00,2017-03-25 19:00:00,11,7.862753052604339,2017-03-25 11:00:00,,after_hours,A,False
Bull_office_Chantel,lightgbm_if_lag,2017-03-26 13:00:00,2017-03-26 14:00:00,2,4.584914520639374,2017-03-26 13:00:00,,after_hours,A,False
Bull_office_Chantel,lightgbm_if_lag,2017-04-01 12:00:00,2017-04-01 12:00:00,1,4.3645723695661856,2017-04-01 12:00:00,,after_hours,A,False
Bull_office_Chantel,lightgbm_if_lag,2017-04-07 08:00:00,2017-04-07 08:00:00,1,4.475743521773327,2017-04-07 08:00:00,,spike,A,False
Bull_office_Chantel,lightgbm_if_lag,2017-04-08 09:00:00,2017-04-08 11:00:00,3,5.518716898379974,2017-04-08 10:00:00,,after_hours,A,False
Bull_office_Chantel,lightgbm_if_lag,2017-04-15 10:00:00,2017-04-15 12:00:00,3,5.292079050063905,2017-04-15 11:00:00,,after_hours,A,False
Bull_office_Chantel,lightgbm_if_lag,2017-04-15 17:00:00,2017-04-15 17:00:00,1,4.231507983894126,2017-04-15 17:00:00,,after_hours,A,False
Bull_office_Chantel,lightgbm_if_lag,2017-04-20 07:00:00,2017-04-20 07:00:00,1,10.304858372906976,2017-04-20 07:00:00,,spike,A,False
Bull_office_Chantel,lightgbm_if_lag,2017-04-26 17:00:00,2017-04-26 18:00:00,2,13.946191404439299,2017-04-26 18:00:00,,spike,A,True
Bull_office_Chantel,lightgbm_if_lag,2017-05-09 03:00:00,2017-05-09 03:00:00,1,4.534292904593576,2017-05-09 03:00:00,,after_hours,A,False
Bull_office_Chantel,lightgbm_if_lag,2017-05-31 07:00:00,2017-05-31 08:00:00,2,4.771714002061669,2017-05-31 08:00:00,,spike,A,False
Bull_office_Chantel,lightgbm_if_lag,2017-06-01 06:00:00,2017-06-01 06:00:00,1,4.237999292037726,2017-06-01 06:00:00,,after_hours,A,False
Bull_office_Chantel,lightgbm_if_lag,2017-06-03 07:00:00,2017-06-03 11:00:00,5,6.536091375729527,2017-06-03 08:00:00,,after_hours,A,False
Bull_office_Chantel,lightgbm_if_lag,2017-06-11 16:00:00,2017-06-11 16:00:00,1,8.21731599452974,2017-06-11 16:00:00,,after_hours,A,True
Bull_office_Chantel,lightgbm_if_lag,2017-06-17 09:00:00,2017-06-17 11:00:00,3,5.779004429014038,2017-06-17 09:00:00,,after_hours,A,True
Bull_office_Chantel,lightgbm_if_lag,2017-06-17 16:00:00,2017-06-17 18:00:00,3,4.602347698822712,2017-06-17 16:00:00,,after_hours,A,True
Bull_office_Chantel,lightgbm_if_lag,2017-07-15 17:00:00,2017-07-15 19:00:00,3,4.79517711672746,2017-07-15 17:00:00,,after_hours,A,False
Bull_office_Chantel,lightgbm_if_lag,2017-07-16 02:00:00,2017-07-16 02:00:00,1,4.13707746716395,2017-07-16 02:00:00,,after_hours,A,False
Bull_office_Chantel,lightgbm_if_lag,2017-07-17 21:00:00,2017-07-17 21:00:00,1,4.561180285156109,2017-07-17 21:00:00,,after_hours,A,False
Bull_office_Chantel,lightgbm_if_lag,2017-07-18 05:00:00,2017-07-18 05:00:00,1,4.471989701427178,2017-07-18 05:00:00,,after_hours,A,False
Bull_office_Chantel,lightgbm_if_lag,2017-07-18 18:00:00,2017-07-18 18:00:00,1,4.268705304043776,2017-07-18 18:00:00,,spike,A,False
Bull_office_Chantel,lightgbm_if_lag,2017-07-20 02:00:00,2017-07-20 02:00:00,1,4.49122540645345,2017-07-20 02:00:00,,after_hours,A,False
Bull_office_Chantel,lightgbm_if_lag,2017-07-20 17:00:00,2017-07-20 22:00:00,6,5.448389338866734,2017-07-20 20:00:00,,after_hours,A,False
Bull_office_Chantel,lightgbm_if_lag,2017-07-21 02:00:00,2017-07-21 02:00:00,1,4.2674459280811465,2017-07-21 02:00:00,,after_hours,A,False
Bull_office_Chantel,lightgbm_if_lag,2017-07-21 17:00:00,2017-07-21 17:00:00,1,4.312420491595003,2017-07-21 17:00:00,,spike,A,False
Bull_office_Chantel,lightgbm_if_lag,2017-07-24 20:00:00,2017-07-24 20:00:00,1,4.424138581532428,2017-07-24 20:00:00,,after_hours,A,False
Bull_office_Chantel,lightgbm_if_lag,2017-07-25 03:00:00,2017-07-25 03:00:00,1,5.195349932197436,2017-07-25 03:00:00,,after_hours,A,False
Bull_office_Chantel,lightgbm_if_lag,2017-07-26 02:00:00,2017-07-26 03:00:00,2,5.276522286138652,2017-07-26 03:00:00,,after_hours,A,False
Bull_office_Chantel,lightgbm_if_lag,2017-07-29 13:00:00,2017-07-29 14:00:00,2,5.56067637937767,2017-07-29 13:00:00,,after_hours,A,False
Bull_office_Chantel,lightgbm_if_lag,2017-07-30 14:00:00,2017-07-30 22:00:00,9,5.8975794349047295,2017-07-30 18:00:00,,after_hours,A,False
Bull_office_Chantel,lightgbm_if_lag,2017-08-01 19:00:00,2017-08-01 19:00:00,1,5.1678546421977565,2017-08-01 19:00:00,,after_hours,A,False
Bull_office_Chantel,lightgbm_if_lag,2017-08-05 13:00:00,2017-08-05 15:00:00,3,8.511541995752218,2017-08-05 14:00:00,,after_hours,A,False
Bull_office_Chantel,lightgbm_if_lag,2017-08-08 13:00:00,2017-08-08 13:00:00,1,42.58690188304715,2017-08-08 13:00:00,,spike,A,False
Bull_office_Chantel,lightgbm_if_lag,2017-08-12 15:00:00,2017-08-12 16:00:00,2,5.177464922323779,2017-08-12 16:00:00,,after_hours,A,False
Bull_office_Chantel,lightgbm_if_lag,2017-08-12 19:00:00,2017-08-12 21:00:00,3,5.521853622616857,2017-08-12 19:00:00,,after_hours,A,False
Bull_office_Chantel,lightgbm_if_lag,2017-09-01 15:00:00,2017-09-01 17:00:00,3,4.501674849294025,2017-09-01 17:00:00,,spike,A,False
Bull_office_Chantel,lightgbm_if_lag,2017-09-02 01:00:00,2017-09-02 03:00:00,3,5.553753224435986,2017-09-02 01:00:00,,after_hours,A,False
Bull_office_Chantel,lightgbm_if_lag,2017-09-02 06:00:00,2017-09-02 09:00:00,4,5.264272844041544,2017-09-02 06:00:00,,after_hours,A,False
Bull_office_Chantel,lightgbm_if_lag,2017-09-09 01:00:00,2017-09-09 06:00:00,6,5.997874475224813,2017-09-09 02:00:00,,after_hours,A,False
Bull_office_Chantel,lightgbm_if_lag,2017-09-09 16:00:00,2017-09-09 19:00:00,4,6.180317947480705,2017-09-09 17:00:00,,after_hours,A,False
Bull_office_Chantel,lightgbm_if_lag,2017-10-06 15:00:00,2017-10-08 01:00:00,35,10.002151190848052,2017-10-07 17:00:00,,after_hours,A,False
Bull_office_Chantel,lightgbm_if_lag,2017-10-20 16:00:00,2017-10-20 20:00:00,5,4.7041293337381385,2017-10-20 17:00:00,,spike,A,True
Bull_office_Chantel,lightgbm_if_lag,2017-10-20 23:00:00,2017-10-21 16:00:00,18,6.450311094096912,2017-10-21 09:00:00,,after_hours,A,True
Bull_office_Chantel,lightgbm_if_lag,2017-11-05 21:00:00,2017-11-05 21:00:00,1,4.513673483619843,2017-11-05 21:00:00,,after_hours,A,True
Bull_office_Chantel,lightgbm_if_lag,2017-11-10 10:00:00,2017-11-10 12:00:00,3,5.137247500501986,2017-11-10 11:00:00,,after_hours,A,True
Bull_office_Chantel,lightgbm_if_lag,2017-11-10 15:00:00,2017-11-11 01:00:00,11,6.278508830149945,2017-11-10 16:00:00,,after_hours,A,True
Bull_office_Chantel,lightgbm_if_lag,2017-11-11 16:00:00,2017-11-11 16:00:00,1,4.5837849392258585,2017-11-11 16:00:00,,after_hours,A,True
Bull_office_Chantel,lightgbm_if_lag,2017-11-11 21:00:00,2017-11-11 23:00:00,3,7.87276018737769,2017-11-11 22:00:00,,after_hours,A,True
Bull_office_Chantel,lightgbm_if_lag,2017-11-13 01:00:00,2017-11-13 04:00:00,4,4.583202019735373,2017-11-13 03:00:00,,after_hours,A,True
Bull_office_Chantel,lightgbm_if_lag,2017-11-13 18:00:00,2017-11-13 18:00:00,1,4.380168312563837,2017-11-13 18:00:00,,spike,A,True
Bull_office_Chantel,lightgbm_if_lag,2017-11-20 11:00:00,2017-11-20 11:00:00,1,19.585516716261864,2017-11-20 11:00:00,,spike,A,False
Bull_office_Chantel,lightgbm_if_lag,2017-11-24 05:00:00,2017-11-24 05:00:00,1,8.039862823113975,2017-11-24 05:00:00,,after_hours,A,False
Bull_office_Chantel,lightgbm_if_lag,2017-11-24 10:00:00,2017-11-24 10:00:00,1,47.1462469736526,2017-11-24 10:00:00,,spike,A,False
Bull_office_Chantel,lightgbm_if_lag,2017-11-24 18:00:00,2017-11-24 18:00:00,1,5.303904047637525,2017-11-24 18:00:00,,spike,A,False
Bull_office_Chantel,lightgbm_if_lag,2017-11-28 13:00:00,2017-11-28 13:00:00,1,6.520067521254461,2017-11-28 13:00:00,,spike,A,False
Bull_office_Chantel,lightgbm_if_lag,2017-12-11 23:00:00,2017-12-11 23:00:00,1,5.497563633053338,2017-12-11 23:00:00,,after_hours,A,False
Bull_office_Chantel,lightgbm_if_lag,2017-12-19 18:00:00,2017-12-19 23:00:00,6,7.26970249004829,2017-12-19 19:00:00,,after_hours,A,False
Bull_office_Chantel,lightgbm_if_lag,2017-12-20 13:00:00,2017-12-20 17:00:00,5,5.9244556857062385,2017-12-20 17:00:00,,spike,A,False
Bull_office_Lilla,lightgbm_if_lag,2017-01-02 04:00:00,2017-01-02 23:00:00,20,12.341811233163163,2017-01-02 17:00:00,,after_hours,A,False
Bull_office_Lilla,lightgbm_if_lag,2017-01-07 00:00:00,2017-01-09 02:00:00,51,17.32025827341085,2017-01-08 16:00:00,,after_hours,A,False
Bull_office_Lilla,lightgbm_if_lag,2017-01-14 10:00:00,2017-01-14 20:00:00,11,6.608083215727067,2017-01-14 18:00:00,,after_hours,A,False
Bull_office_Lilla,lightgbm_if_lag,2017-01-15 15:00:00,2017-01-15 21:00:00,7,6.467226051310357,2017-01-15 19:00:00,,after_hours,A,False
Bull_office_Lilla,lightgbm_if_lag,2017-01-19 14:00:00,2017-01-19 14:00:00,1,15.997014463019806,2017-01-19 14:00:00,,spike,A,False
Bull_office_Lilla,lightgbm_if_lag,2017-02-05 13:00:00,2017-02-05 22:00:00,10,6.021631829624233,2017-02-05 16:00:00,,after_hours,A,True
Bull_office_Lilla,lightgbm_if_lag,2017-03-24 21:00:00,2017-03-25 05:00:00,9,9.264835216031733,2017-03-25 02:00:00,,after_hours,A,True
Bull_office_Lilla,lightgbm_if_lag,2017-03-25 16:00:00,2017-03-25 19:00:00,4,5.383959203303829,2017-03-25 18:00:00,,after_hours,A,False
Bull_office_Lilla,lightgbm_if_lag,2017-04-20 07:00:00,2017-04-20 07:00:00,1,16.057635297906554,2017-04-20 07:00:00,,spike,A,False
Bull_office_Lilla,lightgbm_if_lag,2017-05-29 08:00:00,2017-05-29 09:00:00,2,4.801387370665264,2017-05-29 09:00:00,,after_hours,A,False
Bull_office_Lilla,lightgbm_if_lag,2017-07-04 07:00:00,2017-07-04 09:00:00,3,6.346536531191368,2017-07-04 09:00:00,,after_hours,A,False
Bull_office_Lilla,lightgbm_if_lag,2017-07-25 16:00:00,2017-07-25 16:00:00,1,14.873716428809741,2017-07-25 16:00:00,,spike,A,False
Bull_office_Lilla,lightgbm_if_lag,2017-07-30 05:00:00,2017-07-30 05:00:00,1,21.149052171433556,2017-07-30 05:00:00,,after_hours,A,True
Bull_office_Lilla,lightgbm_if_lag,2017-08-08 13:00:00,2017-08-08 13:00:00,1,24.96242759056067,2017-08-08 13:00:00,,spike,A,False
Bull_office_Lilla,lightgbm_if_lag,2017-08-27 07:00:00,2017-08-27 08:00:00,2,28.116076469801296,2017-08-27 07:00:00,,after_hours,A,True
Bull_office_Lilla,lightgbm_if_lag,2017-08-28 01:00:00,2017-08-28 13:00:00,13,9.329456240448282,2017-08-28 05:00:00,,spike,A,False
Bull_office_Lilla,lightgbm_if_lag,2017-09-04 07:00:00,2017-09-04 09:00:00,3,6.721670395905024,2017-09-04 09:00:00,,after_hours,A,False
Bull_office_Lilla,lightgbm_if_lag,2017-10-02 17:00:00,2017-10-02 17:00:00,1,23.551601861644993,2017-10-02 17:00:00,,spike,A,False
Bull_office_Lilla,lightgbm_if_lag,2017-10-09 07:00:00,2017-10-09 10:00:00,4,9.208412273996835,2017-10-09 09:00:00,,after_hours,A,False
Bull_office_Lilla,lightgbm_if_lag,2017-10-09 15:00:00,2017-10-09 15:00:00,1,4.298635651731316,2017-10-09 15:00:00,,after_hours,A,False
Bull_office_Lilla,lightgbm_if_lag,2017-10-22 08:00:00,2017-10-22 12:00:00,5,11.463987670885613,2017-10-22 09:00:00,,after_hours,A,True
Bull_office_Lilla,lightgbm_if_lag,2017-10-22 15:00:00,2017-10-22 18:00:00,4,5.44054177163355,2017-10-22 18:00:00,,after_hours,A,True
Bull_office_Lilla,lightgbm_if_lag,2017-10-23 08:00:00,2017-10-23 13:00:00,6,5.7497664624885685,2017-10-23 10:00:00,,spike,A,False
Bull_office_Lilla,lightgbm_if_lag,2017-10-28 08:00:00,2017-10-28 08:00:00,1,4.054116116834861,2017-10-28 08:00:00,,after_hours,A,False
Bull_office_Lilla,lightgbm_if_lag,2017-10-29 11:00:00,2017-10-29 17:00:00,7,6.276428431717714,2017-10-29 14:00:00,,after_hours,A,False
Bull_office_Lilla,lightgbm_if_lag,2017-11-10 07:00:00,2017-11-10 09:00:00,3,8.280370241832658,2017-11-10 09:00:00,,after_hours,A,False
Bull_office_Lilla,lightgbm_if_lag,2017-11-20 11:00:00,2017-11-20 11:00:00,1,33.41310164876977,2017-11-20 11:00:00,,spike,A,False
Bull_office_Lilla,lightgbm_if_lag,2017-11-24 05:00:00,2017-11-24 05:00:00,1,10.703590832375815,2017-11-24 05:00:00,,after_hours,A,False
Bull_office_Lilla,lightgbm_if_lag,2017-11-24 10:00:00,2017-11-24 10:00:00,1,73.88577362263007,2017-11-24 10:00:00,,spike,A,False
Bull_office_Lilla,lightgbm_if_lag,2017-11-28 13:00:00,2017-11-28 13:00:00,1,14.080101611303583,2017-11-28 13:00:00,,spike,A,False
Bull_office_Lilla,lightgbm_if_lag,2017-12-07 10:00:00,2017-12-07 10:00:00,1,8.91981066826921,2017-12-07 10:00:00,,spike,A,False
Bull_office_Lilla,lightgbm_if_lag,2017-12-09 13:00:00,2017-12-09 17:00:00,5,6.421265982172931,2017-12-09 14:00:00,,after_hours,A,False
Bull_office_Rob,lightgbm_if_lag,2017-01-03 06:00:00,2017-01-03 15:00:00,10,12.867967281520073,2017-01-03 08:00:00,,spike,A,False
Bull_office_Rob,lightgbm_if_lag,2017-01-07 07:00:00,2017-01-07 18:00:00,12,9.407851915535002,2017-01-07 13:00:00,,after_hours,A,False
Bull_office_Rob,lightgbm_if_lag,2017-01-10 01:00:00,2017-01-10 01:00:00,1,4.036812765477422,2017-01-10 01:00:00,,after_hours,A,False
Bull_office_Rob,lightgbm_if_lag,2017-01-11 00:00:00,2017-01-11 00:00:00,1,4.561288262339695,2017-01-11 00:00:00,,after_hours,A,False
Bull_office_Rob,lightgbm_if_lag,2017-01-14 08:00:00,2017-01-14 09:00:00,2,4.248723977409016,2017-01-14 09:00:00,,after_hours,A,False
Bull_office_Rob,lightgbm_if_lag,2017-01-14 12:00:00,2017-01-14 12:00:00,1,4.02490534822239,2017-01-14 12:00:00,,after_hours,A,False
Bull_office_Rob,lightgbm_if_lag,2017-01-16 06:00:00,2017-01-16 06:00:00,1,4.041372437584953,2017-01-16 06:00:00,,after_hours,A,False
Bull_office_Rob,lightgbm_if_lag,2017-01-16 19:00:00,2017-01-16 20:00:00,2,5.155202759993894,2017-01-16 20:00:00,,after_hours,A,False
Bull_office_Rob,lightgbm_if_lag,2017-01-18 18:00:00,2017-01-18 21:00:00,4,6.611794784227478,2017-01-18 20:00:00,,after_hours,A,False
Bull_office_Rob,lightgbm_if_lag,2017-01-22 15:00:00,2017-01-22 21:00:00,7,5.31286390650739,2017-01-22 15:00:00,,after_hours,A,False
Bull_office_Rob,lightgbm_if_lag,2017-02-20 06:00:00,2017-02-20 22:00:00,17,16.090462914160433,2017-02-20 12:00:00,,after_hours,A,False
Bull_office_Rob,lightgbm_if_lag,2017-02-21 08:00:00,2017-02-21 10:00:00,3,7.001255837719916,2017-02-21 10:00:00,,spike,A,False
Bull_office_Rob,lightgbm_if_lag,2017-03-03 21:00:00,2017-03-03 21:00:00,1,4.063847983349756,2017-03-03 21:00:00,,after_hours,A,False
Bull_office_Rob,lightgbm_if_lag,2017-03-04 01:00:00,2017-03-04 01:00:00,1,4.454308010409863,2017-03-04 01:00:00,,after_hours,A,False
Bull_office_Rob,lightgbm_if_lag,2017-03-04 05:00:00,2017-03-04 05:00:00,1,4.050806725003124,2017-03-04 05:00:00,,after_hours,A,False
Bull_office_Rob,lightgbm_if_lag,2017-03-19 19:00:00,2017-03-19 19:00:00,1,4.8197924452026255,2017-03-19 19:00:00,,after_hours,A,False
Bull_office_Rob,lightgbm_if_lag,2017-03-22 20:00:00,2017-03-23 05:00:00,10,25.185544672374846,2017-03-23 03:00:00,,after_hours,A,True
Bull_office_Rob,lightgbm_if_lag,2017-03-23 16:00:00,2017-03-23 18:00:00,3,5.8550884806628805,2017-03-23 16:00:00,,spike,A,False
Bull_office_Rob,lightgbm_if_lag,2017-03-24 01:00:00,2017-03-24 01:00:00,1,4.245396313060999,2017-03-24 01:00:00,,after_hours,A,False
Bull_office_Rob,lightgbm_if_lag,2017-03-24 21:00:00,2017-03-25 07:00:00,11,10.817667495583601,2017-03-24 23:00:00,,after_hours,A,False
Bull_office_Rob,lightgbm_if_lag,2017-03-26 20:00:00,2017-03-27 05:00:00,10,7.522498502962228,2017-03-26 22:00:00,,after_hours,A,False
Bull_office_Rob,lightgbm_if_lag,2017-03-28 00:00:00,2017-03-28 02:00:00,3,4.292662861485518,2017-03-28 00:00:00,,after_hours,A,False
Bull_office_Rob,lightgbm_if_lag,2017-04-01 11:00:00,2017-04-01 14:00:00,4,5.160903739904834,2017-04-01 14:00:00,,after_hours,A,False
Bull_office_Rob,lightgbm_if_lag,2017-04-01 19:00:00,2017-04-01 22:00:00,4,5.562778589689943,2017-04-01 21:00:00,,after_hours,A,False
Bull_office_Rob,lightgbm_if_lag,2017-04-20 07:00:00,2017-04-20 07:00:00,1,18.174287229311982,2017-04-20 07:00:00,,spike,A,False
Bull_office_Rob,lightgbm_if_lag,2017-04-21 05:00:00,2017-04-21 05:00:00,1,4.083989597009899,2017-04-21 05:00:00,,after_hours,A,False
Bull_office_Rob,lightgbm_if_lag,2017-04-26 03:00:00,2017-04-26 05:00:00,3,4.530585046146738,2017-04-26 03:00:00,,after_hours,A,False
Bull_office_Rob,lightgbm_if_lag,2017-05-12 23:00:00,2017-05-13 02:00:00,4,5.366039011628956,2017-05-13 01:00:00,,after_hours,A,False
Bull_office_Rob,lightgbm_if_lag,2017-05-13 05:00:00,2017-05-13 05:00:00,1,4.072369136530253,2017-05-13 05:00:00,,after_hours,A,False
Bull_office_Rob,lightgbm_if_lag,2017-05-14 22:00:00,2017-05-14 22:00:00,1,4.058944714407098,2017-05-14 22:00:00,,after_hours,A,False
Bull_office_Rob,lightgbm_if_lag,2017-05-16 09:00:00,2017-05-16 09:00:00,1,4.096534175772321,2017-05-16 09:00:00,,spike,A,False
Bull_office_Rob,lightgbm_if_lag,2017-05-16 13:00:00,2017-05-16 13:00:00,1,4.282524774037507,2017-05-16 13:00:00,,spike,A,False
Bull_office_Rob,lightgbm_if_lag,2017-05-20 12:00:00,2017-05-20 12:00:00,1,4.427283957036276,2017-05-20 12:00:00,,after_hours,A,False
Bull_office_Rob,lightgbm_if_lag,2017-05-23 00:00:00,2017-05-23 02:00:00,3,4.819735540955137,2017-05-23 02:00:00,,after_hours,A,False
Bull_office_Rob,lightgbm_if_lag,2017-05-27 08:00:00,2017-05-27 18:00:00,11,18.04640846169778,2017-05-27 10:00:00,,after_hours,A,True
Bull_office_Rob,lightgbm_if_lag,2017-05-28 17:00:00,2017-05-28 17:00:00,1,4.544675168144136,2017-05-28 17:00:00,,after_hours,A,False
Bull_office_Rob,lightgbm_if_lag,2017-05-29 06:00:00,2017-05-29 06:00:00,1,4.964188431769108,2017-05-29 06:00:00,,after_hours,A,False
Bull_office_Rob,lightgbm_if_lag,2017-06-01 21:00:00,2017-06-01 21:00:00,1,4.367176349682119,2017-06-01 21:00:00,,after_hours,A,False
Bull_office_Rob,lightgbm_if_lag,2017-06-17 20:00:00,2017-06-17 20:00:00,1,4.598485454711715,2017-06-17 20:00:00,,after_hours,A,False
Bull_office_Rob,lightgbm_if_lag,2017-07-04 06:00:00,2017-07-04 06:00:00,1,6.552411446099446,2017-07-04 06:00:00,,after_hours,A,False
Bull_office_Rob,lightgbm_if_lag,2017-07-04 20:00:00,2017-07-04 20:00:00,1,4.333736784102316,2017-07-04 20:00:00,,after_hours,A,False
Bull_office_Rob,lightgbm_if_lag,2017-08-08 13:00:00,2017-08-08 13:00:00,1,52.73597885341258,2017-08-08 13:00:00,,spike,A,False
Bull_office_Rob,lightgbm_if_lag,2017-08-29 21:00:00,2017-08-30 01:00:00,5,6.348996173167907,2017-08-29 22:00:00,,after_hours,A,False
Bull_office_Rob,lightgbm_if_lag,2017-09-03 19:00:00,2017-09-03 22:00:00,4,6.482338945918101,2017-09-03 20:00:00,,after_hours,A,False
Bull_office_Rob,lightgbm_if_lag,2017-09-04 06:00:00,2017-09-04 06:00:00,1,6.4855143029412154,2017-09-04 06:00:00,,after_hours,A,False
Bull_office_Rob,lightgbm_if_lag,2017-09-04 20:00:00,2017-09-04 20:00:00,1,6.8929824279925525,2017-09-04 20:00:00,,after_hours,A,False
Bull_office_Rob,lightgbm_if_lag,2017-09-05 22:00:00,2017-09-05 22:00:00,1,5.348308941137354,2017-09-05 22:00:00,,after_hours,A,False
Bull_office_Rob,lightgbm_if_lag,2017-09-06 22:00:00,2017-09-06 22:00:00,1,6.1364285600644735,2017-09-06 22:00:00,,after_hours,A,False
Bull_office_Rob,lightgbm_if_lag,2017-09-15 23:00:00,2017-09-15 23:00:00,1,4.386859518178639,2017-09-15 23:00:00,,after_hours,A,False
Bull_office_Rob,lightgbm_if_lag,2017-09-16 06:00:00,2017-09-16 06:00:00,1,4.130028144019275,2017-09-16 06:00:00,,after_hours,A,False
Bull_office_Rob,lightgbm_if_lag,2017-09-17 22:00:00,2017-09-17 22:00:00,1,22.58332595351683,2017-09-17 22:00:00,,after_hours,A,True
Bull_office_Rob,lightgbm_if_lag,2017-10-09 06:00:00,2017-10-09 20:00:00,15,17.65534570945474,2017-10-09 20:00:00,,after_hours,A,False
Bull_office_Rob,lightgbm_if_lag,2017-11-07 19:00:00,2017-11-07 19:00:00,1,4.804728928977953,2017-11-07 19:00:00,,after_hours,A,False
Bull_office_Rob,lightgbm_if_lag,2017-11-08 01:00:00,2017-11-08 02:00:00,2,4.7048811604348595,2017-11-08 01:00:00,,after_hours,A,False
Bull_office_Rob,lightgbm_if_lag,2017-11-10 06:00:00,2017-11-10 06:00:00,1,4.823006758531873,2017-11-10 06:00:00,,after_hours,A,False
Bull_office_Rob,lightgbm_if_lag,2017-11-10 09:00:00,2017-11-10 20:00:00,12,12.437468625204085,2017-11-10 12:00:00,,after_hours,A,False
Bull_office_Rob,lightgbm_if_lag,2017-11-20 11:00:00,2017-11-20 11:00:00,1,33.44104841192356,2017-11-20 11:00:00,,spike,A,False
Bull_office_Rob,lightgbm_if_lag,2017-11-24 05:00:00,2017-11-24 05:00:00,1,16.43996363282978,2017-11-24 05:00:00,,after_hours,A,False
Bull_office_Rob,lightgbm_if_lag,2017-11-24 10:00:00,2017-11-24 10:00:00,1,51.617313497995795,2017-11-24 10:00:00,,spike,A,False
Bull_office_Rob,lightgbm_if_lag,2017-11-28 13:00:00,2017-11-28 13:00:00,1,12.992071266260295,2017-11-28 13:00:00,,spike,A,False
Bull_office_Rob,lightgbm_if_lag,2017-11-28 21:00:00,2017-11-28 21:00:00,1,4.562419328994634,2017-11-28 21:00:00,,after_hours,A,False
Bull_office_Rob,lightgbm_if_lag,2017-12-06 20:00:00,2017-12-06 21:00:00,2,14.188329700861317,2017-12-06 21:00:00,,after_hours,A,True
Bull_office_Rob,lightgbm_if_lag,2017-12-07 10:00:00,2017-12-07 11:00:00,2,5.030767816181272,2017-12-07 11:00:00,,spike,A,False
Bull_office_Rob,lightgbm_if_lag,2017-12-29 23:00:00,2017-12-29 23:00:00,1,5.318196174038879,2017-12-29 23:00:00,,after_hours,A,False
Bull_office_Rob,lightgbm_if_lag,2017-12-31 14:00:00,2017-12-31 14:00:00,1,4.057261930454376,2017-12-31 14:00:00,,after_hours,A,False
Bull_office_Rob,lightgbm_if_lag,2017-12-31 19:00:00,2017-12-31 22:00:00,4,4.497557298002517,2017-12-31 19:00:00,,after_hours,A,False
Eagle_office_Demetra,lightgbm_if_lag,2017-01-02 12:00:00,2017-01-02 22:00:00,11,8.659528637337617,2017-01-02 14:00:00,,after_hours,A,False
Eagle_office_Demetra,lightgbm_if_lag,2017-01-07 00:00:00,2017-01-07 05:00:00,6,46.325255037515674,2017-01-07 00:00:00,,after_hours,A,False
Eagle_office_Demetra,lightgbm_if_lag,2017-01-07 12:00:00,2017-01-08 05:00:00,18,48.71290643088514,2017-01-07 19:00:00,,after_hours,A,False
Eagle_office_Demetra,lightgbm_if_lag,2017-01-08 14:00:00,2017-01-08 23:00:00,10,40.19252708111799,2017-01-08 19:00:00,,after_hours,A,False
Eagle_office_Demetra,lightgbm_if_lag,2017-01-10 00:00:00,2017-01-10 04:00:00,5,6.234933488205564,2017-01-10 00:00:00,,after_hours,A,False
Eagle_office_Demetra,lightgbm_if_lag,2017-01-14 00:00:00,2017-01-14 04:00:00,5,34.91927790531493,2017-01-14 00:00:00,,after_hours,A,False
Eagle_office_Demetra,lightgbm_if_lag,2017-01-14 12:00:00,2017-01-15 04:00:00,17,46.272990531586224,2017-01-14 19:00:00,,after_hours,A,False
Eagle_office_Demetra,lightgbm_if_lag,2017-01-15 12:00:00,2017-01-16 04:00:00,17,62.070142926491734,2017-01-15 16:00:00,,after_hours,A,False
Eagle_office_Demetra,lightgbm_if_lag,2017-01-16 12:00:00,2017-01-16 23:00:00,12,85.90193530131438,2017-01-16 14:00:00,,after_hours,A,False
Eagle_office_Demetra,lightgbm_if_lag,2017-01-20 05:00:00,2017-01-20 05:00:00,1,5.883306621948766,2017-01-20 05:00:00,,after_hours,A,False
Eagle_office_Demetra,lightgbm_if_lag,2017-01-21 12:00:00,2017-01-21 17:00:00,6,9.633010137352999,2017-01-21 15:00:00,,after_hours,A,False
Eagle_office_Demetra,lightgbm_if_lag,2017-02-03 11:00:00,2017-02-03 11:00:00,1,12.05892882028091,2017-02-03 11:00:00,,spike,A,False
Eagle_office_Demetra,lightgbm_if_lag,2017-02-20 08:00:00,2017-02-20 08:00:00,1,5.749726147479786,2017-02-20 08:00:00,,after_hours,A,False
Eagle_office_Demetra,lightgbm_if_lag,2017-02-20 14:00:00,2017-02-20 22:00:00,9,8.788637525503407,2017-02-20 14:00:00,,after_hours,A,False
Eagle_office_Demetra,lightgbm_if_lag,2017-03-01 08:00:00,2017-03-01 08:00:00,1,11.045952879787341,2017-03-01 08:00:00,,spike,A,False
Eagle_office_Demetra,lightgbm_if_lag,2017-03-05 05:00:00,2017-03-05 11:00:00,7,14.70459722128261,2017-03-05 10:00:00,,after_hours,A,False
Eagle_office_Demetra,lightgbm_if_lag,2017-03-05 16:00:00,2017-03-05 16:00:00,1,6.391494924859004,2017-03-05 16:00:00,,after_hours,A,False
Eagle_office_Demetra,lightgbm_if_lag,2017-03-12 11:00:00,2017-03-12 11:00:00,1,34.08836587294408,2017-03-12 11:00:00,,after_hours,A,False
Eagle_office_Demetra,lightgbm_if_lag,2017-03-13 11:00:00,2017-03-13 11:00:00,1,31.25521979947039,2017-03-13 11:00:00,,spike,A,False
Eagle_office_Demetra,lightgbm_if_lag,2017-03-14 09:00:00,2017-03-14 11:00:00,3,35.5581601246218,2017-03-14 11:00:00,,spike,A,False
Eagle_office_Demetra,lightgbm_if_lag,2017-03-15 11:00:00,2017-03-15 13:00:00,3,19.974137420070697,2017-03-15 11:00:00,,spike,A,False
Eagle_office_Demetra,lightgbm_if_lag,2017-03-16 11:00:00,2017-03-16 16:00:00,6,36.12988899470273,2017-03-16 11:00:00,,spike,A,False
Eagle_office_Demetra,lightgbm_if_lag,2017-03-17 10:00:00,2017-03-17 20:00:00,11,39.419830360629156,2017-03-17 11:00:00,,spike,A,False
Eagle_office_Demetra,lightgbm_if_lag,2017-03-18 10:00:00,2017-03-18 11:00:00,2,38.08175682351469,2017-03-18 11:00:00,,after_hours,A,False
Eagle_office_Demetra,lightgbm_if_lag,2017-03-20 11:00:00,2017-03-20 11:00:00,1,21.80893287932596,2017-03-20 11:00:00,,spike,A,False
Eagle_office_Demetra,lightgbm_if_lag,2017-03-21 10:00:00,2017-03-21 13:00:00,4,26.231523753349677,2017-03-21 11:00:00,,spike,A,False
Eagle_office_Demetra,lightgbm_if_lag,2017-03-22 10:00:00,2017-03-22 11:00:00,2,31.10599254194407,2017-03-22 11:00:00,,spike,A,False
Eagle_office_Demetra,lightgbm_if_lag,2017-03-23 11:00:00,2017-03-23 11:00:00,1,23.8844584876918,2017-03-23 11:00:00,,spike,A,False
Eagle_office_Demetra,lightgbm_if_lag,2017-03-24 08:00:00,2017-03-24 11:00:00,4,24.700622393642437,2017-03-24 11:00:00,,spike,A,False
Eagle_office_Demetra,lightgbm_if_lag,2017-03-25 11:00:00,2017-03-25 11:00:00,1,14.084128093368005,2017-03-25 11:00:00,,after_hours,A,False
Eagle_office_Demetra,lightgbm_if_lag,2017-03-27 11:00:00,2017-03-27 11:00:00,1,12.534185924764568,2017-03-27 11:00:00,,spike,A,False
Eagle_office_Demetra,lightgbm_if_lag,2017-03-31 10:00:00,2017-03-31 10:00:00,1,8.162807873020077,2017-03-31 10:00:00,,spike,A,False
Eagle_office_Demetra,lightgbm_if_lag,2017-04-02 04:00:00,2017-04-02 04:00:00,1,6.244409062323835,2017-04-02 04:00:00,,after_hours,A,False
Eagle_office_Demetra,lightgbm_if_lag,2017-05-10 05:00:00,2017-05-10 06:00:00,2,26.685562418075666,2017-05-10 06:00:00,,after_hours,A,False
Eagle_office_Demetra,lightgbm_if_lag,2017-05-10 10:00:00,2017-05-10 10:00:00,1,8.154240091768893,2017-05-10 10:00:00,,spike,A,False
Eagle_office_Demetra,lightgbm_if_lag,2017-05-11 04:00:00,2017-05-11 06:00:00,3,26.720870207368908,2017-05-11 04:00:00,,after_hours,A,False
Eagle_office_Demetra,lightgbm_if_lag,2017-05-12 04:00:00,2017-05-12 06:00:00,3,26.037448573746424,2017-05-12 06:00:00,,after_hours,A,False
Eagle_office_Demetra,lightgbm_if_lag,2017-05-13 04:00:00,2017-05-13 06:00:00,3,27.274845691447258,2017-05-13 06:00:00,,after_hours,A,False
Eagle_office_Demetra,lightgbm_if_lag,2017-05-14 04:00:00,2017-05-14 05:00:00,2,29.307270848653793,2017-05-14 04:00:00,,after_hours,A,False
Eagle_office_Demetra,lightgbm_if_lag,2017-05-20 06:00:00,2017-05-20 10:00:00,5,33.1159179592385,2017-05-20 10:00:00,,after_hours,A,False
Eagle_office_Demetra,lightgbm_if_lag,2017-05-22 04:00:00,2017-05-22 04:00:00,1,30.079205386945794,2017-05-22 04:00:00,,after_hours,A,False
Eagle_office_Demetra,lightgbm_if_lag,2017-08-04 10:00:00,2017-08-04 10:00:00,1,9.6727995498811,2017-08-04 10:00:00,,spike,A,False
Eagle_office_Demetra,lightgbm_if_lag,2017-08-11 12:00:00,2017-08-11 12:00:00,1,6.8461772924052235,2017-08-11 12:00:00,,spike,A,False
Eagle_office_Demetra,lightgbm_if_lag,2017-08-29 10:00:00,2017-08-29 11:00:00,2,12.651953967918114,2017-08-29 10:00:00,,spike,A,False
Eagle_office_Demetra,lightgbm_if_lag,2017-08-31 04:00:00,2017-08-31 07:00:00,4,5.888043024050337,2017-08-31 05:00:00,,after_hours,A,False
Eagle_office_Demetra,lightgbm_if_lag,2017-09-04 13:00:00,2017-09-04 21:00:00,9,9.284004206757741,2017-09-04 15:00:00,,after_hours,A,False
Eagle_office_Demetra,lightgbm_if_lag,2017-09-07 21:00:00,2017-09-07 22:00:00,2,20.345944616078928,2017-09-07 21:00:00,,after_hours,A,True
Eagle_office_Demetra,lightgbm_if_lag,2017-10-09 06:00:00,2017-10-09 06:00:00,1,6.18426708605168,2017-10-09 06:00:00,,after_hours,A,False
Eagle_office_Demetra,lightgbm_if_lag,2017-10-12 10:00:00,2017-10-12 10:00:00,1,10.564633872645498,2017-10-12 10:00:00,,spike,A,False
Eagle_office_Demetra,lightgbm_if_lag,2017-10-23 10:00:00,2017-10-23 10:00:00,1,13.189556612887683,2017-10-23 10:00:00,,spike,A,False
Eagle_office_Demetra,lightgbm_if_lag,2017-11-06 04:00:00,2017-11-06 04:00:00,1,31.881306947887904,2017-11-06 04:00:00,,after_hours,A,False
Eagle_office_Demetra,lightgbm_if_lag,2017-11-07 04:00:00,2017-11-07 04:00:00,1,29.010677399347923,2017-11-07 04:00:00,,after_hours,A,False
Eagle_office_Demetra,lightgbm_if_lag,2017-11-08 04:00:00,2017-11-08 04:00:00,1,32.86935078167233,2017-11-08 04:00:00,,after_hours,A,False
Eagle_office_Demetra,lightgbm_if_lag,2017-11-09 04:00:00,2017-11-09 04:00:00,1,32.26867807368737,2017-11-09 04:00:00,,after_hours,A,False
Eagle_office_Demetra,lightgbm_if_lag,2017-11-10 04:00:00,2017-11-10 10:00:00,7,38.72841168678069,2017-11-10 04:00:00,,after_hours,A,False
Eagle_office_Demetra,lightgbm_if_lag,2017-11-10 15:00:00,2017-11-10 22:00:00,8,6.635173094353178,2017-11-10 17:00:00,,after_hours,A,False
Eagle_office_Demetra,lightgbm_if_lag,2017-11-11 01:00:00,2017-11-11 08:00:00,8,43.81672218097557,2017-11-11 04:00:00,,after_hours,A,False
Eagle_office_Demetra,lightgbm_if_lag,2017-11-12 04:00:00,2017-11-12 04:00:00,1,40.71344596387219,2017-11-12 04:00:00,,after_hours,A,False
Eagle_office_Demetra,lightgbm_if_lag,2017-11-13 04:00:00,2017-11-13 04:00:00,1,25.335408985534762,2017-11-13 04:00:00,,after_hours,A,False
Eagle_office_Demetra,lightgbm_if_lag,2017-11-14 04:00:00,2017-11-14 04:00:00,1,23.907585908087785,2017-11-14 04:00:00,,after_hours,A,False
Eagle_office_Demetra,lightgbm_if_lag,2017-11-15 04:00:00,2017-11-15 04:00:00,1,23.8869364520912,2017-11-15 04:00:00,,after_hours,A,False
Eagle_office_Demetra,lightgbm_if_lag,2017-11-16 04:00:00,2017-11-16 04:00:00,1,20.64203846712531,2017-11-16 04:00:00,,after_hours,A,False
Eagle_office_Demetra,lightgbm_if_lag,2017-11-17 04:00:00,2017-11-17 04:00:00,1,19.813647694095664,2017-11-17 04:00:00,,after_hours,A,False
Eagle_office_Demetra,lightgbm_if_lag,2017-11-18 04:00:00,2017-11-18 04:00:00,1,30.299940661537075,2017-11-18 04:00:00,,after_hours,A,False
Eagle_office_Demetra,lightgbm_if_lag,2017-11-20 04:00:00,2017-11-20 04:00:00,1,23.82839615978038,2017-11-20 04:00:00,,after_hours,A,False
Eagle_office_Demetra,lightgbm_if_lag,2017-11-21 04:00:00,2017-11-21 04:00:00,1,6.866101913048665,2017-11-21 04:00:00,,after_hours,A,False
Eagle_office_Demetra,lightgbm_if_lag,2017-11-23 11:00:00,2017-11-23 11:00:00,1,8.457398887008,2017-11-23 11:00:00,,after_hours,A,False
Eagle_office_Demetra,lightgbm_if_lag,2017-11-27 11:00:00,2017-11-27 11:00:00,1,7.057021830707625,2017-11-27 11:00:00,,spike,A,False
Eagle_office_Demetra,lightgbm_if_lag,2017-12-01 11:00:00,2017-12-01 11:00:00,1,11.122522579040442,2017-12-01 11:00:00,,spike,A,False
Eagle_office_Demetra,lightgbm_if_lag,2017-12-02 19:00:00,2017-12-03 01:00:00,7,6.035767998664894,2017-12-02 19:00:00,,after_hours,A,False
Eagle_office_Demetra,lightgbm_if_lag,2017-12-13 01:00:00,2017-12-13 03:00:00,3,32.36202971580016,2017-12-13 02:00:00,,after_hours,A,True
Eagle_office_Demetra,lightgbm_if_lag,2017-12-18 06:00:00,2017-12-18 06:00:00,1,14.522450757972262,2017-12-18 06:00:00,,after_hours,A,False
Eagle_office_Demetra,lightgbm_if_lag,2017-12-27 08:00:00,2017-12-27 12:00:00,5,8.732587936359344,2017-12-27 12:00:00,,spike,A,False
Eagle_office_Donovan,lightgbm_if_lag,2017-01-05 09:00:00,2017-01-05 23:00:00,15,15.649650372715005,2017-01-05 11:00:00,,spike,A,False
Eagle_office_Donovan,lightgbm_if_lag,2017-01-06 11:00:00,2017-01-09 06:00:00,68,95.85793677740871,2017-01-07 17:00:00,,after_hours,A,True
Eagle_office_Donovan,lightgbm_if_lag,2017-01-09 09:00:00,2017-01-10 01:00:00,17,13.872603559605816,2017-01-09 14:00:00,,spike,A,False
Eagle_office_Donovan,lightgbm_if_lag,2017-01-10 11:00:00,2017-01-11 03:00:00,17,10.139267000440881,2017-01-10 21:00:00,,after_hours,A,False
Eagle_office_Donovan,lightgbm_if_lag,2017-01-16 11:00:00,2017-01-16 23:00:00,13,11.858826976806732,2017-01-16 13:00:00,,after_hours,A,False
Eagle_office_Donovan,lightgbm_if_lag,2017-01-18 13:00:00,2017-01-18 13:00:00,1,8.02158790509721,2017-01-18 13:00:00,,spike,A,False
Eagle_office_Donovan,lightgbm_if_lag,2017-01-19 19:00:00,2017-01-19 21:00:00,3,8.06469766597731,2017-01-19 21:00:00,,after_hours,A,False
Eagle_office_Donovan,lightgbm_if_lag,2017-01-20 22:00:00,2017-01-21 01:00:00,4,8.587975677784357,2017-01-21 00:00:00,,after_hours,A,False
Eagle_office_Donovan,lightgbm_if_lag,2017-01-21 13:00:00,2017-01-21 18:00:00,6,10.093691187351126,2017-01-21 17:00:00,,after_hours,A,False
Eagle_office_Donovan,lightgbm_if_lag,2017-01-23 22:00:00,2017-01-24 01:00:00,4,8.207763666006462,2017-01-24 00:00:00,,after_hours,A,False
Eagle_office_Donovan,lightgbm_if_lag,2017-01-24 11:00:00,2017-01-24 17:00:00,7,8.081418917030609,2017-01-24 16:00:00,,spike,A,False
Eagle_office_Donovan,lightgbm_if_lag,2017-01-30 09:00:00,2017-01-30 11:00:00,3,7.960559181632213,2017-01-30 09:00:00,,spike,A,False
Eagle_office_Donovan,lightgbm_if_lag,2017-01-30 23:00:00,2017-01-30 23:00:00,1,8.313017476991842,2017-01-30 23:00:00,,after_hours,A,False
Eagle_office_Donovan,lightgbm_if_lag,2017-02-04 00:00:00,2017-02-04 08:00:00,9,10.893149785908065,2017-02-04 02:00:00,,after_hours,A,False
Eagle_office_Donovan,lightgbm_if_lag,2017-02-04 13:00:00,2017-02-04 16:00:00,4,15.175059255826842,2017-02-04 16:00:00,,after_hours,A,False
Eagle_office_Donovan,lightgbm_if_lag,2017-02-12 08:00:00,2017-02-12 15:00:00,8,16.14014185880539,2017-02-12 09:00:00,,after_hours,A,True
Eagle_office_Donovan,lightgbm_if_lag,2017-02-20 12:00:00,2017-02-20 23:00:00,12,19.075446222061586,2017-02-20 23:00:00,,after_hours,A,False
Eagle_office_Donovan,lightgbm_if_lag,2017-03-04 00:00:00,2017-03-04 11:00:00,12,8.798406141856113,2017-03-04 07:00:00,,after_hours,A,False
Eagle_office_Donovan,lightgbm_if_lag,2017-03-13 10:00:00,2017-03-13 10:00:00,1,12.620743659845393,2017-03-13 10:00:00,,spike,A,False
Eagle_office_Donovan,lightgbm_if_lag,2017-03-14 07:00:00,2017-03-14 10:00:00,4,14.886364905313227,2017-03-14 10:00:00,,spike,A,False
Eagle_office_Donovan,lightgbm_if_lag,2017-03-15 00:00:00,2017-03-15 17:00:00,18,13.441773198044574,2017-03-15 10:00:00,,spike,A,False
Eagle_office_Donovan,lightgbm_if_lag,2017-03-16 02:00:00,2017-03-16 20:00:00,19,13.13564999830708,2017-03-16 10:00:00,,spike,A,False
Eagle_office_Donovan,lightgbm_if_lag,2017-03-17 05:00:00,2017-03-17 20:00:00,16,12.60878508380957,2017-03-17 14:00:00,,spike,A,False
Eagle_office_Donovan,lightgbm_if_lag,2017-03-18 13:00:00,2017-03-18 23:00:00,11,19.333234519727405,2017-03-18 14:00:00,,after_hours,A,False
Eagle_office_Donovan,lightgbm_if_lag,2017-03-20 07:00:00,2017-03-20 10:00:00,4,10.646784862833847,2017-03-20 10:00:00,,spike,A,False
Eagle_office_Donovan,lightgbm_if_lag,2017-03-24 06:00:00,2017-03-24 16:00:00,11,8.843180721814685,2017-03-24 10:00:00,,spike,A,False
Eagle_office_Donovan,lightgbm_if_lag,2017-04-06 02:00:00,2017-04-06 02:00:00,1,10.610848547670415,2017-04-06 02:00:00,,after_hours,A,False
Eagle_office_Donovan,lightgbm_if_lag,2017-04-07 09:00:00,2017-04-07 09:00:00,1,7.900338303412603,2017-04-07 09:00:00,,spike,A,False
Eagle_office_Donovan,lightgbm_if_lag,2017-04-08 03:00:00,2017-04-08 10:00:00,8,8.00253335983821,2017-04-08 05:00:00,,after_hours,A,False
Eagle_office_Donovan,lightgbm_if_lag,2017-04-08 19:00:00,2017-04-08 19:00:00,1,7.942078651848896,2017-04-08 19:00:00,,after_hours,A,False
Eagle_office_Donovan,lightgbm_if_lag,2017-04-30 04:00:00,2017-04-30 05:00:00,2,26.45208580226197,2017-04-30 05:00:00,,after_hours,A,True
Eagle_office_Donovan,lightgbm_if_lag,2017-05-09 01:00:00,2017-05-09 10:00:00,10,20.412895410613945,2017-05-09 08:00:00,,after_hours,A,False
Eagle_office_Donovan,lightgbm_if_lag,2017-05-11 01:00:00,2017-05-11 10:00:00,10,21.04013080936167,2017-05-11 07:00:00,,after_hours,A,False
Eagle_office_Donovan,lightgbm_if_lag,2017-05-16 01:00:00,2017-05-16 09:00:00,9,17.488226458419977,2017-05-16 08:00:00,,after_hours,A,False
Eagle_office_Donovan,lightgbm_if_lag,2017-06-15 00:00:00,2017-06-15 09:00:00,10,28.540513009256774,2017-06-15 04:00:00,,after_hours,A,True
Eagle_office_Donovan,lightgbm_if_lag,2017-06-16 00:00:00,2017-06-16 09:00:00,10,9.6980323534302,2017-06-16 02:00:00,,after_hours,A,False
Eagle_office_Donovan,lightgbm_if_lag,2017-06-20 09:00:00,2017-06-20 09:00:00,1,13.214715884484669,2017-06-20 09:00:00,,spike,A,False
Eagle_office_Donovan,lightgbm_if_lag,2017-06-24 00:00:00,2017-06-24 00:00:00,1,10.483693962071925,2017-06-24 00:00:00,,after_hours,A,False
Eagle_office_Donovan,lightgbm_if_lag,2017-07-04 10:00:00,2017-07-04 14:00:00,5,13.103290044875544,2017-07-04 10:00:00,,after_hours,A,False
Eagle_office_Donovan,lightgbm_if_lag,2017-07-04 22:00:00,2017-07-04 22:00:00,1,12.455532556043346,2017-07-04 22:00:00,,after_hours,A,False
Eagle_office_Donovan,lightgbm_if_lag,2017-07-08 11:00:00,2017-07-08 14:00:00,4,14.995412875616442,2017-07-08 14:00:00,,after_hours,A,False
Eagle_office_Donovan,lightgbm_if_lag,2017-07-10 12:00:00,2017-07-10 12:00:00,1,8.010180482212641,2017-07-10 12:00:00,,spike,A,False
Eagle_office_Donovan,lightgbm_if_lag,2017-09-04 10:00:00,2017-09-04 23:00:00,14,32.23204457760317,2017-09-04 12:00:00,,after_hours,A,False
Eagle_office_Donovan,lightgbm_if_lag,2017-09-06 01:00:00,2017-09-06 01:00:00,1,10.938069173929414,2017-09-06 01:00:00,,after_hours,A,False
Eagle_office_Donovan,lightgbm_if_lag,2017-09-12 01:00:00,2017-09-12 11:00:00,11,20.134593671346767,2017-09-12 06:00:00,,after_hours,A,False
Eagle_office_Donovan,lightgbm_if_lag,2017-09-14 01:00:00,2017-09-14 13:00:00,13,20.036635774592867,2017-09-14 08:00:00,,spike,A,False
Eagle_office_Donovan,lightgbm_if_lag,2017-10-09 10:00:00,2017-10-09 23:00:00,14,22.77670456517705,2017-10-09 22:00:00,,after_hours,A,False
Eagle_office_Donovan,lightgbm_if_lag,2017-10-21 00:00:00,2017-10-21 01:00:00,2,8.753836703613237,2017-10-21 00:00:00,,after_hours,A,False
Eagle_office_Donovan,lightgbm_if_lag,2017-10-28 08:00:00,2017-10-28 11:00:00,4,10.68902185723996,2017-10-28 10:00:00,,after_hours,A,False
Eagle_office_Donovan,lightgbm_if_lag,2017-11-05 22:00:00,2017-11-05 22:00:00,1,10.245513072173726,2017-11-05 22:00:00,,after_hours,A,False
Eagle_office_Donovan,lightgbm_if_lag,2017-11-07 20:00:00,2017-11-07 22:00:00,3,10.93146793289259,2017-11-07 22:00:00,,after_hours,A,False
Eagle_office_Donovan,lightgbm_if_lag,2017-11-08 01:00:00,2017-11-08 04:00:00,4,8.496936927827809,2017-11-08 01:00:00,,after_hours,A,False
Eagle_office_Donovan,lightgbm_if_lag,2017-11-10 00:00:00,2017-11-10 02:00:00,3,15.776104709546015,2017-11-10 01:00:00,,after_hours,A,False
Eagle_office_Donovan,lightgbm_if_lag,2017-11-10 11:00:00,2017-11-11 09:00:00,23,22.7179093364487,2017-11-10 14:00:00,,after_hours,A,False
Eagle_office_Donovan,lightgbm_if_lag,2017-11-12 22:00:00,2017-11-12 22:00:00,1,8.650198350095463,2017-11-12 22:00:00,,after_hours,A,False
Eagle_office_Donovan,lightgbm_if_lag,2017-11-13 03:00:00,2017-11-13 13:00:00,11,8.771889310498986,2017-11-13 08:00:00,,spike,A,False
Eagle_office_Donovan,lightgbm_if_lag,2017-11-13 20:00:00,2017-11-13 23:00:00,4,8.170246702933198,2017-11-13 23:00:00,,after_hours,A,False
Eagle_office_Donovan,lightgbm_if_lag,2017-11-17 05:00:00,2017-11-17 08:00:00,4,9.829333894544371,2017-11-17 05:00:00,,spike,A,False
Eagle_office_Donovan,lightgbm_if_lag,2017-11-18 01:00:00,2017-11-18 05:00:00,5,10.031662294089825,2017-11-18 03:00:00,,after_hours,A,False
Eagle_office_Donovan,lightgbm_if_lag,2017-11-18 22:00:00,2017-11-18 22:00:00,1,11.58999807686929,2017-11-18 22:00:00,,after_hours,A,False
Eagle_office_Donovan,lightgbm_if_lag,2017-11-19 05:00:00,2017-11-19 06:00:00,2,8.332056353683292,2017-11-19 06:00:00,,after_hours,A,False
Eagle_office_Donovan,lightgbm_if_lag,2017-11-23 23:00:00,2017-11-23 23:00:00,1,8.278357867304708,2017-11-23 23:00:00,,after_hours,A,False
Eagle_office_Donovan,lightgbm_if_lag,2017-11-24 02:00:00,2017-11-24 10:00:00,9,11.387434595955025,2017-11-24 07:00:00,,after_hours,A,False
Eagle_office_Donovan,lightgbm_if_lag,2017-11-25 03:00:00,2017-11-25 07:00:00,5,8.591177711300851,2017-11-25 06:00:00,,after_hours,A,False
Eagle_office_Donovan,lightgbm_if_lag,2017-11-25 11:00:00,2017-11-25 14:00:00,4,8.583431017865504,2017-11-25 13:00:00,,after_hours,A,False
Eagle_office_Donovan,lightgbm_if_lag,2017-11-26 02:00:00,2017-11-26 02:00:00,1,11.150372353456554,2017-11-26 02:00:00,,after_hours,A,False
Eagle_office_Donovan,lightgbm_if_lag,2017-11-29 00:00:00,2017-11-29 00:00:00,1,8.585509711923294,2017-11-29 00:00:00,,after_hours,A,False
Eagle_office_Donovan,lightgbm_if_lag,2017-12-02 00:00:00,2017-12-02 01:00:00,2,10.644080310021279,2017-12-02 00:00:00,,after_hours,A,False
Eagle_office_Donovan,lightgbm_if_lag,2017-12-09 00:00:00,2017-12-09 09:00:00,10,9.93204715146958,2017-12-09 02:00:00,,after_hours,A,False
Eagle_office_Donovan,lightgbm_if_lag,2017-12-09 13:00:00,2017-12-10 09:00:00,21,13.034389957006585,2017-12-10 00:00:00,,after_hours,A,False
Eagle_office_Donovan,lightgbm_if_lag,2017-12-16 01:00:00,2017-12-16 04:00:00,4,8.12552900006314,2017-12-16 01:00:00,,after_hours,A,False
Eagle_office_Donovan,lightgbm_if_lag,2017-12-30 02:00:00,2017-12-30 10:00:00,9,9.663646989461208,2017-12-30 03:00:00,,after_hours,A,False
Eagle_office_Donovan,lightgbm_if_lag,2017-12-30 17:00:00,2017-12-31 06:00:00,14,11.577120349363799,2017-12-30 19:00:00,,after_hours,A,False
Eagle_office_Efrain,lightgbm_if_lag,2017-01-01 11:00:00,2017-01-01 12:00:00,2,11.297687592145236,2017-01-01 11:00:00,,after_hours,A,False
Eagle_office_Efrain,lightgbm_if_lag,2017-01-04 01:00:00,2017-01-04 04:00:00,4,9.618945801179054,2017-01-04 03:00:00,,after_hours,A,False
Eagle_office_Efrain,lightgbm_if_lag,2017-01-05 01:00:00,2017-01-05 04:00:00,4,10.044825433612358,2017-01-05 01:00:00,,after_hours,A,False
Eagle_office_Efrain,lightgbm_if_lag,2017-01-06 01:00:00,2017-01-06 04:00:00,4,10.29142061484496,2017-01-06 04:00:00,,after_hours,A,False
Eagle_office_Efrain,lightgbm_if_lag,2017-01-07 01:00:00,2017-01-07 05:00:00,5,20.18569837387255,2017-01-07 03:00:00,,after_hours,A,False
Eagle_office_Efrain,lightgbm_if_lag,2017-01-08 01:00:00,2017-01-08 10:00:00,10,23.223052345906158,2017-01-08 03:00:00,,after_hours,A,False
Eagle_office_Efrain,lightgbm_if_lag,2017-01-10 01:00:00,2017-01-10 04:00:00,4,9.608971308178383,2017-01-10 03:00:00,,after_hours,A,False
Eagle_office_Efrain,lightgbm_if_lag,2017-01-10 10:00:00,2017-01-10 12:00:00,3,9.106261502430497,2017-01-10 10:00:00,,spike,A,False
Eagle_office_Efrain,lightgbm_if_lag,2017-01-11 10:00:00,2017-01-11 12:00:00,3,9.084631431313143,2017-01-11 10:00:00,,spike,A,False
Eagle_office_Efrain,lightgbm_if_lag,2017-01-12 10:00:00,2017-01-12 12:00:00,3,8.783314098847523,2017-01-12 10:00:00,,spike,A,False
Eagle_office_Efrain,lightgbm_if_lag,2017-01-13 03:00:00,2017-01-13 05:00:00,3,9.217757195085953,2017-01-13 05:00:00,,after_hours,A,False
Eagle_office_Efrain,lightgbm_if_lag,2017-01-13 10:00:00,2017-01-13 12:00:00,3,8.84332839937433,2017-01-13 12:00:00,,spike,A,False
Eagle_office_Efrain,lightgbm_if_lag,2017-01-14 01:00:00,2017-01-14 06:00:00,6,19.648334105281666,2017-01-14 03:00:00,,after_hours,A,False
Eagle_office_Efrain,lightgbm_if_lag,2017-01-14 10:00:00,2017-01-14 12:00:00,3,10.998173706751887,2017-01-14 10:00:00,,after_hours,A,False
Eagle_office_Efrain,lightgbm_if_lag,2017-01-15 01:00:00,2017-01-15 04:00:00,4,19.314949375656646,2017-01-15 03:00:00,,after_hours,A,False
Eagle_office_Efrain,lightgbm_if_lag,2017-01-16 10:00:00,2017-01-16 12:00:00,3,8.87264158244022,2017-01-16 10:00:00,,after_hours,A,False
Eagle_office_Efrain,lightgbm_if_lag,2017-01-18 05:00:00,2017-01-18 07:00:00,3,9.613323053242823,2017-01-18 07:00:00,,after_hours,A,False
Eagle_office_Efrain,lightgbm_if_lag,2017-01-19 10:00:00,2017-01-19 10:00:00,1,9.750134464314568,2017-01-19 10:00:00,,spike,A,False
Eagle_office_Efrain,lightgbm_if_lag,2017-01-23 05:00:00,2017-01-23 05:00:00,1,10.342742823645255,2017-01-23 05:00:00,,after_hours,A,False
Eagle_office_Efrain,lightgbm_if_lag,2017-01-24 05:00:00,2017-01-24 05:00:00,1,12.541686693551739,2017-01-24 05:00:00,,after_hours,A,False
Eagle_office_Efrain,lightgbm_if_lag,2017-01-25 05:00:00,2017-01-25 05:00:00,1,11.11928058947274,2017-01-25 05:00:00,,after_hours,A,False
Eagle_office_Efrain,lightgbm_if_lag,2017-01-25 11:00:00,2017-01-25 14:00:00,4,9.185614171720225,2017-01-25 14:00:00,,spike,A,False
Eagle_office_Efrain,lightgbm_if_lag,2017-01-26 14:00:00,2017-01-26 14:00:00,1,9.495030224398214,2017-01-26 14:00:00,,spike,A,False
Eagle_office_Efrain,lightgbm_if_lag,2017-02-21 08:00:00,2017-02-21 08:00:00,1,9.871784273257795,2017-02-21 08:00:00,,spike,A,True
Eagle_office_Efrain,lightgbm_if_lag,2017-04-07 04:00:00,2017-04-07 05:00:00,2,8.849022756704858,2017-04-07 05:00:00,,after_hours,A,False
Eagle_office_Efrain,lightgbm_if_lag,2017-04-11 04:00:00,2017-04-11 04:00:00,1,9.654354877521873,2017-04-11 04:00:00,,after_hours,A,False
Eagle_office_Efrain,lightgbm_if_lag,2017-04-15 10:00:00,2017-04-16 08:00:00,23,16.411069734184203,2017-04-15 17:00:00,,after_hours,A,False
Eagle_office_Efrain,lightgbm_if_lag,2017-04-19 05:00:00,2017-04-19 05:00:00,1,9.239801397029172,2017-04-19 05:00:00,,after_hours,A,False
Eagle_office_Efrain,lightgbm_if_lag,2017-05-03 21:00:00,2017-05-04 01:00:00,5,10.233589049180276,2017-05-04 01:00:00,,after_hours,A,False
Eagle_office_Efrain,lightgbm_if_lag,2017-05-20 04:00:00,2017-05-20 08:00:00,5,12.353983649648558,2017-05-20 07:00:00,,after_hours,A,False
Eagle_office_Efrain,lightgbm_if_lag,2017-05-21 04:00:00,2017-05-21 08:00:00,5,12.55185638832193,2017-05-21 07:00:00,,after_hours,A,False
Eagle_office_Efrain,lightgbm_if_lag,2017-06-23 08:00:00,2017-06-23 08:00:00,1,9.024246616262714,2017-06-23 08:00:00,,spike,A,False
Eagle_office_Efrain,lightgbm_if_lag,2017-07-09 07:00:00,2017-07-09 07:00:00,1,10.25755702783,2017-07-09 07:00:00,,after_hours,A,False
Eagle_office_Efrain,lightgbm_if_lag,2017-07-12 07:00:00,2017-07-12 07:00:00,1,9.316642222465575,2017-07-12 07:00:00,,spike,A,False
Eagle_office_Efrain,lightgbm_if_lag,2017-07-14 04:00:00,2017-07-14 04:00:00,1,9.270782378267707,2017-07-14 04:00:00,,after_hours,A,False
Eagle_office_Efrain,lightgbm_if_lag,2017-07-18 23:00:00,2017-07-19 01:00:00,3,28.24646658954314,2017-07-19 01:00:00,,after_hours,A,True
Eagle_office_Efrain,lightgbm_if_lag,2017-07-19 16:00:00,2017-07-19 16:00:00,1,8.933371104149208,2017-07-19 16:00:00,,spike,A,False
Eagle_office_Efrain,lightgbm_if_lag,2017-07-21 15:00:00,2017-07-21 15:00:00,1,9.528812492108713,2017-07-21 15:00:00,,spike,A,False
Eagle_office_Efrain,lightgbm_if_lag,2017-07-23 06:00:00,2017-07-23 06:00:00,1,8.63322698045284,2017-07-23 06:00:00,,after_hours,A,False
Eagle_office_Efrain,lightgbm_if_lag,2017-07-31 05:00:00,2017-07-31 05:00:00,1,12.252509690562182,2017-07-31 05:00:00,,after_hours,A,False
Eagle_office_Efrain,lightgbm_if_lag,2017-08-03 04:00:00,2017-08-03 04:00:00,1,12.274295750253339,2017-08-03 04:00:00,,after_hours,A,False
Eagle_office_Efrain,lightgbm_if_lag,2017-08-04 04:00:00,2017-08-04 05:00:00,2,10.652934359615148,2017-08-04 04:00:00,,after_hours,A,False
Eagle_office_Efrain,lightgbm_if_lag,2017-08-04 08:00:00,2017-08-04 08:00:00,1,11.222434528306858,2017-08-04 08:00:00,,spike,A,False
Eagle_office_Efrain,lightgbm_if_lag,2017-08-08 08:00:00,2017-08-08 08:00:00,1,10.199282925943098,2017-08-08 08:00:00,,spike,A,False
Eagle_office_Efrain,lightgbm_if_lag,2017-08-14 07:00:00,2017-08-14 07:00:00,1,9.718379843472869,2017-08-14 07:00:00,,spike,A,False
Eagle_office_Efrain,lightgbm_if_lag,2017-08-15 21:00:00,2017-08-15 21:00:00,1,14.70946562308964,2017-08-15 21:00:00,,after_hours,A,True
Eagle_office_Efrain,lightgbm_if_lag,2017-08-16 18:00:00,2017-08-16 18:00:00,1,9.263514465086567,2017-08-16 18:00:00,,spike,A,False
Eagle_office_Efrain,lightgbm_if_lag,2017-08-19 09:00:00,2017-08-19 09:00:00,1,9.521447040902775,2017-08-19 09:00:00,,after_hours,A,False
Eagle_office_Efrain,lightgbm_if_lag,2017-08-20 05:00:00,2017-08-20 05:00:00,1,9.27259369014781,2017-08-20 05:00:00,,after_hours,A,False
Eagle_office_Efrain,lightgbm_if_lag,2017-08-24 03:00:00,2017-08-24 03:00:00,1,10.90170167895641,2017-08-24 03:00:00,,after_hours,A,False
Eagle_office_Efrain,lightgbm_if_lag,2017-08-27 05:00:00,2017-08-27 05:00:00,1,9.795480484818828,2017-08-27 05:00:00,,after_hours,A,False
Eagle_office_Efrain,lightgbm_if_lag,2017-09-01 11:00:00,2017-09-01 15:00:00,5,8.824943059780432,2017-09-01 13:00:00,,spike,A,False
Eagle_office_Efrain,lightgbm_if_lag,2017-09-05 05:00:00,2017-09-05 05:00:00,1,9.90934585409577,2017-09-05 05:00:00,,after_hours,A,False
Eagle_office_Efrain,lightgbm_if_lag,2017-09-06 09:00:00,2017-09-06 09:00:00,1,10.020816449575705,2017-09-06 09:00:00,,spike,A,False
Eagle_office_Efrain,lightgbm_if_lag,2017-09-07 06:00:00,2017-09-07 08:00:00,3,11.140120728907052,2017-09-07 06:00:00,,spike,A,False
Eagle_office_Efrain,lightgbm_if_lag,2017-09-13 03:00:00,2017-09-13 04:00:00,2,12.183528476368066,2017-09-13 04:00:00,,after_hours,A,False
Eagle_office_Efrain,lightgbm_if_lag,2017-09-19 14:00:00,2017-09-19 14:00:00,1,10.27406191477775,2017-09-19 14:00:00,,spike,A,False
Eagle_office_Efrain,lightgbm_if_lag,2017-09-21 01:00:00,2017-09-21 12:00:00,12,8.47308120611229,2017-09-21 12:00:00,,spike,A,False
Eagle_office_Efrain,lightgbm_if_lag,2017-09-21 23:00:00,2017-09-21 23:00:00,1,13.97684877687019,2017-09-21 23:00:00,,after_hours,A,False
Eagle_office_Efrain,lightgbm_if_lag,2017-09-22 03:00:00,2017-09-22 11:00:00,9,13.28943626568915,2017-09-22 08:00:00,,spike,A,False
Eagle_office_Efrain,lightgbm_if_lag,2017-09-23 23:00:00,2017-09-23 23:00:00,1,8.647918331349246,2017-09-23 23:00:00,,after_hours,A,False
Eagle_office_Efrain,lightgbm_if_lag,2017-09-24 08:00:00,2017-09-24 08:00:00,1,11.557703747233544,2017-09-24 08:00:00,,after_hours,A,False
Eagle_office_Efrain,lightgbm_if_lag,2017-09-25 00:00:00,2017-09-25 08:00:00,9,8.792593667745026,2017-09-25 00:00:00,,after_hours,A,False
Eagle_office_Efrain,lightgbm_if_lag,2017-10-04 03:00:00,2017-10-04 03:00:00,1,8.882357908380024,2017-10-04 03:00:00,,after_hours,A,False
Eagle_office_Efrain,lightgbm_if_lag,2017-10-09 12:00:00,2017-10-09 22:00:00,11,9.953012319357754,2017-10-09 18:00:00,,after_hours,A,False
Eagle_office_Efrain,lightgbm_if_lag,2017-11-04 21:00:00,2017-11-05 02:00:00,6,11.527519446936273,2017-11-05 02:00:00,,after_hours,A,False
Eagle_office_Efrain,lightgbm_if_lag,2017-11-05 12:00:00,2017-11-05 17:00:00,6,16.24004758034848,2017-11-05 14:00:00,,after_hours,A,False
Eagle_office_Efrain,lightgbm_if_lag,2017-11-08 03:00:00,2017-11-08 03:00:00,1,12.545621786665105,2017-11-08 03:00:00,,after_hours,A,False
Eagle_office_Efrain,lightgbm_if_lag,2017-11-09 03:00:00,2017-11-09 03:00:00,1,8.977364916533432,2017-11-09 03:00:00,,after_hours,A,False
Eagle_office_Efrain,lightgbm_if_lag,2017-12-05 12:00:00,2017-12-05 12:00:00,1,10.013657099920247,2017-12-05 12:00:00,,spike,A,False
Eagle_office_Efrain,lightgbm_if_lag,2017-12-06 06:00:00,2017-12-06 15:00:00,10,11.341836721910267,2017-12-06 15:00:00,,spike,A,False
Eagle_office_Efrain,lightgbm_if_lag,2017-12-08 20:00:00,2017-12-08 20:00:00,1,8.458136756473067,2017-12-08 20:00:00,,after_hours,A,False
Eagle_office_Efrain,lightgbm_if_lag,2017-12-30 02:00:00,2017-12-30 03:00:00,2,9.50795081420935,2017-12-30 03:00:00,,after_hours,A,False
Eagle_office_Francis,lightgbm_if_lag,2017-01-05 19:00:00,2017-01-05 19:00:00,1,4.936978042148454,2017-01-05 19:00:00,,after_hours,A,False
Eagle_office_Francis,lightgbm_if_lag,2017-01-06 12:00:00,2017-01-06 14:00:00,3,4.59371927334325,2017-01-06 14:00:00,,spike,A,False
Eagle_office_Francis,lightgbm_if_lag,2017-01-07 11:00:00,2017-01-07 11:00:00,1,4.238344572155323,2017-01-07 11:00:00,,after_hours,A,False
Eagle_office_Francis,lightgbm_if_lag,2017-01-07 20:00:00,2017-01-07 22:00:00,3,6.157324021294106,2017-01-07 20:00:00,,after_hours,A,False
Eagle_office_Francis,lightgbm_if_lag,2017-01-08 07:00:00,2017-01-08 10:00:00,4,34.12288933598763,2017-01-08 07:00:00,,after_hours,A,True
Eagle_office_Francis,lightgbm_if_lag,2017-01-09 19:00:00,2017-01-09 19:00:00,1,4.6437765457211695,2017-01-09 19:00:00,,after_hours,A,False
Eagle_office_Francis,lightgbm_if_lag,2017-01-20 18:00:00,2017-01-20 18:00:00,1,5.431438673865382,2017-01-20 18:00:00,,spike,A,False
Eagle_office_Francis,lightgbm_if_lag,2017-02-04 05:00:00,2017-02-04 05:00:00,1,4.087100628801256,2017-02-04 05:00:00,,after_hours,A,False
Eagle_office_Francis,lightgbm_if_lag,2017-02-08 01:00:00,2017-02-08 01:00:00,1,4.226039075425355,2017-02-08 01:00:00,,after_hours,A,False
Eagle_office_Francis,lightgbm_if_lag,2017-02-10 07:00:00,2017-02-10 07:00:00,1,5.5980181691466955,2017-02-10 07:00:00,,spike,A,False
Eagle_office_Francis,lightgbm_if_lag,2017-02-10 13:00:00,2017-02-10 13:00:00,1,4.366629421624382,2017-02-10 13:00:00,,spike,A,False
Eagle_office_Francis,lightgbm_if_lag,2017-02-10 20:00:00,2017-02-10 20:00:00,1,4.907029039172285,2017-02-10 20:00:00,,after_hours,A,False
Eagle_office_Francis,lightgbm_if_lag,2017-02-11 03:00:00,2017-02-11 03:00:00,1,4.195140122668912,2017-02-11 03:00:00,,after_hours,A,False
Eagle_office_Francis,lightgbm_if_lag,2017-02-13 13:00:00,2017-02-13 13:00:00,1,7.7107960510448414,2017-02-13 13:00:00,,spike,A,False
Eagle_office_Francis,lightgbm_if_lag,2017-02-18 08:00:00,2017-02-18 08:00:00,1,4.843508781331458,2017-02-18 08:00:00,,after_hours,A,False
Eagle_office_Francis,lightgbm_if_lag,2017-02-18 14:00:00,2017-02-18 14:00:00,1,4.174580633618418,2017-02-18 14:00:00,,after_hours,A,False
Eagle_office_Francis,lightgbm_if_lag,2017-02-18 17:00:00,2017-02-18 17:00:00,1,4.13364849460345,2017-02-18 17:00:00,,after_hours,A,False
Eagle_office_Francis,lightgbm_if_lag,2017-02-18 23:00:00,2017-02-18 23:00:00,1,5.191815466800451,2017-02-18 23:00:00,,after_hours,A,False
Eagle_office_Francis,lightgbm_if_lag,2017-02-20 14:00:00,2017-02-20 22:00:00,9,5.824545222558544,2017-02-20 16:00:00,,after_hours,A,False
Eagle_office_Francis,lightgbm_if_lag,2017-03-05 15:00:00,2017-03-05 15:00:00,1,6.796507748054425,2017-03-05 15:00:00,,after_hours,A,False
Eagle_office_Francis,lightgbm_if_lag,2017-03-09 05:00:00,2017-03-09 05:00:00,1,4.491049280844435,2017-03-09 05:00:00,,after_hours,A,False
Eagle_office_Francis,lightgbm_if_lag,2017-03-09 09:00:00,2017-03-09 09:00:00,1,4.572203422336057,2017-03-09 09:00:00,,spike,A,False
Eagle_office_Francis,lightgbm_if_lag,2017-03-15 14:00:00,2017-03-15 14:00:00,1,4.220595952380192,2017-03-15 14:00:00,,spike,A,False
Eagle_office_Francis,lightgbm_if_lag,2017-03-16 00:00:00,2017-03-16 00:00:00,1,4.089626756072838,2017-03-16 00:00:00,,after_hours,A,False
Eagle_office_Francis,lightgbm_if_lag,2017-03-16 15:00:00,2017-03-16 15:00:00,1,7.218531865114332,2017-03-16 15:00:00,,spike,A,False
Eagle_office_Francis,lightgbm_if_lag,2017-03-16 18:00:00,2017-03-16 18:00:00,1,4.835075312178387,2017-03-16 18:00:00,,spike,A,False
Eagle_office_Francis,lightgbm_if_lag,2017-03-17 15:00:00,2017-03-17 15:00:00,1,4.991610565547523,2017-03-17 15:00:00,,spike,A,False
Eagle_office_Francis,lightgbm_if_lag,2017-03-23 13:00:00,2017-03-23 13:00:00,1,4.260411538915607,2017-03-23 13:00:00,,spike,A,False
Eagle_office_Francis,lightgbm_if_lag,2017-03-23 20:00:00,2017-03-23 20:00:00,1,4.006140631714825,2017-03-23 20:00:00,,after_hours,A,False
Eagle_office_Francis,lightgbm_if_lag,2017-04-24 22:00:00,2017-04-24 22:00:00,1,4.016196678950755,2017-04-24 22:00:00,,after_hours,A,False
Eagle_office_Francis,lightgbm_if_lag,2017-06-05 18:00:00,2017-06-05 18:00:00,1,4.482917001985951,2017-06-05 18:00:00,,spike,A,False
Eagle_office_Francis,lightgbm_if_lag,2017-08-28 00:00:00,2017-08-28 00:00:00,1,4.609286056931484,2017-08-28 00:00:00,,after_hours,A,False
Eagle_office_Francis,lightgbm_if_lag,2017-08-28 09:00:00,2017-08-28 09:00:00,1,4.647534868851257,2017-08-28 09:00:00,,spike,A,False
Eagle_office_Francis,lightgbm_if_lag,2017-10-09 16:00:00,2017-10-09 20:00:00,5,5.687764844681558,2017-10-09 17:00:00,,after_hours,A,True
Eagle_office_Francis,lightgbm_if_lag,2017-10-10 05:00:00,2017-10-10 05:00:00,1,4.203921118353994,2017-10-10 05:00:00,,after_hours,A,True
Eagle_office_Francis,lightgbm_if_lag,2017-10-12 03:00:00,2017-10-12 03:00:00,1,4.0959425273765655,2017-10-12 03:00:00,,after_hours,A,True
Eagle_office_Francis,lightgbm_if_lag,2017-10-18 19:00:00,2017-10-18 19:00:00,1,4.218765498705021,2017-10-18 19:00:00,,after_hours,A,True
Eagle_office_Francis,lightgbm_if_lag,2017-10-20 00:00:00,2017-10-20 00:00:00,1,4.702790921184838,2017-10-20 00:00:00,,after_hours,A,True
Eagle_office_Francis,lightgbm_if_lag,2017-10-20 04:00:00,2017-10-20 04:00:00,1,4.284933004179906,2017-10-20 04:00:00,,after_hours,A,True
Eagle_office_Francis,lightgbm_if_lag,2017-10-20 09:00:00,2017-10-20 09:00:00,1,4.479982808676585,2017-10-20 09:00:00,,spike,A,True
Eagle_office_Francis,lightgbm_if_lag,2017-10-20 16:00:00,2017-10-20 16:00:00,1,4.242973903635195,2017-10-20 16:00:00,,spike,A,True
Eagle_office_Francis,lightgbm_if_lag,2017-10-21 11:00:00,2017-10-21 11:00:00,1,5.21270659569472,2017-10-21 11:00:00,,after_hours,A,True
Eagle_office_Francis,lightgbm_if_lag,2017-11-10 18:00:00,2017-11-10 22:00:00,5,4.620097264524499,2017-11-10 21:00:00,,after_hours,A,False
Eagle_office_Francis,lightgbm_if_lag,2017-11-26 13:00:00,2017-11-26 13:00:00,1,4.136076378341263,2017-11-26 13:00:00,,after_hours,A,False
Eagle_office_Francis,lightgbm_if_lag,2017-11-28 01:00:00,2017-11-28 01:00:00,1,12.171639438397268,2017-11-28 01:00:00,,after_hours,A,True
Eagle_office_Francis,lightgbm_if_lag,2017-11-28 19:00:00,2017-11-28 19:00:00,1,4.085596601716531,2017-11-28 19:00:00,,after_hours,A,False
Eagle_office_Francis,lightgbm_if_lag,2017-12-08 08:00:00,2017-12-08 08:00:00,1,4.071501689480698,2017-12-08 08:00:00,,spike,A,False
Eagle_office_Francis,lightgbm_if_lag,2017-12-16 06:00:00,2017-12-16 06:00:00,1,5.785698472315101,2017-12-16 06:00:00,,after_hours,A,False
Eagle_office_Francis,lightgbm_if_lag,2017-12-26 11:00:00,2017-12-26 11:00:00,1,5.593889409060988,2017-12-26 11:00:00,,spike,A,False
Eagle_office_Jackie,lightgbm_if_lag,2017-01-20 16:00:00,2017-01-20 22:00:00,7,6.014402824763849,2017-01-20 19:00:00,,after_hours,A,False
Eagle_office_Jackie,lightgbm_if_lag,2017-01-21 18:00:00,2017-01-21 18:00:00,1,4.695217312540717,2017-01-21 18:00:00,,after_hours,A,False
Eagle_office_Jackie,lightgbm_if_lag,2017-01-22 08:00:00,2017-01-22 08:00:00,1,4.573913111933796,2017-01-22 08:00:00,,after_hours,A,False
Eagle_office_Jackie,lightgbm_if_lag,2017-01-23 19:00:00,2017-01-24 00:00:00,6,8.115187123372987,2017-01-23 19:00:00,,after_hours,A,False
Eagle_office_Jackie,lightgbm_if_lag,2017-01-26 19:00:00,2017-01-26 20:00:00,2,4.63400154122353,2017-01-26 20:00:00,,after_hours,A,False
Eagle_office_Jackie,lightgbm_if_lag,2017-02-03 18:00:00,2017-02-03 18:00:00,1,5.079284877843453,2017-02-03 18:00:00,,spike,A,False
Eagle_office_Jackie,lightgbm_if_lag,2017-02-19 14:00:00,2017-02-19 14:00:00,1,6.378361736946687,2017-02-19 14:00:00,,after_hours,A,False
Eagle_office_Jackie,lightgbm_if_lag,2017-02-20 16:00:00,2017-02-20 16:00:00,1,5.2450246110079615,2017-02-20 16:00:00,,after_hours,A,False
Eagle_office_Jackie,lightgbm_if_lag,2017-02-20 19:00:00,2017-02-20 20:00:00,2,5.927185265010496,2017-02-20 19:00:00,,after_hours,A,False
Eagle_office_Jackie,lightgbm_if_lag,2017-02-25 13:00:00,2017-02-25 15:00:00,3,22.115093118408076,2017-02-25 15:00:00,,after_hours,A,True
Eagle_office_Jackie,lightgbm_if_lag,2017-02-26 08:00:00,2017-02-26 10:00:00,3,4.991786934219658,2017-02-26 08:00:00,,after_hours,A,False
Eagle_office_Jackie,lightgbm_if_lag,2017-03-02 07:00:00,2017-03-02 07:00:00,1,5.195653452161248,2017-03-02 07:00:00,,spike,A,False
Eagle_office_Jackie,lightgbm_if_lag,2017-03-09 05:00:00,2017-03-09 05:00:00,1,5.15262910795159,2017-03-09 05:00:00,,after_hours,A,False
Eagle_office_Jackie,lightgbm_if_lag,2017-03-14 15:00:00,2017-03-14 17:00:00,3,5.577817237842868,2017-03-14 15:00:00,,spike,A,False
Eagle_office_Jackie,lightgbm_if_lag,2017-03-15 21:00:00,2017-03-15 21:00:00,1,4.859720427349257,2017-03-15 21:00:00,,after_hours,A,False
Eagle_office_Jackie,lightgbm_if_lag,2017-03-16 08:00:00,2017-03-16 08:00:00,1,6.447786839318359,2017-03-16 08:00:00,,spike,A,False
Eagle_office_Jackie,lightgbm_if_lag,2017-03-23 18:00:00,2017-03-23 19:00:00,2,5.528843290999247,2017-03-23 18:00:00,,spike,A,False
Eagle_office_Jackie,lightgbm_if_lag,2017-03-27 20:00:00,2017-03-27 20:00:00,1,4.814918638262684,2017-03-27 20:00:00,,after_hours,A,False
Eagle_office_Jackie,lightgbm_if_lag,2017-04-08 07:00:00,2017-04-08 07:00:00,1,4.87176610336453,2017-04-08 07:00:00,,after_hours,A,False
Eagle_office_Jackie,lightgbm_if_lag,2017-04-09 06:00:00,2017-04-09 06:00:00,1,7.732398648130534,2017-04-09 06:00:00,,after_hours,A,False
Eagle_office_Jackie,lightgbm_if_lag,2017-04-17 22:00:00,2017-04-17 22:00:00,1,5.290082899557973,2017-04-17 22:00:00,,after_hours,A,False
Eagle_office_Jackie,lightgbm_if_lag,2017-04-18 13:00:00,2017-04-18 13:00:00,1,4.639610252287,2017-04-18 13:00:00,,spike,A,False
Eagle_office_Jackie,lightgbm_if_lag,2017-04-21 10:00:00,2017-04-21 10:00:00,1,5.25000813190966,2017-04-21 10:00:00,,spike,A,False
Eagle_office_Jackie,lightgbm_if_lag,2017-04-21 17:00:00,2017-04-21 17:00:00,1,5.06548631716621,2017-04-21 17:00:00,,spike,A,False
Eagle_office_Jackie,lightgbm_if_lag,2017-04-22 00:00:00,2017-04-22 01:00:00,2,5.085361373615265,2017-04-22 00:00:00,,after_hours,A,False
Eagle_office_Jackie,lightgbm_if_lag,2017-04-22 10:00:00,2017-04-22 10:00:00,1,4.766484012079168,2017-04-22 10:00:00,,after_hours,A,False
Eagle_office_Jackie,lightgbm_if_lag,2017-04-22 22:00:00,2017-04-22 22:00:00,1,5.559478127695123,2017-04-22 22:00:00,,after_hours,A,False
Eagle_office_Jackie,lightgbm_if_lag,2017-04-23 23:00:00,2017-04-23 23:00:00,1,8.89833176742489,2017-04-23 23:00:00,,after_hours,A,False
Eagle_office_Jackie,lightgbm_if_lag,2017-04-29 22:00:00,2017-04-29 22:00:00,1,4.93631005085631,2017-04-29 22:00:00,,after_hours,A,False
Eagle_office_Jackie,lightgbm_if_lag,2017-04-30 17:00:00,2017-04-30 21:00:00,5,6.4821173431221295,2017-04-30 20:00:00,,after_hours,A,False
Eagle_office_Jackie,lightgbm_if_lag,2017-05-01 14:00:00,2017-05-01 14:00:00,1,4.849953690816917,2017-05-01 14:00:00,,spike,A,False
Eagle_office_Jackie,lightgbm_if_lag,2017-05-05 13:00:00,2017-05-05 13:00:00,1,5.717453507081063,2017-05-05 13:00:00,,spike,A,False
Eagle_office_Jackie,lightgbm_if_lag,2017-05-06 00:00:00,2017-05-06 00:00:00,1,4.865909217844406,2017-05-06 00:00:00,,after_hours,A,False
Eagle_office_Jackie,lightgbm_if_lag,2017-05-07 04:00:00,2017-05-07 04:00:00,1,5.964959586783114,2017-05-07 04:00:00,,after_hours,A,False
Eagle_office_Jackie,lightgbm_if_lag,2017-05-20 18:00:00,2017-05-20 18:00:00,1,4.669097688915182,2017-05-20 18:00:00,,after_hours,A,False
Eagle_office_Jackie,lightgbm_if_lag,2017-06-06 05:00:00,2017-06-06 05:00:00,1,6.121447576248437,2017-06-06 05:00:00,,after_hours,A,False
Eagle_office_Jackie,lightgbm_if_lag,2017-06-10 22:00:00,2017-06-10 22:00:00,1,5.792871839003515,2017-06-10 22:00:00,,after_hours,A,False
Eagle_office_Jackie,lightgbm_if_lag,2017-06-21 13:00:00,2017-06-21 13:00:00,1,5.249925255751181,2017-06-21 13:00:00,,spike,A,False
Eagle_office_Jackie,lightgbm_if_lag,2017-06-24 07:00:00,2017-06-24 07:00:00,1,5.385328297036448,2017-06-24 07:00:00,,after_hours,A,False
Eagle_office_Jackie,lightgbm_if_lag,2017-06-24 16:00:00,2017-06-24 16:00:00,1,7.156430387338749,2017-06-24 16:00:00,,after_hours,A,False
Eagle_office_Jackie,lightgbm_if_lag,2017-06-28 03:00:00,2017-06-28 03:00:00,1,5.334373799937272,2017-06-28 03:00:00,,after_hours,A,False
Eagle_office_Jackie,lightgbm_if_lag,2017-07-04 12:00:00,2017-07-04 12:00:00,1,5.30126990169228,2017-07-04 12:00:00,,after_hours,A,False
Eagle_office_Jackie,lightgbm_if_lag,2017-07-12 18:00:00,2017-07-12 18:00:00,1,4.594840247062639,2017-07-12 18:00:00,,spike,A,False
Eagle_office_Jackie,lightgbm_if_lag,2017-07-13 14:00:00,2017-07-13 14:00:00,1,4.9052835060418545,2017-07-13 14:00:00,,spike,A,False
Eagle_office_Jackie,lightgbm_if_lag,2017-07-16 20:00:00,2017-07-16 20:00:00,1,6.099429020388677,2017-07-16 20:00:00,,after_hours,A,False
Eagle_office_Jackie,lightgbm_if_lag,2017-08-16 23:00:00,2017-08-16 23:00:00,1,4.830104962667711,2017-08-16 23:00:00,,after_hours,A,False
Eagle_office_Jackie,lightgbm_if_lag,2017-08-17 19:00:00,2017-08-17 19:00:00,1,4.630114478191477,2017-08-17 19:00:00,,after_hours,A,False
Eagle_office_Jackie,lightgbm_if_lag,2017-08-23 19:00:00,2017-08-23 20:00:00,2,6.142403307641419,2017-08-23 19:00:00,,after_hours,A,False
Eagle_office_Jackie,lightgbm_if_lag,2017-08-24 15:00:00,2017-08-24 15:00:00,1,5.270450058312973,2017-08-24 15:00:00,,spike,A,False
Eagle_office_Jackie,lightgbm_if_lag,2017-08-24 18:00:00,2017-08-24 18:00:00,1,5.728584801942278,2017-08-24 18:00:00,,spike,A,False
Eagle_office_Jackie,lightgbm_if_lag,2017-08-25 16:00:00,2017-08-25 16:00:00,1,4.653470992701462,2017-08-25 16:00:00,,spike,A,False
Eagle_office_Jackie,lightgbm_if_lag,2017-08-25 20:00:00,2017-08-25 21:00:00,2,7.270954743226111,2017-08-25 20:00:00,,after_hours,A,False
Eagle_office_Jackie,lightgbm_if_lag,2017-08-31 08:00:00,2017-08-31 08:00:00,1,4.933639717807266,2017-08-31 08:00:00,,spike,A,False
Eagle_office_Jackie,lightgbm_if_lag,2017-09-01 10:00:00,2017-09-01 10:00:00,1,4.614834856210891,2017-09-01 10:00:00,,spike,A,False
Eagle_office_Jackie,lightgbm_if_lag,2017-09-04 15:00:00,2017-09-04 15:00:00,1,5.493268636938908,2017-09-04 15:00:00,,after_hours,A,False
Eagle_office_Jackie,lightgbm_if_lag,2017-09-04 18:00:00,2017-09-04 21:00:00,4,7.3767633567783975,2017-09-04 18:00:00,,after_hours,A,False
Eagle_office_Jackie,lightgbm_if_lag,2017-09-26 18:00:00,2017-09-26 18:00:00,1,4.621861621318112,2017-09-26 18:00:00,,spike,A,False
Eagle_office_Jackie,lightgbm_if_lag,2017-10-01 19:00:00,2017-10-01 19:00:00,1,21.36309556774343,2017-10-01 19:00:00,,after_hours,A,True
Eagle_office_Jackie,lightgbm_if_lag,2017-10-09 14:00:00,2017-10-09 18:00:00,5,11.262469582790422,2017-10-09 18:00:00,,after_hours,A,False
Eagle_office_Jackie,lightgbm_if_lag,2017-10-09 22:00:00,2017-10-09 22:00:00,1,5.900258336878347,2017-10-09 22:00:00,,after_hours,A,False
Eagle_office_Jackie,lightgbm_if_lag,2017-10-24 18:00:00,2017-10-24 18:00:00,1,4.568636147107125,2017-10-24 18:00:00,,spike,A,False
Eagle_office_Jackie,lightgbm_if_lag,2017-10-25 08:00:00,2017-10-25 08:00:00,1,5.026870206579067,2017-10-25 08:00:00,,spike,A,False
Eagle_office_Jackie,lightgbm_if_lag,2017-11-01 07:00:00,2017-11-01 07:00:00,1,6.010833214970856,2017-11-01 07:00:00,,spike,A,False
Eagle_office_Jackie,lightgbm_if_lag,2017-11-02 18:00:00,2017-11-02 18:00:00,1,5.861279087500983,2017-11-02 18:00:00,,spike,A,False
Eagle_office_Jackie,lightgbm_if_lag,2017-11-07 16:00:00,2017-11-07 16:00:00,1,4.647780201612743,2017-11-07 16:00:00,,spike,A,False
Eagle_office_Jackie,lightgbm_if_lag,2017-11-08 22:00:00,2017-11-08 23:00:00,2,7.427943282544521,2017-11-08 22:00:00,,after_hours,A,False
Eagle_office_Jackie,lightgbm_if_lag,2017-11-10 14:00:00,2017-11-10 20:00:00,7,11.420763730057557,2017-11-10 15:00:00,,after_hours,A,False
Eagle_office_Jackie,lightgbm_if_lag,2017-12-03 18:00:00,2017-12-03 18:00:00,1,7.9861808386162805,2017-12-03 18:00:00,,after_hours,A,False
Eagle_office_Jackie,lightgbm_if_lag,2017-12-09 19:00:00,2017-12-09 20:00:00,2,8.016424673184735,2017-12-09 20:00:00,,after_hours,A,False
Eagle_office_Jackie,lightgbm_if_lag,2017-12-10 16:00:00,2017-12-10 16:00:00,1,4.613030954121796,2017-12-10 16:00:00,,after_hours,A,False
Eagle_office_Jackie,lightgbm_if_lag,2017-12-13 01:00:00,2017-12-13 01:00:00,1,6.449418665726703,2017-12-13 01:00:00,,after_hours,A,False
Eagle_office_Jackie,lightgbm_if_lag,2017-12-14 18:00:00,2017-12-14 18:00:00,1,5.12475093758212,2017-12-14 18:00:00,,spike,A,False
Eagle_office_Jackie,lightgbm_if_lag,2017-12-18 09:00:00,2017-12-18 09:00:00,1,9.271665972266742,2017-12-18 09:00:00,,spike,A,False
Eagle_office_Lillian,lightgbm_if_lag,2017-01-01 06:00:00,2017-01-01 08:00:00,3,17.424997588766786,2017-01-01 08:00:00,,after_hours,A,False
Eagle_office_Lillian,lightgbm_if_lag,2017-01-03 04:00:00,2017-01-03 12:00:00,9,16.10932457252186,2017-01-03 10:00:00,,spike,A,False
Eagle_office_Lillian,lightgbm_if_lag,2017-01-04 06:00:00,2017-01-04 10:00:00,5,17.988512170763922,2017-01-04 08:00:00,,spike,A,False
Eagle_office_Lillian,lightgbm_if_lag,2017-01-05 03:00:00,2017-01-05 08:00:00,6,18.794303529782475,2017-01-05 08:00:00,,after_hours,A,False
Eagle_office_Lillian,lightgbm_if_lag,2017-01-08 08:00:00,2017-01-09 21:00:00,38,21.610047107405983,2017-01-09 09:00:00,,after_hours,A,False
Eagle_office_Lillian,lightgbm_if_lag,2017-01-11 09:00:00,2017-01-12 01:00:00,17,17.3171893675835,2017-01-11 21:00:00,,spike,A,False
Eagle_office_Lillian,lightgbm_if_lag,2017-01-18 14:00:00,2017-01-18 20:00:00,7,18.102845032189336,2017-01-18 14:00:00,,spike,A,False
Eagle_office_Lillian,lightgbm_if_lag,2017-01-19 02:00:00,2017-01-19 02:00:00,1,17.64223160928979,2017-01-19 02:00:00,,after_hours,A,False
Eagle_office_Lillian,lightgbm_if_lag,2017-01-22 01:00:00,2017-01-22 01:00:00,1,18.43689063138485,2017-01-22 01:00:00,,after_hours,A,False
Eagle_office_Lillian,lightgbm_if_lag,2017-01-23 11:00:00,2017-01-24 00:00:00,14,40.61127548757114,2017-01-23 20:00:00,,spike,A,False
Eagle_office_Lillian,lightgbm_if_lag,2017-01-25 07:00:00,2017-01-25 08:00:00,2,16.00667832392881,2017-01-25 07:00:00,,spike,A,False
Eagle_office_Lillian,lightgbm_if_lag,2017-01-30 05:00:00,2017-01-30 18:00:00,14,17.38144478937937,2017-01-30 05:00:00,,spike,A,False
Eagle_office_Lillian,lightgbm_if_lag,2017-02-10 14:00:00,2017-02-10 15:00:00,2,20.422845140893354,2017-02-10 15:00:00,,spike,A,False
Eagle_office_Lillian,lightgbm_if_lag,2017-02-11 20:00:00,2017-02-11 20:00:00,1,27.742129390347678,2017-02-11 20:00:00,,after_hours,A,False
Eagle_office_Lillian,lightgbm_if_lag,2017-02-12 08:00:00,2017-02-12 08:00:00,1,15.878788547680054,2017-02-12 08:00:00,,after_hours,A,False
Eagle_office_Lillian,lightgbm_if_lag,2017-02-17 06:00:00,2017-02-17 12:00:00,7,49.460017797205886,2017-02-17 06:00:00,,spike,A,True
Eagle_office_Lillian,lightgbm_if_lag,2017-02-17 15:00:00,2017-02-20 00:00:00,58,23.921732318644153,2017-02-18 04:00:00,,after_hours,A,False
Eagle_office_Lillian,lightgbm_if_lag,2017-02-20 16:00:00,2017-02-20 18:00:00,3,17.143800949061625,2017-02-20 16:00:00,,after_hours,A,False
Eagle_office_Lillian,lightgbm_if_lag,2017-02-23 18:00:00,2017-02-27 06:00:00,85,24.217973830933612,2017-02-25 11:00:00,,after_hours,A,False
Eagle_office_Lillian,lightgbm_if_lag,2017-03-01 14:00:00,2017-03-02 23:00:00,34,28.726077264449135,2017-03-02 01:00:00,,spike,A,False
Eagle_office_Lillian,lightgbm_if_lag,2017-03-04 22:00:00,2017-03-07 00:00:00,51,23.76342512167847,2017-03-05 10:00:00,,after_hours,A,False
Eagle_office_Lillian,lightgbm_if_lag,2017-03-10 16:00:00,2017-03-10 18:00:00,3,16.69513266791745,2017-03-10 16:00:00,,spike,A,False
Eagle_office_Lillian,lightgbm_if_lag,2017-03-11 09:00:00,2017-03-12 04:00:00,20,20.762594170531884,2017-03-12 04:00:00,,after_hours,A,False
Eagle_office_Lillian,lightgbm_if_lag,2017-03-12 08:00:00,2017-03-12 20:00:00,13,22.90158671047249,2017-03-12 10:00:00,,after_hours,A,False
Eagle_office_Lillian,lightgbm_if_lag,2017-03-13 01:00:00,2017-03-13 16:00:00,16,16.346085978978756,2017-03-13 11:00:00,,spike,A,False
Eagle_office_Lillian,lightgbm_if_lag,2017-03-18 17:00:00,2017-03-18 23:00:00,7,19.852382698732278,2017-03-18 19:00:00,,after_hours,A,False
Eagle_office_Lillian,lightgbm_if_lag,2017-03-25 01:00:00,2017-03-25 02:00:00,2,15.893770516292006,2017-03-25 01:00:00,,after_hours,A,False
Eagle_office_Lillian,lightgbm_if_lag,2017-03-27 23:00:00,2017-03-30 03:00:00,53,29.49324896414444,2017-03-29 23:00:00,,after_hours,A,False
Eagle_office_Lillian,lightgbm_if_lag,2017-03-30 07:00:00,2017-03-31 00:00:00,18,16.307843160363337,2017-03-30 23:00:00,,spike,A,False
Eagle_office_Lillian,lightgbm_if_lag,2017-03-31 18:00:00,2017-03-31 20:00:00,3,16.646699408891728,2017-03-31 20:00:00,,after_hours,A,False
Eagle_office_Lillian,lightgbm_if_lag,2017-04-04 11:00:00,2017-04-05 14:00:00,28,34.3104472161788,2017-04-05 01:00:00,,spike,A,False
Eagle_office_Lillian,lightgbm_if_lag,2017-04-15 23:00:00,2017-04-16 00:00:00,2,46.313461091886715,2017-04-15 23:00:00,,after_hours,A,True
Eagle_office_Lillian,lightgbm_if_lag,2017-04-20 21:00:00,2017-04-24 06:00:00,82,34.83607055197023,2017-04-21 02:00:00,,after_hours,A,False
Eagle_office_Lillian,lightgbm_if_lag,2017-04-25 19:00:00,2017-05-02 15:00:00,165,34.120842030178316,2017-04-28 20:00:00,,after_hours,A,False
Eagle_office_Lillian,lightgbm_if_lag,2017-05-20 02:00:00,2017-05-21 17:00:00,40,40.77540779310796,2017-05-20 17:00:00,,after_hours,A,False
Eagle_office_Lillian,lightgbm_if_lag,2017-05-22 18:00:00,2017-05-25 03:00:00,58,19.65806026783357,2017-05-24 12:00:00,,after_hours,A,False
Eagle_office_Lillian,lightgbm_if_lag,2017-05-25 06:00:00,2017-05-26 11:00:00,30,33.523132286774825,2017-05-25 07:00:00,,spike,A,False
Eagle_office_Lillian,lightgbm_if_lag,2017-05-28 05:00:00,2017-06-01 16:00:00,108,29.994905159500266,2017-05-28 16:00:00,,after_hours,A,False
Eagle_office_Lillian,lightgbm_if_lag,2017-06-05 23:00:00,2017-06-06 18:00:00,20,24.35768456571315,2017-06-06 13:00:00,,spike,A,False
Eagle_office_Lillian,lightgbm_if_lag,2017-06-16 17:00:00,2017-06-21 21:00:00,125,58.04483295328734,2017-06-17 23:00:00,,after_hours,A,False
Eagle_office_Lillian,lightgbm_if_lag,2017-06-22 01:00:00,2017-06-22 21:00:00,21,18.332771435270693,2017-06-22 09:00:00,,spike,A,False
Eagle_office_Lillian,lightgbm_if_lag,2017-06-23 21:00:00,2017-06-25 20:00:00,48,30.86727253066839,2017-06-24 23:00:00,,after_hours,A,False
Eagle_office_Lillian,lightgbm_if_lag,2017-08-16 11:00:00,2017-08-16 11:00:00,1,15.817462498863193,2017-08-16 11:00:00,,spike,A,False
Eagle_office_Lillian,lightgbm_if_lag,2017-09-07 23:00:00,2017-09-07 23:00:00,1,15.700884422949116,2017-09-07 23:00:00,,after_hours,A,False
Eagle_office_Lillian,lightgbm_if_lag,2017-09-08 09:00:00,2017-09-09 10:00:00,26,16.702479044072046,2017-09-08 19:00:00,,after_hours,A,False
Eagle_office_Lillian,lightgbm_if_lag,2017-09-14 23:00:00,2017-09-14 23:00:00,1,16.418548826912414,2017-09-14 23:00:00,,after_hours,A,False
Eagle_office_Lillian,lightgbm_if_lag,2017-09-17 03:00:00,2017-09-17 03:00:00,1,17.2640801860126,2017-09-17 03:00:00,,after_hours,A,False
Eagle_office_Lillian,lightgbm_if_lag,2017-09-23 22:00:00,2017-09-23 22:00:00,1,17.175362700257605,2017-09-23 22:00:00,,after_hours,A,False
Eagle_office_Lillian,lightgbm_if_lag,2017-10-02 15:00:00,2017-10-13 21:00:00,271,65.67703057116175,2017-10-06 03:00:00,,after_hours,A,False
Eagle_office_Lillian,lightgbm_if_lag,2017-10-20 23:00:00,2017-10-21 02:00:00,4,17.723176491544983,2017-10-21 01:00:00,,after_hours,A,False
Eagle_office_Lillian,lightgbm_if_lag,2017-10-29 03:00:00,2017-10-29 03:00:00,1,31.827172439684666,2017-10-29 03:00:00,,after_hours,A,False
Eagle_office_Lillian,lightgbm_if_lag,2017-10-29 11:00:00,2017-10-30 05:00:00,19,19.582670837899002,2017-10-29 23:00:00,,after_hours,A,False
Eagle_office_Lillian,lightgbm_if_lag,2017-11-03 22:00:00,2017-11-03 22:00:00,1,21.645028110997867,2017-11-03 22:00:00,,after_hours,A,False
Eagle_office_Lillian,lightgbm_if_lag,2017-11-04 22:00:00,2017-11-04 22:00:00,1,15.968315767130504,2017-11-04 22:00:00,,after_hours,A,False
Eagle_office_Lillian,lightgbm_if_lag,2017-11-05 01:00:00,2017-11-05 01:00:00,1,18.08207956174252,2017-11-05 01:00:00,,after_hours,A,False
Eagle_office_Lillian,lightgbm_if_lag,2017-11-05 08:00:00,2017-11-05 08:00:00,1,17.772510895610644,2017-11-05 08:00:00,,after_hours,A,False
Eagle_office_Lillian,lightgbm_if_lag,2017-11-08 22:00:00,2017-11-08 22:00:00,1,16.22398478565644,2017-11-08 22:00:00,,after_hours,A,False
Eagle_office_Lillian,lightgbm_if_lag,2017-11-10 01:00:00,2017-11-10 03:00:00,3,17.06622987775048,2017-11-10 03:00:00,,after_hours,A,False
Eagle_office_Lillian,lightgbm_if_lag,2017-11-15 20:00:00,2017-11-15 23:00:00,4,25.18597682128407,2017-11-15 23:00:00,,after_hours,A,False
Eagle_office_Lillian,lightgbm_if_lag,2017-11-16 02:00:00,2017-11-17 07:00:00,30,20.122409684371156,2017-11-16 07:00:00,,after_hours,A,False
Eagle_office_Lillian,lightgbm_if_lag,2017-11-18 00:00:00,2017-11-18 03:00:00,4,17.078149591630428,2017-11-18 01:00:00,,after_hours,A,False
Eagle_office_Lillian,lightgbm_if_lag,2017-11-18 11:00:00,2017-11-20 09:00:00,47,21.083902898801057,2017-11-18 20:00:00,,after_hours,A,False
Eagle_office_Lillian,lightgbm_if_lag,2017-11-25 18:00:00,2017-11-25 18:00:00,1,16.943407932326114,2017-11-25 18:00:00,,after_hours,A,False
Eagle_office_Lillian,lightgbm_if_lag,2017-11-26 02:00:00,2017-11-27 12:00:00,35,23.79361211857749,2017-11-26 09:00:00,,after_hours,A,False
Eagle_office_Lillian,lightgbm_if_lag,2017-12-05 10:00:00,2017-12-05 18:00:00,9,15.64450999051742,2017-12-05 12:00:00,,spike,A,True
Eagle_office_Lillian,lightgbm_if_lag,2017-12-06 01:00:00,2017-12-07 15:00:00,39,20.045717490819477,2017-12-06 09:00:00,,spike,A,True
Eagle_office_Lillian,lightgbm_if_lag,2017-12-09 13:00:00,2017-12-10 19:00:00,31,21.029896099273667,2017-12-10 03:00:00,,after_hours,A,True
Eagle_office_Lillian,lightgbm_if_lag,2017-12-10 22:00:00,2017-12-12 20:00:00,47,20.661637602485328,2017-12-11 04:00:00,,spike,A,True
Eagle_office_Lillian,lightgbm_if_lag,2017-12-13 00:00:00,2017-12-13 04:00:00,5,18.413362227696595,2017-12-13 04:00:00,,after_hours,A,True
Eagle_office_Lillian,lightgbm_if_lag,2017-12-13 09:00:00,2017-12-13 18:00:00,10,16.66866441489351,2017-12-13 11:00:00,,spike,A,True
Eagle_office_Lillian,lightgbm_if_lag,2017-12-15 15:00:00,2017-12-16 23:00:00,33,25.231762568444868,2017-12-16 14:00:00,,after_hours,A,True
Eagle_office_Lillian,lightgbm_if_lag,2017-12-30 02:00:00,2017-12-30 09:00:00,8,17.14895313278455,2017-12-30 04:00:00,,after_hours,A,False
Eagle_office_Lillian,lightgbm_if_lag,2017-12-30 16:00:00,2017-12-31 02:00:00,11,22.43317720534856,2017-12-30 17:00:00,,after_hours,A,False
Eagle_office_Patrice,lightgbm_if_lag,2017-01-07 00:00:00,2017-01-07 00:00:00,1,7.399923459308455,2017-01-07 00:00:00,,after_hours,A,False
Eagle_office_Patrice,lightgbm_if_lag,2017-01-07 15:00:00,2017-01-07 15:00:00,1,7.332913309806704,2017-01-07 15:00:00,,after_hours,A,False
Eagle_office_Patrice,lightgbm_if_lag,2017-01-08 11:00:00,2017-01-08 20:00:00,10,6.118773218668897,2017-01-08 15:00:00,,after_hours,A,False
Eagle_office_Patrice,lightgbm_if_lag,2017-01-10 00:00:00,2017-01-10 05:00:00,6,14.69171274161778,2017-01-10 04:00:00,,after_hours,A,True
Eagle_office_Patrice,lightgbm_if_lag,2017-01-10 12:00:00,2017-01-10 21:00:00,10,7.508988983085755,2017-01-10 19:00:00,,spike,A,False
Eagle_office_Patrice,lightgbm_if_lag,2017-01-13 17:00:00,2017-01-13 17:00:00,1,5.8678199103847515,2017-01-13 17:00:00,,spike,A,False
Eagle_office_Patrice,lightgbm_if_lag,2017-01-14 11:00:00,2017-01-15 00:00:00,14,8.80386492869916,2017-01-14 20:00:00,,after_hours,A,False
Eagle_office_Patrice,lightgbm_if_lag,2017-01-15 11:00:00,2017-01-15 12:00:00,2,6.694311065198749,2017-01-15 11:00:00,,after_hours,A,False
Eagle_office_Patrice,lightgbm_if_lag,2017-01-15 15:00:00,2017-01-15 20:00:00,6,7.346851791926507,2017-01-15 20:00:00,,after_hours,A,False
Eagle_office_Patrice,lightgbm_if_lag,2017-01-17 13:00:00,2017-01-17 13:00:00,1,5.6056306057755405,2017-01-17 13:00:00,,spike,A,False
Eagle_office_Patrice,lightgbm_if_lag,2017-01-18 13:00:00,2017-01-18 18:00:00,6,6.309375637129667,2017-01-18 15:00:00,,spike,A,False
Eagle_office_Patrice,lightgbm_if_lag,2017-01-19 14:00:00,2017-01-19 14:00:00,1,5.999753369821901,2017-01-19 14:00:00,,spike,A,False
Eagle_office_Patrice,lightgbm_if_lag,2017-01-19 18:00:00,2017-01-19 21:00:00,4,9.816049994240302,2017-01-19 18:00:00,,after_hours,A,False
Eagle_office_Patrice,lightgbm_if_lag,2017-01-20 12:00:00,2017-01-20 22:00:00,11,10.66023274683327,2017-01-20 19:00:00,,spike,A,False
Eagle_office_Patrice,lightgbm_if_lag,2017-01-21 01:00:00,2017-01-21 03:00:00,3,5.549340164510973,2017-01-21 03:00:00,,after_hours,A,False
Eagle_office_Patrice,lightgbm_if_lag,2017-01-23 13:00:00,2017-01-23 20:00:00,8,6.744335467714685,2017-01-23 16:00:00,,spike,A,False
Eagle_office_Patrice,lightgbm_if_lag,2017-01-24 15:00:00,2017-01-24 16:00:00,2,6.242623553256064,2017-01-24 16:00:00,,spike,A,False
Eagle_office_Patrice,lightgbm_if_lag,2017-01-24 22:00:00,2017-01-25 00:00:00,3,6.764372948523125,2017-01-25 00:00:00,,after_hours,A,False
Eagle_office_Patrice,lightgbm_if_lag,2017-01-25 12:00:00,2017-01-25 12:00:00,1,6.534434955553366,2017-01-25 12:00:00,,spike,A,False
Eagle_office_Patrice,lightgbm_if_lag,2017-01-25 15:00:00,2017-01-25 18:00:00,4,5.446403969582616,2017-01-25 15:00:00,,spike,A,False
Eagle_office_Patrice,lightgbm_if_lag,2017-01-28 01:00:00,2017-01-28 01:00:00,1,5.889971742685158,2017-01-28 01:00:00,,after_hours,A,False
Eagle_office_Patrice,lightgbm_if_lag,2017-01-28 13:00:00,2017-01-28 18:00:00,6,6.8046577341301155,2017-01-28 13:00:00,,after_hours,A,False
Eagle_office_Patrice,lightgbm_if_lag,2017-01-30 12:00:00,2017-01-30 12:00:00,1,6.53473083746145,2017-01-30 12:00:00,,spike,A,False
Eagle_office_Patrice,lightgbm_if_lag,2017-01-31 12:00:00,2017-01-31 12:00:00,1,5.7240406649265045,2017-01-31 12:00:00,,spike,A,False
Eagle_office_Patrice,lightgbm_if_lag,2017-01-31 15:00:00,2017-01-31 16:00:00,2,7.33550822937336,2017-01-31 15:00:00,,spike,A,False
Eagle_office_Patrice,lightgbm_if_lag,2017-02-18 14:00:00,2017-02-18 16:00:00,3,6.506509439125451,2017-02-18 16:00:00,,after_hours,A,False
Eagle_office_Patrice,lightgbm_if_lag,2017-02-19 13:00:00,2017-02-19 22:00:00,10,8.739546680589035,2017-02-19 16:00:00,,after_hours,A,False
Eagle_office_Patrice,lightgbm_if_lag,2017-02-20 13:00:00,2017-02-20 23:00:00,11,14.35363539607865,2017-02-20 18:00:00,,after_hours,A,False
Eagle_office_Patrice,lightgbm_if_lag,2017-03-13 11:00:00,2017-03-13 12:00:00,2,5.769647577157757,2017-03-13 11:00:00,,spike,A,False
Eagle_office_Patrice,lightgbm_if_lag,2017-03-13 20:00:00,2017-03-13 20:00:00,1,6.796724338776039,2017-03-13 20:00:00,,after_hours,A,False
Eagle_office_Patrice,lightgbm_if_lag,2017-03-14 11:00:00,2017-03-14 12:00:00,2,7.4938137572096855,2017-03-14 11:00:00,,spike,A,False
Eagle_office_Patrice,lightgbm_if_lag,2017-03-14 16:00:00,2017-03-14 16:00:00,1,6.460487835061274,2017-03-14 16:00:00,,spike,A,False
Eagle_office_Patrice,lightgbm_if_lag,2017-03-15 10:00:00,2017-03-15 20:00:00,11,10.307040843343627,2017-03-15 11:00:00,,spike,A,False
Eagle_office_Patrice,lightgbm_if_lag,2017-03-16 10:00:00,2017-03-16 16:00:00,7,7.00246444791589,2017-03-16 12:00:00,,spike,A,False
Eagle_office_Patrice,lightgbm_if_lag,2017-03-17 12:00:00,2017-03-17 12:00:00,1,8.243526615043903,2017-03-17 12:00:00,,spike,A,False
Eagle_office_Patrice,lightgbm_if_lag,2017-03-21 11:00:00,2017-03-21 11:00:00,1,5.917916740973997,2017-03-21 11:00:00,,spike,A,False
Eagle_office_Patrice,lightgbm_if_lag,2017-04-04 00:00:00,2017-04-04 05:00:00,6,12.386218933565905,2017-04-04 04:00:00,,after_hours,A,True
Eagle_office_Patrice,lightgbm_if_lag,2017-04-22 11:00:00,2017-04-22 12:00:00,2,6.122164367911811,2017-04-22 12:00:00,,after_hours,A,False
Eagle_office_Patrice,lightgbm_if_lag,2017-05-05 10:00:00,2017-05-05 10:00:00,1,6.57109948843922,2017-05-05 10:00:00,,spike,A,False
Eagle_office_Patrice,lightgbm_if_lag,2017-06-20 12:00:00,2017-06-20 12:00:00,1,5.490616286329275,2017-06-20 12:00:00,,spike,A,False
Eagle_office_Patrice,lightgbm_if_lag,2017-07-24 09:00:00,2017-07-24 09:00:00,1,6.245170736592261,2017-07-24 09:00:00,,spike,A,False
Eagle_office_Patrice,lightgbm_if_lag,2017-08-17 13:00:00,2017-08-17 14:00:00,2,6.004926726631717,2017-08-17 13:00:00,,spike,A,False
Eagle_office_Patrice,lightgbm_if_lag,2017-08-18 00:00:00,2017-08-18 02:00:00,3,5.593809796005165,2017-08-18 00:00:00,,after_hours,A,False
Eagle_office_Patrice,lightgbm_if_lag,2017-08-18 15:00:00,2017-08-18 15:00:00,1,6.741760870075417,2017-08-18 15:00:00,,spike,A,False
Eagle_office_Patrice,lightgbm_if_lag,2017-08-22 11:00:00,2017-08-22 18:00:00,8,7.993922961544292,2017-08-22 11:00:00,,spike,A,False
Eagle_office_Patrice,lightgbm_if_lag,2017-08-24 14:00:00,2017-08-24 18:00:00,5,8.740569758772107,2017-08-24 17:00:00,,spike,A,False
Eagle_office_Patrice,lightgbm_if_lag,2017-08-25 11:00:00,2017-08-25 11:00:00,1,5.777703440802823,2017-08-25 11:00:00,,spike,A,False
Eagle_office_Patrice,lightgbm_if_lag,2017-08-28 12:00:00,2017-08-28 19:00:00,8,29.858587851570675,2017-08-28 16:00:00,,spike,A,True
Eagle_office_Patrice,lightgbm_if_lag,2017-08-29 12:00:00,2017-08-29 18:00:00,7,6.674106900238808,2017-08-29 12:00:00,,spike,A,False
Eagle_office_Patrice,lightgbm_if_lag,2017-09-04 11:00:00,2017-09-04 22:00:00,12,13.296444640381747,2017-09-04 14:00:00,,after_hours,A,False
Eagle_office_Patrice,lightgbm_if_lag,2017-09-10 15:00:00,2017-09-10 17:00:00,3,25.952201827361435,2017-09-10 17:00:00,,after_hours,A,True
Eagle_office_Patrice,lightgbm_if_lag,2017-09-23 21:00:00,2017-09-23 21:00:00,1,5.618572833445167,2017-09-23 21:00:00,,after_hours,A,False
Eagle_office_Patrice,lightgbm_if_lag,2017-10-09 12:00:00,2017-10-09 22:00:00,11,23.37062759118225,2017-10-09 18:00:00,,after_hours,A,False
Eagle_office_Patrice,lightgbm_if_lag,2017-10-14 00:00:00,2017-10-14 04:00:00,5,6.552197594844963,2017-10-14 00:00:00,,after_hours,A,False
Eagle_office_Patrice,lightgbm_if_lag,2017-10-26 10:00:00,2017-10-26 10:00:00,1,6.01697493364709,2017-10-26 10:00:00,,spike,A,True
Eagle_office_Patrice,lightgbm_if_lag,2017-10-28 20:00:00,2017-10-28 21:00:00,2,5.71940719114534,2017-10-28 21:00:00,,after_hours,A,True
Eagle_office_Patrice,lightgbm_if_lag,2017-11-04 17:00:00,2017-11-04 17:00:00,1,5.569287472576358,2017-11-04 17:00:00,,after_hours,A,True
Eagle_office_Patrice,lightgbm_if_lag,2017-11-07 03:00:00,2017-11-07 03:00:00,1,6.866048949022722,2017-11-07 03:00:00,,after_hours,A,True
Eagle_office_Patrice,lightgbm_if_lag,2017-11-08 14:00:00,2017-11-08 14:00:00,1,7.635290481869376,2017-11-08 14:00:00,,spike,A,True
Eagle_office_Patrice,lightgbm_if_lag,2017-11-08 21:00:00,2017-11-08 23:00:00,3,5.925760547468625,2017-11-08 23:00:00,,after_hours,A,True
Eagle_office_Patrice,lightgbm_if_lag,2017-11-09 03:00:00,2017-11-09 03:00:00,1,6.260865763637079,2017-11-09 03:00:00,,after_hours,A,True
Eagle_office_Patrice,lightgbm_if_lag,2017-11-09 14:00:00,2017-11-09 14:00:00,1,7.421521943765463,2017-11-09 14:00:00,,spike,A,True
Eagle_office_Patrice,lightgbm_if_lag,2017-11-09 18:00:00,2017-11-10 02:00:00,9,7.4881774568027675,2017-11-10 01:00:00,,after_hours,A,True
Eagle_office_Patrice,lightgbm_if_lag,2017-11-10 11:00:00,2017-11-10 23:00:00,13,20.797183017610394,2017-11-10 17:00:00,,after_hours,A,True
Eagle_office_Patrice,lightgbm_if_lag,2017-11-11 04:00:00,2017-11-11 05:00:00,2,7.253875738257083,2017-11-11 04:00:00,,after_hours,A,True
Eagle_office_Patrice,lightgbm_if_lag,2017-11-11 12:00:00,2017-11-11 18:00:00,7,6.817348366500252,2017-11-11 14:00:00,,after_hours,A,True
Eagle_office_Patrice,lightgbm_if_lag,2017-11-12 04:00:00,2017-11-12 04:00:00,1,7.527543313815107,2017-11-12 04:00:00,,after_hours,A,True
Eagle_office_Patrice,lightgbm_if_lag,2017-11-14 03:00:00,2017-11-14 03:00:00,1,10.475567017173827,2017-11-14 03:00:00,,after_hours,A,True
Eagle_office_Patrice,lightgbm_if_lag,2017-11-14 19:00:00,2017-11-14 23:00:00,5,5.8047777488651064,2017-11-14 21:00:00,,after_hours,A,True
Eagle_office_Patrice,lightgbm_if_lag,2017-11-21 03:00:00,2017-11-21 03:00:00,1,5.654639737749417,2017-11-21 03:00:00,,after_hours,A,True
Eagle_office_Patrice,lightgbm_if_lag,2017-12-09 13:00:00,2017-12-09 17:00:00,5,5.810866909484772,2017-12-09 16:00:00,,after_hours,A,False
Eagle_office_Patrice,lightgbm_if_lag,2017-12-25 13:00:00,2017-12-25 14:00:00,2,6.2132526944722075,2017-12-25 14:00:00,,after_hours,A,False
Eagle_office_Patrice,lightgbm_if_lag,2017-12-25 17:00:00,2017-12-25 18:00:00,2,7.987980273410678,2017-12-25 17:00:00,,after_hours,A,False
Eagle_office_Randolph,lightgbm_if_lag,2017-01-01 14:00:00,2017-01-02 23:00:00,34,16.956456867804867,2017-01-02 17:00:00,,after_hours,A,False
Eagle_office_Randolph,lightgbm_if_lag,2017-01-03 02:00:00,2017-01-03 09:00:00,8,17.157159974782864,2017-01-03 04:00:00,,after_hours,A,False
Eagle_office_Randolph,lightgbm_if_lag,2017-01-05 00:00:00,2017-01-05 08:00:00,9,17.380387198589073,2017-01-05 02:00:00,,after_hours,A,False
Eagle_office_Randolph,lightgbm_if_lag,2017-01-06 00:00:00,2017-01-06 08:00:00,9,11.710584732011945,2017-01-06 01:00:00,,after_hours,A,False
Eagle_office_Randolph,lightgbm_if_lag,2017-01-06 11:00:00,2017-01-08 23:00:00,61,38.82427107706597,2017-01-07 01:00:00,,after_hours,A,False
Eagle_office_Randolph,lightgbm_if_lag,2017-01-09 08:00:00,2017-01-09 09:00:00,2,12.293886130394032,2017-01-09 09:00:00,,spike,A,False
Eagle_office_Randolph,lightgbm_if_lag,2017-01-10 00:00:00,2017-01-10 04:00:00,5,16.014032337396124,2017-01-10 01:00:00,,after_hours,A,False
Eagle_office_Randolph,lightgbm_if_lag,2017-01-14 00:00:00,2017-01-14 23:00:00,24,26.49121029977054,2017-01-14 13:00:00,,after_hours,A,False
Eagle_office_Randolph,lightgbm_if_lag,2017-01-15 08:00:00,2017-01-16 06:00:00,23,27.355179556217735,2017-01-15 13:00:00,,after_hours,A,False
Eagle_office_Randolph,lightgbm_if_lag,2017-01-16 09:00:00,2017-01-17 03:00:00,19,22.350936433196686,2017-01-17 03:00:00,,after_hours,A,False
Eagle_office_Randolph,lightgbm_if_lag,2017-01-29 08:00:00,2017-01-29 17:00:00,10,19.241167525873003,2017-01-29 10:00:00,,after_hours,A,True
Eagle_office_Randolph,lightgbm_if_lag,2017-01-30 09:00:00,2017-01-30 09:00:00,1,12.520306011482575,2017-01-30 09:00:00,,spike,A,False
Eagle_office_Randolph,lightgbm_if_lag,2017-02-16 02:00:00,2017-02-16 02:00:00,1,10.99593960428411,2017-02-16 02:00:00,,after_hours,A,False
Eagle_office_Randolph,lightgbm_if_lag,2017-03-12 11:00:00,2017-03-12 11:00:00,1,10.959777190172046,2017-03-12 11:00:00,,after_hours,A,False
Eagle_office_Randolph,lightgbm_if_lag,2017-03-13 08:00:00,2017-03-13 09:00:00,2,10.511681182586742,2017-03-13 08:00:00,,spike,A,False
Eagle_office_Randolph,lightgbm_if_lag,2017-03-15 08:00:00,2017-03-15 09:00:00,2,13.057280026052384,2017-03-15 08:00:00,,spike,A,False
Eagle_office_Randolph,lightgbm_if_lag,2017-03-16 08:00:00,2017-03-16 09:00:00,2,11.733752067540317,2017-03-16 08:00:00,,spike,A,False
Eagle_office_Randolph,lightgbm_if_lag,2017-03-17 08:00:00,2017-03-17 09:00:00,2,12.639429712973346,2017-03-17 08:00:00,,spike,A,False
Eagle_office_Randolph,lightgbm_if_lag,2017-04-07 09:00:00,2017-04-07 09:00:00,1,10.454444951351032,2017-04-07 09:00:00,,spike,A,False
Eagle_office_Randolph,lightgbm_if_lag,2017-04-12 01:00:00,2017-04-12 01:00:00,1,14.224330670903296,2017-04-12 01:00:00,,after_hours,A,False
Eagle_office_Randolph,lightgbm_if_lag,2017-04-25 09:00:00,2017-04-25 09:00:00,1,11.688539203086128,2017-04-25 09:00:00,,spike,A,False
Eagle_office_Randolph,lightgbm_if_lag,2017-05-07 12:00:00,2017-05-07 12:00:00,1,10.694134291549389,2017-05-07 12:00:00,,after_hours,A,False
Eagle_office_Randolph,lightgbm_if_lag,2017-05-26 01:00:00,2017-05-26 10:00:00,10,32.02806596600597,2017-05-26 06:00:00,,after_hours,A,False
Eagle_office_Randolph,lightgbm_if_lag,2017-05-29 10:00:00,2017-05-29 12:00:00,3,18.996733940381116,2017-05-29 10:00:00,,after_hours,A,False
Eagle_office_Randolph,lightgbm_if_lag,2017-05-30 02:00:00,2017-05-30 10:00:00,9,31.699057943828976,2017-05-30 06:00:00,,after_hours,A,False
Eagle_office_Randolph,lightgbm_if_lag,2017-05-31 00:00:00,2017-05-31 10:00:00,11,30.74846903768263,2017-05-31 06:00:00,,after_hours,A,False
Eagle_office_Randolph,lightgbm_if_lag,2017-06-01 00:00:00,2017-06-01 09:00:00,10,29.611342145183922,2017-06-01 07:00:00,,after_hours,A,False
Eagle_office_Randolph,lightgbm_if_lag,2017-06-02 02:00:00,2017-06-02 11:00:00,10,20.467445500132794,2017-06-02 09:00:00,,spike,A,False
Eagle_office_Randolph,lightgbm_if_lag,2017-06-05 02:00:00,2017-06-05 09:00:00,8,21.000497657052534,2017-06-05 08:00:00,,after_hours,A,False
Eagle_office_Randolph,lightgbm_if_lag,2017-06-06 01:00:00,2017-06-06 09:00:00,9,18.84413949553478,2017-06-06 09:00:00,,after_hours,A,False
Eagle_office_Randolph,lightgbm_if_lag,2017-06-07 02:00:00,2017-06-07 09:00:00,8,19.737774367178204,2017-06-07 09:00:00,,after_hours,A,False
Eagle_office_Randolph,lightgbm_if_lag,2017-06-08 01:00:00,2017-06-08 09:00:00,9,20.69196750901433,2017-06-08 09:00:00,,after_hours,A,False
Eagle_office_Randolph,lightgbm_if_lag,2017-06-09 02:00:00,2017-06-09 09:00:00,8,17.65796522669151,2017-06-09 07:00:00,,after_hours,A,False
Eagle_office_Randolph,lightgbm_if_lag,2017-06-19 09:00:00,2017-06-19 09:00:00,1,13.857881479304469,2017-06-19 09:00:00,,spike,A,False
Eagle_office_Randolph,lightgbm_if_lag,2017-06-24 12:00:00,2017-06-24 12:00:00,1,11.723518774873327,2017-06-24 12:00:00,,after_hours,A,False
Eagle_office_Randolph,lightgbm_if_lag,2017-07-04 01:00:00,2017-07-04 12:00:00,12,11.38045777738657,2017-07-04 10:00:00,,after_hours,A,False
Eagle_office_Randolph,lightgbm_if_lag,2017-07-07 02:00:00,2017-07-07 09:00:00,8,10.549209111148137,2017-07-07 02:00:00,,after_hours,A,False
Eagle_office_Randolph,lightgbm_if_lag,2017-07-20 09:00:00,2017-07-20 16:00:00,8,19.11294803754362,2017-07-20 09:00:00,,spike,A,False
Eagle_office_Randolph,lightgbm_if_lag,2017-07-29 09:00:00,2017-07-29 09:00:00,1,12.936168453282836,2017-07-29 09:00:00,,after_hours,A,True
Eagle_office_Randolph,lightgbm_if_lag,2017-08-02 01:00:00,2017-08-02 01:00:00,1,10.757018436985325,2017-08-02 01:00:00,,after_hours,A,True
Eagle_office_Randolph,lightgbm_if_lag,2017-09-01 03:00:00,2017-09-01 17:00:00,15,55.01361041730005,2017-09-01 04:00:00,,spike,A,True
Eagle_office_Randolph,lightgbm_if_lag,2017-09-04 10:00:00,2017-09-04 11:00:00,2,10.93318021126445,2017-09-04 10:00:00,,after_hours,A,False
Eagle_office_Randolph,lightgbm_if_lag,2017-09-18 16:00:00,2017-09-18 22:00:00,7,13.766231766319498,2017-09-18 20:00:00,,after_hours,A,False
Eagle_office_Randolph,lightgbm_if_lag,2017-09-19 01:00:00,2017-09-19 08:00:00,8,14.27451569172031,2017-09-19 04:00:00,,after_hours,A,False
Eagle_office_Randolph,lightgbm_if_lag,2017-09-19 23:00:00,2017-09-20 08:00:00,10,27.738093468760763,2017-09-20 01:00:00,,after_hours,A,False
Eagle_office_Randolph,lightgbm_if_lag,2017-09-22 01:00:00,2017-09-22 08:00:00,8,14.173487395825253,2017-09-22 01:00:00,,after_hours,A,False
Eagle_office_Randolph,lightgbm_if_lag,2017-09-23 00:00:00,2017-09-23 23:00:00,24,11.763379947330353,2017-09-23 07:00:00,,after_hours,A,False
Eagle_office_Randolph,lightgbm_if_lag,2017-09-24 02:00:00,2017-09-24 18:00:00,17,11.92852901539905,2017-09-24 08:00:00,,after_hours,A,False
Eagle_office_Randolph,lightgbm_if_lag,2017-09-24 22:00:00,2017-09-25 08:00:00,11,10.895048400034362,2017-09-24 22:00:00,,after_hours,A,False
Eagle_office_Randolph,lightgbm_if_lag,2017-09-25 23:00:00,2017-09-26 01:00:00,3,12.53260704371281,2017-09-26 01:00:00,,after_hours,A,False
Eagle_office_Randolph,lightgbm_if_lag,2017-09-30 01:00:00,2017-09-30 11:00:00,11,16.856987305276608,2017-09-30 04:00:00,,after_hours,A,False
Eagle_office_Randolph,lightgbm_if_lag,2017-09-30 22:00:00,2017-09-30 23:00:00,2,11.569681015076528,2017-09-30 23:00:00,,after_hours,A,False
Eagle_office_Randolph,lightgbm_if_lag,2017-10-01 02:00:00,2017-10-01 13:00:00,12,16.120636718091003,2017-10-01 04:00:00,,after_hours,A,False
Eagle_office_Randolph,lightgbm_if_lag,2017-10-06 01:00:00,2017-10-06 03:00:00,3,11.291268050146114,2017-10-06 01:00:00,,after_hours,A,False
Eagle_office_Randolph,lightgbm_if_lag,2017-10-09 10:00:00,2017-10-10 01:00:00,16,14.25430383521077,2017-10-09 12:00:00,,after_hours,A,False
Eagle_office_Randolph,lightgbm_if_lag,2017-10-21 12:00:00,2017-10-21 12:00:00,1,11.237340630742944,2017-10-21 12:00:00,,after_hours,A,False
Eagle_office_Randolph,lightgbm_if_lag,2017-10-22 12:00:00,2017-10-22 12:00:00,1,11.359303354614028,2017-10-22 12:00:00,,after_hours,A,False
Eagle_office_Randolph,lightgbm_if_lag,2017-11-01 09:00:00,2017-11-01 09:00:00,1,10.431361553485928,2017-11-01 09:00:00,,spike,A,False
Eagle_office_Randolph,lightgbm_if_lag,2017-11-09 00:00:00,2017-11-09 03:00:00,4,10.759789316258438,2017-11-09 03:00:00,,after_hours,A,False
Eagle_office_Randolph,lightgbm_if_lag,2017-11-10 00:00:00,2017-11-10 03:00:00,4,11.848813952156476,2017-11-10 01:00:00,,after_hours,A,False
Eagle_office_Randolph,lightgbm_if_lag,2017-11-10 10:00:00,2017-11-11 03:00:00,18,13.6742340344163,2017-11-11 03:00:00,,after_hours,A,False
Eagle_office_Randolph,lightgbm_if_lag,2017-11-11 21:00:00,2017-11-12 00:00:00,4,24.961441640302695,2017-11-11 23:00:00,,after_hours,A,True
Eagle_office_Randolph,lightgbm_if_lag,2017-11-15 03:00:00,2017-11-15 03:00:00,1,11.635187579276533,2017-11-15 03:00:00,,after_hours,A,False
Eagle_office_Randolph,lightgbm_if_lag,2017-11-27 09:00:00,2017-11-27 09:00:00,1,10.861900484367855,2017-11-27 09:00:00,,spike,A,False
Eagle_office_Randolph,lightgbm_if_lag,2017-12-02 12:00:00,2017-12-02 12:00:00,1,11.22795202075586,2017-12-02 12:00:00,,after_hours,A,False
Eagle_office_Randolph,lightgbm_if_lag,2017-12-13 09:00:00,2017-12-13 09:00:00,1,11.544490051752383,2017-12-13 09:00:00,,spike,A,False
Eagle_office_Randolph,lightgbm_if_lag,2017-12-15 09:00:00,2017-12-15 09:00:00,1,11.484591667955465,2017-12-15 09:00:00,,spike,A,False
Eagle_office_Randolph,lightgbm_if_lag,2017-12-18 09:00:00,2017-12-18 09:00:00,1,10.787338687950696,2017-12-18 09:00:00,,spike,A,False
Eagle_office_Randolph,lightgbm_if_lag,2017-12-22 02:00:00,2017-12-22 05:00:00,4,16.03549015240859,2017-12-22 05:00:00,,after_hours,A,True
Eagle_office_Randolph,lightgbm_if_lag,2017-12-23 02:00:00,2017-12-23 03:00:00,2,11.355200153264096,2017-12-23 03:00:00,,after_hours,A,False
Eagle_office_Randolph,lightgbm_if_lag,2017-12-27 09:00:00,2017-12-27 10:00:00,2,14.186614435513212,2017-12-27 09:00:00,,spike,A,False
Eagle_office_Randolph,lightgbm_if_lag,2017-12-30 16:00:00,2017-12-30 23:00:00,8,13.435732733672204,2017-12-30 17:00:00,,after_hours,A,False
Eagle_office_Randolph,lightgbm_if_lag,2017-12-31 12:00:00,2017-12-31 23:00:00,12,26.15152617247038,2017-12-31 17:00:00,,after_hours,A,False
Eagle_office_Sonya,lightgbm_if_lag,2017-01-07 05:00:00,2017-01-07 05:00:00,1,6.360364603854635,2017-01-07 05:00:00,,after_hours,A,False
Eagle_office_Sonya,lightgbm_if_lag,2017-01-08 04:00:00,2017-01-08 10:00:00,7,8.188935730826078,2017-01-08 08:00:00,,after_hours,A,False
Eagle_office_Sonya,lightgbm_if_lag,2017-02-08 23:00:00,2017-02-08 23:00:00,1,5.360687536367884,2017-02-08 23:00:00,,after_hours,A,False
Eagle_office_Sonya,lightgbm_if_lag,2017-02-20 23:00:00,2017-02-20 23:00:00,1,6.657288626076781,2017-02-20 23:00:00,,after_hours,A,True
Eagle_office_Sonya,lightgbm_if_lag,2017-02-23 17:00:00,2017-02-23 20:00:00,4,6.624011247067001,2017-02-23 19:00:00,,spike,A,True
Eagle_office_Sonya,lightgbm_if_lag,2017-02-24 08:00:00,2017-02-24 08:00:00,1,10.409791902263715,2017-02-24 08:00:00,,spike,A,True
Eagle_office_Sonya,lightgbm_if_lag,2017-02-24 14:00:00,2017-02-24 19:00:00,6,6.644612224459446,2017-02-24 18:00:00,,spike,A,True
Eagle_office_Sonya,lightgbm_if_lag,2017-02-25 04:00:00,2017-02-25 07:00:00,4,6.007231312791345,2017-02-25 04:00:00,,after_hours,A,True
Eagle_office_Sonya,lightgbm_if_lag,2017-02-28 04:00:00,2017-02-28 12:00:00,9,10.732193780748352,2017-02-28 09:00:00,,spike,A,True
Eagle_office_Sonya,lightgbm_if_lag,2017-02-28 22:00:00,2017-02-28 22:00:00,1,6.268593645840191,2017-02-28 22:00:00,,after_hours,A,True
Eagle_office_Sonya,lightgbm_if_lag,2017-03-04 09:00:00,2017-03-04 23:00:00,15,14.458438461739965,2017-03-04 17:00:00,,after_hours,A,True
Eagle_office_Sonya,lightgbm_if_lag,2017-03-05 02:00:00,2017-03-05 11:00:00,10,12.446246082428978,2017-03-05 07:00:00,,after_hours,A,True
Eagle_office_Sonya,lightgbm_if_lag,2017-03-05 20:00:00,2017-03-05 23:00:00,4,5.703517536684807,2017-03-05 20:00:00,,after_hours,A,True
Eagle_office_Sonya,lightgbm_if_lag,2017-03-06 07:00:00,2017-03-06 13:00:00,7,8.955070665086541,2017-03-06 07:00:00,,spike,A,True
Eagle_office_Sonya,lightgbm_if_lag,2017-03-10 00:00:00,2017-03-10 00:00:00,1,7.152914346075406,2017-03-10 00:00:00,,after_hours,A,True
Eagle_office_Sonya,lightgbm_if_lag,2017-03-12 10:00:00,2017-03-12 10:00:00,1,7.843904775234239,2017-03-12 10:00:00,,after_hours,A,True
Eagle_office_Sonya,lightgbm_if_lag,2017-03-12 14:00:00,2017-03-12 14:00:00,1,5.760246772917971,2017-03-12 14:00:00,,after_hours,A,True
Eagle_office_Sonya,lightgbm_if_lag,2017-03-13 10:00:00,2017-03-13 13:00:00,4,13.1977083132297,2017-03-13 10:00:00,,spike,A,True
Eagle_office_Sonya,lightgbm_if_lag,2017-03-15 10:00:00,2017-03-15 10:00:00,1,6.754545260619099,2017-03-15 10:00:00,,spike,A,True
Eagle_office_Sonya,lightgbm_if_lag,2017-03-16 10:00:00,2017-03-16 12:00:00,3,10.14735616314076,2017-03-16 10:00:00,,spike,A,True
Eagle_office_Sonya,lightgbm_if_lag,2017-03-16 16:00:00,2017-03-17 03:00:00,12,8.29327567305776,2017-03-17 02:00:00,,after_hours,A,True
Eagle_office_Sonya,lightgbm_if_lag,2017-03-17 10:00:00,2017-03-17 20:00:00,11,9.684779106546229,2017-03-17 10:00:00,,spike,A,True
Eagle_office_Sonya,lightgbm_if_lag,2017-03-18 10:00:00,2017-03-18 10:00:00,1,6.7542180826684906,2017-03-18 10:00:00,,after_hours,A,True
Eagle_office_Sonya,lightgbm_if_lag,2017-04-06 19:00:00,2017-04-06 19:00:00,1,6.63519306159394,2017-04-06 19:00:00,,after_hours,A,False
Eagle_office_Sonya,lightgbm_if_lag,2017-04-09 09:00:00,2017-04-09 09:00:00,1,6.240240815281181,2017-04-09 09:00:00,,after_hours,A,False
Eagle_office_Sonya,lightgbm_if_lag,2017-04-10 03:00:00,2017-04-10 04:00:00,2,5.946796063881077,2017-04-10 03:00:00,,after_hours,A,False
Eagle_office_Sonya,lightgbm_if_lag,2017-04-10 07:00:00,2017-04-10 08:00:00,2,5.693169025624716,2017-04-10 08:00:00,,spike,A,False
Eagle_office_Sonya,lightgbm_if_lag,2017-04-11 03:00:00,2017-04-11 04:00:00,2,7.596126395585737,2017-04-11 04:00:00,,after_hours,A,False
Eagle_office_Sonya,lightgbm_if_lag,2017-04-12 03:00:00,2017-04-12 06:00:00,4,9.410002834835062,2017-04-12 06:00:00,,after_hours,A,False
Eagle_office_Sonya,lightgbm_if_lag,2017-04-13 03:00:00,2017-04-13 06:00:00,4,6.155410643376841,2017-04-13 04:00:00,,after_hours,A,False
Eagle_office_Sonya,lightgbm_if_lag,2017-04-14 02:00:00,2017-04-14 02:00:00,1,5.9269202663197404,2017-04-14 02:00:00,,after_hours,A,False
Eagle_office_Sonya,lightgbm_if_lag,2017-04-17 04:00:00,2017-04-17 04:00:00,1,10.220460730149757,2017-04-17 04:00:00,,after_hours,A,False
Eagle_office_Sonya,lightgbm_if_lag,2017-04-21 03:00:00,2017-04-21 03:00:00,1,5.820243312151539,2017-04-21 03:00:00,,after_hours,A,False
Eagle_office_Sonya,lightgbm_if_lag,2017-04-22 07:00:00,2017-04-22 07:00:00,1,7.67982723708273,2017-04-22 07:00:00,,after_hours,A,False
Eagle_office_Sonya,lightgbm_if_lag,2017-04-24 07:00:00,2017-04-24 08:00:00,2,5.852830705637463,2017-04-24 08:00:00,,spike,A,False
Eagle_office_Sonya,lightgbm_if_lag,2017-05-11 04:00:00,2017-05-11 04:00:00,1,6.836953547011908,2017-05-11 04:00:00,,after_hours,A,False
Eagle_office_Sonya,lightgbm_if_lag,2017-05-29 05:00:00,2017-05-29 05:00:00,1,5.633921440435395,2017-05-29 05:00:00,,after_hours,A,False
Eagle_office_Sonya,lightgbm_if_lag,2017-05-29 10:00:00,2017-05-29 10:00:00,1,6.473341391939897,2017-05-29 10:00:00,,after_hours,A,False
Eagle_office_Sonya,lightgbm_if_lag,2017-06-01 05:00:00,2017-06-01 06:00:00,2,9.66882907528708,2017-06-01 05:00:00,,after_hours,A,False
Eagle_office_Sonya,lightgbm_if_lag,2017-06-02 06:00:00,2017-06-02 06:00:00,1,9.176663396341985,2017-06-02 06:00:00,,after_hours,A,False
Eagle_office_Sonya,lightgbm_if_lag,2017-06-03 04:00:00,2017-06-03 05:00:00,2,10.342257931109978,2017-06-03 04:00:00,,after_hours,A,False
Eagle_office_Sonya,lightgbm_if_lag,2017-06-04 06:00:00,2017-06-04 09:00:00,4,8.885754658055957,2017-06-04 06:00:00,,after_hours,A,False
Eagle_office_Sonya,lightgbm_if_lag,2017-06-05 06:00:00,2017-06-05 09:00:00,4,5.574198357152868,2017-06-05 08:00:00,,spike,A,False
Eagle_office_Sonya,lightgbm_if_lag,2017-06-27 05:00:00,2017-06-27 05:00:00,1,7.2362639685310635,2017-06-27 05:00:00,,after_hours,A,False
Eagle_office_Sonya,lightgbm_if_lag,2017-07-19 07:00:00,2017-07-19 14:00:00,8,7.747035090693624,2017-07-19 09:00:00,,spike,A,False
Eagle_office_Sonya,lightgbm_if_lag,2017-08-10 06:00:00,2017-08-10 06:00:00,1,7.50244270780155,2017-08-10 06:00:00,,after_hours,A,False
Eagle_office_Sonya,lightgbm_if_lag,2017-08-26 05:00:00,2017-08-26 05:00:00,1,6.772205707752666,2017-08-26 05:00:00,,after_hours,A,False
Eagle_office_Sonya,lightgbm_if_lag,2017-09-09 00:00:00,2017-09-09 00:00:00,1,5.485542387350222,2017-09-09 00:00:00,,after_hours,A,False
Eagle_office_Sonya,lightgbm_if_lag,2017-09-12 13:00:00,2017-09-12 15:00:00,3,14.246992928923119,2017-09-12 15:00:00,,spike,A,True
Eagle_office_Sonya,lightgbm_if_lag,2017-09-20 08:00:00,2017-09-20 08:00:00,1,7.749322352753346,2017-09-20 08:00:00,,spike,A,False
Eagle_office_Sonya,lightgbm_if_lag,2017-10-04 00:00:00,2017-10-04 00:00:00,1,6.255270580574366,2017-10-04 00:00:00,,after_hours,A,False
Eagle_office_Sonya,lightgbm_if_lag,2017-10-09 12:00:00,2017-10-09 16:00:00,5,5.95593495678534,2017-10-09 13:00:00,,after_hours,A,False
Eagle_office_Sonya,lightgbm_if_lag,2017-10-15 15:00:00,2017-10-15 16:00:00,2,25.29947936125774,2017-10-15 16:00:00,,after_hours,A,True
Eagle_office_Sonya,lightgbm_if_lag,2017-10-16 08:00:00,2017-10-16 08:00:00,1,6.714485504881363,2017-10-16 08:00:00,,spike,A,False
Eagle_office_Sonya,lightgbm_if_lag,2017-10-24 03:00:00,2017-10-24 03:00:00,1,8.170028830971512,2017-10-24 03:00:00,,after_hours,A,False
Eagle_office_Sonya,lightgbm_if_lag,2017-11-05 18:00:00,2017-11-05 21:00:00,4,6.322595562020319,2017-11-05 21:00:00,,after_hours,A,False
Eagle_office_Sonya,lightgbm_if_lag,2017-11-06 03:00:00,2017-11-06 04:00:00,2,6.603222629633493,2017-11-06 03:00:00,,after_hours,A,False
Eagle_office_Sonya,lightgbm_if_lag,2017-11-07 02:00:00,2017-11-07 04:00:00,3,7.487535330004177,2017-11-07 03:00:00,,after_hours,A,False
Eagle_office_Sonya,lightgbm_if_lag,2017-11-08 01:00:00,2017-11-08 04:00:00,4,6.5023435675050685,2017-11-08 01:00:00,,after_hours,A,False
Eagle_office_Sonya,lightgbm_if_lag,2017-11-09 02:00:00,2017-11-09 09:00:00,8,12.650765626941071,2017-11-09 04:00:00,,after_hours,A,False
Eagle_office_Sonya,lightgbm_if_lag,2017-11-09 17:00:00,2017-11-10 09:00:00,17,10.514748866796461,2017-11-10 04:00:00,,after_hours,A,False
Eagle_office_Sonya,lightgbm_if_lag,2017-11-10 12:00:00,2017-11-11 09:00:00,22,14.48840524200594,2017-11-10 17:00:00,,after_hours,A,False
Eagle_office_Sonya,lightgbm_if_lag,2017-11-13 02:00:00,2017-11-13 05:00:00,4,7.347991932827605,2017-11-13 03:00:00,,after_hours,A,False
Eagle_office_Sonya,lightgbm_if_lag,2017-11-13 12:00:00,2017-11-13 16:00:00,5,6.164682761804299,2017-11-13 14:00:00,,spike,A,False
Eagle_office_Sonya,lightgbm_if_lag,2017-11-14 03:00:00,2017-11-14 04:00:00,2,5.280322867023993,2017-11-14 04:00:00,,after_hours,A,False
Eagle_office_Sonya,lightgbm_if_lag,2017-11-15 08:00:00,2017-11-15 09:00:00,2,6.742191149052712,2017-11-15 09:00:00,,spike,A,False
Eagle_office_Sonya,lightgbm_if_lag,2017-11-15 16:00:00,2017-11-15 16:00:00,1,5.351246725412776,2017-11-15 16:00:00,,spike,A,False
Eagle_office_Sonya,lightgbm_if_lag,2017-11-16 23:00:00,2017-11-17 08:00:00,10,6.781728309622119,2017-11-17 03:00:00,,after_hours,A,False
Eagle_office_Sonya,lightgbm_if_lag,2017-11-18 03:00:00,2017-11-18 09:00:00,7,8.60315209507995,2017-11-18 04:00:00,,after_hours,A,False
Eagle_office_Sonya,lightgbm_if_lag,2017-11-18 12:00:00,2017-11-18 16:00:00,5,8.52356499161933,2017-11-18 15:00:00,,after_hours,A,False
Eagle_office_Sonya,lightgbm_if_lag,2017-11-19 02:00:00,2017-11-19 03:00:00,2,6.868192971893101,2017-11-19 02:00:00,,after_hours,A,False
Eagle_office_Sonya,lightgbm_if_lag,2017-11-24 06:00:00,2017-11-24 08:00:00,3,5.449994603886339,2017-11-24 06:00:00,,spike,A,False
Eagle_office_Sonya,lightgbm_if_lag,2017-12-28 04:00:00,2017-12-28 07:00:00,4,6.3049691207539125,2017-12-28 05:00:00,,after_hours,A,False
Eagle_office_Yadira,lightgbm_if_lag,2017-01-01 20:00:00,2017-01-02 23:00:00,28,9.571268714463859,2017-01-02 21:00:00,,after_hours,A,False
Eagle_office_Yadira,lightgbm_if_lag,2017-01-07 00:00:00,2017-01-08 23:00:00,48,32.779313894477546,2017-01-07 17:00:00,,after_hours,A,False
Eagle_office_Yadira,lightgbm_if_lag,2017-01-11 05:00:00,2017-01-11 11:00:00,7,15.879848695088688,2017-01-11 06:00:00,,spike,A,False
Eagle_office_Yadira,lightgbm_if_lag,2017-01-12 05:00:00,2017-01-12 11:00:00,7,16.825677697031892,2017-01-12 06:00:00,,spike,A,False
Eagle_office_Yadira,lightgbm_if_lag,2017-01-13 05:00:00,2017-01-13 12:00:00,8,17.34940414891012,2017-01-13 06:00:00,,spike,A,False
Eagle_office_Yadira,lightgbm_if_lag,2017-01-13 16:00:00,2017-01-13 18:00:00,3,6.233962753903982,2017-01-13 16:00:00,,spike,A,False
Eagle_office_Yadira,lightgbm_if_lag,2017-01-14 00:00:00,2017-01-15 06:00:00,31,23.01942941170374,2017-01-14 00:00:00,,after_hours,A,False
Eagle_office_Yadira,lightgbm_if_lag,2017-01-15 09:00:00,2017-01-16 04:00:00,20,21.16871828776262,2017-01-15 17:00:00,,after_hours,A,False
Eagle_office_Yadira,lightgbm_if_lag,2017-01-16 10:00:00,2017-01-16 23:00:00,14,17.95225011121213,2017-01-16 11:00:00,,after_hours,A,False
Eagle_office_Yadira,lightgbm_if_lag,2017-01-17 11:00:00,2017-01-17 11:00:00,1,12.07760501052708,2017-01-17 11:00:00,,spike,A,False
Eagle_office_Yadira,lightgbm_if_lag,2017-01-18 11:00:00,2017-01-19 00:00:00,14,10.191623356401244,2017-01-18 17:00:00,,spike,A,False
Eagle_office_Yadira,lightgbm_if_lag,2017-01-19 15:00:00,2017-01-19 23:00:00,9,8.683343539980207,2017-01-19 20:00:00,,after_hours,A,False
Eagle_office_Yadira,lightgbm_if_lag,2017-01-20 14:00:00,2017-01-21 04:00:00,15,8.11268399889652,2017-01-21 00:00:00,,after_hours,A,False
Eagle_office_Yadira,lightgbm_if_lag,2017-01-23 11:00:00,2017-01-23 11:00:00,1,8.118603026394991,2017-01-23 11:00:00,,spike,A,False
Eagle_office_Yadira,lightgbm_if_lag,2017-01-24 11:00:00,2017-01-25 01:00:00,15,9.067146241412026,2017-01-24 15:00:00,,spike,A,False
Eagle_office_Yadira,lightgbm_if_lag,2017-01-30 15:00:00,2017-01-30 22:00:00,8,8.142415503810826,2017-01-30 15:00:00,,spike,A,False
Eagle_office_Yadira,lightgbm_if_lag,2017-02-20 00:00:00,2017-02-20 03:00:00,4,7.064561080927996,2017-02-20 00:00:00,,after_hours,A,True
Eagle_office_Yadira,lightgbm_if_lag,2017-02-20 11:00:00,2017-02-20 23:00:00,13,15.744633343274034,2017-02-20 20:00:00,,after_hours,A,True
Eagle_office_Yadira,lightgbm_if_lag,2017-02-23 12:00:00,2017-02-23 12:00:00,1,6.133127805235315,2017-02-23 12:00:00,,spike,A,True
Eagle_office_Yadira,lightgbm_if_lag,2017-02-25 00:00:00,2017-02-25 03:00:00,4,6.37198411027731,2017-02-25 00:00:00,,after_hours,A,True
Eagle_office_Yadira,lightgbm_if_lag,2017-03-13 10:00:00,2017-03-13 10:00:00,1,8.837203783531375,2017-03-13 10:00:00,,spike,A,False
Eagle_office_Yadira,lightgbm_if_lag,2017-03-14 05:00:00,2017-03-14 10:00:00,6,13.688947977480833,2017-03-14 07:00:00,,spike,A,False
Eagle_office_Yadira,lightgbm_if_lag,2017-03-15 05:00:00,2017-03-15 10:00:00,6,15.235481255155474,2017-03-15 08:00:00,,spike,A,False
Eagle_office_Yadira,lightgbm_if_lag,2017-03-15 14:00:00,2017-03-15 23:00:00,10,8.872462456533917,2017-03-15 22:00:00,,spike,A,False
Eagle_office_Yadira,lightgbm_if_lag,2017-03-16 05:00:00,2017-03-16 10:00:00,6,16.912726774302524,2017-03-16 06:00:00,,spike,A,False
Eagle_office_Yadira,lightgbm_if_lag,2017-03-16 13:00:00,2017-03-16 22:00:00,10,7.648416630261632,2017-03-16 13:00:00,,spike,A,False
Eagle_office_Yadira,lightgbm_if_lag,2017-03-17 05:00:00,2017-03-17 10:00:00,6,11.049206559490033,2017-03-17 06:00:00,,spike,A,False
Eagle_office_Yadira,lightgbm_if_lag,2017-03-17 13:00:00,2017-03-17 19:00:00,7,6.229486588788598,2017-03-17 13:00:00,,spike,A,False
Eagle_office_Yadira,lightgbm_if_lag,2017-03-21 10:00:00,2017-03-21 10:00:00,1,8.019487174024693,2017-03-21 10:00:00,,spike,A,False
Eagle_office_Yadira,lightgbm_if_lag,2017-03-22 10:00:00,2017-03-22 10:00:00,1,7.102546987449768,2017-03-22 10:00:00,,spike,A,False
Eagle_office_Yadira,lightgbm_if_lag,2017-03-23 10:00:00,2017-03-23 10:00:00,1,7.897200696064931,2017-03-23 10:00:00,,spike,A,False
Eagle_office_Yadira,lightgbm_if_lag,2017-03-24 10:00:00,2017-03-24 10:00:00,1,6.080888998503088,2017-03-24 10:00:00,,spike,A,False
Eagle_office_Yadira,lightgbm_if_lag,2017-03-24 22:00:00,2017-03-25 02:00:00,5,8.626272934839815,2017-03-25 01:00:00,,after_hours,A,False
Eagle_office_Yadira,lightgbm_if_lag,2017-05-19 04:00:00,2017-05-19 09:00:00,6,19.764330794647726,2017-05-19 07:00:00,,spike,A,False
Eagle_office_Yadira,lightgbm_if_lag,2017-05-20 04:00:00,2017-05-20 09:00:00,6,12.43439508814133,2017-05-20 04:00:00,,after_hours,A,False
Eagle_office_Yadira,lightgbm_if_lag,2017-05-21 00:00:00,2017-05-21 09:00:00,10,7.866561212973692,2017-05-21 06:00:00,,after_hours,A,False
Eagle_office_Yadira,lightgbm_if_lag,2017-05-22 04:00:00,2017-05-22 04:00:00,1,10.116043802402823,2017-05-22 04:00:00,,after_hours,A,False
Eagle_office_Yadira,lightgbm_if_lag,2017-05-22 22:00:00,2017-05-23 00:00:00,3,22.552763452346817,2017-05-22 22:00:00,,after_hours,A,True
Eagle_office_Yadira,lightgbm_if_lag,2017-08-22 13:00:00,2017-08-22 22:00:00,10,11.878367598871025,2017-08-22 18:00:00,,spike,A,False
Eagle_office_Yadira,lightgbm_if_lag,2017-08-23 13:00:00,2017-08-23 22:00:00,10,9.742969561342006,2017-08-23 15:00:00,,spike,A,False
Eagle_office_Yadira,lightgbm_if_lag,2017-08-24 14:00:00,2017-08-24 23:00:00,10,10.504267713924266,2017-08-24 16:00:00,,spike,A,False
Eagle_office_Yadira,lightgbm_if_lag,2017-08-25 13:00:00,2017-08-25 18:00:00,6,8.581814528138619,2017-08-25 17:00:00,,spike,A,False
Eagle_office_Yadira,lightgbm_if_lag,2017-08-28 13:00:00,2017-08-29 00:00:00,12,9.313041958696084,2017-08-28 19:00:00,,spike,A,False
Eagle_office_Yadira,lightgbm_if_lag,2017-09-04 10:00:00,2017-09-04 11:00:00,2,6.33051458069427,2017-09-04 11:00:00,,after_hours,A,False
Eagle_office_Yadira,lightgbm_if_lag,2017-10-08 22:00:00,2017-10-09 02:00:00,5,7.512478257338793,2017-10-09 00:00:00,,after_hours,A,False
Eagle_office_Yadira,lightgbm_if_lag,2017-10-09 10:00:00,2017-10-09 23:00:00,14,15.747812021813166,2017-10-09 14:00:00,,after_hours,A,False
Eagle_office_Yadira,lightgbm_if_lag,2017-11-06 04:00:00,2017-11-06 05:00:00,2,15.375074608770591,2017-11-06 04:00:00,,after_hours,A,False
Eagle_office_Yadira,lightgbm_if_lag,2017-11-07 04:00:00,2017-11-07 04:00:00,1,15.71180940102126,2017-11-07 04:00:00,,after_hours,A,False
Eagle_office_Yadira,lightgbm_if_lag,2017-11-08 04:00:00,2017-11-08 04:00:00,1,13.314004469981295,2017-11-08 04:00:00,,after_hours,A,False
Eagle_office_Yadira,lightgbm_if_lag,2017-11-09 04:00:00,2017-11-09 04:00:00,1,15.629124081293604,2017-11-09 04:00:00,,after_hours,A,False
Eagle_office_Yadira,lightgbm_if_lag,2017-11-10 00:00:00,2017-11-10 04:00:00,5,10.745975090138744,2017-11-10 04:00:00,,after_hours,A,False
Eagle_office_Yadira,lightgbm_if_lag,2017-11-10 13:00:00,2017-11-10 22:00:00,10,11.930609354226258,2017-11-10 18:00:00,,after_hours,A,False
Eagle_office_Yadira,lightgbm_if_lag,2017-11-11 04:00:00,2017-11-11 04:00:00,1,12.166475037547006,2017-11-11 04:00:00,,after_hours,A,False
Eagle_office_Yadira,lightgbm_if_lag,2017-11-13 04:00:00,2017-11-13 04:00:00,1,13.469726020958763,2017-11-13 04:00:00,,after_hours,A,False
Eagle_office_Yadira,lightgbm_if_lag,2017-11-14 04:00:00,2017-11-14 04:00:00,1,13.20435042741084,2017-11-14 04:00:00,,after_hours,A,False
Eagle_office_Yadira,lightgbm_if_lag,2017-11-15 04:00:00,2017-11-15 04:00:00,1,11.723336620200833,2017-11-15 04:00:00,,after_hours,A,False
Eagle_office_Yadira,lightgbm_if_lag,2017-11-16 04:00:00,2017-11-16 04:00:00,1,11.910507685557233,2017-11-16 04:00:00,,after_hours,A,False
Eagle_office_Yadira,lightgbm_if_lag,2017-11-17 04:00:00,2017-11-17 04:00:00,1,9.604473749030815,2017-11-17 04:00:00,,after_hours,A,False
Eagle_office_Yadira,lightgbm_if_lag,2017-11-18 00:00:00,2017-11-18 04:00:00,5,6.297621047646388,2017-11-18 00:00:00,,after_hours,A,False
Eagle_office_Yadira,lightgbm_if_lag,2017-11-20 04:00:00,2017-11-20 04:00:00,1,8.327278697282862,2017-11-20 04:00:00,,after_hours,A,False
Eagle_office_Yadira,lightgbm_if_lag,2017-11-27 08:00:00,2017-11-27 09:00:00,2,7.610532247866186,2017-11-27 09:00:00,,spike,A,False
Eagle_office_Yadira,lightgbm_if_lag,2017-11-27 12:00:00,2017-11-27 14:00:00,3,5.917588057929188,2017-11-27 12:00:00,,spike,A,False
Eagle_office_Yadira,lightgbm_if_lag,2017-11-27 19:00:00,2017-11-27 19:00:00,1,6.23402085970338,2017-11-27 19:00:00,,after_hours,A,False
Eagle_office_Yadira,lightgbm_if_lag,2017-12-02 00:00:00,2017-12-02 06:00:00,7,14.032248347601428,2017-12-02 02:00:00,,after_hours,A,False
Eagle_office_Yadira,lightgbm_if_lag,2017-12-02 10:00:00,2017-12-03 09:00:00,24,7.836633685451504,2017-12-02 18:00:00,,after_hours,A,False
Eagle_office_Yadira,lightgbm_if_lag,2017-12-03 18:00:00,2017-12-03 23:00:00,6,6.299761570313686,2017-12-03 19:00:00,,after_hours,A,False
Eagle_office_Yadira,lightgbm_if_lag,2017-12-09 00:00:00,2017-12-09 03:00:00,4,6.7313117968105205,2017-12-09 02:00:00,,after_hours,A,False
Eagle_office_Yadira,lightgbm_if_lag,2017-12-10 14:00:00,2017-12-10 15:00:00,2,23.322944855909064,2017-12-10 14:00:00,,after_hours,A,True
Eagle_office_Yadira,lightgbm_if_lag,2017-12-14 08:00:00,2017-12-14 10:00:00,3,6.318797957479647,2017-12-14 08:00:00,,spike,A,False
Eagle_office_Yadira,lightgbm_if_lag,2017-12-18 07:00:00,2017-12-18 12:00:00,6,9.347615895966486,2017-12-18 10:00:00,,spike,A,False
Eagle_office_Yadira,lightgbm_if_lag,2017-12-18 18:00:00,2017-12-18 19:00:00,2,6.444264230550976,2017-12-18 18:00:00,,spike,A,False
Eagle_office_Yadira,lightgbm_if_lag,2017-12-30 10:00:00,2017-12-31 02:00:00,17,27.315878656593114,2017-12-30 20:00:00,,after_hours,A,False
Eagle_office_Yadira,lightgbm_if_lag,2017-12-31 18:00:00,2017-12-31 23:00:00,6,22.28529255723567,2017-12-31 23:00:00,,after_hours,A,False
Fox_office_Alice,lightgbm_if_lag,2017-02-20 09:00:00,2017-02-20 17:00:00,9,5.386932699171595,2017-02-20 13:00:00,,after_hours,A,False
Fox_office_Alice,lightgbm_if_lag,2017-06-25 22:00:00,2017-06-26 00:00:00,3,17.390311962702835,2017-06-26 00:00:00,,after_hours,A,True
Fox_office_Alice,lightgbm_if_lag,2017-11-23 10:00:00,2017-11-23 10:00:00,1,4.287998032744845,2017-11-23 10:00:00,,after_hours,A,True
Fox_office_Alice,lightgbm_if_lag,2017-12-16 13:00:00,2017-12-16 14:00:00,2,20.18288298035341,2017-12-16 13:00:00,,after_hours,A,True
Fox_office_Berniece,lightgbm_if_lag,2017-01-02 02:00:00,2017-01-02 04:00:00,3,26.000123622829328,2017-01-02 02:00:00,,after_hours,A,False
Fox_office_Berniece,lightgbm_if_lag,2017-01-12 06:00:00,2017-01-12 11:00:00,6,6.6283037676776715,2017-01-12 10:00:00,,spike,A,False
Fox_office_Berniece,lightgbm_if_lag,2017-01-16 02:00:00,2017-01-16 03:00:00,2,13.643637752790866,2017-01-16 02:00:00,,after_hours,A,False
Fox_office_Berniece,lightgbm_if_lag,2017-01-21 12:00:00,2017-01-21 17:00:00,6,8.637580345256055,2017-01-21 13:00:00,,after_hours,A,False
Fox_office_Berniece,lightgbm_if_lag,2017-01-28 00:00:00,2017-01-28 00:00:00,1,7.478454777272761,2017-01-28 00:00:00,,after_hours,A,False
Fox_office_Berniece,lightgbm_if_lag,2017-01-28 10:00:00,2017-01-28 12:00:00,3,9.521474592917702,2017-01-28 11:00:00,,after_hours,A,False
Fox_office_Berniece,lightgbm_if_lag,2017-01-29 10:00:00,2017-01-29 20:00:00,11,10.042652050483929,2017-01-29 11:00:00,,after_hours,A,False
Fox_office_Berniece,lightgbm_if_lag,2017-02-05 08:00:00,2017-02-05 17:00:00,10,16.639661766264762,2017-02-05 10:00:00,,after_hours,A,True
Fox_office_Berniece,lightgbm_if_lag,2017-02-07 18:00:00,2017-02-08 01:00:00,8,22.66368762306658,2017-02-08 00:00:00,,after_hours,A,False
Fox_office_Berniece,lightgbm_if_lag,2017-02-08 17:00:00,2017-02-09 05:00:00,13,29.979393309467724,2017-02-08 23:00:00,,after_hours,A,False
Fox_office_Berniece,lightgbm_if_lag,2017-02-09 18:00:00,2017-02-10 04:00:00,11,25.01448080710208,2017-02-09 23:00:00,,after_hours,A,False
Fox_office_Berniece,lightgbm_if_lag,2017-02-10 18:00:00,2017-02-13 01:00:00,56,25.99585554613618,2017-02-11 23:00:00,,after_hours,A,False
Fox_office_Berniece,lightgbm_if_lag,2017-02-13 18:00:00,2017-02-14 11:00:00,18,21.433637863785044,2017-02-14 01:00:00,,after_hours,A,False
Fox_office_Berniece,lightgbm_if_lag,2017-02-14 19:00:00,2017-02-15 01:00:00,7,10.728850722242205,2017-02-14 22:00:00,,after_hours,A,False
Fox_office_Berniece,lightgbm_if_lag,2017-02-15 05:00:00,2017-02-15 10:00:00,6,6.712358362765195,2017-02-15 06:00:00,,spike,A,False
Fox_office_Berniece,lightgbm_if_lag,2017-02-15 19:00:00,2017-02-16 01:00:00,7,12.84791510443442,2017-02-15 22:00:00,,after_hours,A,False
Fox_office_Berniece,lightgbm_if_lag,2017-02-16 20:00:00,2017-02-17 01:00:00,6,8.424092281183395,2017-02-16 23:00:00,,after_hours,A,False
Fox_office_Berniece,lightgbm_if_lag,2017-02-17 18:00:00,2017-02-19 23:00:00,54,24.693221097740796,2017-02-18 22:00:00,,after_hours,A,False
Fox_office_Berniece,lightgbm_if_lag,2017-02-21 21:00:00,2017-02-22 01:00:00,5,12.819635333486309,2017-02-21 23:00:00,,after_hours,A,False
Fox_office_Berniece,lightgbm_if_lag,2017-02-22 19:00:00,2017-02-23 04:00:00,10,8.400803552291201,2017-02-23 01:00:00,,after_hours,A,False
Fox_office_Berniece,lightgbm_if_lag,2017-02-23 13:00:00,2017-02-23 20:00:00,8,8.260941565731311,2017-02-23 17:00:00,,spike,A,False
Fox_office_Berniece,lightgbm_if_lag,2017-02-24 13:00:00,2017-02-24 19:00:00,7,7.195330346187004,2017-02-24 15:00:00,,spike,A,False
Fox_office_Berniece,lightgbm_if_lag,2017-02-27 08:00:00,2017-02-27 18:00:00,11,8.333704306037308,2017-02-27 18:00:00,,spike,A,False
Fox_office_Berniece,lightgbm_if_lag,2017-03-19 16:00:00,2017-03-19 16:00:00,1,8.547051077806302,2017-03-19 16:00:00,,after_hours,A,True
Fox_office_Berniece,lightgbm_if_lag,2017-03-23 11:00:00,2017-03-23 12:00:00,2,8.397097514662587,2017-03-23 11:00:00,,spike,A,False
Fox_office_Berniece,lightgbm_if_lag,2017-04-01 15:00:00,2017-04-01 21:00:00,7,7.629733781707178,2017-04-01 15:00:00,,after_hours,A,False
Fox_office_Berniece,lightgbm_if_lag,2017-04-28 19:00:00,2017-04-29 03:00:00,9,6.119943463894726,2017-04-28 20:00:00,,after_hours,A,False
Fox_office_Berniece,lightgbm_if_lag,2017-04-29 09:00:00,2017-04-29 12:00:00,4,6.692949270190783,2017-04-29 12:00:00,,after_hours,A,False
Fox_office_Berniece,lightgbm_if_lag,2017-04-29 20:00:00,2017-04-29 23:00:00,4,6.638856650174442,2017-04-29 23:00:00,,after_hours,A,False
Fox_office_Berniece,lightgbm_if_lag,2017-04-30 10:00:00,2017-04-30 12:00:00,3,8.859866242584637,2017-04-30 12:00:00,,after_hours,A,False
Fox_office_Berniece,lightgbm_if_lag,2017-05-09 17:00:00,2017-05-09 20:00:00,4,6.83890889896978,2017-05-09 20:00:00,,spike,A,False
Fox_office_Berniece,lightgbm_if_lag,2017-05-19 01:00:00,2017-05-19 04:00:00,4,7.125480849707915,2017-05-19 04:00:00,,after_hours,A,False
Fox_office_Berniece,lightgbm_if_lag,2017-06-16 18:00:00,2017-06-16 23:00:00,6,7.097429027606769,2017-06-16 19:00:00,,after_hours,A,False
Fox_office_Berniece,lightgbm_if_lag,2017-06-18 09:00:00,2017-06-18 20:00:00,12,7.205240015718624,2017-06-18 13:00:00,,after_hours,A,False
Fox_office_Berniece,lightgbm_if_lag,2017-06-19 00:00:00,2017-06-19 04:00:00,5,7.347492544568459,2017-06-19 01:00:00,,after_hours,A,False
Fox_office_Berniece,lightgbm_if_lag,2017-06-19 19:00:00,2017-06-20 02:00:00,8,7.59724126466158,2017-06-20 01:00:00,,after_hours,A,False
Fox_office_Berniece,lightgbm_if_lag,2017-07-13 18:00:00,2017-07-14 01:00:00,8,7.382516246815802,2017-07-13 18:00:00,,after_hours,A,False
Fox_office_Berniece,lightgbm_if_lag,2017-07-14 22:00:00,2017-07-15 13:00:00,16,7.1746480391959855,2017-07-15 00:00:00,,after_hours,A,False
Fox_office_Berniece,lightgbm_if_lag,2017-07-15 16:00:00,2017-07-16 23:00:00,32,9.527197577062228,2017-07-16 19:00:00,,after_hours,A,False
Fox_office_Berniece,lightgbm_if_lag,2017-07-22 00:00:00,2017-07-22 07:00:00,8,7.4417232091562315,2017-07-22 00:00:00,,after_hours,A,False
Fox_office_Berniece,lightgbm_if_lag,2017-07-22 17:00:00,2017-07-23 08:00:00,16,8.18800165571827,2017-07-22 18:00:00,,after_hours,A,False
Fox_office_Berniece,lightgbm_if_lag,2017-07-23 18:00:00,2017-07-23 23:00:00,6,8.739777540854114,2017-07-23 23:00:00,,after_hours,A,False
Fox_office_Berniece,lightgbm_if_lag,2017-09-29 20:00:00,2017-09-30 05:00:00,10,10.62034357191394,2017-09-30 01:00:00,,after_hours,A,True
Fox_office_Berniece,lightgbm_if_lag,2017-10-15 12:00:00,2017-10-15 15:00:00,4,9.022363469437053,2017-10-15 13:00:00,,after_hours,A,False
Fox_office_Berniece,lightgbm_if_lag,2017-11-05 10:00:00,2017-11-05 17:00:00,8,7.719822390593318,2017-11-05 17:00:00,,after_hours,A,False
Fox_office_Berniece,lightgbm_if_lag,2017-11-05 20:00:00,2017-11-06 03:00:00,8,6.916195870444405,2017-11-06 01:00:00,,after_hours,A,False
Fox_office_Berniece,lightgbm_if_lag,2017-11-07 00:00:00,2017-11-07 03:00:00,4,6.425970558171829,2017-11-07 01:00:00,,after_hours,A,False
Fox_office_Berniece,lightgbm_if_lag,2017-11-09 23:00:00,2017-11-09 23:00:00,1,17.9259457761325,2017-11-09 23:00:00,,after_hours,A,True
Fox_office_Berniece,lightgbm_if_lag,2017-11-10 02:00:00,2017-11-10 17:00:00,16,37.59534616198415,2017-11-10 08:00:00,,after_hours,A,False
Fox_office_Berniece,lightgbm_if_lag,2017-11-11 08:00:00,2017-11-11 09:00:00,2,8.303288155932513,2017-11-11 08:00:00,,after_hours,A,False
Fox_office_Berniece,lightgbm_if_lag,2017-11-20 23:00:00,2017-11-21 02:00:00,4,7.702891882471267,2017-11-21 00:00:00,,after_hours,A,False
Fox_office_Berniece,lightgbm_if_lag,2017-11-23 02:00:00,2017-11-23 17:00:00,16,25.00992123159937,2017-11-23 16:00:00,,after_hours,A,True
Fox_office_Berniece,lightgbm_if_lag,2017-11-27 22:00:00,2017-11-28 04:00:00,7,8.713988136447673,2017-11-28 00:00:00,,after_hours,A,True
Fox_office_Berniece,lightgbm_if_lag,2017-12-03 10:00:00,2017-12-04 00:00:00,15,10.115471854257848,2017-12-03 13:00:00,,after_hours,A,True
Fox_office_Berniece,lightgbm_if_lag,2017-12-05 02:00:00,2017-12-05 03:00:00,2,7.84899483758869,2017-12-05 02:00:00,,after_hours,A,True
Fox_office_Berniece,lightgbm_if_lag,2017-12-06 02:00:00,2017-12-06 03:00:00,2,6.781668622435931,2017-12-06 03:00:00,,after_hours,A,True
Fox_office_Berniece,lightgbm_if_lag,2017-12-07 02:00:00,2017-12-07 04:00:00,3,6.990612303492878,2017-12-07 03:00:00,,after_hours,A,True
Fox_office_Berniece,lightgbm_if_lag,2017-12-08 02:00:00,2017-12-08 10:00:00,9,12.947799834264677,2017-12-08 02:00:00,,after_hours,A,True
Fox_office_Berniece,lightgbm_if_lag,2017-12-09 07:00:00,2017-12-09 09:00:00,3,8.811432100626307,2017-12-09 08:00:00,,after_hours,A,True
Fox_office_Berniece,lightgbm_if_lag,2017-12-10 08:00:00,2017-12-10 09:00:00,2,9.970324450937687,2017-12-10 08:00:00,,after_hours,A,True
Fox_office_Berniece,lightgbm_if_lag,2017-12-11 02:00:00,2017-12-11 10:00:00,9,8.73473387850642,2017-12-11 02:00:00,,after_hours,A,True
Fox_office_Berniece,lightgbm_if_lag,2017-12-11 22:00:00,2017-12-12 07:00:00,10,12.649714365548677,2017-12-12 05:00:00,,after_hours,A,True
Fox_office_Berniece,lightgbm_if_lag,2017-12-13 02:00:00,2017-12-13 03:00:00,2,7.301674870116125,2017-12-13 03:00:00,,after_hours,A,True
Fox_office_Berniece,lightgbm_if_lag,2017-12-14 02:00:00,2017-12-14 04:00:00,3,7.42789745702081,2017-12-14 02:00:00,,after_hours,A,True
Fox_office_Berniece,lightgbm_if_lag,2017-12-16 05:00:00,2017-12-16 09:00:00,5,8.753709952620166,2017-12-16 07:00:00,,after_hours,A,True
Fox_office_Berniece,lightgbm_if_lag,2017-12-17 00:00:00,2017-12-17 02:00:00,3,8.189235894527286,2017-12-17 00:00:00,,after_hours,A,True
Fox_office_Berniece,lightgbm_if_lag,2017-12-17 23:00:00,2017-12-17 23:00:00,1,6.632862954156157,2017-12-17 23:00:00,,after_hours,A,True
Fox_office_Berniece,lightgbm_if_lag,2017-12-20 02:00:00,2017-12-20 03:00:00,2,6.517513399604052,2017-12-20 03:00:00,,after_hours,A,False
Fox_office_Berniece,lightgbm_if_lag,2017-12-22 10:00:00,2017-12-22 12:00:00,3,9.448585642224062,2017-12-22 11:00:00,,spike,A,False
Fox_office_Berniece,lightgbm_if_lag,2017-12-23 11:00:00,2017-12-23 21:00:00,11,6.880095839144612,2017-12-23 12:00:00,,after_hours,A,False
Fox_office_Berniece,lightgbm_if_lag,2017-12-24 12:00:00,2017-12-24 20:00:00,9,9.147714861874208,2017-12-24 14:00:00,,after_hours,A,False
Fox_office_Berniece,lightgbm_if_lag,2017-12-25 10:00:00,2017-12-25 10:00:00,1,8.23206256042965,2017-12-25 10:00:00,,after_hours,A,False
Fox_office_Berniece,lightgbm_if_lag,2017-12-31 12:00:00,2017-12-31 16:00:00,5,7.236121817911211,2017-12-31 14:00:00,,after_hours,A,False
Fox_office_Carson,lightgbm_if_lag,2017-01-21 07:00:00,2017-01-21 11:00:00,5,6.002785590093951,2017-01-21 11:00:00,,after_hours,A,False
Fox_office_Carson,lightgbm_if_lag,2017-02-03 22:00:00,2017-02-04 05:00:00,8,42.03874930517434,2017-02-04 04:00:00,,after_hours,A,True
Fox_office_Carson,lightgbm_if_lag,2017-02-19 09:00:00,2017-02-19 10:00:00,2,5.143912836843134,2017-02-19 09:00:00,,after_hours,A,False
Fox_office_Carson,lightgbm_if_lag,2017-02-19 14:00:00,2017-02-19 15:00:00,2,5.466769233219318,2017-02-19 14:00:00,,after_hours,A,False
Fox_office_Carson,lightgbm_if_lag,2017-02-20 06:00:00,2017-02-20 23:00:00,18,9.039131313992636,2017-02-20 15:00:00,,after_hours,A,False
Fox_office_Carson,lightgbm_if_lag,2017-03-03 00:00:00,2017-03-03 04:00:00,5,10.5466893255567,2017-03-03 04:00:00,,after_hours,A,False
Fox_office_Carson,lightgbm_if_lag,2017-03-03 23:00:00,2017-03-04 04:00:00,6,13.351791326092023,2017-03-04 04:00:00,,after_hours,A,False
Fox_office_Carson,lightgbm_if_lag,2017-03-04 22:00:00,2017-03-05 04:00:00,7,36.82938352234445,2017-03-05 00:00:00,,after_hours,A,True
Fox_office_Carson,lightgbm_if_lag,2017-03-05 23:00:00,2017-03-06 00:00:00,2,10.03839763543189,2017-03-05 23:00:00,,after_hours,A,False
Fox_office_Carson,lightgbm_if_lag,2017-03-06 03:00:00,2017-03-06 04:00:00,2,6.6258730511166855,2017-03-06 03:00:00,,after_hours,A,False
Fox_office_Carson,lightgbm_if_lag,2017-03-06 23:00:00,2017-03-07 04:00:00,6,14.356321693066768,2017-03-07 03:00:00,,after_hours,A,False
Fox_office_Carson,lightgbm_if_lag,2017-03-07 23:00:00,2017-03-08 04:00:00,6,13.886886861704733,2017-03-08 04:00:00,,after_hours,A,False
Fox_office_Carson,lightgbm_if_lag,2017-03-08 22:00:00,2017-03-09 04:00:00,7,13.042804996659665,2017-03-09 03:00:00,,after_hours,A,False
Fox_office_Carson,lightgbm_if_lag,2017-03-09 23:00:00,2017-03-10 04:00:00,6,7.353643532979002,2017-03-09 23:00:00,,after_hours,A,False
Fox_office_Carson,lightgbm_if_lag,2017-03-10 23:00:00,2017-03-11 04:00:00,6,6.638496502807006,2017-03-11 02:00:00,,after_hours,A,False
Fox_office_Carson,lightgbm_if_lag,2017-03-11 23:00:00,2017-03-12 04:00:00,6,6.5383332900659745,2017-03-12 02:00:00,,after_hours,A,False
Fox_office_Carson,lightgbm_if_lag,2017-03-13 22:00:00,2017-03-14 04:00:00,7,6.4665318104437945,2017-03-13 23:00:00,,after_hours,A,False
Fox_office_Carson,lightgbm_if_lag,2017-03-15 23:00:00,2017-03-16 06:00:00,8,18.71237305990275,2017-03-16 04:00:00,,after_hours,A,False
Fox_office_Carson,lightgbm_if_lag,2017-03-16 22:00:00,2017-03-17 06:00:00,9,13.647404367152403,2017-03-17 05:00:00,,after_hours,A,False
Fox_office_Carson,lightgbm_if_lag,2017-03-18 00:00:00,2017-03-18 06:00:00,7,12.808227210279092,2017-03-18 00:00:00,,after_hours,A,False
Fox_office_Carson,lightgbm_if_lag,2017-03-19 00:00:00,2017-03-19 06:00:00,7,10.632880324198876,2017-03-19 05:00:00,,after_hours,A,False
Fox_office_Carson,lightgbm_if_lag,2017-03-20 00:00:00,2017-03-20 06:00:00,7,12.346457371529958,2017-03-20 05:00:00,,after_hours,A,False
Fox_office_Carson,lightgbm_if_lag,2017-03-21 00:00:00,2017-03-21 06:00:00,7,12.317083843026928,2017-03-21 05:00:00,,after_hours,A,False
Fox_office_Carson,lightgbm_if_lag,2017-03-22 00:00:00,2017-03-22 06:00:00,7,10.230310321551245,2017-03-22 05:00:00,,after_hours,A,False
Fox_office_Carson,lightgbm_if_lag,2017-03-29 00:00:00,2017-03-29 05:00:00,6,5.8034592171599435,2017-03-29 03:00:00,,after_hours,A,False
Fox_office_Carson,lightgbm_if_lag,2017-04-07 13:00:00,2017-04-07 14:00:00,2,5.138445591826655,2017-04-07 14:00:00,,spike,A,False
Fox_office_Carson,lightgbm_if_lag,2017-04-11 07:00:00,2017-04-11 09:00:00,3,5.320886755295717,2017-04-11 09:00:00,,spike,A,False
Fox_office_Carson,lightgbm_if_lag,2017-04-23 08:00:00,2017-04-23 18:00:00,11,9.757840807792983,2017-04-23 08:00:00,,after_hours,A,True
Fox_office_Carson,lightgbm_if_lag,2017-05-06 05:00:00,2017-05-06 08:00:00,4,7.586432122424742,2017-05-06 05:00:00,,after_hours,A,False
Fox_office_Carson,lightgbm_if_lag,2017-06-05 05:00:00,2017-06-05 08:00:00,4,5.1433487311055135,2017-06-05 08:00:00,,spike,A,False
Fox_office_Carson,lightgbm_if_lag,2017-07-11 21:00:00,2017-07-12 04:00:00,8,6.945578115438037,2017-07-12 04:00:00,,after_hours,A,False
Fox_office_Carson,lightgbm_if_lag,2017-07-12 22:00:00,2017-07-13 04:00:00,7,9.254388622146891,2017-07-13 02:00:00,,after_hours,A,False
Fox_office_Carson,lightgbm_if_lag,2017-07-13 23:00:00,2017-07-14 04:00:00,6,6.724481150619381,2017-07-14 04:00:00,,after_hours,A,False
Fox_office_Carson,lightgbm_if_lag,2017-07-14 22:00:00,2017-07-15 04:00:00,7,9.878839514604921,2017-07-15 02:00:00,,after_hours,A,False
Fox_office_Carson,lightgbm_if_lag,2017-07-15 22:00:00,2017-07-16 04:00:00,7,6.392428373356135,2017-07-15 23:00:00,,after_hours,A,False
Fox_office_Carson,lightgbm_if_lag,2017-07-17 03:00:00,2017-07-17 04:00:00,2,6.307340650774965,2017-07-17 04:00:00,,after_hours,A,False
Fox_office_Carson,lightgbm_if_lag,2017-07-17 22:00:00,2017-07-18 02:00:00,5,7.731110277448552,2017-07-17 23:00:00,,after_hours,A,False
Fox_office_Carson,lightgbm_if_lag,2017-08-04 00:00:00,2017-08-04 17:00:00,18,10.169383427459127,2017-08-04 01:00:00,,spike,A,False
Fox_office_Carson,lightgbm_if_lag,2017-08-04 22:00:00,2017-08-05 05:00:00,8,18.63296755951522,2017-08-05 01:00:00,,after_hours,A,False
Fox_office_Carson,lightgbm_if_lag,2017-08-05 22:00:00,2017-08-06 04:00:00,7,11.117118150175774,2017-08-05 23:00:00,,after_hours,A,False
Fox_office_Carson,lightgbm_if_lag,2017-08-06 09:00:00,2017-08-06 13:00:00,5,9.895566883907353,2017-08-06 13:00:00,,after_hours,A,False
Fox_office_Carson,lightgbm_if_lag,2017-09-01 03:00:00,2017-09-01 04:00:00,2,5.225168026024147,2017-09-01 03:00:00,,after_hours,A,False
Fox_office_Carson,lightgbm_if_lag,2017-09-01 23:00:00,2017-09-02 03:00:00,5,5.411497956541182,2017-09-02 02:00:00,,after_hours,A,False
Fox_office_Carson,lightgbm_if_lag,2017-09-04 20:00:00,2017-09-05 06:00:00,11,66.86073756868498,2017-09-04 23:00:00,,after_hours,A,True
Fox_office_Carson,lightgbm_if_lag,2017-09-24 23:00:00,2017-09-25 04:00:00,6,6.975309713911231,2017-09-25 02:00:00,,after_hours,A,False
Fox_office_Carson,lightgbm_if_lag,2017-09-25 22:00:00,2017-09-26 06:00:00,9,8.906706443210096,2017-09-26 03:00:00,,after_hours,A,False
Fox_office_Carson,lightgbm_if_lag,2017-09-26 22:00:00,2017-09-27 04:00:00,7,7.961952889469771,2017-09-27 03:00:00,,after_hours,A,False
Fox_office_Carson,lightgbm_if_lag,2017-09-27 22:00:00,2017-09-28 04:00:00,7,12.235005718978824,2017-09-28 02:00:00,,after_hours,A,False
Fox_office_Carson,lightgbm_if_lag,2017-09-28 23:00:00,2017-09-29 04:00:00,6,9.6154234803346,2017-09-29 04:00:00,,after_hours,A,False
Fox_office_Carson,lightgbm_if_lag,2017-09-29 23:00:00,2017-09-30 04:00:00,6,9.15459524066587,2017-09-30 01:00:00,,after_hours,A,False
Fox_office_Carson,lightgbm_if_lag,2017-10-02 23:00:00,2017-10-02 23:00:00,1,5.725138949408481,2017-10-02 23:00:00,,after_hours,A,False
Fox_office_Carson,lightgbm_if_lag,2017-10-03 03:00:00,2017-10-03 04:00:00,2,5.824098316074073,2017-10-03 04:00:00,,after_hours,A,False
Fox_office_Carson,lightgbm_if_lag,2017-10-05 04:00:00,2017-10-05 05:00:00,2,5.9030622344875185,2017-10-05 04:00:00,,after_hours,A,False
Fox_office_Carson,lightgbm_if_lag,2017-10-06 03:00:00,2017-10-06 04:00:00,2,5.690007488505543,2017-10-06 04:00:00,,after_hours,A,False
Fox_office_Carson,lightgbm_if_lag,2017-10-09 08:00:00,2017-10-09 22:00:00,15,15.029487639361074,2017-10-09 15:00:00,,after_hours,A,False
Fox_office_Carson,lightgbm_if_lag,2017-10-15 20:00:00,2017-10-15 20:00:00,1,5.702210505534866,2017-10-15 20:00:00,,after_hours,A,False
Fox_office_Carson,lightgbm_if_lag,2017-11-03 15:00:00,2017-11-03 17:00:00,3,5.582668529751343,2017-11-03 16:00:00,,spike,A,True
Fox_office_Carson,lightgbm_if_lag,2017-11-04 00:00:00,2017-11-04 03:00:00,4,6.311236798099434,2017-11-04 02:00:00,,after_hours,A,True
Fox_office_Carson,lightgbm_if_lag,2017-11-05 09:00:00,2017-11-05 21:00:00,13,7.95422411714556,2017-11-05 14:00:00,,after_hours,A,True
Fox_office_Carson,lightgbm_if_lag,2017-11-06 05:00:00,2017-11-06 15:00:00,11,10.780709479086637,2017-11-06 06:00:00,,spike,A,True
Fox_office_Carson,lightgbm_if_lag,2017-11-06 19:00:00,2017-11-06 19:00:00,1,5.307036870482701,2017-11-06 19:00:00,,after_hours,A,True
Fox_office_Carson,lightgbm_if_lag,2017-11-07 14:00:00,2017-11-07 18:00:00,5,6.449658665525992,2017-11-07 16:00:00,,spike,A,True
Fox_office_Carson,lightgbm_if_lag,2017-11-08 14:00:00,2017-11-08 21:00:00,8,7.087448887959679,2017-11-08 16:00:00,,spike,A,True
Fox_office_Carson,lightgbm_if_lag,2017-11-09 03:00:00,2017-11-09 17:00:00,15,6.845319250322853,2017-11-09 10:00:00,,spike,A,True
Fox_office_Carson,lightgbm_if_lag,2017-11-09 21:00:00,2017-11-09 21:00:00,1,5.407555074205938,2017-11-09 21:00:00,,after_hours,A,True
Fox_office_Carson,lightgbm_if_lag,2017-11-10 00:00:00,2017-11-10 05:00:00,6,9.298674909225152,2017-11-10 00:00:00,,after_hours,A,True
Fox_office_Carson,lightgbm_if_lag,2017-11-10 22:00:00,2017-11-12 01:00:00,28,9.741986451317059,2017-11-11 09:00:00,,after_hours,A,True
Fox_office_Carson,lightgbm_if_lag,2017-11-12 05:00:00,2017-11-12 23:00:00,19,6.508991212846934,2017-11-12 06:00:00,,after_hours,A,True
Fox_office_Carson,lightgbm_if_lag,2017-11-13 07:00:00,2017-11-13 09:00:00,3,5.870760142952298,2017-11-13 07:00:00,,spike,A,True
Fox_office_Carson,lightgbm_if_lag,2017-11-13 16:00:00,2017-11-13 21:00:00,6,7.595542262247378,2017-11-13 17:00:00,,spike,A,True
Fox_office_Carson,lightgbm_if_lag,2017-11-14 05:00:00,2017-11-14 13:00:00,9,8.562457356390743,2017-11-14 08:00:00,,spike,A,True
Fox_office_Carson,lightgbm_if_lag,2017-11-17 06:00:00,2017-11-17 07:00:00,2,5.1987767854129565,2017-11-17 07:00:00,,spike,A,True
Fox_office_Carson,lightgbm_if_lag,2017-12-19 10:00:00,2017-12-19 20:00:00,11,6.268675920279538,2017-12-19 14:00:00,,spike,A,False
Fox_office_Demetrius,lightgbm_if_lag,2017-05-07 19:00:00,2017-05-07 23:00:00,5,6.998309225301006,2017-05-07 21:00:00,,after_hours,A,False
Fox_office_Demetrius,lightgbm_if_lag,2017-06-03 22:00:00,2017-06-03 23:00:00,2,15.586376399855284,2017-06-03 23:00:00,,after_hours,A,True
Fox_office_Demetrius,lightgbm_if_lag,2017-06-07 20:00:00,2017-06-08 00:00:00,5,13.131573780770378,2017-06-07 21:00:00,,after_hours,A,False
Fox_office_Demetrius,lightgbm_if_lag,2017-06-15 07:00:00,2017-06-15 08:00:00,2,13.65218472968254,2017-06-15 08:00:00,,spike,A,True
Fox_office_Demetrius,lightgbm_if_lag,2017-06-16 19:00:00,2017-06-16 22:00:00,4,6.999084787522788,2017-06-16 19:00:00,,after_hours,A,False
Fox_office_Demetrius,lightgbm_if_lag,2017-06-17 19:00:00,2017-06-17 21:00:00,3,6.898800942555533,2017-06-17 19:00:00,,after_hours,A,False
Fox_office_Demetrius,lightgbm_if_lag,2017-06-18 19:00:00,2017-06-18 21:00:00,3,7.862116681845489,2017-06-18 19:00:00,,after_hours,A,False
Fox_office_Demetrius,lightgbm_if_lag,2017-07-25 02:00:00,2017-07-25 03:00:00,2,7.03358430039148,2017-07-25 03:00:00,,after_hours,A,False
Fox_office_Demetrius,lightgbm_if_lag,2017-08-14 04:00:00,2017-08-14 04:00:00,1,8.020892311881079,2017-08-14 04:00:00,,after_hours,A,False
Fox_office_Demetrius,lightgbm_if_lag,2017-08-21 04:00:00,2017-08-21 04:00:00,1,7.996109094325596,2017-08-21 04:00:00,,after_hours,A,False
Fox_office_Demetrius,lightgbm_if_lag,2017-08-28 04:00:00,2017-08-28 04:00:00,1,7.0499052081021,2017-08-28 04:00:00,,after_hours,A,False
Fox_office_Demetrius,lightgbm_if_lag,2017-09-04 04:00:00,2017-09-04 07:00:00,4,10.082034886977437,2017-09-04 04:00:00,,after_hours,A,False
Fox_office_Demetrius,lightgbm_if_lag,2017-09-11 04:00:00,2017-09-11 04:00:00,1,7.5143445432498135,2017-09-11 04:00:00,,after_hours,A,False
Fox_office_Demetrius,lightgbm_if_lag,2017-10-03 02:00:00,2017-10-03 02:00:00,1,14.362271077206087,2017-10-03 02:00:00,,after_hours,A,False
Fox_office_Demetrius,lightgbm_if_lag,2017-10-04 00:00:00,2017-10-04 00:00:00,1,12.664331281368717,2017-10-04 00:00:00,,after_hours,A,False
Fox_office_Demetrius,lightgbm_if_lag,2017-10-04 05:00:00,2017-10-04 06:00:00,2,7.099063655031465,2017-10-04 05:00:00,,after_hours,A,False
Fox_office_Demetrius,lightgbm_if_lag,2017-10-05 06:00:00,2017-10-05 07:00:00,2,10.709718105634234,2017-10-05 07:00:00,,spike,A,False
Fox_office_Demetrius,lightgbm_if_lag,2017-10-06 06:00:00,2017-10-06 08:00:00,3,10.901585873954893,2017-10-06 07:00:00,,spike,A,False
Fox_office_Demetrius,lightgbm_if_lag,2017-10-06 23:00:00,2017-10-07 00:00:00,2,11.267068739030634,2017-10-07 00:00:00,,after_hours,A,False
Fox_office_Demetrius,lightgbm_if_lag,2017-10-07 06:00:00,2017-10-07 07:00:00,2,13.10350822644076,2017-10-07 06:00:00,,after_hours,A,False
Fox_office_Demetrius,lightgbm_if_lag,2017-10-07 12:00:00,2017-10-07 13:00:00,2,11.330889725758341,2017-10-07 12:00:00,,after_hours,A,False
Fox_office_Demetrius,lightgbm_if_lag,2017-10-07 18:00:00,2017-10-07 19:00:00,2,8.395554395004694,2017-10-07 19:00:00,,after_hours,A,False
Fox_office_Demetrius,lightgbm_if_lag,2017-10-08 03:00:00,2017-10-08 04:00:00,2,10.314519081873625,2017-10-08 03:00:00,,after_hours,A,False
Fox_office_Demetrius,lightgbm_if_lag,2017-10-08 09:00:00,2017-10-08 09:00:00,1,14.10902231379405,2017-10-08 09:00:00,,after_hours,A,False
Fox_office_Demetrius,lightgbm_if_lag,2017-10-08 18:00:00,2017-10-08 18:00:00,1,9.717673542422808,2017-10-08 18:00:00,,after_hours,A,False
Fox_office_Demetrius,lightgbm_if_lag,2017-10-09 06:00:00,2017-10-09 07:00:00,2,18.250760352466184,2017-10-09 07:00:00,,after_hours,A,False
Fox_office_Demetrius,lightgbm_if_lag,2017-10-17 19:00:00,2017-10-17 20:00:00,2,7.1059213598196385,2017-10-17 19:00:00,,after_hours,A,False
Fox_office_Demetrius,lightgbm_if_lag,2017-10-18 03:00:00,2017-10-18 03:00:00,1,12.585695390337344,2017-10-18 03:00:00,,after_hours,A,False
Fox_office_Demetrius,lightgbm_if_lag,2017-10-18 08:00:00,2017-10-18 09:00:00,2,8.008731851632978,2017-10-18 09:00:00,,spike,A,False
Fox_office_Demetrius,lightgbm_if_lag,2017-10-20 21:00:00,2017-10-20 21:00:00,1,7.2989897050978625,2017-10-20 21:00:00,,after_hours,A,True
Fox_office_Demetrius,lightgbm_if_lag,2017-10-21 00:00:00,2017-10-21 00:00:00,1,9.69916102798746,2017-10-21 00:00:00,,after_hours,A,True
Fox_office_Demetrius,lightgbm_if_lag,2017-10-21 07:00:00,2017-10-21 07:00:00,1,12.679523061550583,2017-10-21 07:00:00,,after_hours,A,True
Fox_office_Demetrius,lightgbm_if_lag,2017-10-21 14:00:00,2017-10-21 14:00:00,1,9.972551625851214,2017-10-21 14:00:00,,after_hours,A,True
Fox_office_Demetrius,lightgbm_if_lag,2017-10-21 23:00:00,2017-10-21 23:00:00,1,10.2649926895173,2017-10-21 23:00:00,,after_hours,A,True
Fox_office_Demetrius,lightgbm_if_lag,2017-10-22 02:00:00,2017-10-22 02:00:00,1,9.442548655726833,2017-10-22 02:00:00,,after_hours,A,True
Fox_office_Demetrius,lightgbm_if_lag,2017-10-24 02:00:00,2017-10-24 02:00:00,1,7.3858326730882435,2017-10-24 02:00:00,,after_hours,A,True
Fox_office_Demetrius,lightgbm_if_lag,2017-10-27 00:00:00,2017-10-27 00:00:00,1,9.94580317028865,2017-10-27 00:00:00,,after_hours,A,True
Fox_office_Demetrius,lightgbm_if_lag,2017-10-27 03:00:00,2017-10-27 03:00:00,1,9.322457208940584,2017-10-27 03:00:00,,after_hours,A,True
Fox_office_Demetrius,lightgbm_if_lag,2017-10-28 07:00:00,2017-10-28 07:00:00,1,9.71225605747311,2017-10-28 07:00:00,,after_hours,A,True
Fox_office_Demetrius,lightgbm_if_lag,2017-10-28 12:00:00,2017-10-28 12:00:00,1,8.715996069263682,2017-10-28 12:00:00,,after_hours,A,True
Fox_office_Demetrius,lightgbm_if_lag,2017-10-29 01:00:00,2017-10-29 04:00:00,4,9.44913763022613,2017-10-29 01:00:00,,after_hours,A,True
Fox_office_Demetrius,lightgbm_if_lag,2017-10-30 21:00:00,2017-10-30 21:00:00,1,9.023862460163818,2017-10-30 21:00:00,,after_hours,A,True
Fox_office_Demetrius,lightgbm_if_lag,2017-11-04 00:00:00,2017-11-04 00:00:00,1,10.837505827366398,2017-11-04 00:00:00,,after_hours,A,True
Fox_office_Demetrius,lightgbm_if_lag,2017-11-04 06:00:00,2017-11-04 06:00:00,1,7.119619261286767,2017-11-04 06:00:00,,after_hours,A,True
Fox_office_Demetrius,lightgbm_if_lag,2017-11-04 13:00:00,2017-11-04 13:00:00,1,9.377072056260467,2017-11-04 13:00:00,,after_hours,A,True
Fox_office_Demetrius,lightgbm_if_lag,2017-11-04 20:00:00,2017-11-04 20:00:00,1,8.772518219272131,2017-11-04 20:00:00,,after_hours,A,True
Fox_office_Demetrius,lightgbm_if_lag,2017-11-05 00:00:00,2017-11-05 00:00:00,1,8.868699351208427,2017-11-05 00:00:00,,after_hours,A,True
Fox_office_Demetrius,lightgbm_if_lag,2017-11-06 03:00:00,2017-11-06 03:00:00,1,7.305190372470954,2017-11-06 03:00:00,,after_hours,A,True
Fox_office_Demetrius,lightgbm_if_lag,2017-11-10 01:00:00,2017-11-10 01:00:00,1,8.036850076311135,2017-11-10 01:00:00,,after_hours,A,True
Fox_office_Demetrius,lightgbm_if_lag,2017-11-10 07:00:00,2017-11-10 16:00:00,10,10.34103536546985,2017-11-10 16:00:00,,after_hours,A,True
Fox_office_Demetrius,lightgbm_if_lag,2017-11-11 08:00:00,2017-11-11 08:00:00,1,10.488565914288232,2017-11-11 08:00:00,,after_hours,A,True
Fox_office_Demetrius,lightgbm_if_lag,2017-11-13 23:00:00,2017-11-13 23:00:00,1,7.516174168221384,2017-11-13 23:00:00,,after_hours,A,True
Fox_office_Demetrius,lightgbm_if_lag,2017-11-14 16:00:00,2017-11-14 16:00:00,1,9.00086624937467,2017-11-14 16:00:00,,spike,A,True
Fox_office_Demetrius,lightgbm_if_lag,2017-11-14 19:00:00,2017-11-14 19:00:00,1,7.212053614582072,2017-11-14 19:00:00,,after_hours,A,True
Fox_office_Demetrius,lightgbm_if_lag,2017-11-14 23:00:00,2017-11-14 23:00:00,1,7.566565932905404,2017-11-14 23:00:00,,after_hours,A,True
Fox_office_Demetrius,lightgbm_if_lag,2017-11-16 07:00:00,2017-11-16 07:00:00,1,7.655448891332666,2017-11-16 07:00:00,,spike,A,True
Fox_office_Demetrius,lightgbm_if_lag,2017-11-22 02:00:00,2017-11-22 02:00:00,1,8.292684163632964,2017-11-22 02:00:00,,after_hours,A,False
Fox_office_Demetrius,lightgbm_if_lag,2017-11-23 10:00:00,2017-11-23 10:00:00,1,8.100325031079244,2017-11-23 10:00:00,,after_hours,A,False
Fox_office_Demetrius,lightgbm_if_lag,2017-11-29 01:00:00,2017-11-29 03:00:00,3,8.355469688031926,2017-11-29 03:00:00,,after_hours,A,False
Fox_office_Demetrius,lightgbm_if_lag,2017-12-06 00:00:00,2017-12-06 01:00:00,2,11.873980922517191,2017-12-06 01:00:00,,after_hours,A,False
Fox_office_Demetrius,lightgbm_if_lag,2017-12-08 01:00:00,2017-12-08 03:00:00,3,9.479182521128005,2017-12-08 03:00:00,,after_hours,A,False
Fox_office_Demetrius,lightgbm_if_lag,2017-12-08 20:00:00,2017-12-09 04:00:00,9,9.894189915121373,2017-12-09 02:00:00,,after_hours,A,False
Fox_office_Demetrius,lightgbm_if_lag,2017-12-09 08:00:00,2017-12-09 10:00:00,3,11.188244862610578,2017-12-09 09:00:00,,after_hours,A,False
Fox_office_Demetrius,lightgbm_if_lag,2017-12-10 00:00:00,2017-12-10 00:00:00,1,8.91079465833231,2017-12-10 00:00:00,,after_hours,A,False
Fox_office_Demetrius,lightgbm_if_lag,2017-12-10 03:00:00,2017-12-10 03:00:00,1,9.24446270207192,2017-12-10 03:00:00,,after_hours,A,False
Fox_office_Demetrius,lightgbm_if_lag,2017-12-13 01:00:00,2017-12-13 03:00:00,3,10.73955176356582,2017-12-13 03:00:00,,after_hours,A,False
Fox_office_Demetrius,lightgbm_if_lag,2017-12-16 02:00:00,2017-12-16 02:00:00,1,6.979270897426314,2017-12-16 02:00:00,,after_hours,A,False
Fox_office_Demetrius,lightgbm_if_lag,2017-12-16 08:00:00,2017-12-16 10:00:00,3,8.251804731136518,2017-12-16 09:00:00,,after_hours,A,False
Fox_office_Demetrius,lightgbm_if_lag,2017-12-17 02:00:00,2017-12-17 02:00:00,1,7.352822436104669,2017-12-17 02:00:00,,after_hours,A,False
Fox_office_Demetrius,lightgbm_if_lag,2017-12-21 17:00:00,2017-12-21 22:00:00,6,7.415848557824551,2017-12-21 21:00:00,,after_hours,A,False
Fox_office_Demetrius,lightgbm_if_lag,2017-12-23 03:00:00,2017-12-23 03:00:00,1,8.333645661690499,2017-12-23 03:00:00,,after_hours,A,False
Fox_office_Demetrius,lightgbm_if_lag,2017-12-23 09:00:00,2017-12-23 10:00:00,2,8.910506150504245,2017-12-23 09:00:00,,after_hours,A,False
Fox_office_Demetrius,lightgbm_if_lag,2017-12-23 20:00:00,2017-12-23 20:00:00,1,8.992869775219612,2017-12-23 20:00:00,,after_hours,A,False
Fox_office_Easter,lightgbm_if_lag,2017-01-02 05:00:00,2017-01-02 05:00:00,1,29.601488175478707,2017-01-02 05:00:00,,after_hours,A,False
Fox_office_Easter,lightgbm_if_lag,2017-01-02 08:00:00,2017-01-02 19:00:00,12,56.39074310674016,2017-01-02 08:00:00,,after_hours,A,False
Fox_office_Easter,lightgbm_if_lag,2017-01-04 08:00:00,2017-01-04 08:00:00,1,10.278010384751356,2017-01-04 08:00:00,,spike,A,False
Fox_office_Easter,lightgbm_if_lag,2017-01-04 19:00:00,2017-01-04 19:00:00,1,7.856893127171555,2017-01-04 19:00:00,,after_hours,A,False
Fox_office_Easter,lightgbm_if_lag,2017-01-05 07:00:00,2017-01-05 09:00:00,3,12.377817115420951,2017-01-05 07:00:00,,spike,A,False
Fox_office_Easter,lightgbm_if_lag,2017-01-06 06:00:00,2017-01-06 08:00:00,3,17.62445913083431,2017-01-06 06:00:00,,spike,A,False
Fox_office_Easter,lightgbm_if_lag,2017-01-09 05:00:00,2017-01-09 05:00:00,1,10.27670260055477,2017-01-09 05:00:00,,after_hours,A,False
Fox_office_Easter,lightgbm_if_lag,2017-01-09 08:00:00,2017-01-09 09:00:00,2,20.056253175919316,2017-01-09 08:00:00,,spike,A,False
Fox_office_Easter,lightgbm_if_lag,2017-01-10 07:00:00,2017-01-10 08:00:00,2,13.396607134157799,2017-01-10 07:00:00,,spike,A,False
Fox_office_Easter,lightgbm_if_lag,2017-01-11 06:00:00,2017-01-11 08:00:00,3,16.889248322423576,2017-01-11 06:00:00,,spike,A,False
Fox_office_Easter,lightgbm_if_lag,2017-01-12 06:00:00,2017-01-12 07:00:00,2,13.35152474427041,2017-01-12 06:00:00,,spike,A,False
Fox_office_Easter,lightgbm_if_lag,2017-01-16 05:00:00,2017-01-16 05:00:00,1,34.58010392645512,2017-01-16 05:00:00,,after_hours,A,False
Fox_office_Easter,lightgbm_if_lag,2017-01-16 08:00:00,2017-01-16 11:00:00,4,35.04031791888544,2017-01-16 08:00:00,,after_hours,A,False
Fox_office_Easter,lightgbm_if_lag,2017-01-23 05:00:00,2017-01-23 05:00:00,1,13.834174858503035,2017-01-23 05:00:00,,after_hours,A,False
Fox_office_Easter,lightgbm_if_lag,2017-01-23 09:00:00,2017-01-23 09:00:00,1,9.320856079588944,2017-01-23 09:00:00,,spike,A,False
Fox_office_Easter,lightgbm_if_lag,2017-01-30 09:00:00,2017-01-30 09:00:00,1,9.735110986851746,2017-01-30 09:00:00,,spike,A,False
Fox_office_Easter,lightgbm_if_lag,2017-02-01 07:00:00,2017-02-01 07:00:00,1,9.834473344910643,2017-02-01 07:00:00,,spike,A,False
Fox_office_Easter,lightgbm_if_lag,2017-02-02 06:00:00,2017-02-02 07:00:00,2,10.141954446793768,2017-02-02 06:00:00,,spike,A,False
Fox_office_Easter,lightgbm_if_lag,2017-02-03 06:00:00,2017-02-03 07:00:00,2,8.658315242469572,2017-02-03 06:00:00,,spike,A,False
Fox_office_Easter,lightgbm_if_lag,2017-02-07 06:00:00,2017-02-07 07:00:00,2,11.570523537717783,2017-02-07 06:00:00,,spike,A,False
Fox_office_Easter,lightgbm_if_lag,2017-02-20 05:00:00,2017-02-20 05:00:00,1,36.77414010305398,2017-02-20 05:00:00,,after_hours,A,False
Fox_office_Easter,lightgbm_if_lag,2017-02-20 08:00:00,2017-02-20 17:00:00,10,42.35189707324837,2017-02-20 08:00:00,,after_hours,A,False
Fox_office_Easter,lightgbm_if_lag,2017-02-21 06:00:00,2017-02-21 07:00:00,2,9.010509359584642,2017-02-21 06:00:00,,spike,A,False
Fox_office_Easter,lightgbm_if_lag,2017-02-24 05:00:00,2017-02-24 05:00:00,1,9.569000721920137,2017-02-24 05:00:00,,after_hours,A,False
Fox_office_Easter,lightgbm_if_lag,2017-02-24 08:00:00,2017-02-24 08:00:00,1,12.740383739964917,2017-02-24 08:00:00,,spike,A,False
Fox_office_Easter,lightgbm_if_lag,2017-02-27 05:00:00,2017-02-27 05:00:00,1,9.982752690427176,2017-02-27 05:00:00,,after_hours,A,False
Fox_office_Easter,lightgbm_if_lag,2017-03-02 05:00:00,2017-03-02 08:00:00,4,14.890845064363818,2017-03-02 07:00:00,,spike,A,False
Fox_office_Easter,lightgbm_if_lag,2017-03-06 06:00:00,2017-03-06 07:00:00,2,7.645951804643684,2017-03-06 06:00:00,,spike,A,False
Fox_office_Easter,lightgbm_if_lag,2017-03-07 05:00:00,2017-03-07 08:00:00,4,9.288342975014015,2017-03-07 08:00:00,,spike,A,False
Fox_office_Easter,lightgbm_if_lag,2017-03-08 06:00:00,2017-03-08 08:00:00,3,13.102294512362977,2017-03-08 06:00:00,,spike,A,False
Fox_office_Easter,lightgbm_if_lag,2017-03-23 12:00:00,2017-03-23 20:00:00,9,14.715428294672886,2017-03-23 19:00:00,,spike,A,True
Fox_office_Easter,lightgbm_if_lag,2017-03-24 05:00:00,2017-03-24 20:00:00,16,21.558845685583975,2017-03-24 07:00:00,,spike,A,True
Fox_office_Easter,lightgbm_if_lag,2017-03-27 05:00:00,2017-03-27 11:00:00,7,17.585981309712302,2017-03-27 06:00:00,,spike,A,True
Fox_office_Easter,lightgbm_if_lag,2017-03-27 14:00:00,2017-03-27 20:00:00,7,11.302985220922947,2017-03-27 19:00:00,,spike,A,True
Fox_office_Easter,lightgbm_if_lag,2017-03-28 05:00:00,2017-03-28 20:00:00,16,14.812313519610399,2017-03-28 06:00:00,,spike,A,True
Fox_office_Easter,lightgbm_if_lag,2017-03-29 05:00:00,2017-03-29 20:00:00,16,17.09271716331398,2017-03-29 06:00:00,,spike,A,True
Fox_office_Easter,lightgbm_if_lag,2017-03-30 05:00:00,2017-03-30 13:00:00,9,11.418386223023397,2017-03-30 06:00:00,,spike,A,True
Fox_office_Easter,lightgbm_if_lag,2017-03-30 17:00:00,2017-03-30 19:00:00,3,7.981424133425009,2017-03-30 19:00:00,,spike,A,True
Fox_office_Easter,lightgbm_if_lag,2017-03-31 16:00:00,2017-03-31 19:00:00,4,12.610112915916115,2017-03-31 18:00:00,,spike,A,True
Fox_office_Easter,lightgbm_if_lag,2017-04-03 05:00:00,2017-04-03 20:00:00,16,16.893603010793125,2017-04-03 06:00:00,,spike,A,True
Fox_office_Easter,lightgbm_if_lag,2017-04-04 06:00:00,2017-04-04 13:00:00,8,7.137253106076342,2017-04-04 07:00:00,,spike,A,True
Fox_office_Easter,lightgbm_if_lag,2017-04-04 16:00:00,2017-04-04 20:00:00,5,12.432861652279795,2017-04-04 18:00:00,,spike,A,True
Fox_office_Easter,lightgbm_if_lag,2017-04-05 05:00:00,2017-04-05 12:00:00,8,12.614952620796887,2017-04-05 06:00:00,,spike,A,True
Fox_office_Easter,lightgbm_if_lag,2017-04-05 16:00:00,2017-04-05 19:00:00,4,7.643655868916699,2017-04-05 19:00:00,,spike,A,True
Fox_office_Easter,lightgbm_if_lag,2017-04-06 05:00:00,2017-04-06 08:00:00,4,8.2032428344776,2017-04-06 06:00:00,,spike,A,True
Fox_office_Easter,lightgbm_if_lag,2017-05-01 06:00:00,2017-05-01 07:00:00,2,8.040195790570491,2017-05-01 06:00:00,,spike,A,False
Fox_office_Easter,lightgbm_if_lag,2017-05-18 12:00:00,2017-05-19 07:00:00,20,13.23760905684004,2017-05-19 02:00:00,,after_hours,A,False
Fox_office_Easter,lightgbm_if_lag,2017-05-19 11:00:00,2017-05-22 06:00:00,68,13.08930174758957,2017-05-21 06:00:00,,after_hours,A,False
Fox_office_Easter,lightgbm_if_lag,2017-05-22 20:00:00,2017-05-23 09:00:00,14,15.329880718019837,2017-05-22 23:00:00,,after_hours,A,False
Fox_office_Easter,lightgbm_if_lag,2017-05-23 21:00:00,2017-05-24 05:00:00,9,8.847375102637404,2017-05-23 23:00:00,,after_hours,A,False
Fox_office_Easter,lightgbm_if_lag,2017-05-24 20:00:00,2017-05-25 09:00:00,14,12.385126206234293,2017-05-25 04:00:00,,after_hours,A,False
Fox_office_Easter,lightgbm_if_lag,2017-05-25 21:00:00,2017-05-26 04:00:00,8,8.290191681033674,2017-05-25 23:00:00,,after_hours,A,False
Fox_office_Easter,lightgbm_if_lag,2017-05-30 21:00:00,2017-05-31 04:00:00,8,7.999753312352611,2017-05-30 23:00:00,,after_hours,A,False
Fox_office_Easter,lightgbm_if_lag,2017-05-31 20:00:00,2017-06-01 05:00:00,10,19.93547696279197,2017-06-01 03:00:00,,after_hours,A,True
Fox_office_Easter,lightgbm_if_lag,2017-07-02 08:00:00,2017-07-02 18:00:00,11,13.132585801751944,2017-07-02 10:00:00,,after_hours,A,True
Fox_office_Easter,lightgbm_if_lag,2017-09-25 23:00:00,2017-09-26 00:00:00,2,33.34252369753803,2017-09-25 23:00:00,,after_hours,A,True
Fox_office_Easter,lightgbm_if_lag,2017-11-10 06:00:00,2017-11-10 19:00:00,14,11.501812342487225,2017-11-10 15:00:00,,after_hours,A,False
Fox_office_Easter,lightgbm_if_lag,2017-11-20 06:00:00,2017-11-20 07:00:00,2,15.85105146507681,2017-11-20 07:00:00,,spike,A,False
Fox_office_Easter,lightgbm_if_lag,2017-11-21 06:00:00,2017-11-21 07:00:00,2,9.503092464309667,2017-11-21 06:00:00,,spike,A,False
Fox_office_Easter,lightgbm_if_lag,2017-11-22 06:00:00,2017-11-22 08:00:00,3,11.555256116418953,2017-11-22 07:00:00,,spike,A,False
Fox_office_Easter,lightgbm_if_lag,2017-11-28 20:00:00,2017-11-29 07:00:00,12,11.250612189200409,2017-11-28 21:00:00,,after_hours,A,False
Fox_office_Easter,lightgbm_if_lag,2017-12-01 08:00:00,2017-12-01 10:00:00,3,7.480456326532976,2017-12-01 08:00:00,,spike,A,False
Fox_office_Easter,lightgbm_if_lag,2017-12-05 09:00:00,2017-12-05 18:00:00,10,37.051079316909316,2017-12-05 14:00:00,,spike,A,True
Fox_office_Easter,lightgbm_if_lag,2017-12-06 06:00:00,2017-12-06 07:00:00,2,9.005695460098545,2017-12-06 07:00:00,,spike,A,False
Fox_office_Easter,lightgbm_if_lag,2017-12-08 05:00:00,2017-12-08 08:00:00,4,15.74453066115351,2017-12-08 06:00:00,,spike,A,False
Fox_office_Easter,lightgbm_if_lag,2017-12-11 06:00:00,2017-12-11 08:00:00,3,11.03612148730679,2017-12-11 06:00:00,,spike,A,False
Fox_office_Easter,lightgbm_if_lag,2017-12-14 06:00:00,2017-12-14 08:00:00,3,12.451322181501038,2017-12-14 07:00:00,,spike,A,False
Fox_office_Easter,lightgbm_if_lag,2017-12-18 05:00:00,2017-12-18 10:00:00,6,16.471708458836645,2017-12-18 09:00:00,,spike,A,False
Fox_office_Easter,lightgbm_if_lag,2017-12-20 06:00:00,2017-12-20 08:00:00,3,11.179244996243812,2017-12-20 06:00:00,,spike,A,False
Fox_office_Easter,lightgbm_if_lag,2017-12-22 06:00:00,2017-12-22 10:00:00,5,17.234266576787665,2017-12-22 06:00:00,,spike,A,False
Fox_office_Easter,lightgbm_if_lag,2017-12-25 05:00:00,2017-12-25 05:00:00,1,11.312021220564876,2017-12-25 05:00:00,,after_hours,A,False
Fox_office_Easter,lightgbm_if_lag,2017-12-25 09:00:00,2017-12-25 13:00:00,5,38.3556341440665,2017-12-25 09:00:00,,after_hours,A,False
Fox_office_Easter,lightgbm_if_lag,2017-12-25 17:00:00,2017-12-25 19:00:00,3,10.961442575532434,2017-12-25 18:00:00,,after_hours,A,False
Fox_office_Edythe,lightgbm_if_lag,2017-01-03 13:00:00,2017-01-03 13:00:00,1,35.886266647743106,2017-01-03 13:00:00,,spike,A,True
Fox_office_Edythe,lightgbm_if_lag,2017-01-06 14:00:00,2017-01-06 15:00:00,2,4.978481716439332,2017-01-06 15:00:00,,spike,A,False
Fox_office_Edythe,lightgbm_if_lag,2017-01-09 09:00:00,2017-01-09 19:00:00,11,8.246796622831923,2017-01-09 12:00:00,,spike,A,False
Fox_office_Edythe,lightgbm_if_lag,2017-01-10 00:00:00,2017-01-10 00:00:00,1,4.383154585200006,2017-01-10 00:00:00,,after_hours,A,False
Fox_office_Edythe,lightgbm_if_lag,2017-01-10 08:00:00,2017-01-10 19:00:00,12,11.090483304953626,2017-01-10 14:00:00,,spike,A,False
Fox_office_Edythe,lightgbm_if_lag,2017-01-11 00:00:00,2017-01-11 01:00:00,2,5.960151481164044,2017-01-11 00:00:00,,after_hours,A,False
Fox_office_Edythe,lightgbm_if_lag,2017-01-11 09:00:00,2017-01-11 19:00:00,11,8.736819003728561,2017-01-11 16:00:00,,spike,A,False
Fox_office_Edythe,lightgbm_if_lag,2017-01-12 09:00:00,2017-01-12 17:00:00,9,9.129784863728592,2017-01-12 15:00:00,,spike,A,False
Fox_office_Edythe,lightgbm_if_lag,2017-01-13 00:00:00,2017-01-13 01:00:00,2,4.573147091643811,2017-01-13 01:00:00,,after_hours,A,False
Fox_office_Edythe,lightgbm_if_lag,2017-01-17 10:00:00,2017-01-17 16:00:00,7,6.224144716062091,2017-01-17 12:00:00,,spike,A,False
Fox_office_Edythe,lightgbm_if_lag,2017-01-18 11:00:00,2017-01-18 16:00:00,6,5.781184359648973,2017-01-18 14:00:00,,spike,A,False
Fox_office_Edythe,lightgbm_if_lag,2017-01-19 14:00:00,2017-01-19 15:00:00,2,4.657396065080027,2017-01-19 15:00:00,,spike,A,False
Fox_office_Edythe,lightgbm_if_lag,2017-01-23 09:00:00,2017-01-23 19:00:00,11,6.954268954450224,2017-01-23 16:00:00,,spike,A,False
Fox_office_Edythe,lightgbm_if_lag,2017-01-24 00:00:00,2017-01-24 01:00:00,2,5.077004973026618,2017-01-24 01:00:00,,after_hours,A,False
Fox_office_Edythe,lightgbm_if_lag,2017-02-09 20:00:00,2017-02-10 05:00:00,10,9.682369505403077,2017-02-10 01:00:00,,after_hours,A,True
Fox_office_Edythe,lightgbm_if_lag,2017-02-20 08:00:00,2017-02-20 18:00:00,11,12.828663269876852,2017-02-20 13:00:00,,after_hours,A,False
Fox_office_Edythe,lightgbm_if_lag,2017-03-15 19:00:00,2017-03-16 00:00:00,6,5.765663487004411,2017-03-15 23:00:00,,after_hours,A,False
Fox_office_Edythe,lightgbm_if_lag,2017-03-17 21:00:00,2017-03-18 11:00:00,15,7.148829464107531,2017-03-18 00:00:00,,after_hours,A,False
Fox_office_Edythe,lightgbm_if_lag,2017-03-20 19:00:00,2017-03-20 20:00:00,2,4.746979730916446,2017-03-20 19:00:00,,after_hours,A,False
Fox_office_Edythe,lightgbm_if_lag,2017-04-01 04:00:00,2017-04-01 04:00:00,1,4.0779922186493724,2017-04-01 04:00:00,,after_hours,A,False
Fox_office_Edythe,lightgbm_if_lag,2017-05-23 05:00:00,2017-05-23 07:00:00,3,36.78981670998947,2017-05-23 07:00:00,,after_hours,A,True
Fox_office_Edythe,lightgbm_if_lag,2017-06-12 09:00:00,2017-06-12 10:00:00,2,4.274708386755816,2017-06-12 09:00:00,,spike,A,False
Fox_office_Edythe,lightgbm_if_lag,2017-06-13 09:00:00,2017-06-13 11:00:00,3,4.91933622985499,2017-06-13 11:00:00,,spike,A,False
Fox_office_Edythe,lightgbm_if_lag,2017-06-15 10:00:00,2017-06-15 13:00:00,4,4.850129068895281,2017-06-15 10:00:00,,spike,A,False
Fox_office_Edythe,lightgbm_if_lag,2017-06-16 09:00:00,2017-06-16 11:00:00,3,6.5633076041847875,2017-06-16 10:00:00,,spike,A,False
Fox_office_Edythe,lightgbm_if_lag,2017-06-16 14:00:00,2017-06-16 14:00:00,1,4.237134398338611,2017-06-16 14:00:00,,spike,A,False
Fox_office_Edythe,lightgbm_if_lag,2017-07-01 01:00:00,2017-07-01 01:00:00,1,4.304225153107089,2017-07-01 01:00:00,,after_hours,A,False
Fox_office_Edythe,lightgbm_if_lag,2017-07-27 23:00:00,2017-07-27 23:00:00,1,4.5456450077816095,2017-07-27 23:00:00,,after_hours,A,False
Fox_office_Edythe,lightgbm_if_lag,2017-08-06 23:00:00,2017-08-06 23:00:00,1,4.125524602210716,2017-08-06 23:00:00,,after_hours,A,False
Fox_office_Edythe,lightgbm_if_lag,2017-08-12 10:00:00,2017-08-12 10:00:00,1,4.791593391103893,2017-08-12 10:00:00,,after_hours,A,False
Fox_office_Edythe,lightgbm_if_lag,2017-08-17 09:00:00,2017-08-17 13:00:00,5,4.768764977355832,2017-08-17 13:00:00,,spike,A,False
Fox_office_Edythe,lightgbm_if_lag,2017-08-21 08:00:00,2017-08-21 08:00:00,1,4.163421194480238,2017-08-21 08:00:00,,spike,A,False
Fox_office_Edythe,lightgbm_if_lag,2017-08-22 08:00:00,2017-08-22 08:00:00,1,4.668388721888664,2017-08-22 08:00:00,,spike,A,False
Fox_office_Edythe,lightgbm_if_lag,2017-08-23 17:00:00,2017-08-23 17:00:00,1,4.1089167197064285,2017-08-23 17:00:00,,spike,A,False
Fox_office_Edythe,lightgbm_if_lag,2017-08-24 18:00:00,2017-08-24 19:00:00,2,4.503059110088627,2017-08-24 19:00:00,,spike,A,False
Fox_office_Edythe,lightgbm_if_lag,2017-08-25 03:00:00,2017-08-25 06:00:00,4,4.33618906834143,2017-08-25 06:00:00,,after_hours,A,False
Fox_office_Edythe,lightgbm_if_lag,2017-08-26 08:00:00,2017-08-26 10:00:00,3,4.559422080996076,2017-08-26 10:00:00,,after_hours,A,False
Fox_office_Edythe,lightgbm_if_lag,2017-10-06 00:00:00,2017-10-06 07:00:00,8,7.610614086498437,2017-10-06 03:00:00,,after_hours,A,False
Fox_office_Edythe,lightgbm_if_lag,2017-10-07 08:00:00,2017-10-07 12:00:00,5,5.5524065951099155,2017-10-07 10:00:00,,after_hours,A,False
Fox_office_Edythe,lightgbm_if_lag,2017-10-07 17:00:00,2017-10-08 01:00:00,9,7.929528010333295,2017-10-08 00:00:00,,after_hours,A,False
Fox_office_Edythe,lightgbm_if_lag,2017-10-08 07:00:00,2017-10-08 13:00:00,7,6.841035076452204,2017-10-08 08:00:00,,after_hours,A,True
Fox_office_Edythe,lightgbm_if_lag,2017-10-10 04:00:00,2017-10-10 04:00:00,1,4.184675785701691,2017-10-10 04:00:00,,after_hours,A,True
Fox_office_Edythe,lightgbm_if_lag,2017-10-13 21:00:00,2017-10-13 22:00:00,2,4.3167810017450154,2017-10-13 21:00:00,,after_hours,A,True
Fox_office_Edythe,lightgbm_if_lag,2017-10-15 20:00:00,2017-10-15 20:00:00,1,5.723956956673352,2017-10-15 20:00:00,,after_hours,A,True
Fox_office_Edythe,lightgbm_if_lag,2017-10-17 08:00:00,2017-10-17 20:00:00,13,6.952718869316581,2017-10-17 17:00:00,,spike,A,True
Fox_office_Edythe,lightgbm_if_lag,2017-10-18 03:00:00,2017-10-18 04:00:00,2,4.165489899488319,2017-10-18 04:00:00,,after_hours,A,True
Fox_office_Edythe,lightgbm_if_lag,2017-10-18 20:00:00,2017-10-18 20:00:00,1,4.160918148018683,2017-10-18 20:00:00,,after_hours,A,True
Fox_office_Edythe,lightgbm_if_lag,2017-10-31 00:00:00,2017-10-31 00:00:00,1,4.07364260169713,2017-10-31 00:00:00,,after_hours,A,True
Fox_office_Edythe,lightgbm_if_lag,2017-11-01 00:00:00,2017-11-01 00:00:00,1,4.3367446454257985,2017-11-01 00:00:00,,after_hours,A,True
Fox_office_Edythe,lightgbm_if_lag,2017-11-13 13:00:00,2017-11-13 13:00:00,1,4.060273929551027,2017-11-13 13:00:00,,spike,A,False
Fox_office_Edythe,lightgbm_if_lag,2017-12-08 04:00:00,2017-12-08 07:00:00,4,6.2850205581724925,2017-12-08 06:00:00,,after_hours,A,False
Fox_office_Edythe,lightgbm_if_lag,2017-12-09 08:00:00,2017-12-09 09:00:00,2,4.390696658730829,2017-12-09 09:00:00,,after_hours,A,False
Fox_office_Edythe,lightgbm_if_lag,2017-12-14 20:00:00,2017-12-15 05:00:00,10,14.976379707971018,2017-12-15 01:00:00,,after_hours,A,True
Fox_office_Edythe,lightgbm_if_lag,2017-12-29 13:00:00,2017-12-29 19:00:00,7,5.581536040476715,2017-12-29 17:00:00,,spike,A,False
Fox_office_Edythe,lightgbm_if_lag,2017-12-30 09:00:00,2017-12-30 13:00:00,5,5.893918516874038,2017-12-30 12:00:00,,after_hours,A,False
Fox_office_Edythe,lightgbm_if_lag,2017-12-30 16:00:00,2017-12-30 16:00:00,1,4.142742387601273,2017-12-30 16:00:00,,after_hours,A,False
Rat_office_Colby,lightgbm_if_lag,2017-02-07 18:00:00,2017-02-08 04:00:00,11,6.111668629831698,2017-02-07 22:00:00,,after_hours,A,False
Rat_office_Colby,lightgbm_if_lag,2017-02-11 13:00:00,2017-02-11 14:00:00,2,4.500600401026934,2017-02-11 13:00:00,,after_hours,A,False
Rat_office_Colby,lightgbm_if_lag,2017-02-18 15:00:00,2017-02-18 20:00:00,6,6.701597621306284,2017-02-18 17:00:00,,after_hours,A,False
Rat_office_Colby,lightgbm_if_lag,2017-02-19 20:00:00,2017-02-19 20:00:00,1,4.3942226271899365,2017-02-19 20:00:00,,after_hours,A,False
Rat_office_Colby,lightgbm_if_lag,2017-02-25 14:00:00,2017-02-25 15:00:00,2,4.658968457610585,2017-02-25 15:00:00,,after_hours,A,False
Rat_office_Colby,lightgbm_if_lag,2017-02-28 17:00:00,2017-02-28 17:00:00,1,4.433021719560363,2017-02-28 17:00:00,,spike,A,False
Rat_office_Colby,lightgbm_if_lag,2017-03-25 18:00:00,2017-03-25 18:00:00,1,4.455616595360928,2017-03-25 18:00:00,,after_hours,A,False
Rat_office_Colby,lightgbm_if_lag,2017-03-28 12:00:00,2017-03-28 12:00:00,1,4.237280289373885,2017-03-28 12:00:00,,spike,A,False
Rat_office_Colby,lightgbm_if_lag,2017-04-21 07:00:00,2017-04-21 08:00:00,2,4.139080999842141,2017-04-21 07:00:00,,spike,A,False
Rat_office_Colby,lightgbm_if_lag,2017-04-22 10:00:00,2017-04-22 10:00:00,1,4.5091875331528195,2017-04-22 10:00:00,,after_hours,A,False
Rat_office_Colby,lightgbm_if_lag,2017-05-01 02:00:00,2017-05-01 04:00:00,3,4.411275026688599,2017-05-01 04:00:00,,after_hours,A,False
Rat_office_Colby,lightgbm_if_lag,2017-05-04 19:00:00,2017-05-04 19:00:00,1,4.342524494309907,2017-05-04 19:00:00,,after_hours,A,False
Rat_office_Colby,lightgbm_if_lag,2017-05-05 10:00:00,2017-05-05 10:00:00,1,4.400554326990411,2017-05-05 10:00:00,,spike,A,False
Rat_office_Colby,lightgbm_if_lag,2017-05-20 22:00:00,2017-05-20 22:00:00,1,4.180968151043124,2017-05-20 22:00:00,,after_hours,A,False
Rat_office_Colby,lightgbm_if_lag,2017-05-21 23:00:00,2017-05-21 23:00:00,1,4.2546146511655625,2017-05-21 23:00:00,,after_hours,A,False
Rat_office_Colby,lightgbm_if_lag,2017-05-29 04:00:00,2017-05-29 04:00:00,1,4.006346497832087,2017-05-29 04:00:00,,after_hours,A,False
Rat_office_Colby,lightgbm_if_lag,2017-05-29 07:00:00,2017-05-29 07:00:00,1,4.024254193532799,2017-05-29 07:00:00,,after_hours,A,False
Rat_office_Colby,lightgbm_if_lag,2017-05-31 06:00:00,2017-05-31 06:00:00,1,4.159049725248504,2017-05-31 06:00:00,,after_hours,A,False
Rat_office_Colby,lightgbm_if_lag,2017-06-01 02:00:00,2017-06-01 06:00:00,5,4.653324981301131,2017-06-01 06:00:00,,after_hours,A,False
Rat_office_Colby,lightgbm_if_lag,2017-06-02 04:00:00,2017-06-02 06:00:00,3,4.925060635422729,2017-06-02 05:00:00,,after_hours,A,False
Rat_office_Colby,lightgbm_if_lag,2017-06-19 18:00:00,2017-06-20 06:00:00,13,6.068864050913226,2017-06-19 21:00:00,,after_hours,A,False
Rat_office_Colby,lightgbm_if_lag,2017-09-01 18:00:00,2017-09-01 20:00:00,3,7.6033918150444215,2017-09-01 19:00:00,,after_hours,A,False
Rat_office_Colby,lightgbm_if_lag,2017-09-02 11:00:00,2017-09-02 11:00:00,1,4.2235113223416665,2017-09-02 11:00:00,,after_hours,A,False
Rat_office_Colby,lightgbm_if_lag,2017-09-04 01:00:00,2017-09-04 07:00:00,7,6.356919054689548,2017-09-04 04:00:00,,after_hours,A,False
Rat_office_Colby,lightgbm_if_lag,2017-09-06 10:00:00,2017-09-06 20:00:00,11,6.975625572621851,2017-09-06 16:00:00,,spike,A,False
Rat_office_Colby,lightgbm_if_lag,2017-09-07 21:00:00,2017-09-07 23:00:00,3,6.720356373135321,2017-09-07 23:00:00,,after_hours,A,False
Rat_office_Colby,lightgbm_if_lag,2017-10-08 19:00:00,2017-10-08 19:00:00,1,27.47833162465851,2017-10-08 19:00:00,,after_hours,A,True
Rat_office_Colby,lightgbm_if_lag,2017-10-09 09:00:00,2017-10-09 12:00:00,4,4.5526198364244355,2017-10-09 10:00:00,,after_hours,A,False
Rat_office_Colby,lightgbm_if_lag,2017-10-09 15:00:00,2017-10-09 17:00:00,3,6.268205120851367,2017-10-09 16:00:00,,after_hours,A,False
Rat_office_Colby,lightgbm_if_lag,2017-10-15 09:00:00,2017-10-15 09:00:00,1,4.773983530655332,2017-10-15 09:00:00,,after_hours,A,False
Rat_office_Colby,lightgbm_if_lag,2017-11-03 01:00:00,2017-11-03 01:00:00,1,4.227053576148414,2017-11-03 01:00:00,,after_hours,A,False
Rat_office_Colby,lightgbm_if_lag,2017-11-06 21:00:00,2017-11-06 21:00:00,1,4.819090533246032,2017-11-06 21:00:00,,after_hours,A,False
Rat_office_Colby,lightgbm_if_lag,2017-11-10 19:00:00,2017-11-10 20:00:00,2,29.52905292739754,2017-11-10 19:00:00,,after_hours,A,True
Rat_office_Colby,lightgbm_if_lag,2017-11-21 15:00:00,2017-11-21 18:00:00,4,4.361450468767218,2017-11-21 15:00:00,,spike,A,False
Rat_office_Colby,lightgbm_if_lag,2017-11-21 21:00:00,2017-11-22 00:00:00,4,4.714872523652829,2017-11-22 00:00:00,,after_hours,A,False
Rat_office_Colby,lightgbm_if_lag,2017-12-23 12:00:00,2017-12-23 19:00:00,8,5.443106204614031,2017-12-23 16:00:00,,after_hours,A,False
Bull_office_Chantel,load_vs_cooling_regression,2017-06-14 00:00:00,2017-06-16 23:00:00,72,0.08738266695813027,2017-06-16 00:00:00,interval,efficiency_drop,B,False
Bull_office_Chantel,load_vs_cooling_regression,2017-10-30 00:00:00,2017-11-02 23:00:00,96,0.19467536896396603,2017-10-31 00:00:00,interval,efficiency_drop,B,True
Bull_office_Chantel,load_vs_cooling_regression,2017-11-06 00:00:00,2017-11-15 23:00:00,240,0.484251102835307,2017-11-11 00:00:00,interval,efficiency_drop,B,True
Bull_office_Lilla,load_vs_cooling_regression,2017-01-04 00:00:00,2017-01-08 23:00:00,120,0.2320875288319894,2017-01-06 00:00:00,interval,efficiency_drop,B,False
Bull_office_Lilla,load_vs_cooling_regression,2017-01-17 00:00:00,2017-01-20 23:00:00,96,0.1452898007839834,2017-01-19 00:00:00,interval,efficiency_drop,B,False
Bull_office_Lilla,load_vs_cooling_regression,2017-01-26 00:00:00,2017-02-17 23:00:00,552,0.27311160569096454,2017-02-06 00:00:00,interval,efficiency_drop,B,True
Bull_office_Lilla,load_vs_cooling_regression,2017-07-10 00:00:00,2017-07-12 23:00:00,72,0.09562151633499867,2017-07-10 00:00:00,interval,efficiency_drop,B,False
Bull_office_Lilla,load_vs_cooling_regression,2017-07-31 00:00:00,2017-08-03 23:00:00,96,0.1081091004024512,2017-07-31 00:00:00,interval,efficiency_drop,B,False
Bull_office_Lilla,load_vs_cooling_regression,2017-08-26 00:00:00,2017-08-29 23:00:00,96,0.3300493741583997,2017-08-27 00:00:00,interval,efficiency_drop,B,True
Bull_office_Lilla,load_vs_cooling_regression,2017-09-06 00:00:00,2017-09-13 23:00:00,192,0.14986674811095774,2017-09-11 00:00:00,interval,efficiency_drop,B,False
Bull_office_Lilla,load_vs_cooling_regression,2017-10-16 00:00:00,2017-11-02 23:00:00,432,0.25792203138142594,2017-10-31 00:00:00,interval,efficiency_drop,B,True
Bull_office_Lilla,load_vs_cooling_regression,2017-11-06 00:00:00,2017-11-10 23:00:00,120,0.1586884183244442,2017-11-08 00:00:00,interval,efficiency_drop,B,False
Bull_office_Rob,load_vs_cooling_regression,2017-07-24 00:00:00,2017-07-26 23:00:00,72,0.11041817096168788,2017-07-24 00:00:00,interval,efficiency_drop,B,False
Bull_office_Rob,load_vs_cooling_regression,2017-07-31 00:00:00,2017-08-03 23:00:00,96,0.10890237214851423,2017-08-01 00:00:00,interval,efficiency_drop,B,False
Bull_office_Rob,load_vs_cooling_regression,2017-09-25 00:00:00,2017-09-28 23:00:00,96,0.12069575508074322,2017-09-26 00:00:00,interval,efficiency_drop,B,False
Bull_office_Rob,load_vs_cooling_regression,2017-10-02 00:00:00,2017-10-05 23:00:00,96,0.09688268876896776,2017-10-02 00:00:00,interval,efficiency_drop,B,False
Bull_office_Rob,load_vs_cooling_regression,2017-10-16 00:00:00,2017-11-02 23:00:00,432,0.6763697077855421,2017-10-31 00:00:00,interval,efficiency_drop,B,False
Bull_office_Rob,load_vs_cooling_regression,2017-12-04 00:00:00,2017-12-06 23:00:00,72,0.12603608539216146,2017-12-04 00:00:00,interval,efficiency_drop,B,True
Eagle_office_Demetra,load_vs_cooling_regression,2017-08-07 00:00:00,2017-08-11 23:00:00,120,0.14823117993041326,2017-08-08 00:00:00,interval,efficiency_drop,B,False
Eagle_office_Demetra,load_vs_cooling_regression,2017-10-17 00:00:00,2017-10-20 23:00:00,96,0.38953106171805835,2017-10-17 00:00:00,interval,efficiency_drop,B,False
Eagle_office_Demetra,load_vs_cooling_regression,2017-10-24 00:00:00,2017-10-27 23:00:00,96,0.1332902818048266,2017-10-25 00:00:00,interval,efficiency_drop,B,False
Eagle_office_Donovan,load_vs_cooling_regression,2017-03-24 00:00:00,2017-03-30 23:00:00,168,0.22656673329106225,2017-03-28 00:00:00,interval,efficiency_drop,B,False
Eagle_office_Donovan,load_vs_cooling_regression,2017-04-04 00:00:00,2017-04-06 23:00:00,72,0.27362701665253475,2017-04-04 00:00:00,interval,efficiency_drop,B,False
Eagle_office_Donovan,load_vs_cooling_regression,2017-08-07 00:00:00,2017-08-10 23:00:00,96,0.17273525107493717,2017-08-10 00:00:00,interval,efficiency_drop,B,True
Eagle_office_Donovan,load_vs_cooling_regression,2017-08-15 00:00:00,2017-08-17 23:00:00,72,0.20839444886781425,2017-08-17 00:00:00,interval,efficiency_drop,B,True
Eagle_office_Donovan,load_vs_cooling_regression,2017-11-27 00:00:00,2017-12-01 23:00:00,120,0.3144366514111021,2017-11-28 00:00:00,interval,efficiency_drop,B,False
Eagle_office_Efrain,load_vs_cooling_regression,2017-05-03 00:00:00,2017-05-10 23:00:00,192,0.27052756495208913,2017-05-07 00:00:00,interval,efficiency_drop,B,False
Eagle_office_Efrain,load_vs_cooling_regression,2017-10-24 00:00:00,2017-11-07 23:00:00,360,0.32815626170838225,2017-11-05 00:00:00,interval,efficiency_drop,B,False
Eagle_office_Francis,load_vs_cooling_regression,2017-02-01 00:00:00,2017-02-10 23:00:00,240,0.18606059572930955,2017-02-10 00:00:00,interval,efficiency_drop,B,False
Eagle_office_Francis,load_vs_cooling_regression,2017-02-17 00:00:00,2017-02-22 23:00:00,144,0.15363961856396685,2017-02-17 00:00:00,interval,efficiency_drop,B,False
Eagle_office_Francis,load_vs_cooling_regression,2017-09-19 00:00:00,2017-09-21 23:00:00,72,0.10371637221502525,2017-09-19 00:00:00,interval,efficiency_drop,B,False
Eagle_office_Francis,load_vs_cooling_regression,2017-10-09 00:00:00,2017-10-27 23:00:00,456,0.18344193723607052,2017-10-17 00:00:00,interval,efficiency_drop,B,True
Eagle_office_Jackie,load_vs_cooling_regression,2017-07-24 00:00:00,2017-07-26 23:00:00,72,0.14451250958724263,2017-07-25 00:00:00,interval,efficiency_drop,B,False
Eagle_office_Jackie,load_vs_cooling_regression,2017-08-01 00:00:00,2017-08-04 23:00:00,96,0.11147821404807966,2017-08-01 00:00:00,interval,efficiency_drop,B,False
Eagle_office_Jackie,load_vs_cooling_regression,2017-09-19 00:00:00,2017-09-21 23:00:00,72,0.13443618013465355,2017-09-21 00:00:00,interval,efficiency_drop,B,False
Eagle_office_Jackie,load_vs_cooling_regression,2017-10-17 00:00:00,2017-10-19 23:00:00,72,0.14699142632782553,2017-10-18 00:00:00,interval,efficiency_drop,B,False
Eagle_office_Lillian,load_vs_cooling_regression,2017-09-05 00:00:00,2017-09-15 23:00:00,264,0.1895642440297212,2017-09-07 00:00:00,interval,efficiency_drop,B,False
Eagle_office_Lillian,load_vs_cooling_regression,2017-09-29 00:00:00,2017-10-12 23:00:00,336,1.9193465920718067,2017-10-06 00:00:00,interval,efficiency_drop,B,False
Eagle_office_Lillian,load_vs_cooling_regression,2017-10-18 00:00:00,2017-10-20 23:00:00,72,0.17273516163954172,2017-10-18 00:00:00,interval,efficiency_drop,B,False
Eagle_office_Patrice,load_vs_cooling_regression,2017-02-06 00:00:00,2017-02-08 23:00:00,72,0.29598011748123326,2017-02-08 00:00:00,interval,efficiency_drop,B,False
Eagle_office_Patrice,load_vs_cooling_regression,2017-02-13 00:00:00,2017-02-24 23:00:00,288,0.2851012509544181,2017-02-15 00:00:00,interval,efficiency_drop,B,False
Eagle_office_Patrice,load_vs_cooling_regression,2017-03-14 00:00:00,2017-03-16 23:00:00,72,0.15641188567903133,2017-03-15 00:00:00,interval,efficiency_drop,B,False
Eagle_office_Patrice,load_vs_cooling_regression,2017-03-20 00:00:00,2017-03-23 23:00:00,96,0.14380689088182275,2017-03-22 00:00:00,interval,efficiency_drop,B,False
Eagle_office_Patrice,load_vs_cooling_regression,2017-04-10 00:00:00,2017-04-13 23:00:00,96,0.21638349141942614,2017-04-11 00:00:00,interval,efficiency_drop,B,False
Eagle_office_Patrice,load_vs_cooling_regression,2017-05-03 00:00:00,2017-05-13 23:00:00,264,0.42930924291145767,2017-05-08 00:00:00,interval,efficiency_drop,B,False
Eagle_office_Patrice,load_vs_cooling_regression,2017-09-27 00:00:00,2017-10-05 23:00:00,216,0.2021335964069592,2017-09-29 00:00:00,interval,efficiency_drop,B,False
Eagle_office_Patrice,load_vs_cooling_regression,2017-10-13 00:00:00,2017-11-10 23:00:00,696,0.598832951512279,2017-11-01 00:00:00,interval,efficiency_drop,B,True
Eagle_office_Patrice,load_vs_cooling_regression,2017-11-14 00:00:00,2017-11-17 23:00:00,96,0.459367956327349,2017-11-14 00:00:00,interval,efficiency_drop,B,True
Eagle_office_Patrice,load_vs_cooling_regression,2017-11-28 00:00:00,2017-11-30 23:00:00,72,0.14631747885009033,2017-11-28 00:00:00,interval,efficiency_drop,B,False
Eagle_office_Randolph,load_vs_cooling_regression,2017-04-04 00:00:00,2017-04-06 23:00:00,72,0.173323682460855,2017-04-05 00:00:00,interval,efficiency_drop,B,False
Eagle_office_Randolph,load_vs_cooling_regression,2017-04-11 00:00:00,2017-04-13 23:00:00,72,0.19592601780531546,2017-04-11 00:00:00,interval,efficiency_drop,B,False
Eagle_office_Randolph,load_vs_cooling_regression,2017-06-12 00:00:00,2017-06-29 23:00:00,432,0.22771361177090982,2017-06-21 00:00:00,interval,efficiency_drop,B,False
Eagle_office_Randolph,load_vs_cooling_regression,2017-07-03 00:00:00,2017-07-06 23:00:00,96,0.1586874831665006,2017-07-03 00:00:00,interval,efficiency_drop,B,False
Eagle_office_Randolph,load_vs_cooling_regression,2017-07-31 00:00:00,2017-08-16 23:00:00,408,0.25350650959932647,2017-08-10 00:00:00,interval,efficiency_drop,B,True
Eagle_office_Randolph,load_vs_cooling_regression,2017-08-25 00:00:00,2017-09-02 23:00:00,216,0.5365572190549729,2017-09-01 00:00:00,interval,efficiency_drop,B,True
Eagle_office_Randolph,load_vs_cooling_regression,2017-09-29 00:00:00,2017-10-06 23:00:00,192,0.355314034469148,2017-10-02 00:00:00,interval,efficiency_drop,B,False
Eagle_office_Randolph,load_vs_cooling_regression,2017-11-28 00:00:00,2017-11-30 23:00:00,72,0.14240801288436225,2017-11-30 00:00:00,interval,efficiency_drop,B,False
Eagle_office_Sonya,load_vs_cooling_regression,2017-04-26 00:00:00,2017-04-28 23:00:00,72,0.16991898368279135,2017-04-28 00:00:00,interval,efficiency_drop,B,False
Eagle_office_Sonya,load_vs_cooling_regression,2017-06-12 00:00:00,2017-06-15 23:00:00,96,0.1195271017898527,2017-06-12 00:00:00,interval,efficiency_drop,B,False
Eagle_office_Sonya,load_vs_cooling_regression,2017-06-19 00:00:00,2017-06-22 23:00:00,96,0.1174014284898879,2017-06-19 00:00:00,interval,efficiency_drop,B,False
Eagle_office_Sonya,load_vs_cooling_regression,2017-06-26 00:00:00,2017-06-29 23:00:00,96,0.11578065879439205,2017-06-28 00:00:00,interval,efficiency_drop,B,False
Eagle_office_Sonya,load_vs_cooling_regression,2017-11-16 00:00:00,2017-11-18 23:00:00,72,0.20768422593574748,2017-11-16 00:00:00,interval,efficiency_drop,B,False
Eagle_office_Yadira,load_vs_cooling_regression,2017-11-15 00:00:00,2017-11-17 23:00:00,72,0.15948861379163204,2017-11-15 00:00:00,interval,efficiency_drop,B,False
Eagle_office_Yadira,load_vs_cooling_regression,2017-11-28 00:00:00,2017-11-30 23:00:00,72,0.10455135183759248,2017-11-28 00:00:00,interval,efficiency_drop,B,False
Fox_office_Alice,load_vs_cooling_regression,2017-01-25 00:00:00,2017-01-27 23:00:00,72,0.10329217484228326,2017-01-26 00:00:00,interval,efficiency_drop,B,False
Fox_office_Alice,load_vs_cooling_regression,2017-10-30 00:00:00,2017-12-05 23:00:00,888,0.4415420393498137,2017-11-20 00:00:00,interval,efficiency_drop,B,True
Fox_office_Berniece,load_vs_cooling_regression,2017-01-16 00:00:00,2017-01-27 23:00:00,288,0.4173772711280923,2017-01-27 00:00:00,interval,efficiency_drop,B,False
Fox_office_Berniece,load_vs_cooling_regression,2017-02-23 00:00:00,2017-03-01 23:00:00,168,0.21432567415137,2017-02-24 00:00:00,interval,efficiency_drop,B,False
Fox_office_Berniece,load_vs_cooling_regression,2017-04-21 00:00:00,2017-04-24 23:00:00,96,0.12070839336600662,2017-04-24 00:00:00,interval,efficiency_drop,B,False
Fox_office_Berniece,load_vs_cooling_regression,2017-06-19 00:00:00,2017-06-21 23:00:00,72,0.15527639021161463,2017-06-20 00:00:00,interval,efficiency_drop,B,False
Fox_office_Berniece,load_vs_cooling_regression,2017-08-07 00:00:00,2017-08-31 23:00:00,600,0.28080133997703366,2017-08-17 00:00:00,interval,efficiency_drop,B,False
Fox_office_Berniece,load_vs_cooling_regression,2017-09-04 00:00:00,2017-09-07 23:00:00,96,0.24519189238420472,2017-09-05 00:00:00,interval,efficiency_drop,B,False
Fox_office_Carson,load_vs_cooling_regression,2017-03-28 00:00:00,2017-03-31 23:00:00,96,0.1931627309454632,2017-03-30 00:00:00,interval,efficiency_drop,B,False
Fox_office_Carson,load_vs_cooling_regression,2017-12-05 00:00:00,2017-12-08 23:00:00,96,0.15546586700133924,2017-12-05 00:00:00,interval,efficiency_drop,B,False
Fox_office_Demetrius,load_vs_cooling_regression,2017-01-26 00:00:00,2017-02-02 23:00:00,192,0.3139419702311717,2017-01-28 00:00:00,interval,efficiency_drop,B,False
Fox_office_Demetrius,load_vs_cooling_regression,2017-02-09 00:00:00,2017-02-21 23:00:00,312,0.2688526163808588,2017-02-09 00:00:00,interval,efficiency_drop,B,False
Fox_office_Demetrius,load_vs_cooling_regression,2017-03-08 00:00:00,2017-03-22 23:00:00,360,19.206549220415912,2017-03-13 00:00:00,interval,efficiency_drop,B,False
Fox_office_Demetrius,load_vs_cooling_regression,2017-03-27 00:00:00,2017-03-30 23:00:00,96,0.5010304724830686,2017-03-29 00:00:00,interval,efficiency_drop,B,False
Fox_office_Demetrius,load_vs_cooling_regression,2017-04-03 00:00:00,2017-04-05 23:00:00,72,0.2264052483226883,2017-04-03 00:00:00,interval,efficiency_drop,B,False
Fox_office_Demetrius,load_vs_cooling_regression,2017-04-17 00:00:00,2017-04-24 23:00:00,192,0.22926834619289999,2017-04-19 00:00:00,interval,efficiency_drop,B,False
Fox_office_Easter,load_vs_cooling_regression,2017-03-15 00:00:00,2017-03-17 23:00:00,72,4.461568278582924,2017-03-15 00:00:00,interval,efficiency_drop,B,False
Fox_office_Easter,load_vs_cooling_regression,2017-03-21 00:00:00,2017-03-23 23:00:00,72,6.634223725407623,2017-03-21 00:00:00,interval,efficiency_drop,B,True
Fox_office_Easter,load_vs_cooling_regression,2017-08-22 00:00:00,2017-08-25 23:00:00,96,0.10903431094288611,2017-08-25 00:00:00,interval,efficiency_drop,B,False
Fox_office_Easter,load_vs_cooling_regression,2017-08-30 00:00:00,2017-09-11 23:00:00,312,0.17707423056861785,2017-08-31 00:00:00,interval,efficiency_drop,B,False
Fox_office_Easter,load_vs_cooling_regression,2017-09-19 00:00:00,2017-09-29 23:00:00,264,0.29939951462064673,2017-09-25 00:00:00,interval,efficiency_drop,B,True
Fox_office_Easter,load_vs_cooling_regression,2017-10-31 00:00:00,2017-11-02 23:00:00,72,0.12760793440971063,2017-11-01 00:00:00,interval,efficiency_drop,B,False
Fox_office_Easter,load_vs_cooling_regression,2017-11-07 00:00:00,2017-11-09 23:00:00,72,0.1303331667539323,2017-11-07 00:00:00,interval,efficiency_drop,B,False
Fox_office_Edythe,load_vs_cooling_regression,2017-01-09 00:00:00,2017-01-12 23:00:00,96,0.1595152994903078,2017-01-11 00:00:00,interval,efficiency_drop,B,False
Fox_office_Edythe,load_vs_cooling_regression,2017-01-17 00:00:00,2017-02-08 23:00:00,552,0.3071878750539771,2017-02-01 00:00:00,interval,efficiency_drop,B,False
Fox_office_Edythe,load_vs_cooling_regression,2017-04-10 00:00:00,2017-04-13 23:00:00,96,0.09852824270920586,2017-04-11 00:00:00,interval,efficiency_drop,B,False
Fox_office_Edythe,load_vs_cooling_regression,2017-08-07 00:00:00,2017-08-10 23:00:00,96,0.16159783389176618,2017-08-09 00:00:00,interval,efficiency_drop,B,False
Fox_office_Edythe,load_vs_cooling_regression,2017-08-14 00:00:00,2017-09-01 23:00:00,456,0.2525302445484545,2017-08-22 00:00:00,interval,efficiency_drop,B,False
